# fern - imported by tools/vegetation-import. Do not hand-edit.
mtllib fern.mtl
o fern
v 0.165838 0.0959105 -0.00819962
v 0.131912 0.105122 0.0096109
v 0.146192 0.0857065 -0.0563282
v 0.128044 0.0765555 -0.105901
v 0.1124 0.108492 -0.0403551
v 0.0878194 0.0892228 -0.0872373
v 0.0786214 0.126536 -0.0201555
v 0.0473048 0.106044 -0.0643986
v 0.0946022 0.104431 0.0315647
v 0.040668 0.138788 0.00737511
v 0.00556134 0.129871 -0.0348292
v 0.00310439 0.168269 0.0430524
v 0.0608452 0.116609 0.0557604
v 0.0336335 0.151865 0.0872304
v -0.00473643 0.185468 0.139367
v -0.0291121 0.242774 0.201471
v -0.034899 0.212906 0.0937143
v -0.0849083 0.213066 0.057377
v -0.0870403 0.247457 0.162088
v -0.12939 0.269588 0.118209
v -0.118125 0.316611 0.222646
v -0.175868 0.321903 0.183013
v -0.176198 0.351913 0.291051
v -0.0850848 0.275605 0.269506
v -0.130842 0.327047 0.331291
v -0.185275 0.386656 0.395236
v -0.255006 0.391861 0.465067
v -0.236791 0.390146 0.358564
v -0.287429 0.366556 0.325876
v -0.302043 0.392222 0.432025
v -0.340418 0.359132 0.402147
v -0.36352 0.376251 0.507713
v -0.390626 0.34163 0.478458
v -0.419548 0.343831 0.582248
v -0.326128 0.393635 0.539746
v -0.38179 0.335351 0.606777
v -0.440608 0.286128 0.669413
v -0.487014 0.201 0.686868
v -0.470369 0.293642 0.649646
v -0.491584 0.281552 0.61965
v -0.520943 0.229691 0.704392
v -0.53644 0.225404 0.674729
v -0.560106 0.139242 0.722954
v -0.567003 0.141163 0.694798
v -0.587386 0.0508717 0.715952
v -0.542943 0.135117 0.757816
v -0.564837 0.0513306 0.721755
v -0.585969 0.0471129 0.690388
v -0.612177 0.0684014 0.686061
v -0.621835 0.0883707 0.663387
v -0.601251 0.164203 0.692417
v -0.571519 0.249204 0.661521
v -0.607544 0.180469 0.655333
v -0.583301 0.243814 0.617559
v -0.555047 0.288417 0.563218
v -0.498041 0.287804 0.496343
v -0.533252 0.306982 0.602308
v -0.478245 0.316705 0.525031
v -0.441148 0.316816 0.551718
v -0.429999 0.330385 0.451809
v -0.38701 0.351298 0.374787
v -0.475146 0.327787 0.423737
v -0.433096 0.341507 0.347664
v -0.389802 0.364243 0.265076
v -0.328366 0.403097 0.174863
v -0.338391 0.381492 0.293741
v -0.277932 0.380709 0.213951
v -0.230362 0.356306 0.252217
v -0.21437 0.355625 0.138878
v -0.163814 0.300426 0.0724078
v -0.267685 0.366603 0.100006
v -0.209828 0.31732 0.0308686
v -0.159305 0.252347 -0.0298257
v -0.117834 0.180095 -0.0763714
v -0.122721 0.231839 0.0140648
v -0.071883 0.183834 -0.0396265
v -0.0388028 0.16459 0.00496276
v -0.0263449 0.148724 -0.0804567
v 0.0157774 0.11869 -0.110607
v -0.069272 0.144425 -0.119599
v -0.0225952 0.112612 -0.151588
v 0.0319136 0.0820061 -0.177377
v 0.0988894 0.0903806 -0.204381
v 0.0633025 0.0989284 -0.135378
v 0.115868 0.0929429 -0.154906
v 0.0768288 0.0742975 -0.0405842
v 0.0797297 0.0824238 -0.125954
v 0.112032 0.0983819 -0.0503938
v 0.0296741 0.0754755 -0.0733139
v -0.0111762 0.0796859 -0.104638
v 0.0297382 0.105929 -0.143306
v 0.0241082 0.115587 -0.216826
v -0.0220413 0.097451 -0.163318
v -0.0303292 0.0870654 -0.229492
v -0.049892 0.100836 -0.297097
v -0.0807448 0.142693 -0.348256
v 0.0137448 0.116375 -0.293299
v -0.00272264 0.140167 -0.359593
v 0.0792758 0.103572 -0.294023
v 0.0807461 0.0919489 -0.210617
v 0.0712685 0.118438 -0.374558
v 0.140258 0.118759 -0.289183
v 0.130339 0.098203 -0.206695
v 0.202687 0.120393 -0.286018
v 0.145621 0.119524 -0.382262
v 0.215311 0.111347 -0.39086
v 0.131596 0.177235 -0.458636
v 0.211664 0.168769 -0.4843
v 0.101253 0.216408 -0.531626
v 0.0527923 0.141804 -0.450595
v 0.0527923 0.141804 -0.450595
v 0.0248556 0.177849 -0.518241
v 0.0248556 0.177849 -0.518241
v -0.0246276 0.147155 -0.423896
v -0.0481868 0.172214 -0.481848
v -0.10265 0.138715 -0.402689
v -0.122506 0.17748 -0.437611
v -0.143066 0.195704 -0.505763
v -0.173071 0.248784 -0.594917
v -0.0754883 0.227436 -0.528544
v -0.112781 0.274885 -0.614348
v -0.0123446 0.224681 -0.576417
v -0.050684 0.263868 -0.64522
v -0.050684 0.263868 -0.64522
v 0.0556203 0.258467 -0.594655
v 0.116136 0.249431 -0.643119
v 0.00773037 0.292221 -0.660718
v 0.0711587 0.319102 -0.679807
v -0.0199586 0.271807 -0.740002
v 0.0297163 0.269686 -0.737694
v -0.0244922 0.220204 -0.81094
v -0.0679668 0.252304 -0.730558
v -0.0679668 0.252304 -0.730558
v -0.0582465 0.19529 -0.795567
v -0.122257 0.251594 -0.728889
v -0.101571 0.204897 -0.814347
v -0.164997 0.226528 -0.712525
v -0.142993 0.190404 -0.805165
v -0.094424 0.117609 -0.831015
v -0.0832481 0.0698183 -0.897841
v -0.0732686 0.130226 -0.852818
v -0.0495421 0.072063 -0.905902
v -0.0394164 0.127608 -0.845658
v -0.0394164 0.127608 -0.845658
v -0.0190072 0.0588772 -0.892838
v -0.011581 0.1503 -0.855992
v 0.0191963 0.159163 -0.844288
v 0.000397114 0.0892523 -0.909297
v 0.0292525 0.0939115 -0.882898
v 0.0160676 0.224953 -0.801644
v 0.17265 0.200176 -0.577869
v 0.1793 0.102427 -0.202847
v 0.158091 0.0718674 -0.133467
v 0.15013 0.0841893 -0.0640386
v 0.121147 0.0944175 -0.127418
v 0.100748 0.0742799 -0.0610271
v 0.0283289 0.0830644 -0.0158643
v 0.0732558 0.0988076 -0.0857922
v 0.099456 0.075525 -0.00274361
v 0.0978556 0.0798382 0.0513461
v 0.0455617 0.108465 0.0391209
v -0.0038155 0.12015 0.0890279
v 0.0621272 0.0990207 0.0980047
v 0.0228051 0.0869098 0.146679
v -0.00103121 0.10055 0.200478
v -0.00379063 0.145033 0.245198
v -0.0466202 0.120612 0.143284
v -0.0749867 0.146791 0.194054
v -0.0992714 0.108255 0.0882095
v -0.0390884 0.0940981 0.0341102
v -0.147419 0.12737 0.149391
v -0.141839 0.127726 0.0323524
v -0.0696437 0.101886 -0.013491
v -0.18763 0.131642 -0.023497
v -0.212888 0.132798 0.0984597
v -0.27707 0.128235 0.0529885
v -0.250334 0.185999 0.131459
v -0.309928 0.163464 0.064503
v -0.30682 0.204215 0.14562
v -0.207686 0.162293 0.213198
v -0.207686 0.162293 0.213198
v -0.282265 0.211088 0.246443
v -0.282265 0.211088 0.246443
v -0.149869 0.182799 0.279155
v -0.239482 0.256048 0.322942
v -0.0964925 0.188545 0.350422
v -0.190332 0.315019 0.393753
v -0.281091 0.397952 0.392852
v -0.391009 0.472394 0.358321
v -0.310712 0.349471 0.299998
v -0.417992 0.402509 0.28127
v -0.357254 0.262585 0.249844
v -0.440768 0.298148 0.254389
v -0.440768 0.298148 0.254389
v -0.382425 0.218561 0.153875
v -0.427363 0.130464 0.1117
v -0.465091 0.234866 0.174873
v -0.492557 0.162862 0.0941364
v -0.521356 0.226185 0.214933
v -0.490197 0.159777 0.181662
v -0.586628 0.196512 0.222585
v -0.5359 0.277526 0.281369
v -0.5359 0.277526 0.281369
v -0.6048 0.210843 0.290978
v -0.567155 0.347679 0.324334
v -0.661907 0.26306 0.300901
v -0.569835 0.390322 0.397276
v -0.691673 0.293809 0.359562
v -0.697569 0.177148 0.35916
v -0.767874 0.133849 0.322083
v -0.69573 0.1714 0.306832
v -0.742474 0.106423 0.281906
v -0.655927 0.137968 0.286509
v -0.655927 0.137968 0.286509
v -0.702737 0.066276 0.279877
v -0.633088 0.133533 0.231282
v -0.588553 0.112154 0.208321
v -0.692354 0.0766634 0.219069
v -0.635805 0.0517585 0.216674
v -0.540353 0.158089 0.191689
v -0.357493 0.138297 0.0846713
v -0.100042 0.107384 -0.0604264
v -0.0263698 0.0720353 -0.0819521
v 0.0397869 0.0846883 -0.11181
v 0.00221735 0.0963336 -0.0522233
v 0.0546518 0.0684457 -0.0610889
v 0.125875 0.0844396 -0.0387694
v 0.0521618 0.0919735 -0.0300033
v 0.0936233 0.0717215 -0.0939346
v 0.129838 0.0785889 -0.12169
v 0.151584 0.105387 -0.0779954
v 0.217445 0.11846 -0.0636752
v 0.182211 0.102302 -0.117696
v 0.244673 0.0935773 -0.106258
v 0.312562 0.113526 -0.105462
v 0.378938 0.149963 -0.10951
v 0.289233 0.122615 -0.0504082
v 0.355361 0.147572 -0.0398299
v 0.268419 0.111118 0.00644165
v 0.197165 0.0988883 -0.0163729
v 0.197165 0.0988883 -0.0163729
v 0.338872 0.127099 0.0288212
v 0.24473 0.124591 0.0578978
v 0.179798 0.104773 0.0249946
v 0.221947 0.126225 0.11099
v 0.313718 0.127361 0.0940747
v 0.292612 0.119307 0.156519
v 0.363549 0.188815 0.111613
v 0.340519 0.183288 0.185032
v 0.420606 0.231441 0.126729
v 0.404329 0.159 0.0506714
v 0.464654 0.200833 0.0716087
v 0.426168 0.161768 -0.0205413
v 0.489634 0.196512 0.00301229
v 0.450557 0.160275 -0.0913705
v 0.511198 0.198687 -0.0705076
v 0.580876 0.220447 -0.0263834
v 0.635396 0.257452 0.0123051
v 0.544631 0.245906 0.0258701
v 0.606511 0.282697 0.0588938
v 0.521796 0.247209 0.0917769
v 0.521796 0.247209 0.0917769
v 0.583705 0.283192 0.116377
v 0.480829 0.278004 0.138776
v 0.459789 0.273908 0.204287
v 0.55265 0.314807 0.156227
v 0.520511 0.344098 0.202427
v 0.6299 0.3201 0.183521
v 0.609769 0.32111 0.222252
v 0.706374 0.324265 0.208734
v 0.650615 0.300434 0.14675
v 0.650615 0.300434 0.14675
v 0.717758 0.29625 0.181473
v 0.670563 0.294904 0.103343
v 0.737153 0.312095 0.147706
v 0.686483 0.264366 0.0720959
v 0.750647 0.298566 0.1131
v 0.792866 0.266387 0.168201
v 0.859052 0.255676 0.206063
v 0.793914 0.28264 0.191855
v 0.852545 0.254947 0.237312
v 0.780605 0.273938 0.218157
v 0.834283 0.233689 0.254131
v 0.768361 0.293156 0.24247
v 0.744262 0.280335 0.259875
v 0.83087 0.262212 0.277085
v 0.801759 0.262298 0.295702
v 0.686724 0.328478 0.241595
v 0.404145 0.21987 0.200843
v 0.163339 0.106115 0.0658107
v 0.112845 0.0779264 0.0307596
v 0.0567011 0.0793635 0.00633392
v 0.115934 0.0950371 -0.00332454
v 0.061066 0.0707982 -0.0366571
v 0.0275372 0.0881725 -0.0812321
v 0.0689403 0.0987287 -0.0443151
v 0.024245 0.0582232 -0.040742
v -0.01032 0.0506427 -0.0456721
v -0.010563 0.0860333 -0.07147
v -0.0429068 0.103635 -0.111687
v -0.044893 0.0684899 -0.0715807
v -0.0718969 0.0723686 -0.11758
v -0.113633 0.0974749 -0.155915
v -0.153802 0.126565 -0.176923
v -0.0748141 0.121776 -0.158935
v -0.105673 0.150571 -0.191514
v -0.0316304 0.134424 -0.171692
v -0.00379179 0.108965 -0.126262
v -0.00379179 0.108965 -0.126262
v -0.0565697 0.162694 -0.214755
v 0.00439359 0.160036 -0.171752
v 0.0242014 0.128476 -0.131897
v 0.0434666 0.179197 -0.177454
v -0.0106452 0.186604 -0.225852
v 0.0342903 0.204031 -0.24018
v -0.050427 0.235455 -0.25511
v -0.00375936 0.26249 -0.278436
v -0.0945652 0.260993 -0.292174
v -0.0874685 0.18789 -0.253761
v -0.124627 0.210438 -0.289932
v -0.131227 0.159818 -0.230938
v -0.161636 0.175385 -0.266808
v -0.174554 0.12881 -0.210476
v -0.201622 0.143242 -0.238355
v -0.221624 0.149817 -0.289382
v -0.250025 0.168359 -0.325634
v -0.198443 0.196231 -0.2975
v -0.234804 0.21087 -0.335709
v -0.166347 0.230144 -0.323573
v -0.166347 0.230144 -0.323573
v -0.208644 0.242037 -0.360039
v -0.144893 0.278879 -0.325603
v -0.11104 0.308853 -0.352944
v -0.196855 0.28604 -0.363792
v -0.181791 0.331684 -0.371305
v -0.239644 0.278022 -0.40953
v -0.221792 0.301124 -0.425885
v -0.288997 0.271731 -0.445354
v -0.24964 0.245091 -0.400103
v -0.24964 0.245091 -0.400103
v -0.288507 0.240658 -0.442602
v -0.266017 0.217416 -0.38208
v -0.308892 0.229042 -0.420523
v -0.267631 0.182079 -0.377726
v -0.315234 0.202118 -0.408181
v -0.330563 0.19967 -0.462161
v -0.375996 0.19966 -0.492699
v -0.336191 0.219659 -0.469054
v -0.373609 0.215704 -0.510825
v -0.324938 0.23053 -0.486625
v -0.358802 0.214437 -0.53087
v -0.322153 0.255622 -0.490611
v -0.301651 0.262536 -0.502794
v -0.362372 0.242358 -0.530796
v -0.342591 0.256403 -0.540981
v -0.275331 0.294201 -0.458847
v -0.0525329 0.286172 -0.324622
v 0.0526609 0.144863 -0.1392
v 0.0688271 0.111887 -0.107439
v 0.0866264 0.104598 -0.0671244
v 0.0463078 0.109341 -0.0889367
v 0.0626861 0.0710294 -0.0290577
v 0.122803 0.0830823 -0.095595
v 0.122803 0.0830823 -0.095595
v 0.0974218 0.094425 -0.0190628
v 0.0563587 0.0728349 -0.0811329
v 0.0544086 0.0767663 -0.127175
v 0.0998896 0.111181 -0.138932
v 0.136315 0.116959 -0.206368
v 0.0800318 0.0968366 -0.187679
v 0.111234 0.0856576 -0.252177
v 0.117753 0.123028 -0.319413
v 0.112403 0.187261 -0.373345
v 0.162838 0.138568 -0.272949
v 0.184243 0.179467 -0.333587
v 0.217346 0.125646 -0.233996
v 0.174565 0.0998308 -0.165247
v 0.253752 0.165797 -0.299213
v 0.268642 0.148269 -0.179843
v 0.215937 0.114204 -0.120924
v 0.330323 0.136741 -0.13576
v 0.320066 0.180857 -0.245206
v 0.402314 0.14433 -0.220381
v 0.351668 0.253471 -0.290854
v 0.433986 0.251574 -0.243515
v 0.399611 0.299764 -0.351132
v 0.289517 0.221469 -0.358907
v 0.327753 0.28583 -0.412152
v 0.327753 0.28583 -0.412152
v 0.214354 0.232275 -0.393113
v 0.249258 0.302213 -0.443288
v 0.140827 0.234773 -0.434306
v 0.188045 0.285288 -0.500871
v 0.214437 0.381056 -0.531358
v 0.264824 0.446208 -0.582555
v 0.289558 0.372651 -0.490229
v 0.334231 0.442689 -0.535994
v 0.368331 0.352128 -0.46122
v 0.411126 0.417599 -0.509576
v 0.411126 0.417599 -0.509576
v 0.445346 0.353558 -0.407212
v 0.527483 0.341926 -0.365327
v 0.48792 0.41481 -0.456664
v 0.568954 0.401677 -0.412932
v 0.535569 0.459729 -0.519518
v 0.612098 0.432531 -0.48894
v 0.576459 0.536065 -0.550512
v 0.456897 0.480598 -0.559268
v 0.508913 0.5387 -0.610092
v 0.385172 0.505766 -0.588458
v 0.441584 0.57116 -0.638485
v 0.32752 0.492882 -0.648759
v 0.382758 0.570993 -0.692571
v 0.450453 0.643516 -0.747004
v 0.547469 0.673019 -0.820568
v 0.509241 0.623928 -0.697917
v 0.59257 0.670698 -0.752145
v 0.570924 0.588397 -0.660061
v 0.570924 0.588397 -0.660061
v 0.644067 0.626052 -0.70533
v 0.630312 0.571866 -0.607329
v 0.690972 0.528623 -0.577821
v 0.687276 0.614814 -0.646223
v 0.732572 0.574104 -0.606119
v 0.753632 0.647902 -0.681239
v 0.782351 0.628358 -0.62689
v 0.831565 0.681112 -0.72036
v 0.725888 0.648276 -0.74204
v 0.725888 0.648276 -0.74204
v 0.810695 0.653683 -0.773694
v 0.691118 0.68176 -0.803542
v 0.786416 0.6674 -0.838274
v 0.660543 0.674085 -0.873731
v 0.762391 0.651967 -0.900853
v 0.842382 0.612551 -0.911834
v 0.913697 0.562853 -0.906607
v 0.867274 0.628616 -0.86089
v 0.936988 0.585609 -0.880631
v 0.892154 0.641823 -0.80935
v 0.892154 0.641823 -0.80935
v 0.964215 0.61417 -0.85248
v 0.964215 0.61417 -0.85248
v 0.916399 0.686533 -0.773333
v 0.942848 0.708742 -0.72288
v 0.993806 0.659102 -0.83008
v 1.02539 0.677647 -0.787468
v 1.05568 0.614331 -0.889007
v 1.09083 0.62383 -0.850383
v 1.09437 0.566207 -0.945185
v 1.02168 0.574168 -0.89947
v 1.05835 0.529688 -0.939711
v 0.994049 0.572884 -0.93429
v 1.03282 0.538467 -0.976146
v 0.973036 0.535239 -0.929824
v 1.003 0.513181 -0.976804
v 1.02759 0.478092 -0.985336
v 1.03813 0.452345 -0.995618
v 1.0529 0.495598 -0.992453
v 1.06397 0.468743 -1.01522
v 1.07741 0.491632 -0.966189
v 1.08863 0.459996 -0.982972
v 1.08863 0.459996 -0.982972
v 1.11516 0.518744 -0.97749
v 1.15536 0.528397 -0.959043
v 1.12437 0.478826 -0.995822
v 1.15707 0.479543 -0.970051
v 1.12588 0.446197 -1.01521
v 1.15407 0.449258 -0.994575
v 1.12123 0.414479 -1.02917
v 1.09791 0.430135 -0.994934
v 1.10565 0.399456 -1.0039
v 1.0746 0.442144 -1.02965
v 1.09161 0.417304 -1.04478
v 1.04256 0.433991 -1.01471
v 1.04923 0.414381 -1.02875
v 1.14686 0.420775 -1.01497
v 1.13318 0.572702 -0.912449
v 0.854725 0.700827 -0.661352
v 0.651163 0.486151 -0.53346
v 0.481427 0.295619 -0.304005
v 0.260269 0.118432 -0.0779864
v 0.197443 0.0686464 -0.0482345
v 0.138431 0.0794514 -0.0115822
v 0.157355 0.102166 -0.0667036
v 0.103191 0.0645947 -0.0805085
v 0.0577334 0.0821881 -0.0304181
v 0.0577334 0.0821881 -0.0304181
v 0.0952959 0.0964715 -0.0778691
v 0.096247 0.0469015 -0.0449969
v 0.0878064 0.0350174 -0.0119933
v 0.0720166 0.0742536 0.00953766
v 0.0322591 0.0871668 0.0594594
v 0.0633715 0.0458201 0.0389049
v 0.0164192 0.0511955 0.0841185
v 0.00236537 0.080756 0.152855
v 0.0216118 0.129846 0.216569
v 0.00343164 0.115282 0.11556
v -0.00465778 0.161026 0.168165
v -0.0165888 0.140027 0.074316
v 0.0165126 0.105534 0.0218499
v -0.0345118 0.188018 0.123097
v -0.0125703 0.182077 0.0323933
v 0.0147367 0.14231 -0.0080894
v -0.0336908 0.211665 -0.013514
v -0.042143 0.227801 0.0701809
v -0.0927382 0.249586 0.0243721
v -0.0382066 0.289331 0.102663
v -0.0714383 0.324723 0.0480553
v -0.0642173 0.344616 0.141156
v -0.0375297 0.245206 0.163382
v -0.0360126 0.306616 0.197186
v -0.0360126 0.306616 0.197186
v -0.000469425 0.217598 0.207771
v 0.0142048 0.284704 0.234346
v 0.029887 0.186377 0.255857
v 0.0351257 0.249191 0.285873
v 0.0735075 0.334277 0.291686
v 0.0724618 0.407418 0.310896
v 0.0215223 0.355226 0.256405
v 0.0186721 0.425494 0.280481
v -0.0378212 0.368748 0.229594
v -0.0449274 0.428566 0.265176
v -0.0449274 0.428566 0.265176
v -0.0869539 0.39749 0.18485
v -0.144794 0.418643 0.148485
v -0.104242 0.449449 0.230511
v -0.168752 0.463337 0.202765
v -0.12461 0.484847 0.29119
v -0.190434 0.480839 0.280593
v -0.136824 0.542519 0.334447
v -0.0569454 0.482821 0.307842
v -0.0741736 0.526889 0.359742
v 0.00477007 0.486277 0.318155
v -0.0142548 0.538943 0.366894
v 0.0540234 0.460564 0.351872
v 0.0404268 0.523118 0.390183
v 0.0221686 0.559135 0.448667
v -0.00354887 0.540755 0.511187
v -0.0361292 0.564337 0.432012
v -0.0568656 0.571753 0.496716
v -0.0962708 0.555136 0.419761
v -0.0962708 0.555136 0.419761
v -0.11923 0.566863 0.483697
v -0.155438 0.563634 0.40169
v -0.213967 0.546409 0.392631
v -0.170737 0.588044 0.470466
v -0.22564 0.582355 0.459124
v -0.17846 0.598588 0.547536
v -0.225998 0.61562 0.543365
v -0.16503 0.603098 0.627209
v -0.136714 0.566846 0.549946
v -0.136714 0.566846 0.549946
v -0.141787 0.557718 0.617791
v -0.0768892 0.554285 0.555882
v -0.090433 0.532928 0.610919
v -0.0329279 0.512848 0.557711
v -0.0548886 0.490455 0.601542
v -0.0681298 0.466076 0.650392
v -0.0917827 0.436724 0.713044
v -0.0988507 0.503792 0.666737
v -0.101655 0.471872 0.727296
v -0.131317 0.53968 0.683237
v -0.131317 0.53968 0.683237
v -0.110543 0.513529 0.743516
v -0.110543 0.513529 0.743516
v -0.137825 0.59159 0.697614
v -0.165408 0.633801 0.714743
v -0.107329 0.56628 0.758097
v -0.132224 0.607379 0.780122
v -0.0713646 0.530862 0.808634
v -0.0901773 0.574755 0.833197
v -0.0418285 0.484717 0.845654
v -0.0911262 0.481024 0.800309
v -0.0868717 0.455399 0.856342
v -0.0696245 0.448369 0.778089
v -0.0760976 0.414675 0.833141
v -0.0973009 0.41446 0.779248
v -0.107383 0.388002 0.837539
v -0.138289 0.424218 0.916769
v -0.12763 0.462694 0.968027
v -0.108074 0.422699 0.901094
v -0.109843 0.435551 0.945378
v -0.0881083 0.455729 0.908423
v -0.0744824 0.463799 0.946642
v -0.0744824 0.463799 0.946642
v -0.0425739 0.452172 0.883662
v -0.00273816 0.480522 0.878304
v -0.0453507 0.441207 0.918719
v -0.00523732 0.460005 0.909062
v -0.0428978 0.424265 0.942578
v -0.0100086 0.439754 0.931842
v -0.0427062 0.410018 0.966073
v -0.0607484 0.449956 0.9696
v -0.0456619 0.436478 0.990204
v -0.0966138 0.419382 0.964533
v -0.0767267 0.39947 0.974653
v -0.122417 0.44098 0.985536
v -0.112648 0.422902 0.999466
v -0.0157194 0.420565 0.952642
v -0.0343443 0.535585 0.863599
v -0.196069 0.646494 0.636852
v -0.202125 0.516269 0.334932
v -0.108577 0.375474 0.0924718
v 0.00657569 0.17494 -0.0410927
v 0.0220878 0.124746 -0.0698291
v 0.0671199 0.110726 -0.0883714
v 0.054321 0.116775 -0.0441752
v 0.0851163 0.097061 0.0456397
v 0.0371938 0.110491 0.0244652
v 0.112975 0.0847899 -0.00648085
v 0.141721 0.0741278 -0.0590247
v 0.0709433 0.112096 -0.0268333
v 0.0963263 0.0886337 -0.0807718
v 0.0266846 0.13433 -0.0476464
v 0.049126 0.108186 -0.103378
v -0.0153297 0.113378 -0.000513856
v -0.0254489 0.151136 -0.0715344
v -0.00219707 0.136036 -0.128269
v -0.0823317 0.188664 -0.097341
v -0.065682 0.131519 -0.0247046
v -0.117649 0.177541 -0.0446175
v -0.195238 0.2223 -0.0741509
v -0.272138 0.286283 -0.0917635
v -0.150754 0.245104 -0.124938
v -0.126832 0.236816 -0.192279
v -0.240101 0.287279 -0.168442
v -0.19751 0.30851 -0.228721
v -0.311099 0.358161 -0.187382
v -0.281707 0.374662 -0.263248
v -0.403299 0.381733 -0.223394
v -0.351987 0.301242 -0.142315
v -0.422013 0.330335 -0.170733
v -0.513736 0.371085 -0.182662
v -0.614 0.373395 -0.214729
v -0.503887 0.411292 -0.242093
v -0.492678 0.422535 -0.314372
v -0.609533 0.412976 -0.26669
v -0.599825 0.415872 -0.332922
v -0.717414 0.40126 -0.289248
v -0.707973 0.395519 -0.348303
v -0.823678 0.36793 -0.307784
v -0.721924 0.38474 -0.23239
v -0.815336 0.337598 -0.266208
v -0.908889 0.292988 -0.27863
v -0.960098 0.202217 -0.292807
v -0.918224 0.306551 -0.316821
v -0.911388 0.298715 -0.359635
v -1.00007 0.234248 -0.311176
v -0.990631 0.220621 -0.346034
v -1.0684 0.161153 -0.291936
v -1.06101 0.142324 -0.317746
v -1.14818 0.122066 -0.272466
v -1.07407 0.179572 -0.252246
v -1.13658 0.111545 -0.251722
v -1.15707 0.0991454 -0.289398
v -1.146 0.118901 -0.320881
v -1.1351 0.110895 -0.353825
v -1.07522 0.165155 -0.35633
v -1.00833 0.240348 -0.389205
v -1.05476 0.151177 -0.395528
v -0.985074 0.22427 -0.432453
v -0.919513 0.319669 -0.454023
v -0.811165 0.366794 -0.454277
v -0.933431 0.332879 -0.402455
v -0.820276 0.380082 -0.405249
v -0.814312 0.358132 -0.358485
v -0.7098 0.416613 -0.399735
v -0.599865 0.445409 -0.387639
v -0.71464 0.449103 -0.450635
v -0.599987 0.472978 -0.443085
v -0.483936 0.489211 -0.432659
v -0.354148 0.513937 -0.404268
v -0.48907 0.471996 -0.36516
v -0.369511 0.463569 -0.346362
v -0.385192 0.412591 -0.292019
v -0.244748 0.423313 -0.314714
v -0.149966 0.339874 -0.280572
v -0.215866 0.446418 -0.384503
v -0.111455 0.355034 -0.344384
v -0.0493605 0.264265 -0.306848
v -0.00755184 0.180006 -0.277455
v -0.0887234 0.249554 -0.250066
v -0.0261603 0.191544 -0.213561
v -0.0607675 0.177249 -0.157624
v 0.0278565 0.151999 -0.185835
v 0.0740832 0.119194 -0.162438
v 0.0446285 0.141628 -0.249039
v 0.0898539 0.108841 -0.223561
v 0.13805 0.0779811 -0.193509
v 0.202599 0.0897945 -0.158298
v 0.122512 0.09837 -0.136462
v 0.173794 0.0927472 -0.106459
v 0.131875 0.101687 0.027018
v 0.100681 0.131702 0.0268729
v 0.130964 0.090525 -0.0208708
v 0.131262 0.0801084 -0.0691009
v 0.109458 0.129076 -0.0227442
v 0.102665 0.111327 -0.0716776
v 0.0796678 0.162599 -0.0238515
v 0.0707203 0.143405 -0.073393
v 0.0594151 0.150645 0.025233
v 0.0377211 0.18877 -0.023966
v 0.0325073 0.178 -0.0739939
v -0.00968335 0.224798 -0.0223308
v 0.0224037 0.174596 0.0242791
v -0.0145823 0.214891 0.0277495
v -0.0782067 0.244341 0.0367618
v -0.145103 0.282511 0.0588287
v -0.0734728 0.264996 -0.0146507
v -0.0833693 0.257618 -0.0694353
v -0.157733 0.27769 -0.00448832
v -0.162733 0.292682 -0.06218
v -0.23066 0.3216 0.0127105
v -0.247464 0.317256 -0.0504945
v -0.313796 0.336121 0.0259084
v -0.225216 0.287179 0.0685014
v -0.297963 0.321713 0.082858
v -0.380315 0.368019 0.0948275
v -0.472788 0.363577 0.108882
v -0.398992 0.361095 0.0398767
v -0.416195 0.329914 -0.00808773
v -0.487496 0.355977 0.0585713
v -0.495033 0.319225 0.019464
v -0.57392 0.335603 0.0788508
v -0.572478 0.300973 0.0447144
v -0.655324 0.300181 0.0984296
v -0.568628 0.35536 0.122373
v -0.643952 0.293427 0.138496
v -0.718616 0.238422 0.14334
v -0.747377 0.156258 0.118368
v -0.72721 0.246413 0.111848
v -0.721515 0.238138 0.0777067
v -0.785503 0.176093 0.108983
v -0.774923 0.17743 0.0797806
v -0.807845 0.0921266 0.0867498
v -0.793819 0.0952503 0.0647939
v -0.824534 0.0132659 0.066806
v -0.820422 0.0845996 0.119066
v -0.813396 0.0133846 0.0850759
v -0.807339 0.00881268 0.05093
v -0.82094 0.0288821 0.0310078
v -0.811916 0.0466671 0.00963232
v -0.814184 0.116399 0.0406775
v -0.792844 0.199149 0.0501134
v -0.793885 0.133593 0.013854
v -0.770748 0.202612 0.0144704
v -0.729916 0.248438 0.000361646
v -0.651999 0.248255 -0.00851512
v -0.741584 0.261651 0.0413835
v -0.658263 0.274544 0.0232264
v -0.649322 0.27555 0.0643482
v -0.582835 0.286576 0.00336299
v -0.511977 0.30447 -0.0255171
v -0.596938 0.279664 -0.0431173
v -0.528396 0.288131 -0.069888
v -0.458658 0.308278 -0.107088
v -0.371555 0.354706 -0.147772
v -0.438149 0.333639 -0.0608568
v -0.351755 0.34366 -0.0892468
v -0.333305 0.330214 -0.0326597
v -0.256251 0.343501 -0.107166
v -0.164026 0.317549 -0.116757
v -0.272145 0.345174 -0.167519
v -0.171284 0.326695 -0.174829
v -0.0832846 0.28245 -0.176678
v -0.0248643 0.221168 -0.177219
v -0.0837785 0.269148 -0.123157
v -0.0138264 0.229262 -0.125143
v -0.0171573 0.216742 -0.0730244
v 0.0368372 0.191273 -0.126663
v 0.0732507 0.152842 -0.126002
v 0.025295 0.185801 -0.179047
v 0.0623953 0.148458 -0.177285
v 0.095465 0.105881 -0.170016
v 0.152481 0.081179 -0.161977
v 0.10867 0.11743 -0.121937
v 0.148415 0.0867026 -0.114379
v 0.120016 0.11236 -0.121821
v 0.147287 0.123648 -0.136206
v 0.134643 0.103215 -0.0883858
v 0.148805 0.0948689 -0.0544605
v 0.158833 0.123569 -0.0991612
v 0.175937 0.108086 -0.0661745
v 0.185944 0.138697 -0.112408
v 0.204644 0.12214 -0.0793463
v 0.179171 0.125023 -0.151522
v 0.21873 0.146838 -0.12895
v 0.236951 0.13813 -0.0950166
v 0.256588 0.163084 -0.148507
v 0.21023 0.132516 -0.165846
v 0.243635 0.15319 -0.183948
v 0.295615 0.164482 -0.210132
v 0.354377 0.183937 -0.242641
v 0.304792 0.183627 -0.175048
v 0.32425 0.181684 -0.138535
v 0.370023 0.189767 -0.19985
v 0.378485 0.208179 -0.162537
v 0.429945 0.219604 -0.223645
v 0.435581 0.233638 -0.179768
v 0.501966 0.233664 -0.221714
v 0.434905 0.183139 -0.25222
v 0.511256 0.202787 -0.252492
v 0.586269 0.241072 -0.238734
v 0.646848 0.258239 -0.193141
v 0.56816 0.259774 -0.203281
v 0.550336 0.260385 -0.16204
v 0.624464 0.269288 -0.161604
v 0.602291 0.256316 -0.129401
v 0.674748 0.267042 -0.113673
v 0.655112 0.243827 -0.0925145
v 0.727554 0.250486 -0.0704974
v 0.697192 0.277944 -0.14045
v 0.745159 0.253009 -0.097313
v 0.797474 0.228849 -0.0653202
v 0.835981 0.174385 -0.0668289
v 0.78533 0.219338 -0.0447969
v 0.770177 0.198445 -0.0362172
v 0.841809 0.181762 -0.0346109
v 0.826603 0.164093 -0.0297296
v 0.890634 0.135514 -0.0395719
v 0.876325 0.121446 -0.036148
v 0.928721 0.075448 -0.041119
v 0.908642 0.153722 -0.0490843
v 0.929439 0.082025 -0.056932
v 0.914591 0.0624616 -0.0410603
v 0.90728 0.07254 -0.0204388
v 0.887808 0.074699 -0.00999056
v 0.869028 0.123283 -0.00815546
v 0.815091 0.158735 -0.00119786
v 0.843364 0.111441 -0.00215671
v 0.790959 0.13765 0.000114103
v 0.736903 0.169435 0.00427211
v 0.679321 0.189774 -0.0232673
v 0.756608 0.196294 -0.00246313
v 0.693788 0.216309 -0.0334296
v 0.71145 0.224919 -0.0588156
v 0.636049 0.237644 -0.0646584
v 0.583376 0.261454 -0.0965625
v 0.615509 0.237413 -0.0335019
v 0.564325 0.264763 -0.0637088
v 0.52112 0.289841 -0.0905066
v 0.478828 0.313847 -0.115872
v 0.53633 0.285715 -0.130147
v 0.486837 0.283574 -0.149634
v 0.494465 0.252885 -0.181262
v 0.433555 0.265381 -0.148406
v 0.383403 0.232845 -0.128172
v 0.437981 0.282824 -0.10807
v 0.393976 0.247327 -0.0901283
v 0.349974 0.207644 -0.0660065
v 0.313473 0.163252 -0.0447445
v 0.337413 0.194001 -0.102228
v 0.2912 0.169188 -0.0785272
v 0.276067 0.157649 -0.114646
v 0.254319 0.149187 -0.0586025
v 0.223696 0.129098 -0.0435574
v 0.278365 0.143142 -0.0255345
v 0.247568 0.122716 -0.0115381
v 0.214129 0.100103 -0.00136829
v 0.16951 0.0999059 0.0150408
v 0.191796 0.113117 -0.0308431
v 0.156496 0.103684 -0.0190716
v 0.0693297 0.0562659 -0.12997
v 0.109259 0.0969435 -0.0662952
v 0.0512252 0.0927067 -0.0868227
v 0.146592 0.0911587 -0.126078
v 0.225149 0.123682 -0.119746
v 0.176577 0.129848 -0.0858678
v 0.206606 0.173954 -0.0380074
v 0.255498 0.131484 -0.0830056
v 0.27928 0.182976 -0.05557
v 0.295062 0.265274 -0.0107933
v 0.280117 0.374776 0.0519558
v 0.221466 0.247258 0.0121842
v 0.217424 0.327688 0.0810551
v 0.161839 0.210987 0.0523718
v 0.142517 0.148222 -0.00574893
v 0.160987 0.274781 0.115482
v 0.103347 0.196917 0.0728276
v 0.0904387 0.156991 0.0151862
v 0.0482449 0.180342 0.095148
v 0.0978449 0.245858 0.128049
v 0.0487409 0.205086 0.152558
v 0.0756831 0.287865 0.193458
v 0.0436828 0.222998 0.217488
v 0.0639401 0.305603 0.279615
v 0.145562 0.320349 0.19053
v 0.145562 0.320349 0.19053
v 0.131216 0.342802 0.272784
v 0.131216 0.342802 0.272784
v 0.190228 0.39252 0.164078
v 0.173278 0.419833 0.254419
v 0.260202 0.443484 0.151196
v 0.22532 0.49071 0.238291
v 0.234975 0.48018 0.325769
v 0.255666 0.450633 0.40187
v 0.17278 0.424005 0.341378
v 0.179122 0.422474 0.425316
v 0.126778 0.351827 0.357632
v 0.126778 0.351827 0.357632
v 0.13519 0.354424 0.443025
v 0.13519 0.354424 0.443025
v 0.0582181 0.316915 0.371099
v 0.00030564 0.267691 0.385365
v 0.0773962 0.310514 0.462544
v 0.0283544 0.260312 0.480426
v 0.0979088 0.320326 0.552189
v 0.0474186 0.276354 0.574614
v 0.137807 0.318316 0.6338
v 0.156802 0.353805 0.526619
v 0.156802 0.353805 0.526619
v 0.190006 0.350556 0.606311
v 0.19863 0.41417 0.507377
v 0.219916 0.414106 0.591572
v 0.25499 0.454781 0.482605
v 0.275775 0.443131 0.562014
v 0.299497 0.447324 0.646252
v 0.336243 0.436803 0.725656
v 0.264768 0.396479 0.664332
v 0.310726 0.382731 0.736166
v 0.2324 0.344453 0.680972
v 0.2814 0.334563 0.750515
v 0.2814 0.334563 0.750515
v 0.183261 0.317718 0.710409
v 0.13604 0.2856 0.7383
v 0.233648 0.313164 0.782252
v 0.2024 0.26694 0.798335
v 0.288746 0.30029 0.848681
v 0.277566 0.240969 0.843824
v 0.356289 0.269296 0.89717
v 0.334964 0.320041 0.815158
v 0.391876 0.299359 0.874235
v 0.360738 0.36465 0.804374
v 0.406481 0.344518 0.876852
v 0.387317 0.402869 0.791366
v 0.442046 0.365972 0.850284
v 0.466298 0.354261 0.956721
v 0.529198 0.296214 0.994116
v 0.459349 0.310611 0.939115
v 0.513855 0.265872 0.991762
v 0.451498 0.271101 0.925596
v 0.451498 0.271101 0.925596
v 0.513845 0.236736 0.966469
v 0.423746 0.237626 0.938046
v 0.421493 0.197793 0.916981
v 0.482654 0.207872 0.983881
v 0.466026 0.172249 0.97271
v 0.551634 0.17211 1.00055
v 0.54368 0.154524 0.974331
v 0.616229 0.132301 1.01095
v 0.577983 0.197102 0.995804
v 0.577983 0.197102 0.995804
v 0.641775 0.149339 1.01199
v 0.573463 0.214057 1.0234
v 0.636568 0.161569 1.03196
v 0.577991 0.240203 1.04478
v 0.63456 0.176964 1.04289
v 0.61495 0.136683 0.976626
v 0.344543 0.221414 0.890737
v 0.0922654 0.27843 0.657568
v 0.0319403 0.238416 0.295853
v 0.0452891 0.14993 0.0463488
v 0.0414817 0.123715 0.00519842
v 0.0382721 0.100198 -0.0312812
v 0.0738737 0.116045 -0.0327045
v 0.135886 0.0361033 -0.124244
v 0.111736 0.095136 -0.0793219
v 0.0980273 0.0747111 -0.131073
v 0.176031 0.0831147 -0.075824
v 0.22003 0.129274 -0.0200459
v 0.167998 0.133128 -0.0443197
v 0.153255 0.182953 -0.00544879
v 0.21175 0.145883 0.0211945
v 0.21181 0.194935 0.0436521
v 0.198542 0.260073 0.0698947
v 0.171768 0.333363 0.0942776
v 0.132608 0.247813 0.0251028
v 0.100182 0.309198 0.0626956
v 0.0594658 0.218034 0.00281496
v 0.0868696 0.15575 -0.0363276
v 0.0266477 0.279235 0.038847
v 0.00544261 0.208281 -0.0315625
v 0.0399366 0.1615 -0.0701699
v -0.0482871 0.196184 -0.0619308
v -0.0279162 0.268748 -0.00239641
v -0.0863188 0.245623 -0.0262167
v -0.0632155 0.335776 0.0209235
v -0.125318 0.302855 0.00538084
v -0.106586 0.391354 0.0535151
v -0.0137995 0.33627 0.0742257
v -0.0137995 0.33627 0.0742257
v -0.0611718 0.389164 0.108384
v -0.0611718 0.389164 0.108384
v 0.0592051 0.369216 0.0986891
v 0.00765167 0.419417 0.14306
v 0.12422 0.380977 0.148006
v 0.0742968 0.442546 0.185912
v 0.000101081 0.470894 0.242014
v -0.0788321 0.489696 0.284222
v -0.0531148 0.462525 0.185517
v -0.116504 0.50573 0.218422
v -0.113887 0.438097 0.139968
v -0.113887 0.438097 0.139968
v -0.170641 0.481513 0.171356
v -0.170641 0.481513 0.171356
v -0.1539 0.445154 0.0811103
v -0.201367 0.439286 0.0288954
v -0.213227 0.47899 0.117591
v -0.257636 0.468629 0.0696929
v -0.270298 0.519273 0.15461
v -0.312449 0.511138 0.10656
v -0.333354 0.53271 0.207396
v -0.230606 0.515964 0.207332
v -0.230606 0.515964 0.207332
v -0.291599 0.536284 0.252194
v -0.183044 0.539948 0.251631
v -0.25071 0.575003 0.285618
v -0.140484 0.542922 0.303682
v -0.208072 0.57437 0.332609
v -0.278709 0.608208 0.370135
v -0.349041 0.606173 0.422967
v -0.313748 0.573765 0.338287
v -0.367386 0.560592 0.39739
v -0.347248 0.537594 0.307858
v -0.390284 0.520681 0.370895
v -0.390284 0.520681 0.370895
v -0.390341 0.529044 0.270485
v -0.432807 0.51512 0.233528
v -0.434101 0.506597 0.339271
v -0.459116 0.468612 0.312086
v -0.460142 0.468806 0.408205
v -0.450515 0.418941 0.386444
v -0.453693 0.418632 0.473282
v -0.41776 0.490265 0.436172
v -0.429838 0.450182 0.499367
v -0.406316 0.529768 0.460976
v -0.43881 0.485597 0.522743
v -0.391642 0.564137 0.4844
v -0.409673 0.511431 0.545289
v -0.469683 0.451838 0.606351
v -0.437921 0.382488 0.651399
v -0.445627 0.426692 0.580404
v -0.434381 0.361973 0.628382
v -0.426245 0.402887 0.556712
v -0.426245 0.402887 0.556712
v -0.408227 0.352486 0.606799
v -0.436456 0.372827 0.530344
v -0.409099 0.351948 0.507769
v -0.42651 0.324601 0.581452
v -0.416184 0.304575 0.551696
v -0.389076 0.281856 0.624842
v -0.372282 0.281264 0.600013
v -0.350543 0.234644 0.668486
v -0.377749 0.301161 0.649628
v -0.377749 0.301161 0.649628
v -0.341226 0.247065 0.691908
v -0.402276 0.301984 0.666177
v -0.360571 0.251918 0.70043
v -0.420458 0.311802 0.689121
v -0.372174 0.261234 0.708018
v -0.328251 0.250065 0.651191
v -0.439808 0.382266 0.449984
v -0.374249 0.520037 0.166302
v -0.165406 0.363303 0.0270755
v -0.0129743 0.154287 -0.0895346
v 0.0183353 0.121557 -0.107993
v 0.0462823 0.0923831 -0.120158
v 0.067376 0.112905 -0.0976489
v 0.0494766 0.0816935 -0.157641
v 0.0687589 0.120528 -0.178767
v 0.0866052 0.076414 -0.120308
v 0.123775 0.071179 -0.0823231
v 0.094205 0.122088 -0.13104
v 0.137416 0.112835 -0.0964073
v 0.108469 0.165114 -0.148903
v 0.15242 0.156685 -0.112789
v 0.100431 0.152079 -0.205371
v 0.134181 0.205242 -0.175027
v 0.170618 0.205446 -0.133234
v 0.159515 0.2574 -0.20506
v 0.126335 0.187641 -0.228623
v 0.142764 0.238648 -0.256303
v 0.184262 0.290603 -0.303953
v 0.223719 0.363129 -0.361732
v 0.194279 0.321052 -0.248195
v 0.232986 0.328896 -0.196666
v 0.264382 0.368651 -0.298359
v 0.287092 0.392428 -0.236836
v 0.323672 0.446822 -0.335955
v 0.357656 0.440629 -0.270672
v 0.416415 0.484115 -0.35678
v 0.312857 0.412978 -0.400992
v 0.401278 0.475946 -0.421248
v 0.493543 0.53846 -0.421815
v 0.594104 0.550786 -0.422493
v 0.507263 0.525972 -0.361025
v 0.525084 0.48842 -0.311119
v 0.603929 0.539617 -0.366943
v 0.614393 0.497447 -0.327283
v 0.702453 0.539085 -0.379374
v 0.706575 0.497253 -0.347422
v 0.797288 0.513581 -0.409171
v 0.694443 0.565377 -0.423745
v 0.779596 0.515194 -0.45138
v 0.844484 0.452078 -0.484237
v 0.84516 0.356718 -0.496002
v 0.861929 0.446809 -0.452604
v 0.859415 0.428926 -0.418431
v 0.892264 0.360942 -0.489464
v 0.886233 0.349687 -0.458107
v 0.896536 0.271443 -0.519622
v 0.887183 0.262264 -0.494048
v 0.894024 0.183936 -0.545804
v 0.901315 0.283665 -0.556262
v 0.879221 0.195883 -0.559059
v 0.877962 0.173165 -0.528168
v 0.901617 0.178508 -0.504205
v 0.9016 0.183967 -0.473082
v 0.918604 0.265364 -0.467454
v 0.916538 0.350457 -0.425609
v 0.90738 0.26638 -0.428178
v 0.900769 0.341445 -0.383867
v 0.885982 0.410753 -0.339547
v 0.80687 0.434749 -0.307364
v 0.895052 0.433797 -0.381166
v 0.809907 0.469786 -0.335865
v 0.794825 0.47985 -0.377804
v 0.718997 0.478034 -0.304258
v 0.628983 0.479793 -0.277715
v 0.733959 0.466565 -0.25447
v 0.64363 0.460507 -0.229043
v 0.560582 0.457863 -0.201304
v 0.476082 0.483279 -0.164194
v 0.540508 0.488138 -0.250799
v 0.45688 0.478453 -0.230003
v 0.43899 0.470861 -0.293998
v 0.374132 0.466251 -0.206489
v 0.300799 0.425286 -0.176606
v 0.404693 0.466327 -0.143179
v 0.328318 0.443666 -0.115965
v 0.271811 0.377377 -0.0856393
v 0.253521 0.292242 -0.0642067
v 0.253289 0.352413 -0.141279
v 0.213682 0.285164 -0.108256
v 0.195581 0.262845 -0.160484
v 0.190936 0.226759 -0.0824342
v 0.178858 0.173493 -0.0651126
v 0.231506 0.235192 -0.0417378
v 0.219823 0.181013 -0.0276246
v 0.210013 0.122601 -0.0200673
v 0.174237 0.0760976 0.00777393
v 0.164093 0.123703 -0.049997
v 0.14138 0.0777176 -0.0327414
v 0.123936 0.0549218 -0.0687456
v 0.165057 0.112881 -0.0403335
v 0.106728 0.0649635 -0.0352093
v 0.149018 0.0891545 -0.0972221
v 0.168364 0.121408 -0.122218
v 0.165166 0.147727 -0.0781268
v 0.197718 0.196268 -0.0735578
v 0.184704 0.167498 -0.119885
v 0.228062 0.193271 -0.121813
v 0.249021 0.235989 -0.145306
v 0.294663 0.319356 -0.165968
v 0.237245 0.241341 -0.0844062
v 0.283199 0.315533 -0.0919827
v 0.243933 0.2359 -0.0215768
v 0.205466 0.173591 -0.023248
v 0.205466 0.173591 -0.023248
v 0.287963 0.30044 -0.0187967
v 0.228024 0.242893 0.0357653
v 0.195097 0.16931 0.0211554
v 0.222756 0.243637 0.0949897
v 0.273361 0.297238 0.0508677
v 0.267184 0.289109 0.117791
v 0.285768 0.379649 0.0545983
v 0.265639 0.372961 0.129626
v 0.328156 0.44346 0.0624664
v 0.335361 0.360244 -0.00495768
v 0.383395 0.416708 0.0158351
v 0.355838 0.363924 -0.0772213
v 0.41736 0.411195 -0.0488508
v 0.380211 0.364503 -0.148771
v 0.44759 0.411046 -0.119435
v 0.513528 0.425936 -0.0597969
v 0.554209 0.450605 -0.0171273
v 0.469049 0.45743 -0.0183017
v 0.523444 0.486384 0.0204979
v 0.434256 0.46614 0.0415349
v 0.434256 0.46614 0.0415349
v 0.492836 0.498658 0.0728166
v 0.386278 0.502316 0.076531
v 0.353025 0.505178 0.136913
v 0.461849 0.540034 0.102603
v 0.428217 0.58007 0.138597
v 0.539646 0.533235 0.141721
v 0.517964 0.543206 0.178255
v 0.617732 0.516813 0.170919
v 0.556753 0.505452 0.108492
v 0.556753 0.505452 0.108492
v 0.618953 0.4869 0.143254
v 0.577104 0.490845 0.0674453
v 0.639673 0.496914 0.108096
v 0.586464 0.454315 0.0402198
v 0.64653 0.480346 0.0728851
v 0.660854 0.442415 0.110054
v 0.693838 0.393333 0.104968
v 0.675681 0.445987 0.133956
v 0.696683 0.377966 0.132499
v 0.664955 0.436869 0.161191
v 0.674117 0.363814 0.151122
v 0.673147 0.448177 0.191523
v 0.64943 0.44669 0.214058
v 0.698553 0.368685 0.177374
v 0.684825 0.371649 0.208904
v 0.601717 0.526449 0.204582
v 0.304893 0.434935 0.135487
v 0.188755 0.162774 0.0648018
v 0.166176 0.0959492 0.0291036
v 0.120396 0.0543232 1.72461e-05
v 0.153196 0.111235 -0.0038516
v 0.11267 0.0547583 -0.070051
v 0.091589 0.136701 -0.117292
v 0.15478 0.0814208 -0.0763603
v 0.0536574 0.0825311 -0.0642113
v -0.00671449 0.101424 -0.0788359
v 0.0208167 0.150215 -0.117821
v 0.0109846 0.209757 -0.208925
v -0.0419988 0.141526 -0.159177
v -0.0120346 0.177716 -0.283299
v 0.000157541 0.267518 -0.366759
v -0.0396436 0.343247 -0.381682
v 0.0376928 0.290139 -0.291845
v 0.0341612 0.367787 -0.320769
v 0.0991173 0.299299 -0.228784
v 0.0839906 0.215794 -0.175221
v 0.0839906 0.215794 -0.175221
v 0.121271 0.375796 -0.275198
v 0.128804 0.323578 -0.154351
v 0.126122 0.239326 -0.129739
v 0.172913 0.340686 -0.0857891
v 0.187778 0.399869 -0.213452
v 0.257609 0.415408 -0.159922
v 0.194659 0.498793 -0.272034
v 0.282926 0.519466 -0.230302
v 0.215789 0.556587 -0.360056
v 0.138285 0.442648 -0.336592
v 0.151666 0.501515 -0.409772
v 0.0530603 0.419618 -0.375442
v 0.0656389 0.479991 -0.438648
v -0.0295991 0.391869 -0.417833
v -0.0277646 0.466358 -0.464036
v 0.0308145 0.523816 -0.575124
v 0.132313 0.565918 -0.681336
v 0.0996928 0.554235 -0.531159
v 0.187072 0.580939 -0.629606
v 0.18015 0.547805 -0.494151
v 0.18015 0.547805 -0.494151
v 0.24015 0.560846 -0.575062
v 0.243453 0.587729 -0.447025
v 0.322521 0.57583 -0.41164
v 0.291224 0.587318 -0.525569
v 0.347679 0.608692 -0.471937
v 0.353795 0.544481 -0.591032
v 0.38209 0.530044 -0.54539
v 0.39765 0.482957 -0.692834
v 0.314152 0.538348 -0.63467
v 0.314152 0.538348 -0.63467
v 0.346161 0.488577 -0.693993
v 0.277398 0.551624 -0.681777
v 0.328948 0.525893 -0.72823
v 0.233425 0.532134 -0.7163
v 0.285111 0.547351 -0.740328
v 0.265072 0.480682 -0.736479
v 0.220328 0.427234 -0.798662
v 0.286745 0.457149 -0.753959
v 0.238866 0.391551 -0.801381
v 0.299668 0.423909 -0.737786
v 0.238213 0.358918 -0.775818
v 0.335244 0.402731 -0.745563
v 0.350134 0.380836 -0.713733
v 0.278319 0.348834 -0.796286
v 0.305746 0.32555 -0.771199
v 0.433931 0.461804 -0.666821
v 0.311365 0.558976 -0.33961
v 0.171352 0.259551 -0.0884054
v 0.187079 0.164751 -0.113973
v 0.186174 0.089693 -0.106457
v 0.136973 0.159918 -0.101687
v 0.0604208 0.117221 -0.163416
v 0.0882936 0.153187 -0.163174
v 0.091515 0.0846122 -0.143641
v 0.122239 0.0522873 -0.12261
v 0.112849 0.122296 -0.131489
v 0.148028 0.0856446 -0.118271
v 0.139903 0.158862 -0.12693
v 0.176069 0.120871 -0.114394
v 0.125574 0.182742 -0.174045
v 0.176526 0.193885 -0.132807
v 0.208733 0.160291 -0.110856
v 0.219099 0.23825 -0.134735
v 0.161787 0.214097 -0.179277
v 0.19936 0.258939 -0.177384
v 0.264891 0.300907 -0.196531
v 0.335176 0.345535 -0.220898
v 0.276445 0.291522 -0.142888
v 0.305353 0.260929 -0.105662
v 0.359509 0.32123 -0.165742
v 0.372372 0.315306 -0.107367
v 0.426307 0.374956 -0.176812
v 0.447682 0.361287 -0.115978
v 0.507862 0.401438 -0.190135
v 0.423085 0.35148 -0.23858
v 0.493655 0.391286 -0.248583
v 0.573483 0.448106 -0.255103
v 0.673581 0.457372 -0.261205
v 0.590315 0.438548 -0.199908
v 0.609442 0.405502 -0.153918
v 0.680797 0.446897 -0.209762
v 0.687373 0.407802 -0.172799
v 0.771224 0.439593 -0.207727
v 0.76218 0.403367 -0.176504
v 0.855282 0.414388 -0.186612
v 0.779966 0.460597 -0.250174
v 0.867285 0.403514 -0.225718
v 0.793231 0.372475 -0.0920023
v 0.812635 0.396738 -0.120382
v 0.833445 0.391798 -0.157995
v 0.758218 0.388467 -0.134253
v 0.698677 0.391081 -0.126767
v 0.754285 0.381389 -0.0859132
v 0.709341 0.372806 -0.0814514
v 0.649449 0.380353 -0.0546899
v 0.56399 0.408826 -0.0146414
v 0.628144 0.407074 -0.0997784
v 0.545519 0.401501 -0.0743182
v 0.528629 0.391872 -0.132314
v 0.455594 0.377286 -0.0551066
v 0.379551 0.318678 -0.047654
v 0.474754 0.370103 0.00420694
v 0.395667 0.307681 0.00853983
v 0.340561 0.228523 -0.0064688
v 0.307568 0.156574 -0.0360871
v 0.323471 0.244067 -0.0565755
v 0.272706 0.187598 -0.0628221
v 0.250339 0.206884 -0.107666
v 0.235629 0.140705 -0.0676872
v 0.207133 0.0995894 -0.0763848
v 0.274243 0.112001 -0.0435835
v 0.246666 0.0727848 -0.0545082
v 0.216657 0.0337196 -0.0698287
v 0.168147 0 -0.0577297
v 0.176501 0.0627075 -0.0827382
v 0.140088 0.0292757 -0.0834603
v 0.00737874 0.0155025 -0.126631
v -0.0078347 0.0694643 -0.136941
v 0.0654224 0.0264695 -0.109003
v 0.123049 0.0376342 -0.0897605
v 0.044972 0.078637 -0.103073
v 0.109359 0.0887397 -0.0942938
v 0.0290373 0.133431 -0.107936
v 0.0954245 0.143298 -0.100169
v -0.0108866 0.12469 -0.162988
v 0.02059 0.193478 -0.128119
v 0.0806957 0.205373 -0.108085
v 0.00767214 0.267351 -0.145881
v -0.015895 0.181766 -0.181999
v -0.0325807 0.252204 -0.193718
v -0.0279576 0.341783 -0.238814
v -0.0230473 0.436533 -0.291818
v -0.00386672 0.360484 -0.176093
v 0.0525125 0.375592 -0.13674
v 0.0256656 0.456805 -0.229793
v 0.0478035 0.480651 -0.161938
v 0.020382 0.55862 -0.266283
v 0.0568903 0.585552 -0.197288
v 0.0531015 0.653654 -0.307709
v 0.0344666 0.521125 -0.338845
v 0.0460458 0.616437 -0.374081
v 0.0478852 0.734396 -0.408974
v 0.112467 0.836401 -0.445619
v 0.0762549 0.758488 -0.345854
v 0.1288 0.764687 -0.292861
v 0.134169 0.849496 -0.384259
v 0.182395 0.83658 -0.338234
v 0.209058 0.931944 -0.407015
v 0.242128 0.904528 -0.363739
v 0.299289 1 -0.403398
v 0.189725 0.944606 -0.462748
v 0.314672 0.992821 -0.453634
v 0.30577 0.934325 -0.267408
v 0.292713 0.963554 -0.30929
v 0.308886 0.969738 -0.360657
v 0.258889 0.901006 -0.310059
v 0.212778 0.847471 -0.284167
v 0.268534 0.905033 -0.249552
v 0.244158 0.856385 -0.230674
v 0.195036 0.811445 -0.181575
v 0.107436 0.761102 -0.110556
v 0.147303 0.798645 -0.232382
v 0.094235 0.721551 -0.177418
v 0.0847089 0.682256 -0.242513
v 0.0536812 0.621728 -0.126604
v 0.0565561 0.506339 -0.0915216
v 0.081875 0.650969 -0.0593075
v 0.0859459 0.528932 -0.0268748
v 0.122434 0.412262 -0.0235919
v 0.166516 0.318395 -0.0449348
v 0.0884573 0.393792 -0.0808851
v 0.106462 0.300708 -0.0698473
v 0.0654078 0.281372 -0.119504
v 0.125233 0.228404 -0.0617367
v 0.144177 0.167682 -0.0611658
v 0.18546 0.250741 -0.0412692
v 0.202935 0.191726 -0.0438126
v 0.217947 0.12928 -0.0510269
v 0.216944 0.0604152 -0.0199747
v 0.157559 0.108706 -0.0574446
v 0.163821 0.0482632 -0.0454739
v 0.0821924 0.10529 -0.0545471
v 0.068583 0.179273 -0.0557068
v 0.0511881 0.110425 -0.0778656
v 0.11968 0.139869 -0.0502724
v 0.151621 0.173733 -0.0361224
v 0.116552 0.206131 -0.0495616
v 0.102357 0.271143 -0.0193164
v 0.149505 0.228978 -0.00924447
v 0.111943 0.278373 0.0437475
v 0.0809454 0.333334 0.0812622
v 0.0898541 0.400173 0.0991939
v 0.0685761 0.331825 0.0156608
v 0.0580492 0.399552 0.0290755
v 0.0297745 0.322753 -0.0393094
v 0.0512751 0.252023 -0.0483994
v 0.0106403 0.393276 -0.0308329
v 0.0181178 0.320369 -0.102314
v 0.0243919 0.244941 -0.0903108
v -0.00665551 0.31387 -0.160602
v -0.0154851 0.392025 -0.0989791
v -0.0480977 0.388186 -0.159881
v -0.0184178 0.474786 -0.103253
v -0.0638405 0.466474 -0.171158
v -0.0639134 0.540589 -0.0945442
v -0.0113172 0.463941 -0.0196499
v -0.0113172 0.463941 -0.0196499
v -0.0395552 0.532491 -0.005161
v -0.0395552 0.532491 -0.005161
v 0.03264 0.469873 0.0470491
v 0.0155155 0.546205 0.0622085
v 0.0648068 0.469712 0.119581
v 0.0816566 0.568066 0.124422
v 0.0689181 0.640598 0.130784
v 0.0726428 0.689793 0.0974013
v 0.0119749 0.63309 0.0515741
v -0.0025979 0.68631 0.0383881
v -0.071393 0.598053 0.0103074
v -0.0964176 0.660838 0.0254485
v -0.0964176 0.660838 0.0254485
v -0.123191 0.592295 -0.0721623
v -0.204434 0.55336 -0.107155
v -0.165642 0.657981 -0.0366592
v -0.242671 0.652327 -0.0993019
v -0.179898 0.716118 0.0130427
v -0.23407 0.68105 -0.0154538
v -0.22511 0.74082 0.0657173
v -0.12486 0.7235 0.0630628
v -0.12486 0.7235 0.0630628
v -0.187051 0.730663 0.115255
v -0.0653485 0.757077 0.0988388
v -0.163991 0.786587 0.147183
v -0.0123647 0.750475 0.150199
v -0.123201 0.795801 0.19517
v -0.190816 0.737862 0.216144
v -0.254702 0.770348 0.251238
v -0.223116 0.754836 0.187764
v -0.28922 0.757537 0.220239
v -0.24741 0.722625 0.160117
v -0.24741 0.722625 0.160117
v -0.307757 0.714477 0.204389
v -0.275903 0.729412 0.116574
v -0.29281 0.70188 0.0814034
v -0.332429 0.738438 0.161831
v -0.337629 0.693892 0.131272
v -0.252214 0.706943 0.0252235
v -0.133428 0.512751 -0.148301
v -0.00312793 0.237441 -0.130751
v -0.00195395 0.171871 -0.0834451
v 0.0157163 0.116185 -0.074002
v 0.0387255 0.176685 -0.0837173
v 0.121655 0.0647748 0.0229612
v 0.0734283 0.0938122 -0.0194246
v 0.124454 0.0979166 -0.0133693
v 0.0545737 0.0834473 0.0356553
v -0.0223859 0.0852434 0.0427289
v 0.0116728 0.101864 0.00836762
v -0.0335339 0.119777 -0.030092
v -0.0568103 0.0742407 0.0100001
v -0.0962777 0.0946783 -0.0149903
v -0.140996 0.134047 -0.053963
v -0.177728 0.198275 -0.0882149
v -0.0759722 0.160857 -0.0693223
v -0.109863 0.212181 -0.113293
v -0.0122481 0.169928 -0.10418
v 0.0276059 0.127442 -0.0621442
v -0.0428508 0.220293 -0.145033
v 0.0394694 0.191395 -0.118399
v 0.0669534 0.156323 -0.07906
v 0.0898317 0.209761 -0.134938
v 0.0152313 0.241415 -0.152341
v 0.0708782 0.24978 -0.174271
v -0.00404502 0.299304 -0.188523
v 0.0516484 0.294151 -0.222079
v -0.0207207 0.345698 -0.242772
v -0.0642565 0.272437 -0.188163
v -0.0642565 0.272437 -0.188163
v -0.0805666 0.320103 -0.237903
v -0.0805666 0.320103 -0.237903
v -0.131378 0.27252 -0.152535
v -0.14881 0.323273 -0.204987
v -0.20179 0.251415 -0.138618
v -0.219268 0.318559 -0.177975
v -0.232732 0.348352 -0.254818
v -0.235933 0.36352 -0.337141
v -0.163081 0.362643 -0.269779
v -0.170818 0.398422 -0.33833
v -0.0932089 0.36034 -0.294813
v -0.0932089 0.36034 -0.294813
v -0.101415 0.391961 -0.357143
v -0.101415 0.391961 -0.357143
v -0.0326277 0.38759 -0.299249
v 0.0303953 0.402236 -0.311869
v -0.0382496 0.406706 -0.365893
v 0.0233675 0.41269 -0.37799
v -0.0435838 0.432852 -0.427287
v 0.0189788 0.439774 -0.434498
v -0.0456686 0.437869 -0.494428
v -0.105608 0.413951 -0.423198
v -0.105608 0.413951 -0.423198
v -0.106763 0.425492 -0.491521
v -0.172128 0.422807 -0.411491
v -0.168094 0.450439 -0.484188
v -0.236753 0.409914 -0.405476
v -0.23028 0.433296 -0.481754
v -0.222763 0.465232 -0.558688
v -0.208312 0.474629 -0.637807
v -0.163864 0.447098 -0.559603
v -0.157814 0.442304 -0.63293
v -0.106471 0.426519 -0.560611
v -0.105804 0.41771 -0.629113
v -0.105804 0.41771 -0.629113
v -0.0467714 0.437487 -0.561796
v 0.0140221 0.442862 -0.563051
v -0.0461475 0.428575 -0.629514
v 0.00705368 0.406931 -0.626065
v -0.0450379 0.406547 -0.696943
v -0.0130537 0.355719 -0.683304
v -0.0584061 0.356844 -0.756202
v -0.106064 0.399451 -0.695986
v -0.110325 0.370931 -0.75921
v -0.150742 0.427845 -0.703945
v -0.136615 0.40957 -0.774976
v -0.194379 0.449612 -0.710145
v -0.187482 0.414951 -0.77381
v -0.141841 0.407324 -0.867035
v -0.163828 0.334623 -0.904041
v -0.133853 0.367225 -0.838169
v -0.145395 0.308744 -0.886895
v -0.123989 0.331286 -0.813493
v -0.123989 0.331286 -0.813493
v -0.151522 0.285542 -0.853778
v -0.084819 0.305672 -0.804917
v -0.0836707 0.268137 -0.775924
v -0.110169 0.260055 -0.8504
v -0.0936901 0.230823 -0.823014
v -0.161559 0.216204 -0.870105
v -0.162518 0.20637 -0.836924
v -0.212767 0.176054 -0.887067
v -0.190643 0.239138 -0.882073
v -0.190643 0.239138 -0.882073
v -0.236319 0.192316 -0.902284
v -0.177726 0.248547 -0.912614
v -0.224429 0.198649 -0.923076
v -0.176821 0.267483 -0.943171
v -0.219658 0.210012 -0.937484
v -0.225997 0.188167 -0.855434
v -0.0355516 0.314187 -0.73834
v 0.0145165 0.440326 -0.498473
v 0.0361159 0.340231 -0.272592
v 0.106092 0.172409 -0.106082
v 0.117933 0.141221 -0.0814441
v 0.127152 0.113613 -0.0579945
v 0.0952516 0.120476 -0.0493054
v 0.0642316 0.0537051 -0.0658871
v 0.0949509 0.117349 -0.0369859
v 0.0347431 0.0784151 -0.0582582
v 0.110869 0.0706344 -0.0798328
v 0.153378 0.0900466 -0.0948205
v 0.131657 0.137823 -0.0747017
v 0.164334 0.196366 -0.0565955
v 0.183048 0.143421 -0.0963835
v 0.226014 0.18332 -0.0701588
v 0.25426 0.253517 -0.0729692
v 0.254864 0.332101 -0.0848315
v 0.199532 0.255255 -0.0325565
v 0.212131 0.324018 -0.0205486
v 0.15764 0.24307 0.0214491
v 0.126858 0.180365 -0.00824266
v 0.126858 0.180365 -0.00824266
v 0.186083 0.305771 0.0501205
v 0.101892 0.247533 0.055866
v 0.0827429 0.184869 0.0188148
v 0.0524736 0.243961 0.0984155
v 0.142067 0.298248 0.10888
v 0.106637 0.28622 0.168275
v 0.148471 0.384767 0.116572
v 0.115909 0.38268 0.188021
v 0.172493 0.457125 0.117899
v 0.212075 0.371253 0.0691045
v 0.239267 0.442978 0.0821173
v 0.244348 0.370147 0.00054945
v 0.284013 0.445106 0.0241317
v 0.280975 0.367217 -0.0661747
v 0.32501 0.451791 -0.0404548
v 0.373647 0.518902 0.0384752
v 0.390794 0.579342 0.1067
v 0.31529 0.522251 0.0741938
v 0.339868 0.574736 0.138752
v 0.27097 0.502151 0.12418
v 0.27097 0.502151 0.12418
v 0.30204 0.547196 0.179191
v 0.208833 0.510995 0.154056
v 0.167773 0.487043 0.203817
v 0.24857 0.549889 0.205384
v 0.193262 0.548379 0.236403
v 0.29356 0.57213 0.263292
v 0.265531 0.547711 0.286056
v 0.326994 0.60071 0.324361
v 0.333098 0.582097 0.24087
v 0.333098 0.582097 0.24087
v 0.365009 0.597897 0.310171
v 0.365556 0.605225 0.213956
v 0.382019 0.63474 0.29904
v 0.406765 0.602149 0.192556
v 0.415174 0.647131 0.281464
v 0.436029 0.604976 0.360616
v 0.452397 0.589481 0.436881
v 0.412983 0.606556 0.377606
v 0.426687 0.576036 0.448594
v 0.393484 0.582908 0.381197
v 0.415552 0.545967 0.444867
v 0.360779 0.583987 0.387476
v 0.343985 0.558105 0.377577
v 0.383486 0.561229 0.453582
v 0.355518 0.544848 0.440619
v 0.29737 0.5792 0.336433
v 0.139916 0.44534 0.186706
v 0.0420028 0.186152 0.0487509
v 0.0409972 0.124793 0.0192831
v 0.0187883 0.0837423 -0.0216124
v 0.0591829 0.129721 -0.0188436
vt 0.318654 0.246597
vt 0.315085 0.272827
vt 0.347829 0.241691
vt 0.377004 0.236786
vt 0.347027 0.267552
vt 0.378846 0.262277
vt 0.346677 0.294283
vt 0.380609 0.289509
vt 0.311516 0.299057
vt 0.347376 0.323257
vt 0.382245 0.320489
vt 0.348574 0.358594
vt 0.312377 0.325286
vt 0.313239 0.351516
vt 0.314366 0.404321
vt 0.315493 0.457126
vt 0.350036 0.404947
vt 0.385506 0.404851
vt 0.352432 0.456722
vt 0.387437 0.456493
vt 0.356747 0.509098
vt 0.389735 0.508906
vt 0.361822 0.561211
vt 0.323584 0.509299
vt 0.331674 0.561471
vt 0.339131 0.613959
vt 0.346588 0.666448
vt 0.366723 0.613081
vt 0.39435 0.612193
vt 0.371255 0.665157
vt 0.396097 0.663865
vt 0.375169 0.717873
vt 0.397084 0.71681
vt 0.377767 0.771046
vt 0.353413 0.718937
vt 0.360237 0.771425
vt 0.361997 0.823914
vt 0.363757 0.876403
vt 0.377882 0.824201
vt 0.394125 0.824674
vt 0.374753 0.876161
vt 0.387921 0.877774
vt 0.367348 0.925609
vt 0.377212 0.929188
vt 0.357774 0.973804
vt 0.3577 0.922215
vt 0.351644 0.968027
vt 0.363904 0.97958
vt 0.377209 0.975789
vt 0.390515 0.971998
vt 0.393094 0.926629
vt 0.405981 0.876437
vt 0.4094 0.924201
vt 0.428284 0.876403
vt 0.431893 0.823914
vt 0.435501 0.771425
vt 0.41281 0.824229
vt 0.41623 0.771046
vt 0.396704 0.770666
vt 0.418553 0.717892
vt 0.420193 0.665347
vt 0.440022 0.718937
vt 0.444542 0.666448
vt 0.44815 0.615327
vt 0.451759 0.564205
vt 0.421225 0.613735
vt 0.421826 0.562091
vt 0.392147 0.560863
vt 0.422057 0.509387
vt 0.422033 0.456354
vt 0.454456 0.509893
vt 0.457153 0.455582
vt 0.457964 0.403549
vt 0.458774 0.351516
vt 0.421667 0.404564
vt 0.420893 0.358228
vt 0.383835 0.358291
vt 0.419264 0.322215
vt 0.416263 0.291711
vt 0.456621 0.323418
vt 0.454467 0.29532
vt 0.443134 0.262158
vt 0.431802 0.228996
vt 0.410863 0.262147
vt 0.404403 0.232891
vt 0.60911 0.519845
vt 0.604202 0.557947
vt 0.624326 0.527901
vt 0.587065 0.53083
vt 0.565021 0.541814
vt 0.581002 0.56359
vt 0.575224 0.59763
vt 0.557842 0.568921
vt 0.550663 0.596028
vt 0.542026 0.634369
vt 0.533389 0.672711
vt 0.57002 0.634534
vt 0.566558 0.672736
vt 0.597759 0.634383
vt 0.60019 0.596111
vt 0.596765 0.672739
vt 0.623807 0.63361
vt 0.621485 0.596452
vt 0.649881 0.632579
vt 0.626739 0.671841
vt 0.659593 0.670921
vt 0.627664 0.710242
vt 0.658939 0.709346
vt 0.62713 0.748655
vt 0.596825 0.711138
vt 0.596825 0.711138
vt 0.597446 0.749549
vt 0.597446 0.749549
vt 0.566315 0.711137
vt 0.567895 0.74955
vt 0.53542 0.711136
vt 0.537451 0.749561
vt 0.542693 0.787951
vt 0.547936 0.826341
vt 0.570604 0.78795
vt 0.574616 0.826343
vt 0.598189 0.78795
vt 0.598943 0.826344
vt 0.598943 0.826344
vt 0.625134 0.787055
vt 0.652339 0.786161
vt 0.622104 0.825448
vt 0.646393 0.824551
vt 0.618111 0.863782
vt 0.636386 0.862949
vt 0.614689 0.901617
vt 0.599707 0.864739
vt 0.599707 0.864739
vt 0.600581 0.903133
vt 0.580663 0.864677
vt 0.586654 0.902512
vt 0.561648 0.864739
vt 0.57536 0.903137
vt 0.579593 0.937049
vt 0.583826 0.970961
vt 0.590491 0.939223
vt 0.593336 0.975435
vt 0.601653 0.941522
vt 0.601653 0.941522
vt 0.602845 0.979908
vt 0.613486 0.938328
vt 0.625077 0.935259
vt 0.61331 0.97454
vt 0.623775 0.969171
vt 0.626379 0.901346
vt 0.658284 0.747771
vt 0.640169 0.594238
vt 0.639856 0.565097
vt 0.639542 0.535956
vt 0.622159 0.56165
vt 0.60911 0.519845
vt 0.604202 0.557947
vt 0.624326 0.527901
vt 0.587065 0.53083
vt 0.565021 0.541814
vt 0.581002 0.56359
vt 0.575224 0.59763
vt 0.557842 0.568921
vt 0.550663 0.596028
vt 0.542026 0.634369
vt 0.533389 0.672711
vt 0.57002 0.634534
vt 0.566558 0.672736
vt 0.597759 0.634383
vt 0.60019 0.596111
vt 0.596765 0.672739
vt 0.623807 0.63361
vt 0.621485 0.596452
vt 0.649881 0.632579
vt 0.626739 0.671841
vt 0.659593 0.670921
vt 0.627664 0.710242
vt 0.658939 0.709346
vt 0.62713 0.748655
vt 0.596825 0.711138
vt 0.596825 0.711138
vt 0.597446 0.749549
vt 0.597446 0.749549
vt 0.566315 0.711137
vt 0.567895 0.74955
vt 0.53542 0.711136
vt 0.537451 0.749561
vt 0.542693 0.787951
vt 0.547936 0.826341
vt 0.570604 0.78795
vt 0.574616 0.826343
vt 0.598189 0.78795
vt 0.598943 0.826344
vt 0.598943 0.826344
vt 0.625134 0.787055
vt 0.652339 0.786161
vt 0.622104 0.825448
vt 0.646393 0.824551
vt 0.618111 0.863782
vt 0.636386 0.862949
vt 0.614689 0.901617
vt 0.599707 0.864739
vt 0.599707 0.864739
vt 0.600581 0.903133
vt 0.580663 0.864677
vt 0.586654 0.902512
vt 0.561648 0.864739
vt 0.57536 0.903137
vt 0.579593 0.937049
vt 0.583826 0.970961
vt 0.590491 0.939223
vt 0.593336 0.975435
vt 0.601653 0.941522
vt 0.601653 0.941522
vt 0.602845 0.979908
vt 0.613486 0.938328
vt 0.625077 0.935259
vt 0.61331 0.97454
vt 0.623775 0.969171
vt 0.626379 0.901346
vt 0.658284 0.747771
vt 0.640169 0.594238
vt 0.639856 0.565097
vt 0.639542 0.535956
vt 0.622159 0.56165
vt 0.579162 0.0289105
vt 0.574164 0.0677131
vt 0.594658 0.0371143
vt 0.556712 0.040097
vt 0.534262 0.0512835
vt 0.550537 0.07346
vt 0.544653 0.108126
vt 0.526951 0.078889
vt 0.51964 0.106495
vt 0.510844 0.145541
vt 0.502048 0.184587
vt 0.539353 0.145708
vt 0.535828 0.184614
vt 0.567602 0.145555
vt 0.570078 0.106579
vt 0.570078 0.106579
vt 0.56659 0.184616
vt 0.594129 0.144768
vt 0.591764 0.106927
vt 0.620683 0.143718
vt 0.597115 0.183702
vt 0.630573 0.182765
vt 0.598058 0.222809
vt 0.629907 0.221896
vt 0.597514 0.261929
vt 0.566651 0.223721
vt 0.567284 0.262839
vt 0.53558 0.223721
vt 0.537189 0.26284
vt 0.504117 0.223719
vt 0.506185 0.262851
vt 0.511524 0.301947
vt 0.516863 0.341043
vt 0.539947 0.301946
vt 0.544034 0.341046
vt 0.56804 0.301946
vt 0.56804 0.301946
vt 0.568809 0.341046
vt 0.595481 0.301035
vt 0.623186 0.300124
vt 0.592395 0.340134
vt 0.617131 0.33922
vt 0.588328 0.379172
vt 0.60694 0.378324
vt 0.584844 0.417703
vt 0.569586 0.380147
vt 0.569586 0.380147
vt 0.570476 0.419247
vt 0.550192 0.380084
vt 0.556293 0.418615
vt 0.530827 0.380147
vt 0.544791 0.419251
vt 0.549102 0.453787
vt 0.553413 0.488323
vt 0.560201 0.456001
vt 0.563097 0.492879
vt 0.571568 0.458342
vt 0.572781 0.497435
vt 0.583618 0.45509
vt 0.595422 0.451964
vt 0.583439 0.491967
vt 0.594096 0.4865
vt 0.596748 0.417428
vt 0.629241 0.261028
vt 0.610792 0.104672
vt 0.610473 0.0749948
vt 0.610154 0.045318
vt 0.592452 0.0714841
vt 0.579162 0.0289105
vt 0.574164 0.0677131
vt 0.594658 0.0371143
vt 0.556712 0.040097
vt 0.534262 0.0512835
vt 0.550537 0.07346
vt 0.544653 0.108126
vt 0.526951 0.078889
vt 0.51964 0.106495
vt 0.510844 0.145541
vt 0.502048 0.184587
vt 0.539353 0.145708
vt 0.535828 0.184614
vt 0.567602 0.145555
vt 0.570078 0.106579
vt 0.570078 0.106579
vt 0.56659 0.184616
vt 0.594129 0.144768
vt 0.591764 0.106927
vt 0.620683 0.143718
vt 0.597115 0.183702
vt 0.630573 0.182765
vt 0.598058 0.222809
vt 0.629907 0.221896
vt 0.597514 0.261929
vt 0.566651 0.223721
vt 0.567284 0.262839
vt 0.53558 0.223721
vt 0.537189 0.26284
vt 0.504117 0.223719
vt 0.506185 0.262851
vt 0.511524 0.301947
vt 0.516863 0.341043
vt 0.539947 0.301946
vt 0.544034 0.341046
vt 0.56804 0.301946
vt 0.56804 0.301946
vt 0.568809 0.341046
vt 0.595481 0.301035
vt 0.623186 0.300124
vt 0.592395 0.340134
vt 0.617131 0.33922
vt 0.588328 0.379172
vt 0.60694 0.378324
vt 0.584844 0.417703
vt 0.569586 0.380147
vt 0.569586 0.380147
vt 0.570476 0.419247
vt 0.550192 0.380084
vt 0.556293 0.418615
vt 0.530827 0.380147
vt 0.544791 0.419251
vt 0.549102 0.453787
vt 0.553413 0.488323
vt 0.560201 0.456001
vt 0.563097 0.492879
vt 0.571568 0.458342
vt 0.572781 0.497435
vt 0.583618 0.45509
vt 0.595422 0.451964
vt 0.583439 0.491967
vt 0.594096 0.4865
vt 0.596748 0.417428
vt 0.629241 0.261028
vt 0.610792 0.104672
vt 0.610473 0.0749948
vt 0.610154 0.045318
vt 0.592452 0.0714841
vt 0.797613 0.101312
vt 0.787969 0.14066
vt 0.787969 0.14066
vt 0.809645 0.113344
vt 0.778471 0.111703
vt 0.759329 0.122095
vt 0.768143 0.145993
vt 0.75834 0.181669
vt 0.74836 0.151011
vt 0.73739 0.179926
vt 0.724878 0.220211
vt 0.712365 0.260496
vt 0.749605 0.220397
vt 0.743498 0.260558
vt 0.774038 0.220261
vt 0.779718 0.180252
vt 0.771271 0.260563
vt 0.801979 0.22042
vt 0.803095 0.181896
vt 0.829885 0.220211
vt 0.802458 0.260558
vt 0.83378 0.260496
vt 0.804229 0.300987
vt 0.837192 0.300982
vt 0.806705 0.341446
vt 0.771311 0.300987
vt 0.773128 0.341444
vt 0.773128 0.341444
vt 0.741842 0.300987
vt 0.742776 0.341446
vt 0.711948 0.300982
vt 0.711531 0.341468
vt 0.714329 0.381882
vt 0.717127 0.422296
vt 0.745029 0.381882
vt 0.747869 0.422316
vt 0.77558 0.381881
vt 0.778009 0.422318
vt 0.778009 0.422318
vt 0.80917 0.381882
vt 0.842854 0.381882
vt 0.81125 0.422316
vt 0.845105 0.422296
vt 0.812571 0.462774
vt 0.845145 0.462777
vt 0.813583 0.50321
vt 0.780105 0.462773
vt 0.782453 0.503206
vt 0.751073 0.462774
vt 0.754213 0.50321
vt 0.72209 0.462777
vt 0.727052 0.503258
vt 0.728128 0.543582
vt 0.729204 0.583906
vt 0.7569 0.543582
vt 0.760027 0.583951
vt 0.785589 0.543582
vt 0.785589 0.543582
vt 0.788931 0.583955
vt 0.814519 0.543582
vt 0.843527 0.543582
vt 0.815243 0.583951
vt 0.841869 0.583906
vt 0.815312 0.624378
vt 0.839082 0.624376
vt 0.814325 0.664818
vt 0.791594 0.624378
vt 0.791594 0.624378
vt 0.792571 0.664815
vt 0.76444 0.624378
vt 0.768415 0.664818
vt 0.737184 0.624376
vt 0.745164 0.664845
vt 0.749885 0.705224
vt 0.754606 0.745603
vt 0.770455 0.705218
vt 0.771098 0.745572
vt 0.791148 0.705216
vt 0.791148 0.705216
vt 0.787907 0.745569
vt 0.787907 0.745569
vt 0.811857 0.705217
vt 0.832728 0.705224
vt 0.80784 0.745572
vt 0.829159 0.745603
vt 0.80222 0.785172
vt 0.8206 0.785879
vt 0.796883 0.819962
vt 0.783822 0.785031
vt 0.780148 0.819399
vt 0.770911 0.785172
vt 0.770172 0.819962
vt 0.758188 0.785879
vt 0.76177 0.826155
vt 0.759683 0.846164
vt 0.757597 0.866172
vt 0.768823 0.845283
vt 0.768264 0.864552
vt 0.777967 0.845168
vt 0.777404 0.864965
vt 0.777404 0.864965
vt 0.793597 0.845284
vt 0.809163 0.846164
vt 0.791373 0.864565
vt 0.806285 0.866172
vt 0.789078 0.880582
vt 0.800012 0.878956
vt 0.786782 0.895343
vt 0.778239 0.882408
vt 0.779825 0.898945
vt 0.7697 0.880532
vt 0.772123 0.895246
vt 0.761009 0.87886
vt 0.764421 0.891548
vt 0.793739 0.891741
vt 0.81204 0.826155
vt 0.836296 0.664845
vt 0.845186 0.503258
vt 0.840603 0.341468
vt 0.82599 0.179926
vt 0.823834 0.152651
vt 0.821677 0.125376
vt 0.805926 0.146836
vt 0.797613 0.101312
vt 0.787969 0.14066
vt 0.787969 0.14066
vt 0.809645 0.113344
vt 0.778471 0.111703
vt 0.759329 0.122095
vt 0.768143 0.145993
vt 0.75834 0.181669
vt 0.74836 0.151011
vt 0.73739 0.179926
vt 0.724878 0.220211
vt 0.712365 0.260496
vt 0.749605 0.220397
vt 0.743498 0.260558
vt 0.774038 0.220261
vt 0.779718 0.180252
vt 0.771271 0.260563
vt 0.801979 0.22042
vt 0.803095 0.181896
vt 0.829885 0.220211
vt 0.802458 0.260558
vt 0.83378 0.260496
vt 0.804229 0.300987
vt 0.837192 0.300982
vt 0.806705 0.341446
vt 0.771311 0.300987
vt 0.773128 0.341444
vt 0.773128 0.341444
vt 0.741842 0.300987
vt 0.742776 0.341446
vt 0.711948 0.300982
vt 0.711531 0.341468
vt 0.714329 0.381882
vt 0.717127 0.422296
vt 0.745029 0.381882
vt 0.747869 0.422316
vt 0.77558 0.381881
vt 0.778009 0.422318
vt 0.778009 0.422318
vt 0.80917 0.381882
vt 0.842854 0.381882
vt 0.81125 0.422316
vt 0.845105 0.422296
vt 0.812571 0.462774
vt 0.845145 0.462777
vt 0.813583 0.50321
vt 0.780105 0.462773
vt 0.782453 0.503206
vt 0.751073 0.462774
vt 0.754213 0.50321
vt 0.72209 0.462777
vt 0.727052 0.503258
vt 0.728128 0.543582
vt 0.729204 0.583906
vt 0.7569 0.543582
vt 0.760027 0.583951
vt 0.785589 0.543582
vt 0.785589 0.543582
vt 0.788931 0.583955
vt 0.814519 0.543582
vt 0.843527 0.543582
vt 0.815243 0.583951
vt 0.841869 0.583906
vt 0.815312 0.624378
vt 0.839082 0.624376
vt 0.814325 0.664818
vt 0.791594 0.624378
vt 0.791594 0.624378
vt 0.792571 0.664815
vt 0.76444 0.624378
vt 0.768415 0.664818
vt 0.737184 0.624376
vt 0.745164 0.664845
vt 0.749885 0.705224
vt 0.754606 0.745603
vt 0.770455 0.705218
vt 0.771098 0.745572
vt 0.791148 0.705216
vt 0.791148 0.705216
vt 0.787907 0.745569
vt 0.787907 0.745569
vt 0.811857 0.705217
vt 0.832728 0.705224
vt 0.80784 0.745572
vt 0.829159 0.745603
vt 0.80222 0.785172
vt 0.8206 0.785879
vt 0.796883 0.819962
vt 0.783822 0.785031
vt 0.780148 0.819399
vt 0.770911 0.785172
vt 0.770172 0.819962
vt 0.758188 0.785879
vt 0.76177 0.826155
vt 0.759683 0.846164
vt 0.757597 0.866172
vt 0.768823 0.845283
vt 0.768264 0.864552
vt 0.777967 0.845168
vt 0.777404 0.864965
vt 0.777404 0.864965
vt 0.793597 0.845284
vt 0.809163 0.846164
vt 0.791373 0.864565
vt 0.806285 0.866172
vt 0.789078 0.880582
vt 0.800012 0.878956
vt 0.786782 0.895343
vt 0.778239 0.882408
vt 0.779825 0.898945
vt 0.7697 0.880532
vt 0.772123 0.895246
vt 0.761009 0.87886
vt 0.764421 0.891548
vt 0.793739 0.891741
vt 0.81204 0.826155
vt 0.836296 0.664845
vt 0.845186 0.503258
vt 0.840603 0.341468
vt 0.82599 0.179926
vt 0.823834 0.152651
vt 0.821677 0.125376
vt 0.805926 0.146836
vt 0.318654 0.246597
vt 0.315085 0.272827
vt 0.347829 0.241691
vt 0.377004 0.236786
vt 0.347027 0.267552
vt 0.378846 0.262277
vt 0.346677 0.294283
vt 0.380609 0.289509
vt 0.311516 0.299057
vt 0.347376 0.323257
vt 0.382245 0.320489
vt 0.348574 0.358594
vt 0.312377 0.325286
vt 0.313239 0.351516
vt 0.314366 0.404321
vt 0.315493 0.457126
vt 0.350036 0.404947
vt 0.385506 0.404851
vt 0.352432 0.456722
vt 0.387437 0.456493
vt 0.356747 0.509098
vt 0.389735 0.508906
vt 0.361822 0.561211
vt 0.323584 0.509299
vt 0.331674 0.561471
vt 0.339131 0.613959
vt 0.346588 0.666448
vt 0.366723 0.613081
vt 0.39435 0.612193
vt 0.371255 0.665157
vt 0.396097 0.663865
vt 0.375169 0.717873
vt 0.397084 0.71681
vt 0.377767 0.771046
vt 0.353413 0.718937
vt 0.360237 0.771425
vt 0.361997 0.823914
vt 0.363757 0.876403
vt 0.377882 0.824201
vt 0.394125 0.824674
vt 0.374753 0.876161
vt 0.387921 0.877774
vt 0.367348 0.925609
vt 0.377212 0.929188
vt 0.357774 0.973804
vt 0.3577 0.922215
vt 0.351644 0.968027
vt 0.363904 0.97958
vt 0.377209 0.975789
vt 0.390515 0.971998
vt 0.393094 0.926629
vt 0.405981 0.876437
vt 0.4094 0.924201
vt 0.428284 0.876403
vt 0.431893 0.823914
vt 0.435501 0.771425
vt 0.41281 0.824229
vt 0.41623 0.771046
vt 0.396704 0.770666
vt 0.418553 0.717892
vt 0.420193 0.665347
vt 0.440022 0.718937
vt 0.444542 0.666448
vt 0.44815 0.615327
vt 0.451759 0.564205
vt 0.421225 0.613735
vt 0.421826 0.562091
vt 0.392147 0.560863
vt 0.422057 0.509387
vt 0.422033 0.456354
vt 0.454456 0.509893
vt 0.457153 0.455582
vt 0.457964 0.403549
vt 0.458774 0.351516
vt 0.421667 0.404564
vt 0.420893 0.358228
vt 0.383835 0.358291
vt 0.419264 0.322215
vt 0.416263 0.291711
vt 0.456621 0.323418
vt 0.454467 0.29532
vt 0.443134 0.262158
vt 0.431802 0.228996
vt 0.410863 0.262147
vt 0.404403 0.232891
vt 0.318654 0.246597
vt 0.315085 0.272827
vt 0.347829 0.241691
vt 0.377004 0.236786
vt 0.347027 0.267552
vt 0.378846 0.262277
vt 0.346677 0.294283
vt 0.380609 0.289509
vt 0.311516 0.299057
vt 0.347376 0.323257
vt 0.382245 0.320489
vt 0.348574 0.358594
vt 0.312377 0.325286
vt 0.313239 0.351516
vt 0.314366 0.404321
vt 0.315493 0.457126
vt 0.350036 0.404947
vt 0.385506 0.404851
vt 0.352432 0.456722
vt 0.387437 0.456493
vt 0.356747 0.509098
vt 0.389735 0.508906
vt 0.361822 0.561211
vt 0.323584 0.509299
vt 0.331674 0.561471
vt 0.339131 0.613959
vt 0.346588 0.666448
vt 0.366723 0.613081
vt 0.39435 0.612193
vt 0.371255 0.665157
vt 0.396097 0.663865
vt 0.375169 0.717873
vt 0.397084 0.71681
vt 0.377767 0.771046
vt 0.353413 0.718937
vt 0.360237 0.771425
vt 0.361997 0.823914
vt 0.363757 0.876403
vt 0.377882 0.824201
vt 0.394125 0.824674
vt 0.374753 0.876161
vt 0.387921 0.877774
vt 0.367348 0.925609
vt 0.377212 0.929188
vt 0.357774 0.973804
vt 0.3577 0.922215
vt 0.351644 0.968027
vt 0.363904 0.97958
vt 0.377209 0.975789
vt 0.390515 0.971998
vt 0.393094 0.926629
vt 0.405981 0.876437
vt 0.4094 0.924201
vt 0.428284 0.876403
vt 0.431893 0.823914
vt 0.435501 0.771425
vt 0.41281 0.824229
vt 0.41623 0.771046
vt 0.396704 0.770666
vt 0.418553 0.717892
vt 0.420193 0.665347
vt 0.440022 0.718937
vt 0.444542 0.666448
vt 0.44815 0.615327
vt 0.451759 0.564205
vt 0.421225 0.613735
vt 0.421826 0.562091
vt 0.392147 0.560863
vt 0.422057 0.509387
vt 0.422033 0.456354
vt 0.454456 0.509893
vt 0.457153 0.455582
vt 0.457964 0.403549
vt 0.458774 0.351516
vt 0.421667 0.404564
vt 0.420893 0.358228
vt 0.383835 0.358291
vt 0.419264 0.322215
vt 0.416263 0.291711
vt 0.456621 0.323418
vt 0.454467 0.29532
vt 0.443134 0.262158
vt 0.431802 0.228996
vt 0.410863 0.262147
vt 0.404403 0.232891
vt 0.318654 0.246597
vt 0.315085 0.272827
vt 0.347829 0.241691
vt 0.377004 0.236786
vt 0.347027 0.267552
vt 0.378846 0.262277
vt 0.346677 0.294283
vt 0.380609 0.289509
vt 0.311516 0.299057
vt 0.347376 0.323257
vt 0.382245 0.320489
vt 0.348574 0.358594
vt 0.312377 0.325286
vt 0.313239 0.351516
vt 0.314366 0.404321
vt 0.315493 0.457126
vt 0.350036 0.404947
vt 0.385506 0.404851
vt 0.352432 0.456722
vt 0.387437 0.456493
vt 0.356747 0.509098
vt 0.389735 0.508906
vt 0.361822 0.561211
vt 0.323584 0.509299
vt 0.331674 0.561471
vt 0.339131 0.613959
vt 0.346588 0.666448
vt 0.366723 0.613081
vt 0.39435 0.612193
vt 0.371255 0.665157
vt 0.396097 0.663865
vt 0.375169 0.717873
vt 0.397084 0.71681
vt 0.377767 0.771046
vt 0.353413 0.718937
vt 0.360237 0.771425
vt 0.361997 0.823914
vt 0.363757 0.876403
vt 0.377882 0.824201
vt 0.394125 0.824674
vt 0.374753 0.876161
vt 0.387921 0.877774
vt 0.367348 0.925609
vt 0.377212 0.929188
vt 0.357774 0.973804
vt 0.3577 0.922215
vt 0.351644 0.968027
vt 0.363904 0.97958
vt 0.377209 0.975789
vt 0.390515 0.971998
vt 0.393094 0.926629
vt 0.405981 0.876437
vt 0.4094 0.924201
vt 0.428284 0.876403
vt 0.431893 0.823914
vt 0.435501 0.771425
vt 0.41281 0.824229
vt 0.41623 0.771046
vt 0.396704 0.770666
vt 0.418553 0.717892
vt 0.420193 0.665347
vt 0.440022 0.718937
vt 0.444542 0.666448
vt 0.44815 0.615327
vt 0.451759 0.564205
vt 0.421225 0.613735
vt 0.421826 0.562091
vt 0.392147 0.560863
vt 0.422057 0.509387
vt 0.422033 0.456354
vt 0.454456 0.509893
vt 0.457153 0.455582
vt 0.457964 0.403549
vt 0.458774 0.351516
vt 0.421667 0.404564
vt 0.420893 0.358228
vt 0.383835 0.358291
vt 0.419264 0.322215
vt 0.416263 0.291711
vt 0.456621 0.323418
vt 0.454467 0.29532
vt 0.443134 0.262158
vt 0.431802 0.228996
vt 0.410863 0.262147
vt 0.404403 0.232891
vt 0.169632 0.0430865
vt 0.164885 0.0901917
vt 0.189321 0.0676977
vt 0.132206 0.0702846
vt 0.0947803 0.0974827
vt 0.126143 0.104167
vt 0.120836 0.141114
vt 0.0872714 0.117382
vt 0.0797625 0.137282
vt 0.0768778 0.184558
vt 0.0739931 0.231833
vt 0.11732 0.184937
vt 0.116127 0.231796
vt 0.157449 0.18456
vt 0.160624 0.137341
vt 0.156419 0.231793
vt 0.189225 0.184643
vt 0.189739 0.141636
vt 0.221081 0.184011
vt 0.18946 0.23052
vt 0.222025 0.227458
vt 0.191573 0.278205
vt 0.224681 0.277346
vt 0.195374 0.326209
vt 0.158304 0.278979
vt 0.158304 0.278979
vt 0.16227 0.326116
vt 0.16227 0.326116
vt 0.118183 0.27898
vt 0.122559 0.326118
vt 0.0777428 0.278987
vt 0.0814924 0.32614
vt 0.0901235 0.37322
vt 0.0987545 0.420301
vt 0.128731 0.373223
vt 0.135679 0.420344
vt 0.167133 0.373223
vt 0.167133 0.373223
vt 0.171906 0.420348
vt 0.171906 0.420348
vt 0.200558 0.373458
vt 0.234099 0.373767
vt 0.205232 0.42042
vt 0.240861 0.420301
vt 0.207407 0.467539
vt 0.239334 0.467522
vt 0.207778 0.514784
vt 0.175773 0.467534
vt 0.175773 0.467534
vt 0.17838 0.514788
vt 0.142772 0.467532
vt 0.148724 0.514784
vt 0.109898 0.467522
vt 0.12104 0.514744
vt 0.125086 0.562098
vt 0.129131 0.609452
vt 0.152269 0.562101
vt 0.154669 0.609442
vt 0.17962 0.562102
vt 0.179917 0.609442
vt 0.179917 0.609442
vt 0.20678 0.562101
vt 0.234013 0.562098
vt 0.205014 0.609442
vt 0.230219 0.609452
vt 0.202935 0.656774
vt 0.22604 0.656775
vt 0.200952 0.704096
vt 0.179835 0.656774
vt 0.179988 0.704096
vt 0.157059 0.656774
vt 0.159823 0.704096
vt 0.134219 0.656775
vt 0.139307 0.704099
vt 0.14566 0.751413
vt 0.152013 0.798728
vt 0.163157 0.751327
vt 0.166211 0.797873
vt 0.180632 0.75141
vt 0.180632 0.75141
vt 0.180544 0.798701
vt 0.199201 0.751357
vt 0.217883 0.751413
vt 0.196632 0.798176
vt 0.213906 0.798728
vt 0.192066 0.844007
vt 0.205659 0.842164
vt 0.186445 0.889398
vt 0.178591 0.845958
vt 0.178591 0.845958
vt 0.175476 0.893196
vt 0.168229 0.842888
vt 0.169612 0.887219
vt 0.157881 0.839985
vt 0.163749 0.881243
vt 0.197413 0.885599
vt 0.221861 0.704099
vt 0.237807 0.514744
vt 0.227336 0.327234
vt 0.220137 0.140564
vt 0.214574 0.116436
vt 0.20901 0.0923089
vt 0.189665 0.103582
vt 0.169632 0.0430865
vt 0.164885 0.0901917
vt 0.189321 0.0676977
vt 0.132206 0.0702846
vt 0.0947803 0.0974827
vt 0.126143 0.104167
vt 0.120836 0.141114
vt 0.0872714 0.117382
vt 0.0797625 0.137282
vt 0.0768778 0.184558
vt 0.0739931 0.231833
vt 0.11732 0.184937
vt 0.116127 0.231796
vt 0.157449 0.18456
vt 0.160624 0.137341
vt 0.156419 0.231793
vt 0.189225 0.184643
vt 0.189739 0.141636
vt 0.221081 0.184011
vt 0.18946 0.23052
vt 0.222025 0.227458
vt 0.191573 0.278205
vt 0.224681 0.277346
vt 0.195374 0.326209
vt 0.158304 0.278979
vt 0.158304 0.278979
vt 0.16227 0.326116
vt 0.16227 0.326116
vt 0.118183 0.27898
vt 0.122559 0.326118
vt 0.0777428 0.278987
vt 0.0814924 0.32614
vt 0.0901235 0.37322
vt 0.0987545 0.420301
vt 0.128731 0.373223
vt 0.135679 0.420344
vt 0.167133 0.373223
vt 0.167133 0.373223
vt 0.171906 0.420348
vt 0.171906 0.420348
vt 0.200558 0.373458
vt 0.234099 0.373767
vt 0.205232 0.42042
vt 0.240861 0.420301
vt 0.207407 0.467539
vt 0.239334 0.467522
vt 0.207778 0.514784
vt 0.175773 0.467534
vt 0.175773 0.467534
vt 0.17838 0.514788
vt 0.142772 0.467532
vt 0.148724 0.514784
vt 0.109898 0.467522
vt 0.12104 0.514744
vt 0.125086 0.562098
vt 0.129131 0.609452
vt 0.152269 0.562101
vt 0.154669 0.609442
vt 0.17962 0.562102
vt 0.179917 0.609442
vt 0.179917 0.609442
vt 0.20678 0.562101
vt 0.234013 0.562098
vt 0.205014 0.609442
vt 0.230219 0.609452
vt 0.202935 0.656774
vt 0.22604 0.656775
vt 0.200952 0.704096
vt 0.179835 0.656774
vt 0.179988 0.704096
vt 0.157059 0.656774
vt 0.159823 0.704096
vt 0.134219 0.656775
vt 0.139307 0.704099
vt 0.14566 0.751413
vt 0.152013 0.798728
vt 0.163157 0.751327
vt 0.166211 0.797873
vt 0.180632 0.75141
vt 0.180632 0.75141
vt 0.180544 0.798701
vt 0.199201 0.751357
vt 0.217883 0.751413
vt 0.196632 0.798176
vt 0.213906 0.798728
vt 0.192066 0.844007
vt 0.205659 0.842164
vt 0.186445 0.889398
vt 0.178591 0.845958
vt 0.178591 0.845958
vt 0.175476 0.893196
vt 0.168229 0.842888
vt 0.169612 0.887219
vt 0.157881 0.839985
vt 0.163749 0.881243
vt 0.197413 0.885599
vt 0.221861 0.704099
vt 0.237807 0.514744
vt 0.227336 0.327234
vt 0.220137 0.140564
vt 0.214574 0.116436
vt 0.20901 0.0923089
vt 0.189665 0.103582
vt 0.318654 0.246597
vt 0.315085 0.272827
vt 0.347829 0.241691
vt 0.377004 0.236786
vt 0.347027 0.267552
vt 0.378846 0.262277
vt 0.346677 0.294283
vt 0.380609 0.289509
vt 0.311516 0.299057
vt 0.347376 0.323257
vt 0.382245 0.320489
vt 0.348574 0.358594
vt 0.312377 0.325286
vt 0.313239 0.351516
vt 0.314366 0.404321
vt 0.315493 0.457126
vt 0.350036 0.404947
vt 0.385506 0.404851
vt 0.352432 0.456722
vt 0.387437 0.456493
vt 0.356747 0.509098
vt 0.389735 0.508906
vt 0.361822 0.561211
vt 0.323584 0.509299
vt 0.331674 0.561471
vt 0.339131 0.613959
vt 0.346588 0.666448
vt 0.366723 0.613081
vt 0.39435 0.612193
vt 0.371255 0.665157
vt 0.396097 0.663865
vt 0.375169 0.717873
vt 0.397084 0.71681
vt 0.377767 0.771046
vt 0.353413 0.718937
vt 0.360237 0.771425
vt 0.361997 0.823914
vt 0.363757 0.876403
vt 0.377882 0.824201
vt 0.394125 0.824674
vt 0.374753 0.876161
vt 0.387921 0.877774
vt 0.367348 0.925609
vt 0.377212 0.929188
vt 0.357774 0.973804
vt 0.3577 0.922215
vt 0.351644 0.968027
vt 0.363904 0.97958
vt 0.377209 0.975789
vt 0.390515 0.971998
vt 0.393094 0.926629
vt 0.405981 0.876437
vt 0.4094 0.924201
vt 0.428284 0.876403
vt 0.431893 0.823914
vt 0.435501 0.771425
vt 0.41281 0.824229
vt 0.41623 0.771046
vt 0.396704 0.770666
vt 0.418553 0.717892
vt 0.420193 0.665347
vt 0.440022 0.718937
vt 0.444542 0.666448
vt 0.44815 0.615327
vt 0.451759 0.564205
vt 0.421225 0.613735
vt 0.421826 0.562091
vt 0.392147 0.560863
vt 0.422057 0.509387
vt 0.422033 0.456354
vt 0.454456 0.509893
vt 0.457153 0.455582
vt 0.457964 0.403549
vt 0.458774 0.351516
vt 0.421667 0.404564
vt 0.420893 0.358228
vt 0.383835 0.358291
vt 0.419264 0.322215
vt 0.416263 0.291711
vt 0.456621 0.323418
vt 0.454467 0.29532
vt 0.443134 0.262158
vt 0.431802 0.228996
vt 0.410863 0.262147
vt 0.404403 0.232891
vt 0.579162 0.0289105
vt 0.574164 0.0677131
vt 0.594658 0.0371143
vt 0.556712 0.040097
vt 0.534262 0.0512835
vt 0.550537 0.07346
vt 0.544653 0.108126
vt 0.526951 0.078889
vt 0.51964 0.106495
vt 0.510844 0.145541
vt 0.502048 0.184587
vt 0.539353 0.145708
vt 0.535828 0.184614
vt 0.567602 0.145555
vt 0.570078 0.106579
vt 0.570078 0.106579
vt 0.56659 0.184616
vt 0.594129 0.144768
vt 0.591764 0.106927
vt 0.620683 0.143718
vt 0.597115 0.183702
vt 0.630573 0.182765
vt 0.598058 0.222809
vt 0.629907 0.221896
vt 0.597514 0.261929
vt 0.566651 0.223721
vt 0.567284 0.262839
vt 0.53558 0.223721
vt 0.537189 0.26284
vt 0.504117 0.223719
vt 0.506185 0.262851
vt 0.511524 0.301947
vt 0.516863 0.341043
vt 0.539947 0.301946
vt 0.544034 0.341046
vt 0.56804 0.301946
vt 0.56804 0.301946
vt 0.568809 0.341046
vt 0.595481 0.301035
vt 0.623186 0.300124
vt 0.592395 0.340134
vt 0.617131 0.33922
vt 0.588328 0.379172
vt 0.60694 0.378324
vt 0.584844 0.417703
vt 0.569586 0.380147
vt 0.569586 0.380147
vt 0.570476 0.419247
vt 0.550192 0.380084
vt 0.556293 0.418615
vt 0.530827 0.380147
vt 0.544791 0.419251
vt 0.549102 0.453787
vt 0.553413 0.488323
vt 0.560201 0.456001
vt 0.563097 0.492879
vt 0.571568 0.458342
vt 0.572781 0.497435
vt 0.583618 0.45509
vt 0.595422 0.451964
vt 0.583439 0.491967
vt 0.594096 0.4865
vt 0.596748 0.417428
vt 0.629241 0.261028
vt 0.610792 0.104672
vt 0.610473 0.0749948
vt 0.610154 0.045318
vt 0.592452 0.0714841
vt 0.579162 0.0289105
vt 0.574164 0.0677131
vt 0.594658 0.0371143
vt 0.556712 0.040097
vt 0.534262 0.0512835
vt 0.550537 0.07346
vt 0.544653 0.108126
vt 0.526951 0.078889
vt 0.51964 0.106495
vt 0.510844 0.145541
vt 0.502048 0.184587
vt 0.539353 0.145708
vt 0.535828 0.184614
vt 0.567602 0.145555
vt 0.570078 0.106579
vt 0.570078 0.106579
vt 0.56659 0.184616
vt 0.594129 0.144768
vt 0.591764 0.106927
vt 0.620683 0.143718
vt 0.597115 0.183702
vt 0.630573 0.182765
vt 0.598058 0.222809
vt 0.629907 0.221896
vt 0.597514 0.261929
vt 0.566651 0.223721
vt 0.567284 0.262839
vt 0.53558 0.223721
vt 0.537189 0.26284
vt 0.504117 0.223719
vt 0.506185 0.262851
vt 0.511524 0.301947
vt 0.516863 0.341043
vt 0.539947 0.301946
vt 0.544034 0.341046
vt 0.56804 0.301946
vt 0.56804 0.301946
vt 0.568809 0.341046
vt 0.595481 0.301035
vt 0.623186 0.300124
vt 0.592395 0.340134
vt 0.617131 0.33922
vt 0.588328 0.379172
vt 0.60694 0.378324
vt 0.584844 0.417703
vt 0.569586 0.380147
vt 0.569586 0.380147
vt 0.570476 0.419247
vt 0.550192 0.380084
vt 0.556293 0.418615
vt 0.530827 0.380147
vt 0.544791 0.419251
vt 0.549102 0.453787
vt 0.553413 0.488323
vt 0.560201 0.456001
vt 0.563097 0.492879
vt 0.571568 0.458342
vt 0.572781 0.497435
vt 0.583618 0.45509
vt 0.595422 0.451964
vt 0.583439 0.491967
vt 0.594096 0.4865
vt 0.596748 0.417428
vt 0.629241 0.261028
vt 0.610792 0.104672
vt 0.610473 0.0749948
vt 0.610154 0.045318
vt 0.592452 0.0714841
vt 0.318654 0.246597
vt 0.315085 0.272827
vt 0.347829 0.241691
vt 0.377004 0.236786
vt 0.347027 0.267552
vt 0.378846 0.262277
vt 0.346677 0.294283
vt 0.380609 0.289509
vt 0.311516 0.299057
vt 0.347376 0.323257
vt 0.382245 0.320489
vt 0.348574 0.358594
vt 0.312377 0.325286
vt 0.313239 0.351516
vt 0.314366 0.404321
vt 0.315493 0.457126
vt 0.350036 0.404947
vt 0.385506 0.404851
vt 0.352432 0.456722
vt 0.387437 0.456493
vt 0.356747 0.509098
vt 0.389735 0.508906
vt 0.361822 0.561211
vt 0.323584 0.509299
vt 0.331674 0.561471
vt 0.339131 0.613959
vt 0.346588 0.666448
vt 0.366723 0.613081
vt 0.39435 0.612193
vt 0.371255 0.665157
vt 0.396097 0.663865
vt 0.375169 0.717873
vt 0.397084 0.71681
vt 0.377767 0.771046
vt 0.353413 0.718937
vt 0.360237 0.771425
vt 0.435999 0.765648
vt 0.416485 0.765195
vt 0.396704 0.770666
vt 0.418553 0.717892
vt 0.420193 0.665347
vt 0.440022 0.718937
vt 0.444542 0.666448
vt 0.44815 0.615327
vt 0.451759 0.564205
vt 0.421225 0.613735
vt 0.421826 0.562091
vt 0.392147 0.560863
vt 0.422057 0.509387
vt 0.422033 0.456354
vt 0.454456 0.509893
vt 0.457153 0.455582
vt 0.457964 0.403549
vt 0.458774 0.351516
vt 0.421667 0.404564
vt 0.420893 0.358228
vt 0.383835 0.358291
vt 0.419264 0.322215
vt 0.416263 0.291711
vt 0.456621 0.323418
vt 0.454467 0.29532
vt 0.443134 0.262158
vt 0.431802 0.228996
vt 0.410863 0.262147
vt 0.404403 0.232891
vt 0.318654 0.246597
vt 0.315085 0.272827
vt 0.347829 0.241691
vt 0.377004 0.236786
vt 0.347027 0.267552
vt 0.378846 0.262277
vt 0.346677 0.294283
vt 0.380609 0.289509
vt 0.311516 0.299057
vt 0.347376 0.323257
vt 0.382245 0.320489
vt 0.348574 0.358594
vt 0.312377 0.325286
vt 0.313239 0.351516
vt 0.314366 0.404321
vt 0.315493 0.457126
vt 0.350036 0.404947
vt 0.385506 0.404851
vt 0.352432 0.456722
vt 0.387437 0.456493
vt 0.356747 0.509098
vt 0.389735 0.508906
vt 0.361822 0.561211
vt 0.323584 0.509299
vt 0.331674 0.561471
vt 0.339131 0.613959
vt 0.346588 0.666448
vt 0.366723 0.613081
vt 0.39435 0.612193
vt 0.371255 0.665157
vt 0.396097 0.663865
vt 0.375169 0.717873
vt 0.397084 0.71681
vt 0.377767 0.771046
vt 0.353413 0.718937
vt 0.360237 0.771425
vt 0.435999 0.765648
vt 0.416485 0.765195
vt 0.396704 0.770666
vt 0.418553 0.717892
vt 0.420193 0.665347
vt 0.440022 0.718937
vt 0.444542 0.666448
vt 0.44815 0.615327
vt 0.451759 0.564205
vt 0.421225 0.613735
vt 0.421826 0.562091
vt 0.392147 0.560863
vt 0.422057 0.509387
vt 0.422033 0.456354
vt 0.454456 0.509893
vt 0.457153 0.455582
vt 0.457964 0.403549
vt 0.458774 0.351516
vt 0.421667 0.404564
vt 0.420893 0.358228
vt 0.383835 0.358291
vt 0.419264 0.322215
vt 0.416263 0.291711
vt 0.456621 0.323418
vt 0.454467 0.29532
vt 0.443134 0.262158
vt 0.431802 0.228996
vt 0.410863 0.262147
vt 0.404403 0.232891
vt 0.60911 0.519845
vt 0.604202 0.557947
vt 0.624326 0.527901
vt 0.587065 0.53083
vt 0.565021 0.541814
vt 0.581002 0.56359
vt 0.575224 0.59763
vt 0.557842 0.568921
vt 0.550663 0.596028
vt 0.542026 0.634369
vt 0.533389 0.672711
vt 0.57002 0.634534
vt 0.566558 0.672736
vt 0.597759 0.634383
vt 0.60019 0.596111
vt 0.596765 0.672739
vt 0.623807 0.63361
vt 0.621485 0.596452
vt 0.649881 0.632579
vt 0.626739 0.671841
vt 0.659593 0.670921
vt 0.627664 0.710242
vt 0.658939 0.709346
vt 0.62713 0.748655
vt 0.596825 0.711138
vt 0.596825 0.711138
vt 0.597446 0.749549
vt 0.597446 0.749549
vt 0.566315 0.711137
vt 0.567895 0.74955
vt 0.53542 0.711136
vt 0.537451 0.749561
vt 0.542693 0.787951
vt 0.547936 0.826341
vt 0.570604 0.78795
vt 0.574616 0.826343
vt 0.598189 0.78795
vt 0.598943 0.826344
vt 0.598943 0.826344
vt 0.625134 0.787055
vt 0.652339 0.786161
vt 0.622104 0.825448
vt 0.646393 0.824551
vt 0.618111 0.863782
vt 0.636386 0.862949
vt 0.614689 0.901617
vt 0.599707 0.864739
vt 0.599707 0.864739
vt 0.600581 0.903133
vt 0.580663 0.864677
vt 0.586654 0.902512
vt 0.561648 0.864739
vt 0.57536 0.903137
vt 0.579593 0.937049
vt 0.583826 0.970961
vt 0.590491 0.939223
vt 0.593336 0.975435
vt 0.601653 0.941522
vt 0.601653 0.941522
vt 0.602845 0.979908
vt 0.613486 0.938328
vt 0.625077 0.935259
vt 0.61331 0.97454
vt 0.623775 0.969171
vt 0.626379 0.901346
vt 0.658284 0.747771
vt 0.640169 0.594238
vt 0.639856 0.565097
vt 0.639542 0.535956
vt 0.622159 0.56165
vt 0.169632 0.0430865
vt 0.164885 0.0901917
vt 0.189321 0.0676977
vt 0.132206 0.0702846
vt 0.0947803 0.0974827
vt 0.126143 0.104167
vt 0.120836 0.141114
vt 0.0872714 0.117382
vt 0.0797625 0.137282
vt 0.0768778 0.184558
vt 0.0739931 0.231833
vt 0.11732 0.184937
vt 0.116127 0.231796
vt 0.157449 0.18456
vt 0.160624 0.137341
vt 0.156419 0.231793
vt 0.189225 0.184643
vt 0.189739 0.141636
vt 0.221081 0.184011
vt 0.18946 0.23052
vt 0.222025 0.227458
vt 0.191573 0.278205
vt 0.224681 0.277346
vt 0.195374 0.326209
vt 0.158304 0.278979
vt 0.158304 0.278979
vt 0.16227 0.326116
vt 0.16227 0.326116
vt 0.118183 0.27898
vt 0.122559 0.326118
vt 0.0777428 0.278987
vt 0.0814924 0.32614
vt 0.0901235 0.37322
vt 0.0987545 0.420301
vt 0.128731 0.373223
vt 0.135679 0.420344
vt 0.167133 0.373223
vt 0.167133 0.373223
vt 0.171906 0.420348
vt 0.171906 0.420348
vt 0.200558 0.373458
vt 0.234099 0.373767
vt 0.205232 0.42042
vt 0.240861 0.420301
vt 0.207407 0.467539
vt 0.239334 0.467522
vt 0.207778 0.514784
vt 0.175773 0.467534
vt 0.175773 0.467534
vt 0.17838 0.514788
vt 0.142772 0.467532
vt 0.148724 0.514784
vt 0.109898 0.467522
vt 0.12104 0.514744
vt 0.125086 0.562098
vt 0.129131 0.609452
vt 0.152269 0.562101
vt 0.154669 0.609442
vt 0.17962 0.562102
vt 0.179917 0.609442
vt 0.179917 0.609442
vt 0.20678 0.562101
vt 0.234013 0.562098
vt 0.205014 0.609442
vt 0.230219 0.609452
vt 0.202935 0.656774
vt 0.22604 0.656775
vt 0.200952 0.704096
vt 0.179835 0.656774
vt 0.179988 0.704096
vt 0.157059 0.656774
vt 0.159823 0.704096
vt 0.134219 0.656775
vt 0.139307 0.704099
vt 0.14566 0.751413
vt 0.152013 0.798728
vt 0.163157 0.751327
vt 0.166211 0.797873
vt 0.180632 0.75141
vt 0.180632 0.75141
vt 0.180544 0.798701
vt 0.199201 0.751357
vt 0.217883 0.751413
vt 0.196632 0.798176
vt 0.213906 0.798728
vt 0.192066 0.844007
vt 0.205659 0.842164
vt 0.186445 0.889398
vt 0.178591 0.845958
vt 0.178591 0.845958
vt 0.175476 0.893196
vt 0.168229 0.842888
vt 0.169612 0.887219
vt 0.157881 0.839985
vt 0.163749 0.881243
vt 0.197413 0.885599
vt 0.221861 0.704099
vt 0.237807 0.514744
vt 0.227336 0.327234
vt 0.220137 0.140564
vt 0.214574 0.116436
vt 0.20901 0.0923089
vt 0.189665 0.103582
vt 0.579162 0.0289105
vt 0.574164 0.0677131
vt 0.594658 0.0371143
vt 0.556712 0.040097
vt 0.534262 0.0512835
vt 0.550537 0.07346
vt 0.544653 0.108126
vt 0.526951 0.078889
vt 0.51964 0.106495
vt 0.510844 0.145541
vt 0.502048 0.184587
vt 0.539353 0.145708
vt 0.535828 0.184614
vt 0.567602 0.145555
vt 0.570078 0.106579
vt 0.570078 0.106579
vt 0.56659 0.184616
vt 0.594129 0.144768
vt 0.591764 0.106927
vt 0.620683 0.143718
vt 0.597115 0.183702
vt 0.630573 0.182765
vt 0.598058 0.222809
vt 0.629907 0.221896
vt 0.597514 0.261929
vt 0.566651 0.223721
vt 0.567284 0.262839
vt 0.53558 0.223721
vt 0.537189 0.26284
vt 0.504117 0.223719
vt 0.506185 0.262851
vt 0.511524 0.301947
vt 0.516863 0.341043
vt 0.539947 0.301946
vt 0.544034 0.341046
vt 0.56804 0.301946
vt 0.56804 0.301946
vt 0.568809 0.341046
vt 0.595481 0.301035
vt 0.623186 0.300124
vt 0.592395 0.340134
vt 0.617131 0.33922
vt 0.588328 0.379172
vt 0.60694 0.378324
vt 0.584844 0.417703
vt 0.569586 0.380147
vt 0.569586 0.380147
vt 0.570476 0.419247
vt 0.550192 0.380084
vt 0.556293 0.418615
vt 0.530827 0.380147
vt 0.544791 0.419251
vt 0.549102 0.453787
vt 0.553413 0.488323
vt 0.560201 0.456001
vt 0.563097 0.492879
vt 0.571568 0.458342
vt 0.572781 0.497435
vt 0.583618 0.45509
vt 0.595422 0.451964
vt 0.583439 0.491967
vt 0.594096 0.4865
vt 0.596748 0.417428
vt 0.629241 0.261028
vt 0.610792 0.104672
vt 0.610473 0.0749948
vt 0.610154 0.045318
vt 0.592452 0.0714841
vn 0.33607 0.920682 -0.198309
vn 0.324686 0.945555 -0.0219428
vn 0.29133 0.909482 -0.296548
vn 0.264382 0.959929 -0.0926847
vn 0.262123 0.933226 -0.245705
vn 0.269692 0.947844 -0.169683
vn 0.263802 0.953154 -0.147893
vn 0.301401 0.923978 -0.235389
vn 0.390637 0.902615 0.180609
vn 0.402844 0.898007 -0.176763
vn 0.389294 0.889737 -0.238289
vn 0.502426 0.821039 -0.270913
vn 0.578509 0.812342 0.0732749
vn 0.665609 0.742882 -0.0710776
vn 0.598163 0.782769 -0.171484
vn 0.565416 0.791131 -0.233131
vn 0.502335 0.820795 -0.271828
vn 0.538408 0.797235 -0.272958
vn 0.528367 0.79986 -0.284616
vn 0.609119 0.756859 -0.236763
vn 0.523484 0.82345 -0.218726
vn 0.519456 0.838313 -0.165471
vn 0.359447 0.908689 -0.212226
vn 0.620502 0.776299 -0.110996
vn 0.563707 0.818537 -0.110294
vn 0.272408 0.951506 -0.142735
vn -0.0478225 0.998474 -0.0267342
vn 0.0394299 0.976745 -0.210639
vn -0.0297555 0.997925 -0.0567339
vn -0.277688 0.948882 -0.149937
vn -0.330393 0.941832 -0.0614032
vn -0.454421 0.889553 -0.0461135
vn -0.451613 0.889279 -0.0721458
vn -0.481185 0.860714 0.166112
vn -0.24723 0.96173 0.118076
vn -0.243782 0.875759 0.416639
vn 0.00210578 0.645863 0.763421
vn 0.0935392 0.414899 0.905026
vn -0.375439 0.784783 0.493057
vn -0.316996 0.873226 0.370037
vn -0.410413 0.59032 0.694998
vn -0.432295 0.611499 0.662679
vn -0.721122 0.340068 0.603534
vn -0.626728 0.267708 0.731773
vn -0.917295 0.162236 0.363598
vn -0.398328 0.281442 0.872951
vn -0.713828 0.02884 0.699698
vn -0.767388 0.151494 0.623005
vn -0.448958 0.0199286 0.893307
vn -0.935942 0.128544 0.327769
vn -0.58037 0.240883 0.777886
vn -0.444929 0.622486 0.643818
vn -0.898648 0.338664 0.278695
vn -0.8081 0.562761 0.173956
vn -0.610706 0.781426 -0.127873
vn -0.485336 0.86932 -0.0930815
vn -0.317637 0.902707 0.29017
vn -0.283975 0.957396 0.0518509
vn -0.400403 0.914274 0.0612812
vn -0.294351 0.950926 0.0950957
vn -0.214454 0.968352 0.127598
vn -0.337016 0.93643 0.097293
vn -0.263985 0.957671 0.114658
vn -0.208197 0.967193 0.14536
vn 0.154729 0.986908 0.0453505
vn -0.0424207 0.985626 0.163488
vn 0.276131 0.95822 0.0744346
vn 0.283883 0.954833 -0.0876186
vn 0.517136 0.850642 -0.0946989
vn 0.63628 0.741417 -0.213019
vn 0.410382 0.895047 -0.174383
vn 0.546037 0.784845 -0.292886
vn 0.592761 0.726341 -0.34785
vn 0.417005 0.810755 -0.410749
vn 0.627247 0.731193 -0.268105
vn 0.505753 0.819819 -0.268441
vn 0.468612 0.839198 -0.275887
vn 0.424238 0.869747 -0.252022
vn 0.36024 0.900571 -0.243202
vn 0.289773 0.861019 -0.41792
vn 0.266274 0.865963 -0.423292
vn 0.0864589 0.944243 -0.317606
vn -0.0838343 0.982696 -0.164983
vn 0.190832 0.974242 -0.119877
vn 0.083224 0.99649 -0.00863674
vn -0.194372 0.975066 0.106784
vn -0.0515458 0.992401 0.111515
vn -0.11655 0.992828 -0.0265206
vn 0.00982696 0.959441 0.281686
vn -0.240089 0.902219 0.358226
vn 0.0121158 0.979461 0.201147
vn -0.00491348 0.996368 0.0849635
vn -0.307413 0.940489 0.144688
vn -0.355113 0.927671 0.115207
vn -0.18424 0.907682 0.376995
vn -0.040376 0.971831 0.232124
vn 0.0281381 0.971129 0.236763
vn 0.100284 0.965972 0.23835
vn 0.0532243 0.989807 0.131962
vn 0.0694906 0.991943 0.105899
vn 0.0422681 0.967834 0.247963
vn -0.0824 0.990234 0.112339
vn -0.0638142 0.980956 0.183416
vn -0.00292978 0.99704 0.0766015
vn 0.00723289 0.959716 0.280862
vn 0.144902 0.946745 0.287454
vn 0.0250557 0.880551 0.47322
vn 0.249733 0.879788 0.404431
vn 0.0599078 0.881741 0.467879
vn -0.0291452 0.911893 0.409375
vn -0.0291452 0.911893 0.409375
vn -0.0152593 0.827326 0.56148
vn -0.0152593 0.827326 0.56148
vn 0.134831 0.954222 0.266884
vn 0.190802 0.85342 0.485
vn 0.0933561 0.951964 0.291574
vn 0.142094 0.852809 0.502487
vn -0.0396435 0.846339 0.531114
vn -0.341411 0.903134 0.260292
vn 0.127049 0.852596 0.506882
vn -0.109165 0.981109 0.159673
vn 0.0522782 0.829035 0.556688
vn -0.0708335 0.98233 0.173193
vn -0.0708335 0.98233 0.173193
vn 0.0426649 0.824671 0.563982
vn 0.313425 0.840236 0.442366
vn -0.201361 0.956145 0.212622
vn 0.0294504 0.967009 0.252937
vn -0.300455 0.868709 -0.393689
vn -0.131138 0.885922 -0.444868
vn -0.253029 0.638966 -0.726402
vn -0.183721 0.915006 -0.359081
vn -0.183721 0.915006 -0.359081
vn -0.157262 0.67861 -0.71746
vn -0.224738 0.905484 -0.359935
vn -0.153996 0.632496 -0.759087
vn -0.491928 0.820917 -0.289987
vn -0.521622 0.525101 -0.672414
vn -0.507553 0.308054 -0.804651
vn -0.506943 0.56737 -0.648885
vn -0.0888394 0.559923 -0.823756
vn 0.0304575 0.685141 -0.727744
vn -0.172857 0.562578 -0.808435
vn -0.172857 0.562578 -0.808435
vn -0.21427 0.581927 -0.784478
vn -0.223365 0.519028 -0.825037
vn 0.217414 0.569506 -0.792688
vn -0.359081 0.495651 -0.790796
vn 0.3343 0.591998 -0.733299
vn 0.0885342 0.713828 -0.694662
vn 0.332713 0.896939 0.291116
vn 0.0526749 0.970336 0.235908
vn 0.305979 0.942778 0.132267
vn 0.42848 0.902127 -0.0503555
vn 0.0190435 0.997925 0.0614338
vn 0.205756 0.973785 0.0968352
vn 0.132969 0.990875 -0.0217902
vn 0.0563372 0.992828 0.105319
vn 0.25135 0.950285 -0.183691
vn 0.48442 0.874477 -0.0244453
vn 0.185034 0.972594 -0.140721
vn 0.0998566 0.993378 -0.0564898
vn 0.339946 0.926695 0.1601
vn 0.372539 0.910276 0.180395
vn 0.497604 0.844997 -0.195776
vn 0.343333 0.886319 -0.310617
vn 0.223701 0.951415 -0.211554
vn 0.214484 0.912473 -0.348369
vn 0.118564 0.984191 -0.131321
vn 0.0718101 0.990295 -0.11887
vn 0.204016 0.946532 -0.249794
vn 0.191839 0.981231 -0.0191046
vn 0.223121 0.971801 -0.0760521
vn 0.115909 0.992004 -0.0496536
vn 0.30372 0.926786 -0.220801
vn 0.278024 0.867977 -0.41142
vn 0.346019 0.875149 -0.338115
vn 0.0724815 0.832179 -0.54973
vn 0.130436 0.901669 -0.412244
vn 0.318308 0.882412 -0.346355
vn 0.318308 0.882412 -0.346355
vn 0.421155 0.76928 -0.480422
vn 0.421155 0.76928 -0.480422
vn 0.259011 0.849818 -0.458998
vn 0.475845 0.587786 -0.654256
vn 0.329783 0.832148 -0.445753
vn 0.542314 0.56679 -0.620167
vn 0.568377 0.551134 -0.610859
vn 0.115085 0.76809 -0.629871
vn 0.476699 0.473617 -0.740532
vn -0.0259407 0.605396 -0.795465
vn 0.334666 0.63274 -0.698264
vn -0.0993072 0.571123 -0.814814
vn -0.0993072 0.571123 -0.814814
vn 0.126133 0.750206 -0.649037
vn 0.0266427 0.587725 -0.808618
vn -0.29075 0.691092 -0.661672
vn -0.250923 0.55092 -0.795923
vn -0.511307 0.589587 -0.625202
vn -0.720603 0.33607 -0.606403
vn -0.552538 0.488784 -0.675069
vn -0.371746 0.501846 -0.780938
vn -0.371746 0.501846 -0.780938
vn -0.461348 0.43025 -0.775872
vn -0.395367 0.588214 -0.705435
vn -0.549364 0.364422 -0.751885
vn -0.446028 0.740471 -0.50267
vn -0.699393 0.537614 -0.470901
vn -0.810633 0.439253 -0.387158
vn -0.48735 0.766442 -0.418348
vn -0.491714 0.396527 -0.77517
vn -0.248207 0.512925 -0.821741
vn -0.513016 0.455428 -0.727561
vn -0.513016 0.455428 -0.727561
vn -0.48442 0.544969 -0.684317
vn -0.593127 0.436232 -0.676626
vn -0.321543 0.169256 -0.931608
vn -0.594012 0.530808 -0.60445
vn -0.161596 0.178716 -0.970519
vn -0.308023 0.298807 -0.903195
vn -0.178686 0.726493 -0.663503
vn 0.201147 0.959807 -0.195563
vn -0.0299387 0.94058 -0.338206
vn -0.256325 0.905332 -0.338542
vn 0.0592364 0.996124 -0.0646687
vn -0.143254 0.953215 -0.266152
vn -0.178686 0.97586 -0.12534
vn -0.0464797 0.987152 -0.152867
vn -0.370586 0.922452 -0.108219
vn -0.386425 0.859401 -0.334727
vn -0.276894 0.958312 -0.0701315
vn -0.127201 0.991028 -0.0406201
vn -0.116703 0.939848 -0.320963
vn -0.0637837 0.93347 -0.352886
vn -0.294931 0.914884 -0.275643
vn -0.26484 0.95761 -0.113285
vn -0.257759 0.964141 -0.0627461
vn -0.311686 0.94998 -0.0184637
vn -0.170415 0.985321 -0.00643941
vn -0.167394 0.985839 0.00766015
vn -0.167394 0.985839 0.00766015
vn -0.315317 0.943785 -0.0990326
vn -0.109867 0.986694 -0.119724
vn -0.203284 0.970183 -0.131809
vn -0.10239 0.994446 -0.0242317
vn -0.351848 0.917905 -0.183264
vn -0.453749 0.887448 -0.0807215
vn -0.543657 0.774407 -0.323527
vn -0.649251 0.752068 -0.113254
vn -0.492141 0.786828 -0.372356
vn -0.419874 0.857448 -0.297372
vn -0.444716 0.781793 -0.437025
vn -0.361095 0.929441 -0.0753197
vn -0.462996 0.858699 -0.219581
vn -0.318735 0.942747 -0.0979949
vn -0.408277 0.885037 -0.223548
vn -0.26896 0.864193 -0.425214
vn -6.1037e-05 0.854152 -0.519974
vn -0.390851 0.858882 -0.330912
vn -0.128574 0.930143 -0.343913
vn -0.397809 0.794458 -0.458876
vn -0.397809 0.794458 -0.458876
vn -0.179418 0.902249 -0.392102
vn -0.448378 0.748009 -0.489303
vn -0.61034 0.757317 -0.232185
vn -0.119388 0.867519 -0.482803
vn -0.26426 0.889676 -0.372265
vn 0.0966216 0.933256 -0.345866
vn 0.0784936 0.980529 -0.179968
vn 0.300333 0.942625 -0.145695
vn 0.00286874 0.957793 -0.287332
vn 0.00286874 0.957793 -0.287332
vn 0.209754 0.970336 -0.12006
vn -0.00537126 0.957884 -0.287088
vn 0.212012 0.973601 -0.0842921
vn 0.176977 0.851222 -0.494003
vn 0.30488 0.841762 -0.445448
vn 0.575823 0.7875 -0.219642
vn 0.412671 0.88641 -0.209601
vn 0.332743 0.930235 0.154607
vn 0.220161 0.928098 0.300241
vn 0.405225 0.912198 0.0603961
vn 0.437452 0.893307 0.103061
vn 0.458419 0.888546 0.0166936
vn 0.242592 0.857509 0.453627
vn 0.499863 0.861751 -0.0864589
vn 0.0951872 0.885952 0.453841
vn 0.12714 0.98233 0.137181
vn -0.589587 0.804987 -0.0660421
vn -0.28956 0.956633 -0.0310373
vn -0.289468 0.930998 0.222327
vn -0.176672 0.905484 0.385784
vn -0.15186 0.987671 -0.037904
vn -0.420423 0.679556 0.601154
vn -0.308939 0.764428 0.565844
vn -0.440168 0.761742 0.475326
vn -0.161962 0.739372 0.653493
vn -0.263833 0.566973 0.780297
vn -0.205969 0.771416 0.602039
vn -0.283029 0.792138 0.540696
vn -0.456099 0.627064 0.631428
vn -0.506546 0.586963 0.63155
vn -0.284585 0.566881 0.773034
vn -0.291269 0.764367 0.575213
vn -0.180944 0.726188 0.663228
vn -0.163488 0.791284 0.589129
vn -0.200507 0.792688 0.575671
vn -0.210883 0.819453 0.532914
vn -0.210883 0.819453 0.532914
vn -0.205847 0.73751 0.643178
vn -0.32139 0.740532 0.590136
vn -0.278909 0.723655 0.631245
vn -0.258644 0.796991 0.545793
vn -0.215278 0.692984 0.688009
vn -0.0933561 0.732078 0.674764
vn -0.202734 0.589099 0.782189
vn -0.0197455 0.696158 0.717582
vn -0.292459 0.601917 0.743065
vn -0.306253 0.633381 0.710624
vn -0.370739 0.536454 0.75811
vn -0.248939 0.81869 0.517411
vn -0.298227 0.726188 0.619404
vn -0.307382 0.818476 0.485366
vn -0.35786 0.730796 0.581225
vn -0.546861 0.548723 0.632282
vn -0.703482 0.353282 0.616657
vn -0.409009 0.635548 0.654775
vn -0.587237 0.555712 0.588458
vn -0.414655 0.507797 0.755089
vn -0.414655 0.507797 0.755089
vn -0.543565 0.517991 0.660451
vn -0.351451 0.486343 0.799951
vn -0.14481 0.681814 0.717002
vn -0.591266 0.421369 0.687613
vn -0.481124 0.549028 0.683401
vn -0.652058 0.457137 0.604816
vn -0.639973 0.592212 0.489578
vn -0.705008 0.501022 0.501907
vn -0.584948 0.535539 0.609088
vn -0.584948 0.535539 0.609088
vn -0.643147 0.558428 0.523911
vn -0.580645 0.548723 0.601398
vn -0.646352 0.591998 0.481368
vn -0.734092 0.281686 0.617817
vn -0.708945 0.246162 0.660878
vn -0.8258 0.266518 0.496933
vn -0.609607 0.41435 0.675741
vn -0.633625 0.686575 0.356487
vn -0.4691 0.826838 0.310221
vn -0.693472 0.580889 0.42613
vn -0.670827 0.598895 0.4373
vn -0.733238 0.540605 0.412427
vn -0.539109 0.838069 0.0836207
vn -0.707938 0.463576 0.532792
vn -0.379833 0.909604 0.168218
vn -0.561388 0.750542 0.348552
vn -0.0864589 0.78988 0.607105
vn -0.143803 0.754631 0.640156
vn -0.00500504 0.903287 0.428999
vn 0.00476089 0.978942 0.204047
vn -0.288827 0.814417 0.50325
vn -0.270943 0.962523 -0.00961333
vn -0.179022 0.981445 0.068392
vn -0.179022 0.981445 0.068392
vn -0.189795 0.980712 -0.0463576
vn -0.214026 0.941496 0.260292
vn -0.594653 0.802484 0.0486465
vn -0.193915 0.968566 0.155614
vn -0.214057 0.967895 0.131626
vn -0.460616 0.873531 -0.157231
vn -0.602252 0.797998 0.0219123
vn -0.556169 0.716544 0.420942
vn -0.335215 0.759667 0.557207
vn -0.34608 0.848018 0.401288
vn -0.257759 0.782861 0.566271
vn -0.255379 0.924314 0.283547
vn -0.135685 0.975738 0.171728
vn -0.35023 0.823878 0.44557
vn -0.232765 0.94406 0.233558
vn -0.260628 0.942595 0.208716
vn 0.00589007 0.94702 0.321085
vn -0.328074 0.795679 0.50914
vn -0.0922269 0.721732 0.685995
vn -0.448531 0.710624 0.542009
vn -0.265023 0.689169 0.674367
vn -0.370251 0.80987 0.454939
vn -0.397107 0.74218 0.539842
vn -0.349315 0.724265 0.59447
vn -0.349315 0.724265 0.59447
vn -0.263192 0.758263 0.596423
vn -0.335276 0.654622 0.677511
vn -0.34257 0.785058 0.516037
vn -0.481368 0.657247 0.579882
vn -0.433851 0.609302 0.663686
vn -0.363353 0.764763 0.53206
vn -0.279916 0.626026 0.727775
vn -0.230415 0.719138 0.655507
vn -0.278848 0.689413 0.668508
vn -0.198248 0.702322 0.683676
vn -0.198248 0.702322 0.683676
vn -0.327128 0.753777 0.569872
vn -0.228797 0.761498 0.606372
vn -0.219214 0.781243 0.584429
vn -0.122623 0.804651 0.580889
vn -0.151158 0.730918 0.665487
vn -0.00689718 0.716422 0.697592
vn -0.112156 0.711997 0.693136
vn -0.16657 0.697134 0.697287
vn -0.154118 0.736686 0.658376
vn -0.272744 0.741844 0.612568
vn -0.225867 0.747337 0.624805
vn -0.458815 0.779748 0.425916
vn -0.432997 0.759423 0.485519
vn -0.246071 0.871883 0.423353
vn -0.116459 0.979492 0.164251
vn -0.116337 0.823969 0.554521
vn -0.0322886 0.923978 0.380993
vn -0.107608 0.810633 0.575549
vn -0.107608 0.810633 0.575549
vn -0.0825831 0.868343 0.488998
vn -0.0837123 0.788629 0.609119
vn 0.102634 0.650319 0.752647
vn -0.196997 0.821833 0.534532
vn -0.117924 0.673452 0.729728
vn -0.326823 0.910581 0.252937
vn -0.358928 0.805322 0.471816
vn -0.32725 0.929991 -0.167333
vn -0.0610981 0.966124 0.250679
vn -0.0610981 0.966124 0.250679
vn -0.0363475 0.990783 -0.130375
vn 0.0762963 0.986511 0.144719
vn 0.221717 0.969237 -0.106723
vn 0.0233772 0.993866 -0.107913
vn 0.221686 0.928251 -0.298593
vn 0.366375 0.795801 -0.482131
vn 0.0614948 0.66802 -0.741569
vn 0.299264 0.858669 -0.416028
vn 0.0716575 0.782159 -0.618915
vn -0.0342112 0.85522 -0.517106
vn -0.0342112 0.85522 -0.517106
vn -0.11063 0.739097 -0.664388
vn -0.11063 0.739097 -0.664388
vn -0.174566 0.857173 -0.484481
vn -0.126011 0.93704 -0.325602
vn -0.0675375 0.782189 -0.619343
vn 0.10474 0.891995 -0.43968
vn -0.0386975 0.737297 -0.674429
vn 0.247902 0.842219 -0.478713
vn -0.0744041 0.648518 -0.75753
vn -0.09064 0.744102 -0.661824
vn 0.0677816 0.671133 -0.738182
vn -0.0686361 0.777001 -0.62569
vn 0.137486 0.63918 -0.756645
vn -0.452986 0.47734 -0.752922
vn -0.420026 0.30253 -0.855556
vn -0.419172 0.214698 -0.882138
vn -0.580126 0.29783 -0.75808
vn 0.210639 0.507187 -0.835688
vn 0.0986053 0.565569 -0.818751
vn 0.130985 0.558 -0.819422
vn 0.1507 0.537767 -0.829493
vn 0.1507 0.537767 -0.829493
vn -0.0281075 0.462935 -0.885922
vn 0.366558 0.551561 -0.74926
vn 0.0166021 0.411328 -0.911313
vn 0.479293 0.391644 -0.785394
vn -0.0751366 0.41023 -0.908841
vn 0.495926 0.449171 -0.743126
vn -0.386944 0.32252 -0.863826
vn 0.113437 0.572619 -0.811914
vn 0.0266732 0.609485 -0.792322
vn 0.20011 0.565447 -0.800104
vn 0.521683 0.581103 -0.624592
vn -0.514237 0.348308 -0.783715
vn -0.403943 0.341716 -0.848537
vn 0.45848 0.370647 -0.807703
vn 0.29075 0.772881 -0.563982
vn -0.378765 0.925413 -0.0109867
vn 0.0999176 0.593432 0.798639
vn -0.221107 0.83813 0.498581
vn -0.122623 0.918912 0.374889
vn 0.0856349 0.859676 0.503555
vn 0.344523 0.820368 0.456343
vn -0.102176 0.976867 0.187811
vn 0.757836 0.464583 0.458052
vn 0.734642 0.560137 0.382794
vn 0.734642 0.560137 0.382794
vn 0.699759 0.508042 0.502152
vn 0.783593 0.578661 0.22599
vn 0.916654 0.170568 0.36137
vn 0.775536 0.550066 0.309732
vn 0.812037 0.491104 0.315195
vn 0.802271 0.224891 0.552934
vn 0.895627 0.116062 0.429365
vn 0.995636 0.0927763 0.00784326
vn 0.933866 0.159703 -0.319895
vn 0.945708 0.32487 -0.00689718
vn 0.909909 0.263894 -0.320017
vn 0.884823 0.456435 0.0934172
vn 0.762658 0.59386 0.256142
vn 0.94818 0.286294 -0.13773
vn 0.855953 0.489151 0.167333
vn 0.84286 0.479965 0.243294
vn 0.727653 0.685476 0.0245064
vn 0.932951 0.327403 -0.149541
vn 0.802057 0.436415 -0.407636
vn 0.934019 0.254891 -0.250221
vn 0.825709 0.393689 -0.403912
vn 0.821925 0.515305 -0.242592
vn 0.923185 0.205115 -0.325022
vn 0.814631 0.307505 -0.491714
vn 0.814631 0.307505 -0.491714
vn 0.853267 0.186651 -0.486862
vn 0.746483 0.109806 -0.65624
vn 0.900204 0.117191 -0.419324
vn 0.840266 -0.011597 -0.542009
vn 0.669668 0.0728782 -0.739036
vn 0.595172 0.398206 -0.697958
vn 0.568743 0.223884 -0.791436
vn 0.437391 0.473891 -0.764244
vn 0.617634 0.431501 -0.657491
vn 0.391369 0.591662 -0.704764
vn 0.391369 0.591662 -0.704764
vn 0.65508 0.614521 -0.439528
vn 0.546739 0.723685 -0.421064
vn 0.419721 0.763787 -0.49028
vn 0.322092 0.850887 -0.41496
vn 0.183752 0.803797 -0.565783
vn 0.0224921 0.84756 -0.530168
vn 0.0573748 0.843013 -0.534806
vn 0.207556 0.703543 -0.679617
vn 0.12598 0.8399 -0.527879
vn 0.342601 0.641194 -0.686636
vn 0.194708 0.820887 -0.536851
vn 0.57857 0.577868 -0.575579
vn 0.443922 0.753105 -0.485519
vn 0.28489 0.953032 -0.102512
vn 0.365246 0.858699 0.359386
vn 0.0985443 0.975127 -0.198401
vn 0.172185 0.970397 0.169225
vn 0.104373 0.959624 -0.261116
vn 0.104373 0.959624 -0.261116
vn 0.201178 0.978607 -0.042909
vn 0.0474563 0.941099 -0.334727
vn -0.196173 0.884335 -0.423597
vn 0.209265 0.953307 -0.217689
vn 0.00689718 0.936644 -0.350169
vn 0.506302 0.847957 -0.156865
vn 0.351207 0.892819 -0.28193
vn 0.771599 0.607074 -0.189856
vn 0.437941 0.89285 0.104648
vn 0.437941 0.89285 0.104648
vn 0.718558 0.691305 0.0756554
vn 0.369762 0.851924 0.370769
vn 0.59331 0.713889 0.371868
vn 0.557421 0.655141 0.509934
vn 0.709922 0.53914 0.453047
vn 0.816797 0.426771 0.388165
vn 0.994446 0.0922575 0.0502945
vn 0.804346 0.520157 0.287057
vn 0.955535 0.294778 -0.00192267
vn 0.902219 0.427168 -0.0590533
vn 0.902219 0.427168 -0.0590533
vn 0.93878 0.233528 -0.253273
vn 0.93878 0.233528 -0.253273
vn 0.873592 0.43144 -0.225043
vn 0.78634 0.588763 -0.187048
vn 0.888913 0.328288 -0.319376
vn 0.79989 0.566057 -0.199286
vn 0.841884 0.116581 -0.526902
vn 0.801508 0.476852 -0.360729
vn 0.629963 -0.374462 -0.680349
vn 0.946989 0.0397656 -0.318735
vn 0.877132 -0.469497 -0.100742
vn 0.988739 0.0170904 -0.148473
vn 0.89169 -0.440657 0.103305
vn 0.80874 -0.515305 -0.283486
vn 0.583728 -0.794244 0.168493
vn 0.0449843 -0.874599 0.482711
vn -0.655965 -0.753075 0.0505692
vn 0.596088 -0.711692 0.371654
vn 0.0538652 -0.998321 -0.0207831
vn 0.485702 -0.873287 0.037843
vn 0.0330515 -0.943937 -0.32841
vn 0.0330515 -0.943937 -0.32841
vn 0.262062 -0.876125 -0.404553
vn 0.571856 -0.505966 -0.64568
vn -0.162084 -0.936491 -0.310953
vn 0.352855 -0.822108 -0.44676
vn -0.414106 -0.814264 -0.406751
vn 0.169927 -0.780236 -0.601917
vn -0.675405 -0.700827 -0.229347
vn -0.259255 -0.7069 -0.65804
vn -0.419568 -0.603565 -0.677969
vn -0.218665 -0.727165 -0.650685
vn 0.101749 -0.540239 -0.835322
vn -0.760247 -0.616504 -0.204749
vn -0.683279 -0.68804 -0.244301
vn 0.109622 -0.799829 -0.590075
vn 0.749565 0.157659 -0.642842
vn 0.682089 0.685842 -0.253639
vn -0.194037 0.797449 -0.571306
vn 0.697348 0.668142 -0.259346
vn 0.795282 0.6039 0.0529496
vn 0.628651 0.774834 -0.0660421
vn 0.35786 0.933439 -0.0241096
vn 0.723624 0.625721 0.291147
vn 0.362682 0.924039 0.120762
vn 0.224677 0.949156 0.220496
vn 0.413404 0.910184 0.0253304
vn 0.247871 0.960082 0.12949
vn 0.364788 0.930174 0.0407422
vn 0.31547 0.944731 0.089053
vn 0.296518 0.948576 0.110721
vn 0.394604 0.915159 0.0820032
vn 0.0950652 0.915769 0.39021
vn 0.382427 0.894864 0.230049
vn 0.445418 0.878597 0.172094
vn 0.491195 0.817743 0.299997
vn 0.241523 0.83343 0.496994
vn 0.355296 0.777032 0.519547
vn 0.368145 0.813715 0.449782
vn 0.310343 0.832423 0.459029
vn 0.455489 0.82284 0.339763
vn 0.503586 0.773644 0.384503
vn 0.392956 0.814356 0.427045
vn 0.4232 0.724876 0.543504
vn 0.219794 0.817408 0.532456
vn 0.247719 0.771752 0.58565
vn 0.108646 0.850307 0.514908
vn 0.0816981 0.767632 0.635639
vn 0.0378124 0.716941 0.696097
vn 0.0303964 0.784387 0.619495
vn -0.115543 0.849483 0.514756
vn 0.0232551 0.90878 0.416578
vn -0.0578631 0.895749 0.440748
vn -0.103336 0.956816 0.271615
vn -0.172948 0.944273 0.280007
vn -0.249489 0.954924 0.160802
vn -0.259926 0.952055 0.161138
vn -0.450148 0.885647 0.113895
vn -0.250221 0.864986 0.434919
vn -0.449324 0.770775 0.451613
vn -0.50441 0.575488 0.643696
vn -0.45912 0.619037 0.637165
vn -0.626484 0.758843 0.177892
vn -0.582202 0.787988 0.200262
vn -0.67333 0.734947 0.0803247
vn -0.694266 0.708518 0.126316
vn -0.591083 0.774071 -0.226691
vn -0.580126 0.814478 -0.00750755
vn -0.549821 0.740165 -0.387036
vn -0.488052 0.856227 0.169164
vn -0.604816 0.795099 -0.044496
vn -0.453688 0.8764 -0.161351
vn -0.404523 0.879757 0.249702
vn -0.606311 0.647908 -0.460982
vn -0.636219 0.771355 0.0138859
vn -0.770898 0.636708 0.0160222
vn -0.69573 0.497085 -0.518448
vn -0.746117 0.456679 -0.484481
vn -0.572466 0.72103 -0.390362
vn -0.449355 0.888913 -0.0886258
vn -0.612842 0.784967 0.0905789
vn -0.41615 0.886685 0.201392
vn -0.398267 0.903134 0.160253
vn -0.333262 0.868801 0.366161
vn -0.235755 0.85992 0.452681
vn -0.366039 0.867458 0.336863
vn -0.231086 0.883602 0.407208
vn -0.183264 0.903104 0.388318
vn 0.0385449 0.861629 0.506027
vn -0.166723 0.841487 0.51384
vn 0.0240791 0.800256 0.599139
vn 0.0698569 0.841334 0.535936
vn 0.271676 0.747063 0.606677
vn 0.460433 0.66628 0.586535
vn 0.354411 0.785882 0.506699
vn 0.538224 0.681661 0.49556
vn 0.633625 0.629902 0.44911
vn 0.641926 0.742637 0.19068
vn 0.551592 0.671499 0.494766
vn 0.530106 0.784539 0.321635
vn 0.510208 0.819514 0.260781
vn 0.483779 0.848262 0.2154
vn 0.436567 0.887906 0.144932
vn 0.580767 0.813807 0.0190741
vn 0.547807 0.835994 -0.031251
vn 0.31785 0.938292 -0.136052
vn 0.053621 0.980621 -0.18836
vn 0.217597 0.973601 0.0688192
vn 0.0506912 0.997436 0.0502335
vn 0.792962 0.608814 -0.0220954
vn 0.683645 0.718986 0.125034
vn 0.800531 0.585253 -0.128727
vn 0.735435 0.676809 0.0318613
vn 0.737999 0.667714 -0.097293
vn 0.730033 0.682516 -0.0342723
vn 0.617908 0.786126 -0.0127873
vn 0.686728 0.722831 -0.0768456
vn 0.526933 0.785058 0.325571
vn 0.605457 0.794671 0.0430921
vn 0.632771 0.773919 -0.0251473
vn 0.579943 0.813715 0.038789
vn 0.575793 0.740623 0.346263
vn 0.56856 0.765801 0.300394
vn 0.411847 0.889889 0.196112
vn 0.331919 0.932157 0.144475
vn 0.414197 0.908475 0.0552385
vn 0.449202 0.889828 0.0797754
vn 0.337657 0.937864 0.0796533
vn 0.369915 0.911863 0.177923
vn 0.307505 0.946135 0.101108
vn 0.245369 0.957823 0.14951
vn 0.24012 0.968963 -0.0583209
vn 0.331492 0.910337 0.247719
vn 0.362926 0.91818 0.158727
vn 0.181158 0.979766 -0.0847499
vn -0.127873 0.977111 -0.169897
vn 0.0333873 0.960692 -0.275552
vn -0.115421 0.97351 -0.197211
vn -0.215674 0.891354 -0.398663
vn -0.294534 0.879543 -0.373608
vn -0.389477 0.833033 -0.392804
vn -0.345012 0.837367 -0.423963
vn -0.54503 0.814203 -0.199927
vn -0.357952 0.92291 -0.141636
vn -0.544359 0.82638 0.143956
vn -0.606098 0.538743 0.585131
vn -0.635517 0.256325 0.728263
vn -0.71099 0.687643 0.146886
vn -0.591876 0.801599 0.0841701
vn -0.870113 0.435865 0.229896
vn -0.87405 0.452132 0.177679
vn -0.953063 0.284036 -0.104678
vn -0.976714 0.199683 0.0782495
vn -0.898831 0.193884 -0.393017
vn -0.927061 0.208716 0.31138
vn -0.997314 0.0706809 -0.0180059
vn -0.976287 0.19303 -0.0977813
vn -0.942686 0.0652486 0.327189
vn -0.890652 0.160405 -0.425398
vn -0.981994 0.157506 0.104099
vn -0.880795 0.446181 0.158391
vn -0.854518 0.240089 -0.460585
vn -0.783593 0.448592 -0.429762
vn -0.422315 0.766839 -0.483261
vn -0.306803 0.862697 -0.401959
vn -0.531724 0.845882 0.0410779
vn -0.270486 0.949095 -0.16129
vn -0.396344 0.885556 -0.242134
vn -0.309305 0.928831 -0.203803
vn -0.309519 0.937803 -0.157079
vn -0.327067 0.914884 -0.23661
vn -0.334635 0.92111 -0.198859
vn -0.373089 0.918516 -0.130772
vn -0.12363 0.991516 0.0398267
vn -0.255409 0.966582 -0.0207831
vn -0.0346995 0.9906 0.132084
vn 0.0813013 0.996673 0.00366222
vn 0.181799 0.963317 0.197333
vn 0.373669 0.902707 0.213202
vn 0.14069 0.987732 0.0673849
vn 0.34901 0.932615 0.0914945
vn 0.548784 0.833186 0.0678732
vn 0.597278 0.792627 -0.12241
vn 0.523637 0.838679 0.14951
vn 0.581469 0.81225 0.0456557
vn 0.564074 0.825678 0.00546281
vn 0.655934 0.754753 -0.0052797
vn 0.724204 0.688406 -0.0396435
vn 0.634388 0.740379 -0.222175
vn 0.721763 0.647603 -0.244148
vn 0.649678 0.71923 -0.246132
vn 0.511063 0.83639 -0.198035
vn 0.659841 0.751091 -0.0209357
vn 0.5862 0.809809 0.0236213
vn -0.407361 0.873745 0.265633
vn -0.360332 0.930296 0.0685446
vn -0.372692 0.850887 0.37022
vn -0.364116 0.91229 0.187384
vn -0.321268 0.897519 0.301981
vn -0.344768 0.906217 0.244667
vn -0.258644 0.95349 0.154668
vn -0.321146 0.910123 0.261788
vn -0.332469 0.923704 -0.190222
vn -0.325877 0.941252 0.0882901
vn -0.349193 0.918393 0.185949
vn -0.378643 0.923643 0.0590838
vn -0.43553 0.878719 -0.195196
vn -0.458022 0.869167 -0.186346
vn -0.344493 0.912198 -0.221747
vn -0.288614 0.898709 -0.330149
vn -0.3296 0.941221 -0.0737022
vn -0.433912 0.899899 -0.0430311
vn -0.342418 0.902768 -0.260201
vn -0.495743 0.8211 -0.282815
vn -0.289895 0.827021 -0.481613
vn -0.385662 0.795679 -0.467025
vn -0.188025 0.819941 -0.540635
vn -0.211402 0.751885 -0.624439
vn -0.163915 0.69039 -0.704581
vn -0.0752281 0.847255 -0.525773
vn -0.00592059 0.969695 -0.244118
vn -0.102176 0.938139 -0.330821
vn 0.0592364 0.962401 -0.264992
vn -0.0952788 0.995392 0.0103763
vn 0.0722373 0.989441 0.125431
vn -0.122257 0.924986 0.359752
vn -0.0342418 0.904111 0.425916
vn -0.0189825 0.789788 0.613056
vn 0.00302133 0.993439 0.1142
vn 0.177313 0.919614 0.350444
vn 0.473861 0.840388 0.263009
vn 0.576678 0.786645 0.220496
vn 0.241981 0.687429 0.684713
vn 0.18833 0.716697 0.671438
vn 0.393811 0.567461 0.723075
vn 0.390545 0.572069 0.721213
vn 0.410718 0.347392 0.842952
vn 0.52797 0.406537 0.745598
vn 0.357585 0.116764 0.926542
vn 0.577349 0.58919 0.565233
vn 0.652913 0.240547 0.718192
vn 0.506363 0.298807 0.808863
vn 0.786004 0.493057 0.372875
vn 0.323954 0.0896329 0.941801
vn 0.573351 0.470656 0.670583
vn 0.3802 0.509903 0.77163
vn 0.184423 0.0621052 0.980865
vn 0.0942717 0.0748924 0.992706
vn -0.11243 0.29252 0.949614
vn -0.0502029 0.608448 0.791955
vn 0.152837 0.655965 0.739128
vn 0.0747093 0.812555 0.578051
vn -0.00802637 0.80871 0.588122
vn 0.232307 0.909116 0.345683
vn 0.355937 0.932676 0.0581072
vn 0.294656 0.87167 0.391552
vn 0.386639 0.911618 0.139256
vn 0.400342 0.912503 -0.0836512
vn -0.034669 0.897824 -0.438917
vn 0.344432 0.895291 -0.282479
vn -0.0488601 0.817438 -0.573901
vn -0.135319 0.855342 -0.500046
vn -0.467849 0.727165 -0.502274
vn -0.622547 0.734977 -0.268685
vn -0.534074 0.764214 -0.361492
vn -0.650716 0.747826 -0.131413
vn -0.631581 0.773309 0.0552995
vn -0.433699 0.85522 0.283608
vn -0.595874 0.801355 -0.0521256
vn -0.469588 0.876736 0.103916
vn -0.389538 0.913968 0.113559
vn -0.414808 0.888699 0.195196
vn -0.402844 0.877438 0.260353
vn -0.32316 0.862026 0.390393
vn -0.333842 0.827296 0.451735
vn -0.187567 0.897122 0.399915
vn -0.0220344 0.9635 0.266701
vn -0.280679 0.939512 0.196173
vn -0.195502 0.974853 0.106845
vn -0.167882 0.875607 -0.452864
vn -0.224982 0.849727 -0.47676
vn 0.0135197 0.868496 -0.495499
vn -0.367626 0.855068 -0.365551
vn -0.170721 0.896878 -0.407971
vn -0.319529 0.826289 -0.46379
vn -0.387707 0.655538 -0.64803
vn -0.136601 0.740959 -0.65746
vn -0.236427 0.590228 -0.771813
vn -0.415265 0.499313 -0.760399
vn -0.554521 0.517838 -0.651387
vn -0.532395 0.519333 -0.668447
vn -0.644246 0.479995 -0.595416
vn -0.515732 0.621937 -0.589221
vn -0.385876 0.747581 -0.540513
vn -0.601917 0.563189 -0.566088
vn -0.416791 0.722892 -0.551042
vn -0.312815 0.778954 -0.543443
vn -0.512406 0.724052 -0.461684
vn -0.547594 0.647175 -0.53032
vn -0.71569 0.55678 -0.421583
vn -0.66625 0.644887 -0.374401
vn -0.866329 0.411176 -0.283486
vn -0.689718 0.68685 -0.229011
vn -0.667013 0.616657 -0.418043
vn -0.667013 0.616657 -0.418043
vn -0.698965 0.688589 -0.192877
vn -0.698965 0.688589 -0.192877
vn -0.736167 0.502213 -0.453627
vn -0.807245 0.561693 -0.181097
vn -0.641987 0.57387 -0.508408
vn -0.732261 0.646382 -0.214362
vn -0.622852 0.768914 0.144108
vn -0.447798 0.877682 0.170537
vn -0.738731 0.668996 0.0815455
vn -0.652242 0.743248 0.148686
vn -0.691488 0.722312 -0.00830103
vn -0.691488 0.722312 -0.00830103
vn -0.672262 0.729881 0.123814
vn -0.672262 0.729881 0.123814
vn -0.633778 0.77282 -0.0319834
vn -0.734764 0.678091 -0.0159001
vn -0.591784 0.79809 0.113132
vn -0.65688 0.743278 0.12656
vn -0.552019 0.818628 0.1583
vn -0.619922 0.767296 0.163945
vn -0.46437 0.848598 0.253304
vn -0.645863 0.73574 0.203711
vn -0.645863 0.73574 0.203711
vn -0.591906 0.737663 0.324686
vn -0.640645 0.741966 0.197546
vn -0.646535 0.691427 0.322336
vn -0.445082 0.887661 0.117985
vn -0.491623 0.839015 0.233039
vn -0.623951 0.679312 0.386212
vn -0.656209 0.518509 0.548143
vn -0.657338 0.599292 0.456832
vn -0.636769 0.528733 0.561174
vn -0.516861 0.75338 0.406476
vn -0.443587 0.769951 0.458663
vn -0.443587 0.769951 0.458663
vn -0.404248 0.851436 0.334025
vn -0.478317 0.790826 0.381787
vn -0.388806 0.767266 0.509964
vn -0.517167 0.5468 0.658406
vn -0.403882 0.599475 0.69097
vn -0.572924 0.168126 0.802149
vn -0.397992 0.377636 0.836024
vn -0.422468 0.705863 0.568529
vn -0.475387 0.506546 0.719291
vn -0.557176 0.546922 0.624805
vn -0.642933 0.441755 0.625629
vn -0.486496 0.61333 0.622181
vn -0.502853 0.668844 0.547441
vn -0.703269 0.269601 0.657796
vn -0.635914 -0.0496231 0.770135
vn -0.718131 0.0777306 0.691519
vn -0.68395 -0.240761 0.688589
vn -0.530351 0.270638 0.8034
vn -0.530351 0.270638 0.8034
vn -0.519669 0.031312 0.853755
vn -0.461592 0.259774 0.84817
vn -0.606555 -0.153539 0.780053
vn -0.375378 0.12537 0.918332
vn -0.550859 -0.278695 0.786645
vn -0.257363 -0.210059 0.943175
vn -0.355449 -0.704184 0.614612
vn -0.271523 -0.320719 0.907407
vn -0.475784 -0.257912 0.840877
vn -0.475784 -0.257912 0.840877
vn -0.454421 -0.347545 0.820185
vn -0.638173 -0.49263 0.591601
vn -0.605182 -0.658559 0.447218
vn -0.618152 -0.255165 0.743461
vn -0.5244 -0.502609 0.687277
vn -0.397809 -0.881863 0.252968
vn -0.525895 -0.0790735 0.846828
vn -0.527329 0.806482 0.267312
vn -0.850429 0.463851 -0.248085
vn -0.425245 0.776757 -0.464522
vn -0.416852 0.793908 -0.44261
vn -0.394787 0.857204 -0.330638
vn -0.226264 0.838313 -0.495956
vn 0.386853 0.665822 -0.637928
vn 0.358257 0.655416 -0.664876
vn 0.517258 0.689779 -0.506546
vn 0.197668 0.633656 -0.747917
vn 0.33198 0.731529 -0.595508
vn 0.276223 0.644368 -0.713034
vn 0.346049 0.527055 -0.776177
vn 0.532151 0.559862 -0.63509
vn 0.526933 0.467116 -0.709983
vn 0.390667 0.484176 -0.782891
vn 0.259926 0.620045 -0.740196
vn 0.249641 0.508194 -0.824244
vn 0.157567 0.584338 -0.796045
vn 0.237617 0.584765 -0.775597
vn 0.281045 0.622211 -0.730613
vn 0.245155 0.580523 -0.776421
vn 0.29725 0.63802 -0.710288
vn 0.334635 0.65038 -0.681875
vn 0.198675 0.634083 -0.747276
vn 0.299264 0.567766 -0.766839
vn 0.138493 0.517716 -0.844234
vn 0.316568 0.589679 -0.742973
vn 0.0781884 0.454817 -0.887112
vn 0.420881 0.635456 -0.647298
vn 0.284036 0.649403 -0.705374
vn 0.284036 0.649403 -0.705374
vn 0.32255 0.733818 -0.597827
vn 0.32255 0.733818 -0.597827
vn 0.14304 0.659932 -0.737541
vn 0.143559 0.750755 -0.644765
vn 0.232765 0.718223 -0.65569
vn 0.20954 0.799493 -0.562883
vn 0.220985 0.917631 -0.330241
vn 0.388775 0.898984 -0.201544
vn 0.203314 0.846278 -0.492355
vn 0.296335 0.858455 -0.418592
vn 0.337596 0.792016 -0.508621
vn 0.337596 0.792016 -0.508621
vn 0.286782 0.845302 -0.450758
vn 0.286782 0.845302 -0.450758
vn 0.4326 0.769005 -0.470565
vn 0.347118 0.732261 -0.585894
vn 0.340312 0.874294 -0.34608
vn 0.283547 0.866268 -0.411267
vn 0.214606 0.935759 -0.279733
vn 0.156713 0.927213 -0.340068
vn -0.0379955 0.990295 -0.133641
vn 0.167394 0.894986 -0.413434
vn 0.167394 0.894986 -0.413434
vn -0.09653 0.940428 -0.325907
vn 0.228431 0.868587 -0.43968
vn -0.0450148 0.889737 -0.454176
vn 0.410932 0.874386 -0.257912
vn 0.173589 0.928373 -0.328593
vn -0.270058 0.854518 -0.443617
vn -0.680715 0.621296 -0.388043
vn -0.415723 0.803858 -0.425367
vn -0.721732 0.612537 -0.322245
vn -0.374126 0.907041 -0.192999
vn -0.605243 0.794214 -0.053621
vn -0.605243 0.794214 -0.053621
vn -0.323283 0.946196 -0.0118412
vn -0.42082 0.906339 -0.0375988
vn -0.662221 0.743522 0.0926237
vn -0.863277 0.504166 0.023072
vn -0.905301 0.396802 0.151524
vn -0.998047 -0.0570086 -0.0255135
vn -0.983398 0.0044557 0.181249
vn -0.82815 0.558519 0.0462966
vn -0.981353 0.184484 0.0537431
vn -0.883633 0.445784 -0.142918
vn -0.963591 0.209113 -0.166478
vn -0.844661 0.525132 -0.10358
vn -0.889645 0.454939 -0.0387585
vn -0.979553 -0.0465102 -0.195624
vn -0.902524 -0.405438 -0.145024
vn -0.941221 -0.218024 -0.257973
vn -0.807459 -0.510239 -0.29603
vn -0.990875 -0.134373 0.00708029
vn -0.990875 -0.134373 0.00708029
vn -0.928892 -0.370251 -0.00549333
vn -0.981658 -0.161168 0.101627
vn -0.85992 -0.474288 -0.188543
vn -0.931303 -0.32255 0.169134
vn -0.793573 -0.572771 -0.205237
vn -0.784845 -0.597888 0.162694
vn -0.473922 -0.849117 -0.233131
vn -0.785485 -0.605426 0.128086
vn -0.835597 -0.549028 -0.0174871
vn -0.835597 -0.549028 -0.0174871
vn -0.81164 -0.583667 -0.0226753
vn -0.654347 -0.661458 -0.366405
vn -0.505814 -0.732231 -0.455977
vn -0.816645 -0.55034 -0.173772
vn -0.671346 -0.710929 -0.209387
vn -0.221076 -0.837367 -0.499924
vn -0.908902 -0.415509 -0.0348216
vn -0.108127 0.980193 -0.165838
vn 0.256874 0.467513 -0.84582
vn 0.214484 0.652089 -0.727134
vn 0.214454 0.612537 -0.760765
vn 0.164769 0.647084 -0.744377
vn 0.369823 0.653035 -0.660848
vn -0.716575 0.433821 0.546129
vn -0.773492 0.530595 0.346599
vn -0.653218 0.390851 0.648457
vn -0.744987 0.419111 0.518906
vn -0.668966 0.473434 0.572985
vn -0.720054 0.426283 0.547472
vn -0.706381 0.583209 0.401044
vn -0.717673 0.464827 0.518479
vn -0.820856 0.56859 0.0533769
vn -0.771874 0.558855 0.303018
vn -0.764855 0.502792 0.402692
vn -0.79342 0.552416 0.25544
vn -0.87994 0.47441 0.0245979
vn -0.879116 0.476302 0.0158696
vn -0.7734 0.633198 0.0289926
vn -0.672231 0.738426 0.0531327
vn -0.722617 0.67513 0.14832
vn -0.749199 0.645863 0.14658
vn -0.650166 0.75338 0.0982086
vn -0.676778 0.736076 0.0109867
vn -0.536119 0.841731 0.0633869
vn -0.467544 0.883663 0.0227668
vn -0.397809 0.900449 0.175848
vn -0.586261 0.807367 -0.0666524
vn -0.504288 0.86288 -0.0331126
vn -0.325022 0.928068 0.181738
vn -0.0843532 0.955016 0.284249
vn -0.220496 0.897519 0.381817
vn -0.0982391 0.936247 0.337291
vn -0.012299 0.857021 0.515091
vn 0.0642415 0.865719 0.496353
vn 0.236213 0.820765 0.520127
vn 0.213569 0.816706 0.536027
vn 0.588122 0.75045 0.301462
vn 0.181768 0.944151 0.274758
vn 0.535356 0.844081 -0.029603
vn 0.602313 0.581225 -0.547136
vn 0.571917 0.41728 -0.706229
vn 0.837947 0.532579 -0.1189
vn 0.78222 0.621021 -0.0493484
vn 0.921598 0.295846 -0.251228
vn 0.923643 0.287759 -0.253121
vn 0.997742 0.0540788 -0.0391858
vn 0.967864 0.0727866 -0.240669
vn 0.972533 -0.16895 0.160039
vn 0.879482 0.23075 -0.416242
vn 0.965911 -0.0958281 -0.240455
vn 0.992828 -0.0311289 -0.115421
vn 0.85638 0.0780358 -0.510361
vn 0.961608 -0.212836 0.173101
vn 0.954802 0.0609455 -0.290902
vn 0.951567 0.228858 -0.205206
vn 0.954222 -0.146764 0.260567
vn 0.952483 -0.0129398 0.30427
vn 0.759606 0.402936 0.510514
vn 0.462172 0.727287 0.50737
vn 0.791345 0.610675 0.0282907
vn 0.412702 0.864345 0.287271
vn 0.48146 0.808008 0.339518
vn 0.201178 0.922788 0.328532
vn 0.0877712 0.950835 0.296976
vn 0.226478 0.908322 0.351604
vn 0.108982 0.933042 0.342845
vn 0.154149 0.944426 0.290262
vn -0.0220038 0.995086 0.096408
vn 0.0442518 0.983581 0.17481
vn -0.125126 0.992126 0.0028077
vn -0.252815 0.955809 0.149846
vn -0.367901 0.926115 -0.0830714
vn -0.662862 0.74749 -0.0424207
vn -0.270791 0.961974 0.0350047
vn -0.578997 0.813196 0.0587176
vn -0.812769 0.548296 0.196783
vn -0.762566 0.46794 0.446608
vn -0.828761 0.547075 0.117588
vn -0.825922 0.486038 0.285592
vn -0.780053 0.550554 0.297189
vn -0.806482 0.419355 0.416761
vn -0.773186 0.355327 0.525224
vn -0.682089 0.423078 0.596393
vn -0.647572 0.319071 0.691946
vn -0.569781 0.447279 0.689383
vn -0.513169 0.615955 0.597674
vn -0.719077 0.459212 0.521561
vn -0.690664 0.552629 0.466384
vn -0.774926 0.610004 -0.165441
vn -0.814631 0.578295 -0.043733
vn -0.732749 0.679525 -0.0359203
vn -0.918821 0.394086 -0.0204474
vn -0.904019 0.334971 -0.265511
vn -0.875637 0.482253 0.0248421
vn -0.804376 0.593341 0.0296945
vn -0.766869 0.588397 -0.256264
vn -0.786279 0.52852 -0.319987
vn -0.856166 0.461715 -0.23188
vn -0.683401 0.719016 -0.126133
vn -0.852168 0.521378 -0.0438246
vn -0.738639 0.67336 -0.0314646
vn -0.824519 0.565722 -0.00958281
vn -0.836055 0.547105 0.0407727
vn -0.836055 0.547105 0.0407727
vn -0.796716 0.593158 -0.115635
vn -0.826868 0.545427 -0.136845
vn -0.879452 0.471114 -0.067629
vn -0.815668 0.576403 -0.0488296
vn -0.862819 0.455367 -0.219337
vn -0.919553 0.376629 -0.111972
vn -0.818812 0.41792 -0.393475
vn -0.929929 0.318491 -0.183691
vn -0.611103 0.60271 -0.513077
vn -0.674886 0.643544 -0.361034
vn -0.485458 0.681234 -0.547868
vn -0.572863 0.809015 -0.131443
vn -0.4579 0.834773 -0.305643
vn -0.506149 0.849818 -0.146886
vn -0.376934 0.882351 -0.281686
vn -0.0634785 0.867641 -0.493088
vn 0.252541 0.781732 -0.570147
vn -0.236763 0.866939 -0.438551
vn 0.0954924 0.893887 -0.437941
vn -0.276955 0.752037 -0.598102
vn -0.276955 0.752037 -0.598102
vn 0.0343333 0.854701 -0.51793
vn -0.376843 0.667043 -0.642659
vn -0.608966 0.672933 -0.419843
vn 0.0760216 0.799554 -0.595721
vn -0.0855739 0.847468 -0.52385
vn 0.340953 0.852748 -0.395611
vn 0.321543 0.915708 -0.240883
vn 0.602924 0.783776 -0.1489
vn 0.248207 0.894162 -0.37257
vn 0.248207 0.894162 -0.37257
vn 0.553972 0.814997 -0.169805
vn 0.204871 0.911374 -0.356853
vn 0.531846 0.841334 -0.0963469
vn 0.3914 0.747337 -0.536912
vn 0.515671 0.677938 -0.52382
vn 0.899136 0.374035 -0.22718
vn 0.883877 0.41908 -0.207556
vn 0.851894 0.468032 0.23487
vn 0.904843 0.255013 0.340831
vn 0.893887 0.447707 -0.0220038
vn 0.970763 0.239113 0.0200507
vn 0.890561 0.451064 0.0583819
vn 0.756066 0.448408 0.476699
vn 0.94818 0.305734 -0.0864589
vn 0.79986 0.246345 0.547258
vn 0.473952 0.874966 0.0987884
vn -0.778619 0.58565 -0.225227
vn -0.914579 0.402844 0.0354015
vn -0.853908 0.419446 0.308023
vn -0.750542 0.464492 0.469955
vn -0.817042 0.572619 0.0672323
vn -0.0577105 0.476485 0.877255
vn -0.193457 0.527848 0.826991
vn 0.0021363 0.314188 0.949339
vn 0.0936613 0.638508 0.763878
vn -0.252693 0.686972 0.681295
vn -0.218818 0.722739 0.655507
vn -0.603565 0.664907 0.439955
vn -0.567553 0.724296 0.39143
vn -0.831568 0.50737 0.225867
vn -0.859981 0.158849 0.484909
vn -0.699911 0.357067 0.618549
vn -0.740471 0.374615 0.557939
vn -0.609699 0.452864 0.650472
vn -0.683065 0.511887 0.52092
vn -0.551958 0.532914 0.641316
vn -0.551958 0.532914 0.641316
vn -0.645894 0.553362 0.525895
vn -0.773644 0.467269 0.4279
vn -0.689962 0.178564 0.701437
vn -0.71395 0.51091 0.478744
vn -0.651509 0.60918 0.452101
vn -0.549791 0.655538 0.517655
vn -0.595691 0.650258 0.47145
vn -0.398755 0.733543 0.55031
vn -0.455184 0.845576 0.278817
vn -0.617054 0.627277 0.475082
vn -0.544664 0.75341 0.368328
vn -0.447127 0.669637 0.592975
vn -0.37495 0.763085 0.526353
vn -0.490219 0.624622 0.607868
vn -0.405744 0.726646 0.554338
vn -0.375103 0.902829 0.210059
vn -0.170995 0.964324 -0.201941
vn -0.26426 0.926786 0.266854
vn 0.0111393 0.99704 -0.0757164
vn -0.322214 0.927732 0.188208
vn -0.322214 0.927732 0.188208
vn 0.025544 0.997436 -0.0666829
vn -0.338755 0.936064 0.0949126
vn -0.093234 0.970946 0.220283
vn -0.013184 0.970794 -0.239509
vn 0.0744652 0.993561 -0.0850246
vn 0.365917 0.858577 -0.35902
vn 0.505478 0.799921 -0.323405
vn 0.553697 0.511216 -0.657277
vn 0.326304 0.913175 -0.244087
vn 0.326304 0.913175 -0.244087
vn 0.480056 0.607471 -0.632832
vn 0.308115 0.945189 -0.10773
vn 0.571398 0.55385 -0.605579
vn 0.0773339 0.942686 -0.324564
vn 0.054445 0.838984 -0.541398
vn 0.135044 0.283608 -0.94937
vn 0.32136 0.49382 -0.807947
vn 0.540635 0.0899686 -0.83639
vn 0.653859 0.0465407 -0.75515
vn 0.449843 0.228309 -0.863399
vn 0.436689 0.24955 -0.864284
vn 0.45381 0.239082 -0.858394
vn 0.714286 -0.132054 -0.687246
vn 0.339885 0.396771 -0.852657
vn 0.767449 -0.0821253 -0.635792
vn 0.759545 0.435102 -0.483474
vn -0.139958 0.932646 0.332499
vn -0.623737 0.0530412 0.779809
vn 0.0722373 0.110019 0.991272
vn 0.418714 0.233772 0.877499
vn -0.240181 0.235206 0.941771
vn -0.523209 0.210608 0.825739
vn -0.529313 0.413312 0.740928
vn -0.463729 0.129368 0.876461
vn -0.515 0.294748 0.804895
vn -0.437483 0.231849 0.868801
vn -0.478378 0.263009 0.837825
vn -0.409284 0.416089 0.811975
vn -0.445357 0.281045 0.850063
vn -0.535051 0.633137 0.559282
vn -0.465682 0.48207 0.742088
vn -0.482009 0.369671 0.794336
vn -0.492569 0.547288 0.676595
vn -0.597125 0.625233 0.502457
vn -0.57329 0.679159 0.458296
vn -0.398389 0.830836 0.388501
vn -0.329997 0.914182 0.235237
vn -0.409101 0.74517 0.526597
vn -0.548235 0.649953 0.526261
vn -0.394421 0.866085 0.306986
vn -0.564135 0.790033 0.239875
vn -0.4026 0.908078 0.115177
vn -0.437666 0.894498 0.0909146
vn -0.357677 0.918119 0.170476
vn -0.384503 0.921659 -0.0514237
vn -0.453261 0.88992 -0.0506302
vn -0.307718 0.937101 0.164739
vn -0.0411084 0.966338 0.253853
vn -0.179449 0.916562 0.357341
vn -0.0372021 0.951964 0.303873
vn 0.00900296 0.877499 0.479415
vn 0.082522 0.868099 0.489425
vn 0.120548 0.860958 0.494156
vn 0.0311289 0.853084 0.520798
vn 0.214454 0.864437 0.454695
vn 0.178838 0.945463 0.272134
vn 0.377819 0.902158 0.208167
vn -0.0245674 0.928037 0.371624
vn -0.0131535 0.974578 0.223579
vn -0.00778222 0.876125 0.481979
vn 0.00918607 0.962554 0.270821
vn 0.12125 0.95703 0.263405
vn -0.0248726 0.950102 0.310892
vn 0.14359 0.941191 0.305734
vn 0.245277 0.940367 0.235572
vn -0.0722068 0.991424 0.108676
vn 0.117679 0.985168 0.124638
vn -0.152928 0.988159 0.00949126
vn -0.240364 0.96173 0.131321
vn -0.4579 0.887051 0.0583514
vn -0.67571 0.704306 0.217475
vn -0.442671 0.875423 0.194037
vn -0.67922 0.653035 0.334849
vn -0.759545 0.410749 0.504288
vn -0.576312 0.25071 0.777795
vn -0.726737 0.516404 0.452956
vn -0.624226 0.405713 0.667592
vn -0.521256 0.471694 0.711173
vn -0.558855 0.307932 0.769951
vn -0.528886 0.229652 0.817011
vn -0.442152 0.159246 0.882656
vn -0.418592 0.0709861 0.905362
vn -0.298441 0.193548 0.934568
vn -0.183355 0.385113 0.904447
vn -0.441023 0.339061 0.830958
vn -0.390118 0.448561 0.804102
vn -0.404492 -0.0983917 0.909207
vn -0.577746 -0.000183111 0.816187
vn -0.2996 -0.0901517 0.949767
vn -0.468703 -0.0462355 0.882107
vn -0.366588 -0.0102542 0.930296
vn -0.418592 -0.0298471 0.907651
vn -0.502152 0.109439 0.857784
vn -0.412275 0.00903348 0.910977
vn -0.773247 0.0875271 0.627979
vn -0.594775 0.0902432 0.798791
vn -0.509934 0.0217292 0.85992
vn -0.668783 0.0943327 0.737419
vn -0.808985 0.0225837 0.587359
vn -0.841914 0.0636616 0.535813
vn -0.865474 0.274209 0.419233
vn -0.905271 0.343577 0.249794
vn -0.790857 0.244606 0.560961
vn -0.79754 0.0802637 0.597888
vn -0.898648 0.280679 0.337016
vn -0.944853 0.0897244 0.31489
vn -0.954436 0.257912 0.149937
vn -0.966643 0.217475 0.135166
vn -0.930754 0.310556 0.192877
vn -0.969634 0.243843 -0.0169073
vn -0.985076 0.172002 0.00137333
vn -0.916715 0.359203 0.17481
vn -0.773522 0.601642 0.199072
vn -0.806604 0.487594 0.334056
vn -0.755181 0.606891 0.247658
vn -0.652303 0.636067 0.412152
vn -0.600146 0.689322 0.405713
vn -0.571398 0.715384 0.402081
vn -0.615864 0.647511 0.448775
vn -0.521928 0.781335 0.342143
vn -0.624409 0.76278 0.168035
vn -0.477309 0.876431 0.0631428
vn -0.722404 0.617023 0.312052
vn -0.766228 0.62157 0.162816
vn -0.66097 0.622822 0.418531
vn -0.739036 0.641865 0.204352
vn -0.668661 0.72338 0.171941
vn -0.74572 0.61681 0.251778
vn -0.638905 0.740349 0.20896
vn -0.584155 0.803034 0.117649
vn -0.82522 0.561205 0.0635395
vn -0.705863 0.707389 0.0362255
vn -0.879574 0.475478 -0.0142827
vn -0.899411 0.418653 0.125553
vn -0.975677 0.190344 0.108524
vn -0.944731 -0.0524613 0.323557
vn -0.945006 0.224555 0.237648
vn -0.89523 -0.0603961 0.441481
vn -0.734001 -0.230628 0.638752
vn -0.472427 -0.125736 0.872311
vn -0.803583 -0.153203 0.575121
vn -0.634754 -0.0938444 0.766961
vn -0.622303 0.0344859 0.781976
vn -0.508499 -0.0797449 0.857326
vn -0.423872 -0.0932646 0.900876
vn -0.310099 -0.0542924 0.949126
vn -0.223518 -0.0840175 0.971068
vn -0.247353 0.0883206 0.964873
vn -0.334727 0.285195 0.898099
vn -0.457778 0.0429395 0.887997
vn -0.517441 0.141942 0.843837
vn 0.429182 0.0526139 -0.901669
vn 0.446577 0.133702 -0.884671
vn 0.397839 -0.00503555 -0.917417
vn 0.226936 0.0661031 -0.971648
vn 0.513627 0.210974 -0.831629
vn 0.381909 0.285958 -0.878811
vn 0.58562 0.532487 -0.611103
vn 0.629902 0.514328 -0.581896
vn 0.768883 0.585009 -0.257942
vn 0.924467 0.270852 -0.268288
vn 0.896023 0.270089 -0.352306
vn 0.80636 0.374554 -0.457656
vn 0.83813 0.278726 -0.468825
vn 0.800439 0.327067 -0.502274
vn 0.63683 0.293435 -0.712943
vn 0.860225 0.291208 -0.4185
vn 0.89581 0.22071 -0.385723
vn 0.806391 -0.00061037 -0.591327
vn 0.865719 0.212806 -0.452986
vn 0.896695 0.254616 -0.362041
vn 0.845607 0.22013 -0.486251
vn 0.848018 0.36433 -0.384838
vn 0.679678 0.398785 -0.615619
vn 0.583361 0.661031 -0.471877
vn 0.854549 0.356792 -0.377331
vn 0.854549 0.356792 -0.377331
vn 0.762383 0.437178 -0.477065
vn 0.762383 0.437178 -0.477065
vn 0.786218 0.30549 -0.537095
vn 0.723655 0.155217 -0.672445
vn 0.833064 0.229591 -0.503189
vn 0.769311 0.0629597 -0.635731
vn 0.739433 -0.0680563 -0.669729
vn 0.69335 0.241768 -0.678793
vn 0.600635 0.00756859 -0.799463
vn 0.399274 0.400464 -0.824732
vn 0.589709 0.397748 -0.702841
vn 0.37788 0.508652 -0.773583
vn 0.37788 0.508652 -0.773583
vn 0.464064 0.603381 -0.648488
vn 0.27546 0.543077 -0.793176
vn 0.402478 0.636494 -0.657918
vn 0.302255 0.59035 -0.748375
vn 0.182623 0.847163 -0.498917
vn 0.00183111 0.831782 -0.555071
vn -0.151097 0.965789 -0.21073
vn 0.0910672 0.781396 -0.617298
vn 0.0910672 0.781396 -0.617298
vn -0.194891 0.927732 -0.318247
vn 0.133213 0.833674 -0.535905
vn -0.281899 0.930662 -0.233161
vn 0.332041 0.87112 -0.361705
vn -0.00558489 0.999603 0.0270699
vn -0.162694 0.960326 0.226478
vn 0.188238 0.971526 -0.143742
vn -0.327189 0.908322 -0.260475
vn -0.191534 0.848231 -0.493759
vn -0.238716 0.945006 -0.223457
vn -0.238716 0.945006 -0.223457
vn -0.138676 0.959075 -0.246834
vn -0.247322 0.959014 -0.138066
vn -0.524491 0.738701 -0.423322
vn -0.127018 0.985168 -0.115177
vn -0.510819 0.659536 -0.551408
vn -0.323954 0.809473 -0.489639
vn 0.268105 0.671773 -0.690512
vn 0.766228 -0.154454 -0.623707
vn 0.257363 -0.214209 -0.942259
vn -0.0553911 -0.1377 -0.988891
vn 0.502365 -0.0352184 -0.863918
vn 0.0782189 0.880856 0.466811
vn 0.0715354 0.859737 0.505661
vn -0.039552 0.787255 0.615314
vn 0.181341 0.942198 0.281655
vn -0.148473 0.939879 0.307443
vn 0.0206915 0.918729 0.394299
vn 0.0162969 0.775506 0.631092
vn -0.186438 0.779443 0.598071
vn -0.125126 0.669759 0.731925
vn -0.00134281 0.616321 0.787469
vn 0.0615864 0.610523 0.789575
vn 0.102725 0.687124 0.719199
vn 0.167547 0.644917 0.745628
vn 0.0771508 0.698813 0.711081
vn 0.0583819 0.789697 0.610675
vn 0.0936308 0.631825 0.769402
vn -0.00412 0.654378 0.756127
vn 0.0308847 0.694571 0.718711
vn 0.0893887 0.680319 0.727409
vn 0.0436109 0.620136 0.783258
vn 0.215613 0.668386 0.711844
vn 0.0612812 0.690542 0.720664
vn 0.349498 0.714316 0.606281
vn 0.00549333 0.749931 0.661458
vn 0.0620136 0.674184 0.735923
vn 0.0620136 0.674184 0.735923
vn 0.00805689 0.782373 0.6227
vn 0.00805689 0.782373 0.6227
vn 0.199744 0.663259 0.721213
vn 0.169347 0.794 0.583789
vn 0.0814234 0.631977 0.770684
vn 0.0637226 0.773217 0.630879
vn -0.126804 0.911252 0.391797
vn -0.290567 0.881252 0.372692
vn 0.0278939 0.902097 0.430586
vn -0.0596637 0.918546 0.390728
vn -0.0261544 0.867489 0.49675
vn -0.0261544 0.867489 0.49675
vn -0.0240791 0.926695 0.37495
vn -0.0240791 0.926695 0.37495
vn -0.112552 0.854854 0.506485
vn 0.024781 0.886288 0.462416
vn -0.155736 0.926633 0.342174
vn -0.0698569 0.94174 0.32899
vn -0.138798 0.960448 0.24131
vn -0.0529191 0.972594 0.226264
vn -0.14124 0.9888 0.0478835
vn 0.00769066 0.961699 0.273934
vn 0.00769066 0.961699 0.273934
vn 0.0591754 0.993225 0.099704
vn -0.0138859 0.942228 0.334635
vn 0.118351 0.97351 0.195471
vn -0.252205 0.890866 0.377728
vn -0.108676 0.960784 0.255043
vn 0.209357 0.967772 0.139805
vn 0.460372 0.887295 -0.0274972
vn 0.302377 0.951872 0.0498367
vn 0.451369 0.888546 -0.0820032
vn 0.098178 0.993835 -0.0513321
vn 0.145207 0.973693 -0.175451
vn 0.145207 0.973693 -0.175451
vn -0.0755028 0.991089 -0.109684
vn 0.0350658 0.987701 -0.152257
vn 0.113193 0.940001 -0.321787
vn 0.401746 0.816675 -0.414258
vn 0.373363 0.781396 -0.499954
vn 0.742576 0.454237 -0.492111
vn 0.582598 0.484542 -0.652486
vn 0.30134 0.896207 -0.325541
vn 0.571032 0.669668 -0.474807
vn 0.492843 0.842769 -0.216315
vn 0.673544 0.707938 -0.212317
vn 0.409223 0.883053 -0.229591
vn 0.422437 0.879482 -0.219153
vn 0.843989 0.462783 -0.271065
vn 0.901059 -0.00903348 -0.433546
vn 0.920499 0.271859 -0.280587
vn 0.934751 -0.185339 -0.303079
vn 0.756157 0.341105 -0.558397
vn 0.756157 0.341105 -0.558397
vn 0.791772 -0.0301523 -0.610034
vn 0.699484 0.267403 -0.662679
vn 0.887845 -0.0643635 -0.45558
vn 0.657857 -0.0222175 -0.7528
vn 0.823725 -0.325663 -0.464034
vn 0.529893 -0.452956 -0.716941
vn 0.509812 -0.821192 -0.256325
vn 0.549333 -0.557482 -0.622425
vn 0.738273 -0.391705 -0.549089
vn 0.738273 -0.391705 -0.549089
vn 0.711264 -0.501602 -0.492416
vn 0.835139 -0.518235 -0.18421
vn 0.728507 -0.684286 -0.0314646
vn 0.864864 -0.309793 -0.395001
vn 0.736503 -0.60036 -0.311563
vn 0.419416 -0.89935 0.123417
vn 0.825922 0.0977508 -0.555193
vn -0.0678121 0.997192 0.0312204
vn 0.284066 0.719108 0.634144
vn 0.137272 0.703665 0.697104
vn 0.258003 0.730705 0.632038
vn 0.308756 0.815638 0.489273
vn 0.0960112 0.760063 0.642689
vn -0.303385 0.498856 -0.811823
vn -0.434248 0.53444 -0.725089
vn -0.305582 0.619037 -0.723441
vn -0.553636 0.354747 -0.75338
vn -0.401318 0.194433 -0.895047
vn -0.541856 0.435072 -0.719047
vn -0.531419 0.530992 -0.659993
vn -0.282235 0.433637 -0.855739
vn -0.309763 0.409528 -0.858058
vn -0.589435 0.183508 -0.786676
vn -0.732933 0.412305 -0.541063
vn -0.699728 0.348521 -0.623585
vn -0.792962 0.416395 -0.444716
vn -0.639363 0.566424 -0.519944
vn -0.562426 0.576983 -0.592212
vn -0.562426 0.576983 -0.592212
vn -0.731925 0.474685 -0.488784
vn -0.488968 0.677969 -0.548814
vn -0.486068 0.548509 -0.680288
vn -0.508103 0.74041 -0.439985
vn -0.686819 0.520249 -0.507492
vn -0.76278 0.50972 -0.39787
vn -0.761742 0.252052 -0.59682
vn -0.882778 0.225257 -0.412214
vn -0.616047 0.497726 -0.610492
vn -0.704428 0.387005 -0.594958
vn -0.576586 0.518509 -0.631367
vn -0.74865 0.541246 -0.382794
vn -0.672597 0.584094 -0.454299
vn -0.700095 0.592608 -0.398267
vn -0.642384 0.61623 -0.45558
vn -0.437574 0.739769 -0.511093
vn -0.278664 0.854915 -0.437513
vn -0.550096 0.708518 -0.442
vn -0.465621 0.83108 -0.304025
vn -0.474044 0.72393 -0.501175
vn -0.474044 0.72393 -0.501175
vn -0.455733 0.836329 -0.304666
vn -0.435316 0.73571 -0.518815
vn -0.658376 0.674398 -0.334178
vn -0.307077 0.902097 -0.303079
vn -0.452437 0.859279 -0.238594
vn -0.342051 0.930052 -0.134068
vn -0.429731 0.902524 0.0270089
vn -0.348125 0.925443 0.149327
vn -0.489517 0.859767 -0.145421
vn -0.489517 0.859767 -0.145421
vn -0.464278 0.87405 0.142918
vn -0.478256 0.85818 -0.186499
vn -0.444105 0.882015 0.157476
vn -0.218848 0.929106 -0.298013
vn -0.158483 0.986358 -0.0441603
vn 0.0193182 0.933256 0.358684
vn -0.0503861 0.950285 0.30723
vn -0.39552 0.811792 0.429518
vn -0.54326 0.724021 0.425001
vn -0.350963 0.838191 0.417371
vn -0.300729 0.835078 0.460646
vn -0.244301 0.883602 0.399426
vn -0.630451 0.577563 0.518601
vn -0.119358 0.914365 0.386822
vn -0.731193 0.581805 0.35609
vn -0.638264 0.727989 0.250252
vn -0.822779 0.462844 -0.329783
vn -0.588519 0.536668 -0.604663
vn -0.695639 0.539628 -0.474166
vn -0.701102 0.635426 -0.323496
vn -0.470168 0.594958 -0.651875
usemtl fern_fronds
s off
f 1/1/1 3/3/3 5/5/5
f 1/1/1 5/5/5 2/2/2
f 3/3/3 4/4/4 6/6/6
f 3/3/3 6/6/6 5/5/5
f 5/5/5 6/6/6 8/8/8
f 5/5/5 8/8/8 7/7/7
f 2/2/2 5/5/5 7/7/7
f 2/2/2 7/7/7 9/9/9
f 7/7/7 8/8/8 11/11/11
f 7/7/7 11/11/11 10/10/10
f 9/9/9 7/7/7 10/10/10
f 9/9/9 10/10/10 13/13/13
f 10/10/10 11/11/11 77/77/77
f 10/10/10 77/77/77 12/12/12
f 13/13/13 10/10/10 12/12/12
f 13/13/13 12/12/12 14/14/14
f 14/14/14 12/12/12 17/17/17
f 14/14/14 17/17/17 15/15/15
f 15/15/15 17/17/17 19/19/19
f 15/15/15 19/19/19 16/16/16
f 12/12/12 77/77/77 18/18/18
f 12/12/12 18/18/18 17/17/17
f 17/17/17 18/18/18 20/20/20
f 17/17/17 20/20/20 19/19/19
f 19/19/19 20/20/20 22/22/22
f 19/19/19 22/22/22 21/21/21
f 16/16/16 19/19/19 21/21/21
f 16/16/16 21/21/21 24/24/24
f 21/21/21 22/22/22 68/68/68
f 21/21/21 68/68/68 23/23/23
f 24/24/24 21/21/21 23/23/23
f 24/24/24 23/23/23 25/25/25
f 25/25/25 23/23/23 28/28/28
f 25/25/25 28/28/28 26/26/26
f 26/26/26 28/28/28 30/30/30
f 26/26/26 30/30/30 27/27/27
f 23/23/23 68/68/68 29/29/29
f 23/23/23 29/29/29 28/28/28
f 28/28/28 29/29/29 31/31/31
f 28/28/28 31/31/31 30/30/30
f 30/30/30 31/31/31 33/33/33
f 30/30/30 33/33/33 32/32/32
f 27/27/27 30/30/30 32/32/32
f 27/27/27 32/32/32 35/35/35
f 32/32/32 33/33/33 59/59/59
f 32/32/32 59/59/59 34/34/34
f 35/35/35 32/32/32 34/34/34
f 35/35/35 34/34/34 36/36/36
f 36/36/36 34/34/34 39/39/39
f 36/36/36 39/39/39 37/37/37
f 37/37/37 39/39/39 41/41/41
f 37/37/37 41/41/41 38/38/38
f 34/34/34 59/59/59 40/40/40
f 34/34/34 40/40/40 39/39/39
f 39/39/39 40/40/40 42/42/42
f 39/39/39 42/42/42 41/41/41
f 41/41/41 42/42/42 44/44/44
f 41/41/41 44/44/44 43/43/43
f 38/38/38 41/41/41 43/43/43
f 38/38/38 43/43/43 46/46/46
f 43/43/43 44/44/44 48/48/48
f 43/43/43 48/48/48 45/45/45
f 46/46/46 43/43/43 45/45/45
f 46/46/46 45/45/45 47/47/47
f 44/44/44 51/51/51 49/49/49
f 44/44/44 49/49/49 48/48/48
f 51/51/51 53/53/53 50/50/50
f 51/51/51 50/50/50 49/49/49
f 52/52/52 54/54/54 53/53/53
f 52/52/52 53/53/53 51/51/51
f 42/42/42 52/52/52 51/51/51
f 42/42/42 51/51/51 44/44/44
f 57/57/57 55/55/55 54/54/54
f 57/57/57 54/54/54 52/52/52
f 58/58/58 56/56/56 55/55/55
f 58/58/58 55/55/55 57/57/57
f 59/59/59 58/58/58 57/57/57
f 59/59/59 57/57/57 40/40/40
f 40/40/40 57/57/57 52/52/52
f 40/40/40 52/52/52 42/42/42
f 60/60/60 62/62/62 56/56/56
f 60/60/60 56/56/56 58/58/58
f 33/33/33 60/60/60 58/58/58
f 33/33/33 58/58/58 59/59/59
f 61/61/61 63/63/63 62/62/62
f 61/61/61 62/62/62 60/60/60
f 31/31/31 61/61/61 60/60/60
f 31/31/31 60/60/60 33/33/33
f 66/66/66 64/64/64 63/63/63
f 66/66/66 63/63/63 61/61/61
f 67/67/67 65/65/65 64/64/64
f 67/67/67 64/64/64 66/66/66
f 68/68/68 67/67/67 66/66/66
f 68/68/68 66/66/66 29/29/29
f 29/29/29 66/66/66 61/61/61
f 29/29/29 61/61/61 31/31/31
f 69/69/69 71/71/71 65/65/65
f 69/69/69 65/65/65 67/67/67
f 22/22/22 69/69/69 67/67/67
f 22/22/22 67/67/67 68/68/68
f 70/70/70 72/72/72 71/71/71
f 70/70/70 71/71/71 69/69/69
f 20/20/20 70/70/70 69/69/69
f 20/20/20 69/69/69 22/22/22
f 75/75/75 73/73/73 72/72/72
f 75/75/75 72/72/72 70/70/70
f 76/76/76 74/74/74 73/73/73
f 76/76/76 73/73/73 75/75/75
f 77/77/77 76/76/76 75/75/75
f 77/77/77 75/75/75 18/18/18
f 18/18/18 75/75/75 70/70/70
f 18/18/18 70/70/70 20/20/20
f 78/78/78 80/80/80 74/74/74
f 78/78/78 74/74/74 76/76/76
f 11/11/11 78/78/78 76/76/76
f 11/11/11 76/76/76 77/77/77
f 79/79/79 81/81/81 80/80/80
f 79/79/79 80/80/80 78/78/78
f 8/8/8 79/79/79 78/78/78
f 8/8/8 78/78/78 11/11/11
f 84/84/84 82/82/82 81/81/81
f 84/84/84 81/81/81 79/79/79
f 85/85/85 83/83/83 82/82/82
f 85/85/85 82/82/82 84/84/84
f 4/4/4 85/85/85 84/84/84
f 4/4/4 84/84/84 6/6/6
f 6/6/6 84/84/84 79/79/79
f 6/6/6 79/79/79 8/8/8
f 86/86/86 88/88/88 155/155/155
f 86/86/86 155/155/155 87/87/87
f 87/87/87 91/91/91 89/89/89
f 87/87/87 89/89/89 86/86/86
f 91/91/91 93/93/93 90/90/90
f 91/91/91 90/90/90 89/89/89
f 100/100/100 92/92/92 91/91/91
f 100/100/100 91/91/91 87/87/87
f 92/92/92 94/94/94 93/93/93
f 92/92/92 93/93/93 91/91/91
f 97/97/97 95/95/95 94/94/94
f 97/97/97 94/94/94 92/92/92
f 98/98/98 96/96/96 95/95/95
f 98/98/98 95/95/95 97/97/97
f 101/101/101 98/98/98 97/97/97
f 101/101/101 97/97/97 99/99/99
f 99/99/99 97/97/97 92/92/92
f 99/99/99 92/92/92 100/100/100
f 100/100/100 103/103/103 102/102/102
f 100/100/100 102/102/102 99/99/99
f 99/99/99 102/102/102 105/105/105
f 99/99/99 105/105/105 101/101/101
f 103/103/103 152/152/152 104/104/104
f 103/103/103 104/104/104 102/102/102
f 102/102/102 104/104/104 106/106/106
f 102/102/102 106/106/106 105/105/105
f 105/105/105 106/106/106 108/108/108
f 105/105/105 108/108/108 107/107/107
f 101/101/101 105/105/105 107/107/107
f 101/101/101 107/107/107 110/110/110
f 107/107/107 108/108/108 151/151/151
f 107/107/107 151/151/151 109/109/109
f 110/110/110 107/107/107 109/109/109
f 110/110/110 109/109/109 113/113/113
f 111/111/111 114/114/114 98/98/98
f 111/111/111 98/98/98 101/101/101
f 112/112/112 115/115/115 114/114/114
f 112/112/112 114/114/114 111/111/111
f 115/115/115 117/117/117 116/116/116
f 115/115/115 116/116/116 114/114/114
f 114/114/114 116/116/116 96/96/96
f 114/114/114 96/96/96 98/98/98
f 120/120/120 118/118/118 117/117/117
f 120/120/120 117/117/117 115/115/115
f 121/121/121 119/119/119 118/118/118
f 121/121/121 118/118/118 120/120/120
f 123/123/123 121/121/121 120/120/120
f 123/123/123 120/120/120 122/122/122
f 122/122/122 120/120/120 115/115/115
f 122/122/122 115/115/115 112/112/112
f 113/113/113 109/109/109 125/125/125
f 113/113/113 125/125/125 122/122/122
f 122/122/122 125/125/125 127/127/127
f 122/122/122 127/127/127 124/124/124
f 109/109/109 151/151/151 126/126/126
f 109/109/109 126/126/126 125/125/125
f 125/125/125 126/126/126 128/128/128
f 125/125/125 128/128/128 127/127/127
f 124/124/124 127/127/127 129/129/129
f 124/124/124 129/129/129 133/133/133
f 127/127/127 128/128/128 130/130/130
f 127/127/127 130/130/130 129/129/129
f 129/129/129 130/130/130 150/150/150
f 129/129/129 150/150/150 131/131/131
f 133/133/133 129/129/129 131/131/131
f 133/133/133 131/131/131 134/134/134
f 132/132/132 135/135/135 121/121/121
f 132/132/132 121/121/121 123/123/123
f 134/134/134 136/136/136 135/135/135
f 134/134/134 135/135/135 132/132/132
f 136/136/136 138/138/138 137/137/137
f 136/136/136 137/137/137 135/135/135
f 135/135/135 137/137/137 119/119/119
f 135/135/135 119/119/119 121/121/121
f 141/141/141 139/139/139 138/138/138
f 141/141/141 138/138/138 136/136/136
f 142/142/142 140/140/140 139/139/139
f 142/142/142 139/139/139 141/141/141
f 145/145/145 142/142/142 141/141/141
f 145/145/145 141/141/141 143/143/143
f 143/143/143 141/141/141 136/136/136
f 143/143/143 136/136/136 134/134/134
f 134/134/134 131/131/131 146/146/146
f 134/134/134 146/146/146 144/144/144
f 144/144/144 146/146/146 148/148/148
f 144/144/144 148/148/148 145/145/145
f 131/131/131 150/150/150 147/147/147
f 131/131/131 147/147/147 146/146/146
f 146/146/146 147/147/147 149/149/149
f 146/146/146 149/149/149 148/148/148
f 155/155/155 153/153/153 152/152/152
f 155/155/155 152/152/152 103/103/103
f 88/88/88 154/154/154 153/153/153
f 88/88/88 153/153/153 155/155/155
f 87/87/87 155/155/155 103/103/103
f 87/87/87 103/103/103 100/100/100
f 156/156/156 158/158/158 225/225/225
f 156/156/156 225/225/225 157/157/157
f 157/157/157 161/161/161 159/159/159
f 157/157/157 159/159/159 156/156/156
f 161/161/161 163/163/163 160/160/160
f 161/161/161 160/160/160 159/159/159
f 170/170/170 162/162/162 161/161/161
f 170/170/170 161/161/161 157/157/157
f 162/162/162 164/164/164 163/163/163
f 162/162/162 163/163/163 161/161/161
f 167/167/167 165/165/165 164/164/164
f 167/167/167 164/164/164 162/162/162
f 168/168/168 166/166/166 165/165/165
f 168/168/168 165/165/165 167/167/167
f 171/171/171 168/168/168 167/167/167
f 171/171/171 167/167/167 169/169/169
f 169/169/169 167/167/167 162/162/162
f 169/169/169 162/162/162 170/170/170
f 170/170/170 173/173/173 172/172/172
f 170/170/170 172/172/172 169/169/169
f 169/169/169 172/172/172 175/175/175
f 169/169/169 175/175/175 171/171/171
f 173/173/173 222/222/222 174/174/174
f 173/173/173 174/174/174 172/172/172
f 172/172/172 174/174/174 176/176/176
f 172/172/172 176/176/176 175/175/175
f 175/175/175 176/176/176 178/178/178
f 175/175/175 178/178/178 177/177/177
f 171/171/171 175/175/175 177/177/177
f 171/171/171 177/177/177 180/180/180
f 177/177/177 178/178/178 221/221/221
f 177/177/177 221/221/221 179/179/179
f 180/180/180 177/177/177 179/179/179
f 180/180/180 179/179/179 183/183/183
f 181/181/181 184/184/184 168/168/168
f 181/181/181 168/168/168 171/171/171
f 182/182/182 185/185/185 184/184/184
f 182/182/182 184/184/184 181/181/181
f 185/185/185 187/187/187 186/186/186
f 185/185/185 186/186/186 184/184/184
f 184/184/184 186/186/186 166/166/166
f 184/184/184 166/166/166 168/168/168
f 190/190/190 188/188/188 187/187/187
f 190/190/190 187/187/187 185/185/185
f 191/191/191 189/189/189 188/188/188
f 191/191/191 188/188/188 190/190/190
f 193/193/193 191/191/191 190/190/190
f 193/193/193 190/190/190 192/192/192
f 192/192/192 190/190/190 185/185/185
f 192/192/192 185/185/185 182/182/182
f 183/183/183 179/179/179 195/195/195
f 183/183/183 195/195/195 192/192/192
f 192/192/192 195/195/195 197/197/197
f 192/192/192 197/197/197 194/194/194
f 179/179/179 221/221/221 196/196/196
f 179/179/179 196/196/196 195/195/195
f 195/195/195 196/196/196 198/198/198
f 195/195/195 198/198/198 197/197/197
f 194/194/194 197/197/197 199/199/199
f 194/194/194 199/199/199 203/203/203
f 197/197/197 198/198/198 200/200/200
f 197/197/197 200/200/200 199/199/199
f 199/199/199 200/200/200 220/220/220
f 199/199/199 220/220/220 201/201/201
f 203/203/203 199/199/199 201/201/201
f 203/203/203 201/201/201 204/204/204
f 202/202/202 205/205/205 191/191/191
f 202/202/202 191/191/191 193/193/193
f 204/204/204 206/206/206 205/205/205
f 204/204/204 205/205/205 202/202/202
f 206/206/206 208/208/208 207/207/207
f 206/206/206 207/207/207 205/205/205
f 205/205/205 207/207/207 189/189/189
f 205/205/205 189/189/189 191/191/191
f 211/211/211 209/209/209 208/208/208
f 211/211/211 208/208/208 206/206/206
f 212/212/212 210/210/210 209/209/209
f 212/212/212 209/209/209 211/211/211
f 215/215/215 212/212/212 211/211/211
f 215/215/215 211/211/211 213/213/213
f 213/213/213 211/211/211 206/206/206
f 213/213/213 206/206/206 204/204/204
f 204/204/204 201/201/201 216/216/216
f 204/204/204 216/216/216 214/214/214
f 214/214/214 216/216/216 218/218/218
f 214/214/214 218/218/218 215/215/215
f 201/201/201 220/220/220 217/217/217
f 201/201/201 217/217/217 216/216/216
f 216/216/216 217/217/217 219/219/219
f 216/216/216 219/219/219 218/218/218
f 225/225/225 223/223/223 222/222/222
f 225/225/225 222/222/222 173/173/173
f 158/158/158 224/224/224 223/223/223
f 158/158/158 223/223/223 225/225/225
f 157/157/157 225/225/225 173/173/173
f 157/157/157 173/173/173 170/170/170
f 226/226/226 228/228/228 293/293/293
f 226/226/226 293/293/293 227/227/227
f 227/227/227 231/231/231 229/229/229
f 227/227/227 229/229/229 226/226/226
f 231/231/231 233/233/233 230/230/230
f 231/231/231 230/230/230 229/229/229
f 240/240/240 232/232/232 231/231/231
f 240/240/240 231/231/231 227/227/227
f 232/232/232 234/234/234 233/233/233
f 232/232/232 233/233/233 231/231/231
f 237/237/237 235/235/235 234/234/234
f 237/237/237 234/234/234 232/232/232
f 238/238/238 236/236/236 235/235/235
f 238/238/238 235/235/235 237/237/237
f 242/242/242 238/238/238 237/237/237
f 242/242/242 237/237/237 239/239/239
f 239/239/239 237/237/237 232/232/232
f 239/239/239 232/232/232 240/240/240
f 241/241/241 244/244/244 243/243/243
f 241/241/241 243/243/243 239/239/239
f 239/239/239 243/243/243 246/246/246
f 239/239/239 246/246/246 242/242/242
f 244/244/244 290/290/290 245/245/245
f 244/244/244 245/245/245 243/243/243
f 243/243/243 245/245/245 247/247/247
f 243/243/243 247/247/247 246/246/246
f 246/246/246 247/247/247 249/249/249
f 246/246/246 249/249/249 248/248/248
f 242/242/242 246/246/246 248/248/248
f 242/242/242 248/248/248 251/251/251
f 248/248/248 249/249/249 289/289/289
f 248/248/248 289/289/289 250/250/250
f 251/251/251 248/248/248 250/250/250
f 251/251/251 250/250/250 252/252/252
f 251/251/251 253/253/253 238/238/238
f 251/251/251 238/238/238 242/242/242
f 252/252/252 254/254/254 253/253/253
f 252/252/252 253/253/253 251/251/251
f 254/254/254 256/256/256 255/255/255
f 254/254/254 255/255/255 253/253/253
f 253/253/253 255/255/255 236/236/236
f 253/253/253 236/236/236 238/238/238
f 259/259/259 257/257/257 256/256/256
f 259/259/259 256/256/256 254/254/254
f 260/260/260 258/258/258 257/257/257
f 260/260/260 257/257/257 259/259/259
f 263/263/263 260/260/260 259/259/259
f 263/263/263 259/259/259 261/261/261
f 261/261/261 259/259/259 254/254/254
f 261/261/261 254/254/254 252/252/252
f 252/252/252 250/250/250 264/264/264
f 252/252/252 264/264/264 262/262/262
f 262/262/262 264/264/264 266/266/266
f 262/262/262 266/266/266 263/263/263
f 250/250/250 289/289/289 265/265/265
f 250/250/250 265/265/265 264/264/264
f 264/264/264 265/265/265 267/267/267
f 264/264/264 267/267/267 266/266/266
f 263/263/263 266/266/266 268/268/268
f 263/263/263 268/268/268 271/271/271
f 266/266/266 267/267/267 269/269/269
f 266/266/266 269/269/269 268/268/268
f 268/268/268 269/269/269 288/288/288
f 268/268/268 288/288/288 270/270/270
f 271/271/271 268/268/268 270/270/270
f 271/271/271 270/270/270 273/273/273
f 272/272/272 274/274/274 260/260/260
f 272/272/272 260/260/260 263/263/263
f 273/273/273 275/275/275 274/274/274
f 273/273/273 274/274/274 272/272/272
f 275/275/275 277/277/277 276/276/276
f 275/275/275 276/276/276 274/274/274
f 274/274/274 276/276/276 258/258/258
f 274/274/274 258/258/258 260/260/260
f 280/280/280 278/278/278 277/277/277
f 280/280/280 277/277/277 275/275/275
f 281/281/281 279/279/279 278/278/278
f 281/281/281 278/278/278 280/280/280
f 283/283/283 281/281/281 280/280/280
f 283/283/283 280/280/280 282/282/282
f 282/282/282 280/280/280 275/275/275
f 282/282/282 275/275/275 273/273/273
f 273/273/273 270/270/270 284/284/284
f 273/273/273 284/284/284 282/282/282
f 282/282/282 284/284/284 286/286/286
f 282/282/282 286/286/286 283/283/283
f 270/270/270 288/288/288 285/285/285
f 270/270/270 285/285/285 284/284/284
f 284/284/284 285/285/285 287/287/287
f 284/284/284 287/287/287 286/286/286
f 293/293/293 291/291/291 290/290/290
f 293/293/293 290/290/290 244/244/244
f 228/228/228 292/292/292 291/291/291
f 228/228/228 291/291/291 293/293/293
f 227/227/227 293/293/293 244/244/244
f 227/227/227 244/244/244 241/241/241
f 294/294/294 296/296/296 361/361/361
f 294/294/294 361/361/361 295/295/295
f 295/295/295 299/299/299 297/297/297
f 295/295/295 297/297/297 294/294/294
f 299/299/299 301/301/301 298/298/298
f 299/299/299 298/298/298 297/297/297
f 308/308/308 300/300/300 299/299/299
f 308/308/308 299/299/299 295/295/295
f 300/300/300 302/302/302 301/301/301
f 300/300/300 301/301/301 299/299/299
f 305/305/305 303/303/303 302/302/302
f 305/305/305 302/302/302 300/300/300
f 306/306/306 304/304/304 303/303/303
f 306/306/306 303/303/303 305/305/305
f 310/310/310 306/306/306 305/305/305
f 310/310/310 305/305/305 307/307/307
f 307/307/307 305/305/305 300/300/300
f 307/307/307 300/300/300 308/308/308
f 309/309/309 312/312/312 311/311/311
f 309/309/309 311/311/311 307/307/307
f 307/307/307 311/311/311 314/314/314
f 307/307/307 314/314/314 310/310/310
f 312/312/312 358/358/358 313/313/313
f 312/312/312 313/313/313 311/311/311
f 311/311/311 313/313/313 315/315/315
f 311/311/311 315/315/315 314/314/314
f 314/314/314 315/315/315 317/317/317
f 314/314/314 317/317/317 316/316/316
f 310/310/310 314/314/314 316/316/316
f 310/310/310 316/316/316 319/319/319
f 316/316/316 317/317/317 357/357/357
f 316/316/316 357/357/357 318/318/318
f 319/319/319 316/316/316 318/318/318
f 319/319/319 318/318/318 320/320/320
f 319/319/319 321/321/321 306/306/306
f 319/319/319 306/306/306 310/310/310
f 320/320/320 322/322/322 321/321/321
f 320/320/320 321/321/321 319/319/319
f 322/322/322 324/324/324 323/323/323
f 322/322/322 323/323/323 321/321/321
f 321/321/321 323/323/323 304/304/304
f 321/321/321 304/304/304 306/306/306
f 327/327/327 325/325/325 324/324/324
f 327/327/327 324/324/324 322/322/322
f 328/328/328 326/326/326 325/325/325
f 328/328/328 325/325/325 327/327/327
f 331/331/331 328/328/328 327/327/327
f 331/331/331 327/327/327 329/329/329
f 329/329/329 327/327/327 322/322/322
f 329/329/329 322/322/322 320/320/320
f 320/320/320 318/318/318 332/332/332
f 320/320/320 332/332/332 330/330/330
f 330/330/330 332/332/332 334/334/334
f 330/330/330 334/334/334 331/331/331
f 318/318/318 357/357/357 333/333/333
f 318/318/318 333/333/333 332/332/332
f 332/332/332 333/333/333 335/335/335
f 332/332/332 335/335/335 334/334/334
f 331/331/331 334/334/334 336/336/336
f 331/331/331 336/336/336 339/339/339
f 334/334/334 335/335/335 337/337/337
f 334/334/334 337/337/337 336/336/336
f 336/336/336 337/337/337 356/356/356
f 336/336/336 356/356/356 338/338/338
f 339/339/339 336/336/336 338/338/338
f 339/339/339 338/338/338 341/341/341
f 340/340/340 342/342/342 328/328/328
f 340/340/340 328/328/328 331/331/331
f 341/341/341 343/343/343 342/342/342
f 341/341/341 342/342/342 340/340/340
f 343/343/343 345/345/345 344/344/344
f 343/343/343 344/344/344 342/342/342
f 342/342/342 344/344/344 326/326/326
f 342/342/342 326/326/326 328/328/328
f 348/348/348 346/346/346 345/345/345
f 348/348/348 345/345/345 343/343/343
f 349/349/349 347/347/347 346/346/346
f 349/349/349 346/346/346 348/348/348
f 351/351/351 349/349/349 348/348/348
f 351/351/351 348/348/348 350/350/350
f 350/350/350 348/348/348 343/343/343
f 350/350/350 343/343/343 341/341/341
f 341/341/341 338/338/338 352/352/352
f 341/341/341 352/352/352 350/350/350
f 350/350/350 352/352/352 354/354/354
f 350/350/350 354/354/354 351/351/351
f 338/338/338 356/356/356 353/353/353
f 338/338/338 353/353/353 352/352/352
f 352/352/352 353/353/353 355/355/355
f 352/352/352 355/355/355 354/354/354
f 361/361/361 359/359/359 358/358/358
f 361/361/361 358/358/358 312/312/312
f 296/296/296 360/360/360 359/359/359
f 296/296/296 359/359/359 361/361/361
f 295/295/295 361/361/361 312/312/312
f 295/295/295 312/312/312 309/309/309
f 362/362/362 365/365/365 484/484/484
f 362/362/362 484/484/484 363/363/363
f 364/364/364 368/368/368 366/366/366
f 364/364/364 366/366/366 362/362/362
f 368/368/368 370/370/370 367/367/367
f 368/368/368 367/367/367 366/366/366
f 377/377/377 369/369/369 368/368/368
f 377/377/377 368/368/368 364/364/364
f 369/369/369 371/371/371 370/370/370
f 369/369/369 370/370/370 368/368/368
f 374/374/374 372/372/372 371/371/371
f 374/374/374 371/371/371 369/369/369
f 375/375/375 373/373/373 372/372/372
f 375/375/375 372/372/372 374/374/374
f 378/378/378 375/375/375 374/374/374
f 378/378/378 374/374/374 376/376/376
f 376/376/376 374/374/374 369/369/369
f 376/376/376 369/369/369 377/377/377
f 377/377/377 380/380/380 379/379/379
f 377/377/377 379/379/379 376/376/376
f 376/376/376 379/379/379 382/382/382
f 376/376/376 382/382/382 378/378/378
f 380/380/380 481/481/481 381/381/381
f 380/380/380 381/381/381 379/379/379
f 379/379/379 381/381/381 383/383/383
f 379/379/379 383/383/383 382/382/382
f 382/382/382 383/383/383 385/385/385
f 382/382/382 385/385/385 384/384/384
f 378/378/378 382/382/382 384/384/384
f 378/378/378 384/384/384 387/387/387
f 384/384/384 385/385/385 480/480/480
f 384/384/384 480/480/480 386/386/386
f 387/387/387 384/384/384 386/386/386
f 387/387/387 386/386/386 389/389/389
f 387/387/387 390/390/390 375/375/375
f 387/387/387 375/375/375 378/378/378
f 388/388/388 391/391/391 390/390/390
f 388/388/388 390/390/390 387/387/387
f 391/391/391 393/393/393 392/392/392
f 391/391/391 392/392/392 390/390/390
f 390/390/390 392/392/392 373/373/373
f 390/390/390 373/373/373 375/375/375
f 396/396/396 394/394/394 393/393/393
f 396/396/396 393/393/393 391/391/391
f 397/397/397 395/395/395 394/394/394
f 397/397/397 394/394/394 396/396/396
f 399/399/399 397/397/397 396/396/396
f 399/399/399 396/396/396 398/398/398
f 398/398/398 396/396/396 391/391/391
f 398/398/398 391/391/391 388/388/388
f 389/389/389 386/386/386 401/401/401
f 389/389/389 401/401/401 398/398/398
f 398/398/398 401/401/401 403/403/403
f 398/398/398 403/403/403 400/400/400
f 386/386/386 480/480/480 402/402/402
f 386/386/386 402/402/402 401/401/401
f 401/401/401 402/402/402 404/404/404
f 401/401/401 404/404/404 403/403/403
f 400/400/400 403/403/403 405/405/405
f 400/400/400 405/405/405 408/408/408
f 403/403/403 404/404/404 406/406/406
f 403/403/403 406/406/406 405/405/405
f 405/405/405 406/406/406 479/479/479
f 405/405/405 479/479/479 407/407/407
f 408/408/408 405/405/405 407/407/407
f 408/408/408 407/407/407 409/409/409
f 408/408/408 410/410/410 397/397/397
f 408/408/408 397/397/397 399/399/399
f 409/409/409 411/411/411 410/410/410
f 409/409/409 410/410/410 408/408/408
f 411/411/411 413/413/413 412/412/412
f 411/411/411 412/412/412 410/410/410
f 410/410/410 412/412/412 395/395/395
f 410/410/410 395/395/395 397/397/397
f 416/416/416 414/414/414 413/413/413
f 416/416/416 413/413/413 411/411/411
f 417/417/417 415/415/415 414/414/414
f 417/417/417 414/414/414 416/416/416
f 420/420/420 417/417/417 416/416/416
f 420/420/420 416/416/416 418/418/418
f 418/418/418 416/416/416 411/411/411
f 418/418/418 411/411/411 409/409/409
f 409/409/409 407/407/407 421/421/421
f 409/409/409 421/421/421 419/419/419
f 419/419/419 421/421/421 423/423/423
f 419/419/419 423/423/423 420/420/420
f 407/407/407 479/479/479 422/422/422
f 407/407/407 422/422/422 421/421/421
f 421/421/421 422/422/422 424/424/424
f 421/421/421 424/424/424 423/423/423
f 420/420/420 423/423/423 425/425/425
f 420/420/420 425/425/425 429/429/429
f 423/423/423 424/424/424 426/426/426
f 423/423/423 426/426/426 425/425/425
f 425/425/425 426/426/426 478/478/478
f 425/425/425 478/478/478 427/427/427
f 429/429/429 425/425/425 427/427/427
f 429/429/429 427/427/427 430/430/430
f 428/428/428 431/431/431 417/417/417
f 428/428/428 417/417/417 420/420/420
f 430/430/430 432/432/432 431/431/431
f 430/430/430 431/431/431 428/428/428
f 432/432/432 434/434/434 433/433/433
f 432/432/432 433/433/433 431/431/431
f 431/431/431 433/433/433 415/415/415
f 431/431/431 415/415/415 417/417/417
f 437/437/437 435/435/435 434/434/434
f 437/437/437 434/434/434 432/432/432
f 438/438/438 436/436/436 435/435/435
f 438/438/438 435/435/435 437/437/437
f 442/442/442 438/438/438 437/437/437
f 442/442/442 437/437/437 439/439/439
f 439/439/439 437/437/437 432/432/432
f 439/439/439 432/432/432 430/430/430
f 430/430/430 427/427/427 443/443/443
f 430/430/430 443/443/443 440/440/440
f 440/440/440 443/443/443 445/445/445
f 440/440/440 445/445/445 441/441/441
f 427/427/427 478/478/478 444/444/444
f 427/427/427 444/444/444 443/443/443
f 443/443/443 444/444/444 446/446/446
f 443/443/443 446/446/446 445/445/445
f 441/441/441 445/445/445 447/447/447
f 441/441/441 447/447/447 450/450/450
f 445/445/445 446/446/446 448/448/448
f 445/445/445 448/448/448 447/447/447
f 447/447/447 448/448/448 477/477/477
f 447/447/447 477/477/477 449/449/449
f 450/450/450 447/447/447 449/449/449
f 450/450/450 449/449/449 451/451/451
f 450/450/450 452/452/452 438/438/438
f 450/450/450 438/438/438 442/442/442
f 451/451/451 453/453/453 452/452/452
f 451/451/451 452/452/452 450/450/450
f 453/453/453 455/455/455 454/454/454
f 453/453/453 454/454/454 452/452/452
f 452/452/452 454/454/454 436/436/436
f 452/452/452 436/436/436 438/438/438
f 458/458/458 456/456/456 455/455/455
f 458/458/458 455/455/455 453/453/453
f 459/459/459 457/457/457 456/456/456
f 459/459/459 456/456/456 458/458/458
f 461/461/461 459/459/459 458/458/458
f 461/461/461 458/458/458 460/460/460
f 460/460/460 458/458/458 453/453/453
f 460/460/460 453/453/453 451/451/451
f 451/451/451 449/449/449 463/463/463
f 451/451/451 463/463/463 460/460/460
f 460/460/460 463/463/463 465/465/465
f 460/460/460 465/465/465 462/462/462
f 449/449/449 477/477/477 464/464/464
f 449/449/449 464/464/464 463/463/463
f 463/463/463 464/464/464 466/466/466
f 463/463/463 466/466/466 465/465/465
f 462/462/462 465/465/465 467/467/467
f 462/462/462 467/467/467 470/470/470
f 465/465/465 466/466/466 468/468/468
f 465/465/465 468/468/468 467/467/467
f 467/467/467 468/468/468 476/476/476
f 467/467/467 476/476/476 469/469/469
f 470/470/470 467/467/467 469/469/469
f 470/470/470 469/469/469 471/471/471
f 470/470/470 472/472/472 459/459/459
f 470/470/470 459/459/459 461/461/461
f 471/471/471 473/473/473 472/472/472
f 471/471/471 472/472/472 470/470/470
f 473/473/473 475/475/475 474/474/474
f 473/473/473 474/474/474 472/472/472
f 472/472/472 474/474/474 457/457/457
f 472/472/472 457/457/457 459/459/459
f 484/484/484 482/482/482 481/481/481
f 484/484/484 481/481/481 380/380/380
f 365/365/365 483/483/483 482/482/482
f 365/365/365 482/482/482 484/484/484
f 363/363/363 484/484/484 380/380/380
f 363/363/363 380/380/380 377/377/377
f 485/485/485 488/488/488 607/607/607
f 485/485/485 607/607/607 486/486/486
f 487/487/487 491/491/491 489/489/489
f 487/487/487 489/489/489 485/485/485
f 491/491/491 493/493/493 490/490/490
f 491/491/491 490/490/490 489/489/489
f 500/500/500 492/492/492 491/491/491
f 500/500/500 491/491/491 487/487/487
f 492/492/492 494/494/494 493/493/493
f 492/492/492 493/493/493 491/491/491
f 497/497/497 495/495/495 494/494/494
f 497/497/497 494/494/494 492/492/492
f 498/498/498 496/496/496 495/495/495
f 498/498/498 495/495/495 497/497/497
f 501/501/501 498/498/498 497/497/497
f 501/501/501 497/497/497 499/499/499
f 499/499/499 497/497/497 492/492/492
f 499/499/499 492/492/492 500/500/500
f 500/500/500 503/503/503 502/502/502
f 500/500/500 502/502/502 499/499/499
f 499/499/499 502/502/502 505/505/505
f 499/499/499 505/505/505 501/501/501
f 503/503/503 604/604/604 504/504/504
f 503/503/503 504/504/504 502/502/502
f 502/502/502 504/504/504 506/506/506
f 502/502/502 506/506/506 505/505/505
f 505/505/505 506/506/506 508/508/508
f 505/505/505 508/508/508 507/507/507
f 501/501/501 505/505/505 507/507/507
f 501/501/501 507/507/507 510/510/510
f 507/507/507 508/508/508 603/603/603
f 507/507/507 603/603/603 509/509/509
f 510/510/510 507/507/507 509/509/509
f 510/510/510 509/509/509 512/512/512
f 510/510/510 513/513/513 498/498/498
f 510/510/510 498/498/498 501/501/501
f 511/511/511 514/514/514 513/513/513
f 511/511/511 513/513/513 510/510/510
f 514/514/514 516/516/516 515/515/515
f 514/514/514 515/515/515 513/513/513
f 513/513/513 515/515/515 496/496/496
f 513/513/513 496/496/496 498/498/498
f 519/519/519 517/517/517 516/516/516
f 519/519/519 516/516/516 514/514/514
f 520/520/520 518/518/518 517/517/517
f 520/520/520 517/517/517 519/519/519
f 522/522/522 520/520/520 519/519/519
f 522/522/522 519/519/519 521/521/521
f 521/521/521 519/519/519 514/514/514
f 521/521/521 514/514/514 511/511/511
f 512/512/512 509/509/509 524/524/524
f 512/512/512 524/524/524 521/521/521
f 521/521/521 524/524/524 526/526/526
f 521/521/521 526/526/526 523/523/523
f 509/509/509 603/603/603 525/525/525
f 509/509/509 525/525/525 524/524/524
f 524/524/524 525/525/525 527/527/527
f 524/524/524 527/527/527 526/526/526
f 523/523/523 526/526/526 528/528/528
f 523/523/523 528/528/528 531/531/531
f 526/526/526 527/527/527 529/529/529
f 526/526/526 529/529/529 528/528/528
f 528/528/528 529/529/529 602/602/602
f 528/528/528 602/602/602 530/530/530
f 531/531/531 528/528/528 530/530/530
f 531/531/531 530/530/530 532/532/532
f 531/531/531 533/533/533 520/520/520
f 531/531/531 520/520/520 522/522/522
f 532/532/532 534/534/534 533/533/533
f 532/532/532 533/533/533 531/531/531
f 534/534/534 536/536/536 535/535/535
f 534/534/534 535/535/535 533/533/533
f 533/533/533 535/535/535 518/518/518
f 533/533/533 518/518/518 520/520/520
f 539/539/539 537/537/537 536/536/536
f 539/539/539 536/536/536 534/534/534
f 540/540/540 538/538/538 537/537/537
f 540/540/540 537/537/537 539/539/539
f 543/543/543 540/540/540 539/539/539
f 543/543/543 539/539/539 541/541/541
f 541/541/541 539/539/539 534/534/534
f 541/541/541 534/534/534 532/532/532
f 532/532/532 530/530/530 544/544/544
f 532/532/532 544/544/544 542/542/542
f 542/542/542 544/544/544 546/546/546
f 542/542/542 546/546/546 543/543/543
f 530/530/530 602/602/602 545/545/545
f 530/530/530 545/545/545 544/544/544
f 544/544/544 545/545/545 547/547/547
f 544/544/544 547/547/547 546/546/546
f 543/543/543 546/546/546 548/548/548
f 543/543/543 548/548/548 552/552/552
f 546/546/546 547/547/547 549/549/549
f 546/546/546 549/549/549 548/548/548
f 548/548/548 549/549/549 601/601/601
f 548/548/548 601/601/601 550/550/550
f 552/552/552 548/548/548 550/550/550
f 552/552/552 550/550/550 553/553/553
f 551/551/551 554/554/554 540/540/540
f 551/551/551 540/540/540 543/543/543
f 553/553/553 555/555/555 554/554/554
f 553/553/553 554/554/554 551/551/551
f 555/555/555 557/557/557 556/556/556
f 555/555/555 556/556/556 554/554/554
f 554/554/554 556/556/556 538/538/538
f 554/554/554 538/538/538 540/540/540
f 560/560/560 558/558/558 557/557/557
f 560/560/560 557/557/557 555/555/555
f 561/561/561 559/559/559 558/558/558
f 561/561/561 558/558/558 560/560/560
f 565/565/565 561/561/561 560/560/560
f 565/565/565 560/560/560 562/562/562
f 562/562/562 560/560/560 555/555/555
f 562/562/562 555/555/555 553/553/553
f 553/553/553 550/550/550 566/566/566
f 553/553/553 566/566/566 563/563/563
f 563/563/563 566/566/566 568/568/568
f 563/563/563 568/568/568 564/564/564
f 550/550/550 601/601/601 567/567/567
f 550/550/550 567/567/567 566/566/566
f 566/566/566 567/567/567 569/569/569
f 566/566/566 569/569/569 568/568/568
f 564/564/564 568/568/568 570/570/570
f 564/564/564 570/570/570 573/573/573
f 568/568/568 569/569/569 571/571/571
f 568/568/568 571/571/571 570/570/570
f 570/570/570 571/571/571 600/600/600
f 570/570/570 600/600/600 572/572/572
f 573/573/573 570/570/570 572/572/572
f 573/573/573 572/572/572 574/574/574
f 573/573/573 575/575/575 561/561/561
f 573/573/573 561/561/561 565/565/565
f 574/574/574 576/576/576 575/575/575
f 574/574/574 575/575/575 573/573/573
f 576/576/576 578/578/578 577/577/577
f 576/576/576 577/577/577 575/575/575
f 575/575/575 577/577/577 559/559/559
f 575/575/575 559/559/559 561/561/561
f 581/581/581 579/579/579 578/578/578
f 581/581/581 578/578/578 576/576/576
f 582/582/582 580/580/580 579/579/579
f 582/582/582 579/579/579 581/581/581
f 584/584/584 582/582/582 581/581/581
f 584/584/584 581/581/581 583/583/583
f 583/583/583 581/581/581 576/576/576
f 583/583/583 576/576/576 574/574/574
f 574/574/574 572/572/572 586/586/586
f 574/574/574 586/586/586 583/583/583
f 583/583/583 586/586/586 588/588/588
f 583/583/583 588/588/588 585/585/585
f 572/572/572 600/600/600 587/587/587
f 572/572/572 587/587/587 586/586/586
f 586/586/586 587/587/587 589/589/589
f 586/586/586 589/589/589 588/588/588
f 585/585/585 588/588/588 590/590/590
f 585/585/585 590/590/590 593/593/593
f 588/588/588 589/589/589 591/591/591
f 588/588/588 591/591/591 590/590/590
f 590/590/590 591/591/591 599/599/599
f 590/590/590 599/599/599 592/592/592
f 593/593/593 590/590/590 592/592/592
f 593/593/593 592/592/592 594/594/594
f 593/593/593 595/595/595 582/582/582
f 593/593/593 582/582/582 584/584/584
f 594/594/594 596/596/596 595/595/595
f 594/594/594 595/595/595 593/593/593
f 596/596/596 598/598/598 597/597/597
f 596/596/596 597/597/597 595/595/595
f 595/595/595 597/597/597 580/580/580
f 595/595/595 580/580/580 582/582/582
f 607/607/607 605/605/605 604/604/604
f 607/607/607 604/604/604 503/503/503
f 488/488/488 606/606/606 605/605/605
f 488/488/488 605/605/605 607/607/607
f 486/486/486 607/607/607 503/503/503
f 486/486/486 503/503/503 500/500/500
f 608/608/608 610/610/610 612/612/612
f 608/608/608 612/612/612 609/609/609
f 610/610/610 611/611/611 613/613/613
f 610/610/610 613/613/613 612/612/612
f 612/612/612 613/613/613 615/615/615
f 612/612/612 615/615/615 614/614/614
f 609/609/609 612/612/612 614/614/614
f 609/609/609 614/614/614 616/616/616
f 614/614/614 615/615/615 618/618/618
f 614/614/614 618/618/618 617/617/617
f 616/616/616 614/614/614 617/617/617
f 616/616/616 617/617/617 620/620/620
f 617/617/617 618/618/618 684/684/684
f 617/617/617 684/684/684 619/619/619
f 620/620/620 617/617/617 619/619/619
f 620/620/620 619/619/619 621/621/621
f 621/621/621 619/619/619 624/624/624
f 621/621/621 624/624/624 622/622/622
f 622/622/622 624/624/624 626/626/626
f 622/622/622 626/626/626 623/623/623
f 619/619/619 684/684/684 625/625/625
f 619/619/619 625/625/625 624/624/624
f 624/624/624 625/625/625 627/627/627
f 624/624/624 627/627/627 626/626/626
f 626/626/626 627/627/627 629/629/629
f 626/626/626 629/629/629 628/628/628
f 623/623/623 626/626/626 628/628/628
f 623/623/623 628/628/628 631/631/631
f 628/628/628 629/629/629 675/675/675
f 628/628/628 675/675/675 630/630/630
f 631/631/631 628/628/628 630/630/630
f 631/631/631 630/630/630 632/632/632
f 632/632/632 630/630/630 635/635/635
f 632/632/632 635/635/635 633/633/633
f 633/633/633 635/635/635 637/637/637
f 633/633/633 637/637/637 634/634/634
f 630/630/630 675/675/675 636/636/636
f 630/630/630 636/636/636 635/635/635
f 635/635/635 636/636/636 638/638/638
f 635/635/635 638/638/638 637/637/637
f 637/637/637 638/638/638 640/640/640
f 637/637/637 640/640/640 639/639/639
f 634/634/634 637/637/637 639/639/639
f 634/634/634 639/639/639 642/642/642
f 639/639/639 640/640/640 666/666/666
f 639/639/639 666/666/666 641/641/641
f 642/642/642 639/639/639 641/641/641
f 642/642/642 641/641/641 643/643/643
f 643/643/643 641/641/641 646/646/646
f 643/643/643 646/646/646 644/644/644
f 644/644/644 646/646/646 648/648/648
f 644/644/644 648/648/648 645/645/645
f 641/641/641 666/666/666 647/647/647
f 641/641/641 647/647/647 646/646/646
f 646/646/646 647/647/647 649/649/649
f 646/646/646 649/649/649 648/648/648
f 648/648/648 649/649/649 651/651/651
f 648/648/648 651/651/651 650/650/650
f 645/645/645 648/648/648 653/653/653
f 648/648/648 650/650/650 653/653/653
f 650/650/650 651/651/651 655/655/655
f 650/650/650 655/655/655 652/652/652
f 653/653/653 650/650/650 652/652/652
f 653/653/653 652/652/652 654/654/654
f 651/651/651 658/658/658 656/656/656
f 651/651/651 656/656/656 655/655/655
f 658/658/658 660/660/660 657/657/657
f 658/658/658 657/657/657 656/656/656
f 659/659/659 661/661/661 660/660/660
f 659/659/659 660/660/660 658/658/658
f 649/649/649 659/659/659 658/658/658
f 649/649/649 658/658/658 651/651/651
f 664/664/664 662/662/662 661/661/661
f 664/664/664 661/661/661 659/659/659
f 665/665/665 663/663/663 662/662/662
f 665/665/665 662/662/662 664/664/664
f 666/666/666 665/665/665 664/664/664
f 666/666/666 664/664/664 647/647/647
f 647/647/647 664/664/664 659/659/659
f 647/647/647 659/659/659 649/649/649
f 667/667/667 669/669/669 663/663/663
f 667/667/667 663/663/663 665/665/665
f 640/640/640 667/667/667 665/665/665
f 640/640/640 665/665/665 666/666/666
f 668/668/668 670/670/670 669/669/669
f 668/668/668 669/669/669 667/667/667
f 638/638/638 668/668/668 667/667/667
f 638/638/638 667/667/667 640/640/640
f 673/673/673 671/671/671 670/670/670
f 673/673/673 670/670/670 668/668/668
f 674/674/674 672/672/672 671/671/671
f 674/674/674 671/671/671 673/673/673
f 675/675/675 674/674/674 673/673/673
f 675/675/675 673/673/673 636/636/636
f 636/636/636 673/673/673 668/668/668
f 636/636/636 668/668/668 638/638/638
f 676/676/676 678/678/678 672/672/672
f 676/676/676 672/672/672 674/674/674
f 629/629/629 676/676/676 674/674/674
f 629/629/629 674/674/674 675/675/675
f 677/677/677 679/679/679 678/678/678
f 677/677/677 678/678/678 676/676/676
f 627/627/627 677/677/677 676/676/676
f 627/627/627 676/676/676 629/629/629
f 682/682/682 680/680/680 679/679/679
f 682/682/682 679/679/679 677/677/677
f 683/683/683 681/681/681 680/680/680
f 683/683/683 680/680/680 682/682/682
f 684/684/684 683/683/683 682/682/682
f 684/684/684 682/682/682 625/625/625
f 625/625/625 682/682/682 677/677/677
f 625/625/625 677/677/677 627/627/627
f 685/685/685 687/687/687 681/681/681
f 685/685/685 681/681/681 683/683/683
f 618/618/618 685/685/685 683/683/683
f 618/618/618 683/683/683 684/684/684
f 686/686/686 688/688/688 687/687/687
f 686/686/686 687/687/687 685/685/685
f 615/615/615 686/686/686 685/685/685
f 615/615/615 685/685/685 618/618/618
f 691/691/691 689/689/689 688/688/688
f 691/691/691 688/688/688 686/686/686
f 692/692/692 690/690/690 689/689/689
f 692/692/692 689/689/689 691/691/691
f 611/611/611 692/692/692 691/691/691
f 611/611/611 691/691/691 613/613/613
f 613/613/613 691/691/691 686/686/686
f 613/613/613 686/686/686 615/615/615
f 693/693/693 695/695/695 697/697/697
f 693/693/693 697/697/697 694/694/694
f 695/695/695 696/696/696 698/698/698
f 695/695/695 698/698/698 697/697/697
f 697/697/697 698/698/698 700/700/700
f 697/697/697 700/700/700 699/699/699
f 694/694/694 697/697/697 699/699/699
f 694/694/694 699/699/699 701/701/701
f 699/699/699 700/700/700 703/703/703
f 699/699/699 703/703/703 702/702/702
f 701/701/701 699/699/699 702/702/702
f 701/701/701 702/702/702 705/705/705
f 702/702/702 703/703/703 769/769/769
f 702/702/702 769/769/769 704/704/704
f 705/705/705 702/702/702 704/704/704
f 705/705/705 704/704/704 706/706/706
f 706/706/706 704/704/704 709/709/709
f 706/706/706 709/709/709 707/707/707
f 707/707/707 709/709/709 711/711/711
f 707/707/707 711/711/711 708/708/708
f 704/704/704 769/769/769 710/710/710
f 704/704/704 710/710/710 709/709/709
f 709/709/709 710/710/710 712/712/712
f 709/709/709 712/712/712 711/711/711
f 711/711/711 712/712/712 714/714/714
f 711/711/711 714/714/714 713/713/713
f 708/708/708 711/711/711 713/713/713
f 708/708/708 713/713/713 716/716/716
f 713/713/713 714/714/714 760/760/760
f 713/713/713 760/760/760 715/715/715
f 716/716/716 713/713/713 715/715/715
f 716/716/716 715/715/715 717/717/717
f 717/717/717 715/715/715 720/720/720
f 717/717/717 720/720/720 718/718/718
f 718/718/718 720/720/720 722/722/722
f 718/718/718 722/722/722 719/719/719
f 715/715/715 760/760/760 721/721/721
f 715/715/715 721/721/721 720/720/720
f 720/720/720 721/721/721 723/723/723
f 720/720/720 723/723/723 722/722/722
f 722/722/722 723/723/723 725/725/725
f 722/722/722 725/725/725 724/724/724
f 719/719/719 722/722/722 724/724/724
f 719/719/719 724/724/724 727/727/727
f 724/724/724 725/725/725 751/751/751
f 724/724/724 751/751/751 726/726/726
f 727/727/727 724/724/724 726/726/726
f 727/727/727 726/726/726 728/728/728
f 728/728/728 726/726/726 731/731/731
f 728/728/728 731/731/731 729/729/729
f 729/729/729 731/731/731 733/733/733
f 729/729/729 733/733/733 730/730/730
f 726/726/726 751/751/751 732/732/732
f 726/726/726 732/732/732 731/731/731
f 731/731/731 732/732/732 734/734/734
f 731/731/731 734/734/734 733/733/733
f 733/733/733 734/734/734 736/736/736
f 733/733/733 736/736/736 735/735/735
f 730/730/730 733/733/733 735/735/735
f 730/730/730 735/735/735 738/738/738
f 735/735/735 736/736/736 740/740/740
f 735/735/735 740/740/740 737/737/737
f 738/738/738 735/735/735 737/737/737
f 738/738/738 737/737/737 739/739/739
f 736/736/736 743/743/743 741/741/741
f 736/736/736 741/741/741 740/740/740
f 743/743/743 745/745/745 742/742/742
f 743/743/743 742/742/742 741/741/741
f 744/744/744 746/746/746 745/745/745
f 744/744/744 745/745/745 743/743/743
f 734/734/734 744/744/744 743/743/743
f 734/734/734 743/743/743 736/736/736
f 749/749/749 747/747/747 746/746/746
f 749/749/749 746/746/746 744/744/744
f 750/750/750 748/748/748 747/747/747
f 750/750/750 747/747/747 749/749/749
f 751/751/751 750/750/750 749/749/749
f 751/751/751 749/749/749 732/732/732
f 732/732/732 749/749/749 744/744/744
f 732/732/732 744/744/744 734/734/734
f 752/752/752 754/754/754 748/748/748
f 752/752/752 748/748/748 750/750/750
f 725/725/725 752/752/752 750/750/750
f 725/725/725 750/750/750 751/751/751
f 753/753/753 755/755/755 754/754/754
f 753/753/753 754/754/754 752/752/752
f 723/723/723 753/753/753 752/752/752
f 723/723/723 752/752/752 725/725/725
f 758/758/758 756/756/756 755/755/755
f 758/758/758 755/755/755 753/753/753
f 759/759/759 757/757/757 756/756/756
f 759/759/759 756/756/756 758/758/758
f 760/760/760 759/759/759 758/758/758
f 760/760/760 758/758/758 721/721/721
f 721/721/721 758/758/758 753/753/753
f 721/721/721 753/753/753 723/723/723
f 761/761/761 763/763/763 757/757/757
f 761/761/761 757/757/757 759/759/759
f 714/714/714 761/761/761 759/759/759
f 714/714/714 759/759/759 760/760/760
f 762/762/762 764/764/764 763/763/763
f 762/762/762 763/763/763 761/761/761
f 712/712/712 762/762/762 761/761/761
f 712/712/712 761/761/761 714/714/714
f 767/767/767 765/765/765 764/764/764
f 767/767/767 764/764/764 762/762/762
f 768/768/768 766/766/766 765/765/765
f 768/768/768 765/765/765 767/767/767
f 769/769/769 768/768/768 767/767/767
f 769/769/769 767/767/767 710/710/710
f 710/710/710 767/767/767 762/762/762
f 710/710/710 762/762/762 712/712/712
f 770/770/770 772/772/772 766/766/766
f 770/770/770 766/766/766 768/768/768
f 703/703/703 770/770/770 768/768/768
f 703/703/703 768/768/768 769/769/769
f 771/771/771 773/773/773 772/772/772
f 771/771/771 772/772/772 770/770/770
f 700/700/700 771/771/771 770/770/770
f 700/700/700 770/770/770 703/703/703
f 776/776/776 774/774/774 773/773/773
f 776/776/776 773/773/773 771/771/771
f 777/777/777 775/775/775 774/774/774
f 777/777/777 774/774/774 776/776/776
f 696/696/696 777/777/777 776/776/776
f 696/696/696 776/776/776 698/698/698
f 698/698/698 776/776/776 771/771/771
f 698/698/698 771/771/771 700/700/700
f 778/778/778 780/780/780 782/782/782
f 778/778/778 782/782/782 779/779/779
f 780/780/780 781/781/781 783/783/783
f 780/780/780 783/783/783 782/782/782
f 782/782/782 783/783/783 785/785/785
f 782/782/782 785/785/785 784/784/784
f 779/779/779 782/782/782 784/784/784
f 779/779/779 784/784/784 786/786/786
f 784/784/784 785/785/785 788/788/788
f 784/784/784 788/788/788 787/787/787
f 786/786/786 784/784/784 787/787/787
f 786/786/786 787/787/787 790/790/790
f 787/787/787 788/788/788 854/854/854
f 787/787/787 854/854/854 789/789/789
f 790/790/790 787/787/787 789/789/789
f 790/790/790 789/789/789 791/791/791
f 791/791/791 789/789/789 794/794/794
f 791/791/791 794/794/794 792/792/792
f 792/792/792 794/794/794 796/796/796
f 792/792/792 796/796/796 793/793/793
f 789/789/789 854/854/854 795/795/795
f 789/789/789 795/795/795 794/794/794
f 794/794/794 795/795/795 797/797/797
f 794/794/794 797/797/797 796/796/796
f 796/796/796 797/797/797 799/799/799
f 796/796/796 799/799/799 798/798/798
f 793/793/793 796/796/796 798/798/798
f 793/793/793 798/798/798 801/801/801
f 798/798/798 799/799/799 845/845/845
f 798/798/798 845/845/845 800/800/800
f 801/801/801 798/798/798 800/800/800
f 801/801/801 800/800/800 802/802/802
f 802/802/802 800/800/800 805/805/805
f 802/802/802 805/805/805 803/803/803
f 803/803/803 805/805/805 807/807/807
f 803/803/803 807/807/807 804/804/804
f 800/800/800 845/845/845 806/806/806
f 800/800/800 806/806/806 805/805/805
f 805/805/805 806/806/806 808/808/808
f 805/805/805 808/808/808 807/807/807
f 807/807/807 808/808/808 810/810/810
f 807/807/807 810/810/810 809/809/809
f 804/804/804 807/807/807 809/809/809
f 804/804/804 809/809/809 812/812/812
f 809/809/809 810/810/810 836/836/836
f 809/809/809 836/836/836 811/811/811
f 812/812/812 809/809/809 811/811/811
f 812/812/812 811/811/811 813/813/813
f 813/813/813 811/811/811 816/816/816
f 813/813/813 816/816/816 814/814/814
f 814/814/814 816/816/816 818/818/818
f 814/814/814 818/818/818 815/815/815
f 811/811/811 836/836/836 817/817/817
f 811/811/811 817/817/817 816/816/816
f 816/816/816 817/817/817 819/819/819
f 816/816/816 819/819/819 818/818/818
f 818/818/818 819/819/819 821/821/821
f 818/818/818 821/821/821 820/820/820
f 815/815/815 818/818/818 820/820/820
f 815/815/815 820/820/820 823/823/823
f 820/820/820 821/821/821 825/825/825
f 820/820/820 825/825/825 822/822/822
f 823/823/823 820/820/820 822/822/822
f 823/823/823 822/822/822 824/824/824
f 821/821/821 828/828/828 826/826/826
f 821/821/821 826/826/826 825/825/825
f 828/828/828 830/830/830 827/827/827
f 828/828/828 827/827/827 826/826/826
f 829/829/829 831/831/831 830/830/830
f 829/829/829 830/830/830 828/828/828
f 819/819/819 829/829/829 828/828/828
f 819/819/819 828/828/828 821/821/821
f 834/834/834 832/832/832 831/831/831
f 834/834/834 831/831/831 829/829/829
f 835/835/835 833/833/833 832/832/832
f 835/835/835 832/832/832 834/834/834
f 836/836/836 835/835/835 834/834/834
f 836/836/836 834/834/834 817/817/817
f 817/817/817 834/834/834 829/829/829
f 817/817/817 829/829/829 819/819/819
f 837/837/837 839/839/839 833/833/833
f 837/837/837 833/833/833 835/835/835
f 810/810/810 837/837/837 835/835/835
f 810/810/810 835/835/835 836/836/836
f 838/838/838 840/840/840 839/839/839
f 838/838/838 839/839/839 837/837/837
f 808/808/808 838/838/838 837/837/837
f 808/808/808 837/837/837 810/810/810
f 843/843/843 841/841/841 840/840/840
f 843/843/843 840/840/840 838/838/838
f 844/844/844 842/842/842 841/841/841
f 844/844/844 841/841/841 843/843/843
f 845/845/845 844/844/844 843/843/843
f 845/845/845 843/843/843 806/806/806
f 806/806/806 843/843/843 838/838/838
f 806/806/806 838/838/838 808/808/808
f 846/846/846 848/848/848 842/842/842
f 846/846/846 842/842/842 844/844/844
f 799/799/799 846/846/846 844/844/844
f 799/799/799 844/844/844 845/845/845
f 847/847/847 849/849/849 848/848/848
f 847/847/847 848/848/848 846/846/846
f 797/797/797 847/847/847 846/846/846
f 797/797/797 846/846/846 799/799/799
f 852/852/852 850/850/850 849/849/849
f 852/852/852 849/849/849 847/847/847
f 853/853/853 851/851/851 850/850/850
f 853/853/853 850/850/850 852/852/852
f 854/854/854 853/853/853 852/852/852
f 854/854/854 852/852/852 795/795/795
f 795/795/795 852/852/852 847/847/847
f 795/795/795 847/847/847 797/797/797
f 855/855/855 857/857/857 851/851/851
f 855/855/855 851/851/851 853/853/853
f 788/788/788 855/855/855 853/853/853
f 788/788/788 853/853/853 854/854/854
f 856/856/856 858/858/858 857/857/857
f 856/856/856 857/857/857 855/855/855
f 785/785/785 856/856/856 855/855/855
f 785/785/785 855/855/855 788/788/788
f 861/861/861 859/859/859 858/858/858
f 861/861/861 858/858/858 856/856/856
f 862/862/862 860/860/860 859/859/859
f 862/862/862 859/859/859 861/861/861
f 781/781/781 862/862/862 861/861/861
f 781/781/781 861/861/861 783/783/783
f 783/783/783 861/861/861 856/856/856
f 783/783/783 856/856/856 785/785/785
f 864/864/864 868/868/868 866/866/866
f 864/864/864 866/866/866 863/863/863
f 863/863/863 865/865/865 965/965/965
f 863/863/863 965/965/965 864/864/864
f 868/868/868 870/870/870 867/867/867
f 868/868/868 867/867/867 866/866/866
f 869/869/869 871/871/871 870/870/870
f 869/869/869 870/870/870 868/868/868
f 877/877/877 869/869/869 868/868/868
f 877/877/877 868/868/868 864/864/864
f 874/874/874 872/872/872 871/871/871
f 874/874/874 871/871/871 869/869/869
f 875/875/875 873/873/873 872/872/872
f 875/875/875 872/872/872 874/874/874
f 878/878/878 875/875/875 874/874/874
f 878/878/878 874/874/874 876/876/876
f 876/876/876 874/874/874 869/869/869
f 876/876/876 869/869/869 877/877/877
f 877/877/877 880/880/880 879/879/879
f 877/877/877 879/879/879 876/876/876
f 876/876/876 879/879/879 882/882/882
f 876/876/876 882/882/882 878/878/878
f 880/880/880 962/962/962 881/881/881
f 880/880/880 881/881/881 879/879/879
f 879/879/879 881/881/881 883/883/883
f 879/879/879 883/883/883 882/882/882
f 878/878/878 882/882/882 884/884/884
f 878/878/878 884/884/884 888/888/888
f 882/882/882 883/883/883 885/885/885
f 882/882/882 885/885/885 884/884/884
f 884/884/884 885/885/885 961/961/961
f 884/884/884 961/961/961 886/886/886
f 888/888/888 884/884/884 886/886/886
f 888/888/888 886/886/886 889/889/889
f 887/887/887 891/891/891 875/875/875
f 887/887/887 875/875/875 878/878/878
f 890/890/890 892/892/892 891/891/891
f 890/890/890 891/891/891 887/887/887
f 892/892/892 894/894/894 893/893/893
f 892/892/892 893/893/893 891/891/891
f 891/891/891 893/893/893 873/873/873
f 891/891/891 873/873/873 875/875/875
f 897/897/897 895/895/895 894/894/894
f 897/897/897 894/894/894 892/892/892
f 898/898/898 896/896/896 895/895/895
f 898/898/898 895/895/895 897/897/897
f 902/902/902 898/898/898 897/897/897
f 902/902/902 897/897/897 900/900/900
f 900/900/900 897/897/897 892/892/892
f 900/900/900 892/892/892 890/890/890
f 889/889/889 886/886/886 903/903/903
f 889/889/889 903/903/903 899/899/899
f 899/899/899 903/903/903 905/905/905
f 899/899/899 905/905/905 901/901/901
f 886/886/886 961/961/961 904/904/904
f 886/886/886 904/904/904 903/903/903
f 903/903/903 904/904/904 906/906/906
f 903/903/903 906/906/906 905/905/905
f 905/905/905 906/906/906 908/908/908
f 905/905/905 908/908/908 907/907/907
f 901/901/901 905/905/905 907/907/907
f 901/901/901 907/907/907 910/910/910
f 907/907/907 908/908/908 960/960/960
f 907/907/907 960/960/960 909/909/909
f 910/910/910 907/907/907 909/909/909
f 910/910/910 909/909/909 912/912/912
f 911/911/911 913/913/913 898/898/898
f 911/911/911 898/898/898 902/902/902
f 912/912/912 914/914/914 913/913/913
f 912/912/912 913/913/913 911/911/911
f 914/914/914 916/916/916 915/915/915
f 914/914/914 915/915/915 913/913/913
f 913/913/913 915/915/915 896/896/896
f 913/913/913 896/896/896 898/898/898
f 919/919/919 917/917/917 916/916/916
f 919/919/919 916/916/916 914/914/914
f 920/920/920 918/918/918 917/917/917
f 920/920/920 917/917/917 919/919/919
f 923/923/923 920/920/920 919/919/919
f 923/923/923 919/919/919 921/921/921
f 921/921/921 919/919/919 914/914/914
f 921/921/921 914/914/914 912/912/912
f 912/912/912 909/909/909 924/924/924
f 912/912/912 924/924/924 921/921/921
f 921/921/921 924/924/924 926/926/926
f 921/921/921 926/926/926 922/922/922
f 909/909/909 960/960/960 925/925/925
f 909/909/909 925/925/925 924/924/924
f 924/924/924 925/925/925 927/927/927
f 924/924/924 927/927/927 926/926/926
f 922/922/922 926/926/926 928/928/928
f 922/922/922 928/928/928 931/931/931
f 926/926/926 927/927/927 929/929/929
f 926/926/926 929/929/929 928/928/928
f 928/928/928 929/929/929 959/959/959
f 928/928/928 959/959/959 930/930/930
f 931/931/931 928/928/928 930/930/930
f 931/931/931 930/930/930 932/932/932
f 931/931/931 933/933/933 920/920/920
f 931/931/931 920/920/920 923/923/923
f 932/932/932 934/934/934 933/933/933
f 932/932/932 933/933/933 931/931/931
f 934/934/934 936/936/936 935/935/935
f 934/934/934 935/935/935 933/933/933
f 933/933/933 935/935/935 918/918/918
f 933/933/933 918/918/918 920/920/920
f 939/939/939 937/937/937 936/936/936
f 939/939/939 936/936/936 934/934/934
f 940/940/940 938/938/938 937/937/937
f 940/940/940 937/937/937 939/939/939
f 943/943/943 940/940/940 939/939/939
f 943/943/943 939/939/939 941/941/941
f 941/941/941 939/939/939 934/934/934
f 941/941/941 934/934/934 932/932/932
f 932/932/932 930/930/930 944/944/944
f 932/932/932 944/944/944 942/942/942
f 942/942/942 944/944/944 946/946/946
f 942/942/942 946/946/946 943/943/943
f 930/930/930 959/959/959 945/945/945
f 930/930/930 945/945/945 944/944/944
f 944/944/944 945/945/945 947/947/947
f 944/944/944 947/947/947 946/946/946
f 943/943/943 946/946/946 948/948/948
f 943/943/943 948/948/948 951/951/951
f 946/946/946 947/947/947 949/949/949
f 946/946/946 949/949/949 948/948/948
f 948/948/948 949/949/949 958/958/958
f 948/948/948 958/958/958 950/950/950
f 951/951/951 948/948/948 950/950/950
f 951/951/951 950/950/950 953/953/953
f 952/952/952 954/954/954 940/940/940
f 952/952/952 940/940/940 943/943/943
f 953/953/953 955/955/955 954/954/954
f 953/953/953 954/954/954 952/952/952
f 955/955/955 957/957/957 956/956/956
f 955/955/955 956/956/956 954/954/954
f 954/954/954 956/956/956 938/938/938
f 954/954/954 938/938/938 940/940/940
f 965/965/965 963/963/963 962/962/962
f 965/965/965 962/962/962 880/880/880
f 865/865/865 964/964/964 963/963/963
f 865/865/865 963/963/963 965/965/965
f 864/864/864 965/965/965 880/880/880
f 864/864/864 880/880/880 877/877/877
f 967/967/967 971/971/971 969/969/969
f 967/967/967 969/969/969 966/966/966
f 966/966/966 968/968/968 1068/1068/1068
f 966/966/966 1068/1068/1068 967/967/967
f 971/971/971 973/973/973 970/970/970
f 971/971/971 970/970/970 969/969/969
f 972/972/972 974/974/974 973/973/973
f 972/972/972 973/973/973 971/971/971
f 980/980/980 972/972/972 971/971/971
f 980/980/980 971/971/971 967/967/967
f 977/977/977 975/975/975 974/974/974
f 977/977/977 974/974/974 972/972/972
f 978/978/978 976/976/976 975/975/975
f 978/978/978 975/975/975 977/977/977
f 981/981/981 978/978/978 977/977/977
f 981/981/981 977/977/977 979/979/979
f 979/979/979 977/977/977 972/972/972
f 979/979/979 972/972/972 980/980/980
f 980/980/980 983/983/983 982/982/982
f 980/980/980 982/982/982 979/979/979
f 979/979/979 982/982/982 985/985/985
f 979/979/979 985/985/985 981/981/981
f 983/983/983 1065/1065/1065 984/984/984
f 983/983/983 984/984/984 982/982/982
f 982/982/982 984/984/984 986/986/986
f 982/982/982 986/986/986 985/985/985
f 981/981/981 985/985/985 987/987/987
f 981/981/981 987/987/987 991/991/991
f 985/985/985 986/986/986 988/988/988
f 985/985/985 988/988/988 987/987/987
f 987/987/987 988/988/988 1064/1064/1064
f 987/987/987 1064/1064/1064 989/989/989
f 991/991/991 987/987/987 989/989/989
f 991/991/991 989/989/989 992/992/992
f 990/990/990 994/994/994 978/978/978
f 990/990/990 978/978/978 981/981/981
f 993/993/993 995/995/995 994/994/994
f 993/993/993 994/994/994 990/990/990
f 995/995/995 997/997/997 996/996/996
f 995/995/995 996/996/996 994/994/994
f 994/994/994 996/996/996 976/976/976
f 994/994/994 976/976/976 978/978/978
f 1000/1000/1000 998/998/998 997/997/997
f 1000/1000/1000 997/997/997 995/995/995
f 1001/1001/1001 999/999/999 998/998/998
f 1001/1001/1001 998/998/998 1000/1000/1000
f 1005/1005/1005 1001/1001/1001 1000/1000/1000
f 1005/1005/1005 1000/1000/1000 1003/1003/1003
f 1003/1003/1003 1000/1000/1000 995/995/995
f 1003/1003/1003 995/995/995 993/993/993
f 992/992/992 989/989/989 1006/1006/1006
f 992/992/992 1006/1006/1006 1002/1002/1002
f 1002/1002/1002 1006/1006/1006 1008/1008/1008
f 1002/1002/1002 1008/1008/1008 1004/1004/1004
f 989/989/989 1064/1064/1064 1007/1007/1007
f 989/989/989 1007/1007/1007 1006/1006/1006
f 1006/1006/1006 1007/1007/1007 1009/1009/1009
f 1006/1006/1006 1009/1009/1009 1008/1008/1008
f 1008/1008/1008 1009/1009/1009 1011/1011/1011
f 1008/1008/1008 1011/1011/1011 1010/1010/1010
f 1004/1004/1004 1008/1008/1008 1010/1010/1010
f 1004/1004/1004 1010/1010/1010 1013/1013/1013
f 1010/1010/1010 1011/1011/1011 1063/1063/1063
f 1010/1010/1010 1063/1063/1063 1012/1012/1012
f 1013/1013/1013 1010/1010/1010 1012/1012/1012
f 1013/1013/1013 1012/1012/1012 1015/1015/1015
f 1014/1014/1014 1016/1016/1016 1001/1001/1001
f 1014/1014/1014 1001/1001/1001 1005/1005/1005
f 1015/1015/1015 1017/1017/1017 1016/1016/1016
f 1015/1015/1015 1016/1016/1016 1014/1014/1014
f 1017/1017/1017 1019/1019/1019 1018/1018/1018
f 1017/1017/1017 1018/1018/1018 1016/1016/1016
f 1016/1016/1016 1018/1018/1018 999/999/999
f 1016/1016/1016 999/999/999 1001/1001/1001
f 1022/1022/1022 1020/1020/1020 1019/1019/1019
f 1022/1022/1022 1019/1019/1019 1017/1017/1017
f 1023/1023/1023 1021/1021/1021 1020/1020/1020
f 1023/1023/1023 1020/1020/1020 1022/1022/1022
f 1026/1026/1026 1023/1023/1023 1022/1022/1022
f 1026/1026/1026 1022/1022/1022 1024/1024/1024
f 1024/1024/1024 1022/1022/1022 1017/1017/1017
f 1024/1024/1024 1017/1017/1017 1015/1015/1015
f 1015/1015/1015 1012/1012/1012 1027/1027/1027
f 1015/1015/1015 1027/1027/1027 1024/1024/1024
f 1024/1024/1024 1027/1027/1027 1029/1029/1029
f 1024/1024/1024 1029/1029/1029 1025/1025/1025
f 1012/1012/1012 1063/1063/1063 1028/1028/1028
f 1012/1012/1012 1028/1028/1028 1027/1027/1027
f 1027/1027/1027 1028/1028/1028 1030/1030/1030
f 1027/1027/1027 1030/1030/1030 1029/1029/1029
f 1025/1025/1025 1029/1029/1029 1031/1031/1031
f 1025/1025/1025 1031/1031/1031 1034/1034/1034
f 1029/1029/1029 1030/1030/1030 1032/1032/1032
f 1029/1029/1029 1032/1032/1032 1031/1031/1031
f 1031/1031/1031 1032/1032/1032 1062/1062/1062
f 1031/1031/1031 1062/1062/1062 1033/1033/1033
f 1034/1034/1034 1031/1031/1031 1033/1033/1033
f 1034/1034/1034 1033/1033/1033 1035/1035/1035
f 1034/1034/1034 1036/1036/1036 1023/1023/1023
f 1034/1034/1034 1023/1023/1023 1026/1026/1026
f 1035/1035/1035 1037/1037/1037 1036/1036/1036
f 1035/1035/1035 1036/1036/1036 1034/1034/1034
f 1037/1037/1037 1039/1039/1039 1038/1038/1038
f 1037/1037/1037 1038/1038/1038 1036/1036/1036
f 1036/1036/1036 1038/1038/1038 1021/1021/1021
f 1036/1036/1036 1021/1021/1021 1023/1023/1023
f 1042/1042/1042 1040/1040/1040 1039/1039/1039
f 1042/1042/1042 1039/1039/1039 1037/1037/1037
f 1043/1043/1043 1041/1041/1041 1040/1040/1040
f 1043/1043/1043 1040/1040/1040 1042/1042/1042
f 1046/1046/1046 1043/1043/1043 1042/1042/1042
f 1046/1046/1046 1042/1042/1042 1044/1044/1044
f 1044/1044/1044 1042/1042/1042 1037/1037/1037
f 1044/1044/1044 1037/1037/1037 1035/1035/1035
f 1035/1035/1035 1033/1033/1033 1047/1047/1047
f 1035/1035/1035 1047/1047/1047 1045/1045/1045
f 1045/1045/1045 1047/1047/1047 1049/1049/1049
f 1045/1045/1045 1049/1049/1049 1046/1046/1046
f 1033/1033/1033 1062/1062/1062 1048/1048/1048
f 1033/1033/1033 1048/1048/1048 1047/1047/1047
f 1047/1047/1047 1048/1048/1048 1050/1050/1050
f 1047/1047/1047 1050/1050/1050 1049/1049/1049
f 1046/1046/1046 1049/1049/1049 1051/1051/1051
f 1046/1046/1046 1051/1051/1051 1054/1054/1054
f 1049/1049/1049 1050/1050/1050 1052/1052/1052
f 1049/1049/1049 1052/1052/1052 1051/1051/1051
f 1051/1051/1051 1052/1052/1052 1061/1061/1061
f 1051/1051/1051 1061/1061/1061 1053/1053/1053
f 1054/1054/1054 1051/1051/1051 1053/1053/1053
f 1054/1054/1054 1053/1053/1053 1056/1056/1056
f 1055/1055/1055 1057/1057/1057 1043/1043/1043
f 1055/1055/1055 1043/1043/1043 1046/1046/1046
f 1056/1056/1056 1058/1058/1058 1057/1057/1057
f 1056/1056/1056 1057/1057/1057 1055/1055/1055
f 1058/1058/1058 1060/1060/1060 1059/1059/1059
f 1058/1058/1058 1059/1059/1059 1057/1057/1057
f 1057/1057/1057 1059/1059/1059 1041/1041/1041
f 1057/1057/1057 1041/1041/1041 1043/1043/1043
f 1068/1068/1068 1066/1066/1066 1065/1065/1065
f 1068/1068/1068 1065/1065/1065 983/983/983
f 968/968/968 1067/1067/1067 1066/1066/1066
f 968/968/968 1066/1066/1066 1068/1068/1068
f 967/967/967 1068/1068/1068 983/983/983
f 967/967/967 983/983/983 980/980/980
f 1069/1069/1069 1071/1071/1071 1073/1073/1073
f 1069/1069/1069 1073/1073/1073 1070/1070/1070
f 1071/1071/1071 1072/1072/1072 1074/1074/1074
f 1071/1071/1071 1074/1074/1074 1073/1073/1073
f 1073/1073/1073 1074/1074/1074 1076/1076/1076
f 1073/1073/1073 1076/1076/1076 1075/1075/1075
f 1070/1070/1070 1073/1073/1073 1075/1075/1075
f 1070/1070/1070 1075/1075/1075 1077/1077/1077
f 1075/1075/1075 1076/1076/1076 1079/1079/1079
f 1075/1075/1075 1079/1079/1079 1078/1078/1078
f 1077/1077/1077 1075/1075/1075 1078/1078/1078
f 1077/1077/1077 1078/1078/1078 1081/1081/1081
f 1078/1078/1078 1079/1079/1079 1145/1145/1145
f 1078/1078/1078 1145/1145/1145 1080/1080/1080
f 1081/1081/1081 1078/1078/1078 1080/1080/1080
f 1081/1081/1081 1080/1080/1080 1082/1082/1082
f 1082/1082/1082 1080/1080/1080 1085/1085/1085
f 1082/1082/1082 1085/1085/1085 1083/1083/1083
f 1083/1083/1083 1085/1085/1085 1087/1087/1087
f 1083/1083/1083 1087/1087/1087 1084/1084/1084
f 1080/1080/1080 1145/1145/1145 1086/1086/1086
f 1080/1080/1080 1086/1086/1086 1085/1085/1085
f 1085/1085/1085 1086/1086/1086 1088/1088/1088
f 1085/1085/1085 1088/1088/1088 1087/1087/1087
f 1087/1087/1087 1088/1088/1088 1090/1090/1090
f 1087/1087/1087 1090/1090/1090 1089/1089/1089
f 1084/1084/1084 1087/1087/1087 1089/1089/1089
f 1084/1084/1084 1089/1089/1089 1092/1092/1092
f 1089/1089/1089 1090/1090/1090 1136/1136/1136
f 1089/1089/1089 1136/1136/1136 1091/1091/1091
f 1092/1092/1092 1089/1089/1089 1091/1091/1091
f 1092/1092/1092 1091/1091/1091 1093/1093/1093
f 1093/1093/1093 1091/1091/1091 1096/1096/1096
f 1093/1093/1093 1096/1096/1096 1094/1094/1094
f 1094/1094/1094 1096/1096/1096 1098/1098/1098
f 1094/1094/1094 1098/1098/1098 1095/1095/1095
f 1091/1091/1091 1136/1136/1136 1097/1097/1097
f 1091/1091/1091 1097/1097/1097 1096/1096/1096
f 1096/1096/1096 1097/1097/1097 1099/1099/1099
f 1096/1096/1096 1099/1099/1099 1098/1098/1098
f 1098/1098/1098 1099/1099/1099 1101/1101/1101
f 1098/1098/1098 1101/1101/1101 1100/1100/1100
f 1095/1095/1095 1098/1098/1098 1100/1100/1100
f 1095/1095/1095 1100/1100/1100 1103/1103/1103
f 1100/1100/1100 1101/1101/1101 1127/1127/1127
f 1100/1100/1100 1127/1127/1127 1102/1102/1102
f 1103/1103/1103 1100/1100/1100 1102/1102/1102
f 1103/1103/1103 1102/1102/1102 1104/1104/1104
f 1104/1104/1104 1102/1102/1102 1107/1107/1107
f 1104/1104/1104 1107/1107/1107 1105/1105/1105
f 1105/1105/1105 1107/1107/1107 1109/1109/1109
f 1105/1105/1105 1109/1109/1109 1106/1106/1106
f 1102/1102/1102 1127/1127/1127 1108/1108/1108
f 1102/1102/1102 1108/1108/1108 1107/1107/1107
f 1107/1107/1107 1108/1108/1108 1110/1110/1110
f 1107/1107/1107 1110/1110/1110 1109/1109/1109
f 1109/1109/1109 1110/1110/1110 1112/1112/1112
f 1109/1109/1109 1112/1112/1112 1111/1111/1111
f 1106/1106/1106 1109/1109/1109 1114/1114/1114
f 1109/1109/1109 1111/1111/1111 1114/1114/1114
f 1111/1111/1111 1112/1112/1112 1116/1116/1116
f 1111/1111/1111 1116/1116/1116 1113/1113/1113
f 1114/1114/1114 1111/1111/1111 1113/1113/1113
f 1114/1114/1114 1113/1113/1113 1115/1115/1115
f 1112/1112/1112 1119/1119/1119 1117/1117/1117
f 1112/1112/1112 1117/1117/1117 1116/1116/1116
f 1119/1119/1119 1121/1121/1121 1118/1118/1118
f 1119/1119/1119 1118/1118/1118 1117/1117/1117
f 1120/1120/1120 1122/1122/1122 1121/1121/1121
f 1120/1120/1120 1121/1121/1121 1119/1119/1119
f 1110/1110/1110 1120/1120/1120 1119/1119/1119
f 1110/1110/1110 1119/1119/1119 1112/1112/1112
f 1125/1125/1125 1123/1123/1123 1122/1122/1122
f 1125/1125/1125 1122/1122/1122 1120/1120/1120
f 1126/1126/1126 1124/1124/1124 1123/1123/1123
f 1126/1126/1126 1123/1123/1123 1125/1125/1125
f 1127/1127/1127 1126/1126/1126 1125/1125/1125
f 1127/1127/1127 1125/1125/1125 1108/1108/1108
f 1108/1108/1108 1125/1125/1125 1120/1120/1120
f 1108/1108/1108 1120/1120/1120 1110/1110/1110
f 1128/1128/1128 1130/1130/1130 1124/1124/1124
f 1128/1128/1128 1124/1124/1124 1126/1126/1126
f 1101/1101/1101 1128/1128/1128 1126/1126/1126
f 1101/1101/1101 1126/1126/1126 1127/1127/1127
f 1129/1129/1129 1131/1131/1131 1130/1130/1130
f 1129/1129/1129 1130/1130/1130 1128/1128/1128
f 1099/1099/1099 1129/1129/1129 1128/1128/1128
f 1099/1099/1099 1128/1128/1128 1101/1101/1101
f 1134/1134/1134 1132/1132/1132 1131/1131/1131
f 1134/1134/1134 1131/1131/1131 1129/1129/1129
f 1135/1135/1135 1133/1133/1133 1132/1132/1132
f 1135/1135/1135 1132/1132/1132 1134/1134/1134
f 1136/1136/1136 1135/1135/1135 1134/1134/1134
f 1136/1136/1136 1134/1134/1134 1097/1097/1097
f 1097/1097/1097 1134/1134/1134 1129/1129/1129
f 1097/1097/1097 1129/1129/1129 1099/1099/1099
f 1137/1137/1137 1139/1139/1139 1133/1133/1133
f 1137/1137/1137 1133/1133/1133 1135/1135/1135
f 1090/1090/1090 1137/1137/1137 1135/1135/1135
f 1090/1090/1090 1135/1135/1135 1136/1136/1136
f 1138/1138/1138 1140/1140/1140 1139/1139/1139
f 1138/1138/1138 1139/1139/1139 1137/1137/1137
f 1088/1088/1088 1138/1138/1138 1137/1137/1137
f 1088/1088/1088 1137/1137/1137 1090/1090/1090
f 1143/1143/1143 1141/1141/1141 1140/1140/1140
f 1143/1143/1143 1140/1140/1140 1138/1138/1138
f 1144/1144/1144 1142/1142/1142 1141/1141/1141
f 1144/1144/1144 1141/1141/1141 1143/1143/1143
f 1145/1145/1145 1144/1144/1144 1143/1143/1143
f 1145/1145/1145 1143/1143/1143 1086/1086/1086
f 1086/1086/1086 1143/1143/1143 1138/1138/1138
f 1086/1086/1086 1138/1138/1138 1088/1088/1088
f 1146/1146/1146 1148/1148/1148 1142/1142/1142
f 1146/1146/1146 1142/1142/1142 1144/1144/1144
f 1079/1079/1079 1146/1146/1146 1144/1144/1144
f 1079/1079/1079 1144/1144/1144 1145/1145/1145
f 1147/1147/1147 1149/1149/1149 1148/1148/1148
f 1147/1147/1147 1148/1148/1148 1146/1146/1146
f 1076/1076/1076 1147/1147/1147 1146/1146/1146
f 1076/1076/1076 1146/1146/1146 1079/1079/1079
f 1152/1152/1152 1150/1150/1150 1149/1149/1149
f 1152/1152/1152 1149/1149/1149 1147/1147/1147
f 1153/1153/1153 1151/1151/1151 1150/1150/1150
f 1153/1153/1153 1150/1150/1150 1152/1152/1152
f 1072/1072/1072 1153/1153/1153 1152/1152/1152
f 1072/1072/1072 1152/1152/1152 1074/1074/1074
f 1074/1074/1074 1152/1152/1152 1147/1147/1147
f 1074/1074/1074 1147/1147/1147 1076/1076/1076
f 1154/1154/1154 1156/1156/1156 1221/1221/1221
f 1154/1154/1154 1221/1221/1221 1155/1155/1155
f 1155/1155/1155 1159/1159/1159 1157/1157/1157
f 1155/1155/1155 1157/1157/1157 1154/1154/1154
f 1159/1159/1159 1161/1161/1161 1158/1158/1158
f 1159/1159/1159 1158/1158/1158 1157/1157/1157
f 1168/1168/1168 1160/1160/1160 1159/1159/1159
f 1168/1168/1168 1159/1159/1159 1155/1155/1155
f 1160/1160/1160 1162/1162/1162 1161/1161/1161
f 1160/1160/1160 1161/1161/1161 1159/1159/1159
f 1165/1165/1165 1163/1163/1163 1162/1162/1162
f 1165/1165/1165 1162/1162/1162 1160/1160/1160
f 1166/1166/1166 1164/1164/1164 1163/1163/1163
f 1166/1166/1166 1163/1163/1163 1165/1165/1165
f 1170/1170/1170 1166/1166/1166 1165/1165/1165
f 1170/1170/1170 1165/1165/1165 1167/1167/1167
f 1167/1167/1167 1165/1165/1165 1160/1160/1160
f 1167/1167/1167 1160/1160/1160 1168/1168/1168
f 1169/1169/1169 1172/1172/1172 1171/1171/1171
f 1169/1169/1169 1171/1171/1171 1167/1167/1167
f 1167/1167/1167 1171/1171/1171 1174/1174/1174
f 1167/1167/1167 1174/1174/1174 1170/1170/1170
f 1172/1172/1172 1218/1218/1218 1173/1173/1173
f 1172/1172/1172 1173/1173/1173 1171/1171/1171
f 1171/1171/1171 1173/1173/1173 1175/1175/1175
f 1171/1171/1171 1175/1175/1175 1174/1174/1174
f 1174/1174/1174 1175/1175/1175 1177/1177/1177
f 1174/1174/1174 1177/1177/1177 1176/1176/1176
f 1170/1170/1170 1174/1174/1174 1176/1176/1176
f 1170/1170/1170 1176/1176/1176 1179/1179/1179
f 1176/1176/1176 1177/1177/1177 1217/1217/1217
f 1176/1176/1176 1217/1217/1217 1178/1178/1178
f 1179/1179/1179 1176/1176/1176 1178/1178/1178
f 1179/1179/1179 1178/1178/1178 1180/1180/1180
f 1179/1179/1179 1181/1181/1181 1166/1166/1166
f 1179/1179/1179 1166/1166/1166 1170/1170/1170
f 1180/1180/1180 1182/1182/1182 1181/1181/1181
f 1180/1180/1180 1181/1181/1181 1179/1179/1179
f 1182/1182/1182 1184/1184/1184 1183/1183/1183
f 1182/1182/1182 1183/1183/1183 1181/1181/1181
f 1181/1181/1181 1183/1183/1183 1164/1164/1164
f 1181/1181/1181 1164/1164/1164 1166/1166/1166
f 1187/1187/1187 1185/1185/1185 1184/1184/1184
f 1187/1187/1187 1184/1184/1184 1182/1182/1182
f 1188/1188/1188 1186/1186/1186 1185/1185/1185
f 1188/1188/1188 1185/1185/1185 1187/1187/1187
f 1191/1191/1191 1188/1188/1188 1187/1187/1187
f 1191/1191/1191 1187/1187/1187 1189/1189/1189
f 1189/1189/1189 1187/1187/1187 1182/1182/1182
f 1189/1189/1189 1182/1182/1182 1180/1180/1180
f 1180/1180/1180 1178/1178/1178 1192/1192/1192
f 1180/1180/1180 1192/1192/1192 1190/1190/1190
f 1190/1190/1190 1192/1192/1192 1194/1194/1194
f 1190/1190/1190 1194/1194/1194 1191/1191/1191
f 1178/1178/1178 1217/1217/1217 1193/1193/1193
f 1178/1178/1178 1193/1193/1193 1192/1192/1192
f 1192/1192/1192 1193/1193/1193 1195/1195/1195
f 1192/1192/1192 1195/1195/1195 1194/1194/1194
f 1191/1191/1191 1194/1194/1194 1196/1196/1196
f 1191/1191/1191 1196/1196/1196 1199/1199/1199
f 1194/1194/1194 1195/1195/1195 1197/1197/1197
f 1194/1194/1194 1197/1197/1197 1196/1196/1196
f 1196/1196/1196 1197/1197/1197 1216/1216/1216
f 1196/1196/1196 1216/1216/1216 1198/1198/1198
f 1199/1199/1199 1196/1196/1196 1198/1198/1198
f 1199/1199/1199 1198/1198/1198 1201/1201/1201
f 1200/1200/1200 1202/1202/1202 1188/1188/1188
f 1200/1200/1200 1188/1188/1188 1191/1191/1191
f 1201/1201/1201 1203/1203/1203 1202/1202/1202
f 1201/1201/1201 1202/1202/1202 1200/1200/1200
f 1203/1203/1203 1205/1205/1205 1204/1204/1204
f 1203/1203/1203 1204/1204/1204 1202/1202/1202
f 1202/1202/1202 1204/1204/1204 1186/1186/1186
f 1202/1202/1202 1186/1186/1186 1188/1188/1188
f 1208/1208/1208 1206/1206/1206 1205/1205/1205
f 1208/1208/1208 1205/1205/1205 1203/1203/1203
f 1209/1209/1209 1207/1207/1207 1206/1206/1206
f 1209/1209/1209 1206/1206/1206 1208/1208/1208
f 1211/1211/1211 1209/1209/1209 1208/1208/1208
f 1211/1211/1211 1208/1208/1208 1210/1210/1210
f 1210/1210/1210 1208/1208/1208 1203/1203/1203
f 1210/1210/1210 1203/1203/1203 1201/1201/1201
f 1201/1201/1201 1198/1198/1198 1212/1212/1212
f 1201/1201/1201 1212/1212/1212 1210/1210/1210
f 1210/1210/1210 1212/1212/1212 1214/1214/1214
f 1210/1210/1210 1214/1214/1214 1211/1211/1211
f 1198/1198/1198 1216/1216/1216 1213/1213/1213
f 1198/1198/1198 1213/1213/1213 1212/1212/1212
f 1212/1212/1212 1213/1213/1213 1215/1215/1215
f 1212/1212/1212 1215/1215/1215 1214/1214/1214
f 1221/1221/1221 1219/1219/1219 1218/1218/1218
f 1221/1221/1221 1218/1218/1218 1172/1172/1172
f 1156/1156/1156 1220/1220/1220 1219/1219/1219
f 1156/1156/1156 1219/1219/1219 1221/1221/1221
f 1155/1155/1155 1221/1221/1221 1172/1172/1172
f 1155/1155/1155 1172/1172/1172 1169/1169/1169
f 1222/1222/1222 1224/1224/1224 1289/1289/1289
f 1222/1222/1222 1289/1289/1289 1223/1223/1223
f 1223/1223/1223 1227/1227/1227 1225/1225/1225
f 1223/1223/1223 1225/1225/1225 1222/1222/1222
f 1227/1227/1227 1229/1229/1229 1226/1226/1226
f 1227/1227/1227 1226/1226/1226 1225/1225/1225
f 1236/1236/1236 1228/1228/1228 1227/1227/1227
f 1236/1236/1236 1227/1227/1227 1223/1223/1223
f 1228/1228/1228 1230/1230/1230 1229/1229/1229
f 1228/1228/1228 1229/1229/1229 1227/1227/1227
f 1233/1233/1233 1231/1231/1231 1230/1230/1230
f 1233/1233/1233 1230/1230/1230 1228/1228/1228
f 1234/1234/1234 1232/1232/1232 1231/1231/1231
f 1234/1234/1234 1231/1231/1231 1233/1233/1233
f 1238/1238/1238 1234/1234/1234 1233/1233/1233
f 1238/1238/1238 1233/1233/1233 1235/1235/1235
f 1235/1235/1235 1233/1233/1233 1228/1228/1228
f 1235/1235/1235 1228/1228/1228 1236/1236/1236
f 1237/1237/1237 1240/1240/1240 1239/1239/1239
f 1237/1237/1237 1239/1239/1239 1235/1235/1235
f 1235/1235/1235 1239/1239/1239 1242/1242/1242
f 1235/1235/1235 1242/1242/1242 1238/1238/1238
f 1240/1240/1240 1286/1286/1286 1241/1241/1241
f 1240/1240/1240 1241/1241/1241 1239/1239/1239
f 1239/1239/1239 1241/1241/1241 1243/1243/1243
f 1239/1239/1239 1243/1243/1243 1242/1242/1242
f 1242/1242/1242 1243/1243/1243 1245/1245/1245
f 1242/1242/1242 1245/1245/1245 1244/1244/1244
f 1238/1238/1238 1242/1242/1242 1244/1244/1244
f 1238/1238/1238 1244/1244/1244 1247/1247/1247
f 1244/1244/1244 1245/1245/1245 1285/1285/1285
f 1244/1244/1244 1285/1285/1285 1246/1246/1246
f 1247/1247/1247 1244/1244/1244 1246/1246/1246
f 1247/1247/1247 1246/1246/1246 1248/1248/1248
f 1247/1247/1247 1249/1249/1249 1234/1234/1234
f 1247/1247/1247 1234/1234/1234 1238/1238/1238
f 1248/1248/1248 1250/1250/1250 1249/1249/1249
f 1248/1248/1248 1249/1249/1249 1247/1247/1247
f 1250/1250/1250 1252/1252/1252 1251/1251/1251
f 1250/1250/1250 1251/1251/1251 1249/1249/1249
f 1249/1249/1249 1251/1251/1251 1232/1232/1232
f 1249/1249/1249 1232/1232/1232 1234/1234/1234
f 1255/1255/1255 1253/1253/1253 1252/1252/1252
f 1255/1255/1255 1252/1252/1252 1250/1250/1250
f 1256/1256/1256 1254/1254/1254 1253/1253/1253
f 1256/1256/1256 1253/1253/1253 1255/1255/1255
f 1259/1259/1259 1256/1256/1256 1255/1255/1255
f 1259/1259/1259 1255/1255/1255 1257/1257/1257
f 1257/1257/1257 1255/1255/1255 1250/1250/1250
f 1257/1257/1257 1250/1250/1250 1248/1248/1248
f 1248/1248/1248 1246/1246/1246 1260/1260/1260
f 1248/1248/1248 1260/1260/1260 1258/1258/1258
f 1258/1258/1258 1260/1260/1260 1262/1262/1262
f 1258/1258/1258 1262/1262/1262 1259/1259/1259
f 1246/1246/1246 1285/1285/1285 1261/1261/1261
f 1246/1246/1246 1261/1261/1261 1260/1260/1260
f 1260/1260/1260 1261/1261/1261 1263/1263/1263
f 1260/1260/1260 1263/1263/1263 1262/1262/1262
f 1259/1259/1259 1262/1262/1262 1264/1264/1264
f 1259/1259/1259 1264/1264/1264 1267/1267/1267
f 1262/1262/1262 1263/1263/1263 1265/1265/1265
f 1262/1262/1262 1265/1265/1265 1264/1264/1264
f 1264/1264/1264 1265/1265/1265 1284/1284/1284
f 1264/1264/1264 1284/1284/1284 1266/1266/1266
f 1267/1267/1267 1264/1264/1264 1266/1266/1266
f 1267/1267/1267 1266/1266/1266 1269/1269/1269
f 1268/1268/1268 1270/1270/1270 1256/1256/1256
f 1268/1268/1268 1256/1256/1256 1259/1259/1259
f 1269/1269/1269 1271/1271/1271 1270/1270/1270
f 1269/1269/1269 1270/1270/1270 1268/1268/1268
f 1271/1271/1271 1273/1273/1273 1272/1272/1272
f 1271/1271/1271 1272/1272/1272 1270/1270/1270
f 1270/1270/1270 1272/1272/1272 1254/1254/1254
f 1270/1270/1270 1254/1254/1254 1256/1256/1256
f 1276/1276/1276 1274/1274/1274 1273/1273/1273
f 1276/1276/1276 1273/1273/1273 1271/1271/1271
f 1277/1277/1277 1275/1275/1275 1274/1274/1274
f 1277/1277/1277 1274/1274/1274 1276/1276/1276
f 1279/1279/1279 1277/1277/1277 1276/1276/1276
f 1279/1279/1279 1276/1276/1276 1278/1278/1278
f 1278/1278/1278 1276/1276/1276 1271/1271/1271
f 1278/1278/1278 1271/1271/1271 1269/1269/1269
f 1269/1269/1269 1266/1266/1266 1280/1280/1280
f 1269/1269/1269 1280/1280/1280 1278/1278/1278
f 1278/1278/1278 1280/1280/1280 1282/1282/1282
f 1278/1278/1278 1282/1282/1282 1279/1279/1279
f 1266/1266/1266 1284/1284/1284 1281/1281/1281
f 1266/1266/1266 1281/1281/1281 1280/1280/1280
f 1280/1280/1280 1281/1281/1281 1283/1283/1283
f 1280/1280/1280 1283/1283/1283 1282/1282/1282
f 1289/1289/1289 1287/1287/1287 1286/1286/1286
f 1289/1289/1289 1286/1286/1286 1240/1240/1240
f 1224/1224/1224 1288/1288/1288 1287/1287/1287
f 1224/1224/1224 1287/1287/1287 1289/1289/1289
f 1223/1223/1223 1289/1289/1289 1240/1240/1240
f 1223/1223/1223 1240/1240/1240 1237/1237/1237
f 1290/1290/1290 1292/1292/1292 1294/1294/1294
f 1290/1290/1290 1294/1294/1294 1291/1291/1291
f 1292/1292/1292 1293/1293/1293 1295/1295/1295
f 1292/1292/1292 1295/1295/1295 1294/1294/1294
f 1294/1294/1294 1295/1295/1295 1297/1297/1297
f 1294/1294/1294 1297/1297/1297 1296/1296/1296
f 1291/1291/1291 1294/1294/1294 1296/1296/1296
f 1291/1291/1291 1296/1296/1296 1298/1298/1298
f 1296/1296/1296 1297/1297/1297 1300/1300/1300
f 1296/1296/1296 1300/1300/1300 1299/1299/1299
f 1298/1298/1298 1296/1296/1296 1299/1299/1299
f 1298/1298/1298 1299/1299/1299 1302/1302/1302
f 1299/1299/1299 1300/1300/1300 1346/1346/1346
f 1299/1299/1299 1346/1346/1346 1301/1301/1301
f 1302/1302/1302 1299/1299/1299 1301/1301/1301
f 1302/1302/1302 1301/1301/1301 1303/1303/1303
f 1303/1303/1303 1301/1301/1301 1306/1306/1306
f 1303/1303/1303 1306/1306/1306 1304/1304/1304
f 1304/1304/1304 1306/1306/1306 1308/1308/1308
f 1304/1304/1304 1308/1308/1308 1305/1305/1305
f 1301/1301/1301 1346/1346/1346 1307/1307/1307
f 1301/1301/1301 1307/1307/1307 1306/1306/1306
f 1306/1306/1306 1307/1307/1307 1309/1309/1309
f 1306/1306/1306 1309/1309/1309 1308/1308/1308
f 1308/1308/1308 1309/1309/1309 1311/1311/1311
f 1308/1308/1308 1311/1311/1311 1310/1310/1310
f 1305/1305/1305 1308/1308/1308 1310/1310/1310
f 1305/1305/1305 1310/1310/1310 1313/1313/1313
f 1310/1310/1310 1311/1311/1311 1337/1337/1337
f 1310/1310/1310 1337/1337/1337 1312/1312/1312
f 1313/1313/1313 1310/1310/1310 1312/1312/1312
f 1313/1313/1313 1312/1312/1312 1314/1314/1314
f 1314/1314/1314 1312/1312/1312 1317/1317/1317
f 1314/1314/1314 1317/1317/1317 1315/1315/1315
f 1315/1315/1315 1317/1317/1317 1319/1319/1319
f 1315/1315/1315 1319/1319/1319 1316/1316/1316
f 1312/1312/1312 1337/1337/1337 1318/1318/1318
f 1312/1312/1312 1318/1318/1318 1317/1317/1317
f 1317/1317/1317 1318/1318/1318 1320/1320/1320
f 1317/1317/1317 1320/1320/1320 1319/1319/1319
f 1319/1319/1319 1320/1320/1320 1322/1322/1322
f 1319/1319/1319 1322/1322/1322 1321/1321/1321
f 1316/1316/1316 1319/1319/1319 1321/1321/1321
f 1316/1316/1316 1321/1321/1321 1324/1324/1324
f 1321/1321/1321 1322/1322/1322 1328/1328/1328
f 1321/1321/1321 1328/1328/1328 1323/1323/1323
f 1324/1324/1324 1321/1321/1321 1323/1323/1323
f 1324/1324/1324 1323/1323/1323 1325/1325/1325
f 1329/1329/1329 1331/1331/1331 1326/1326/1326
f 1329/1329/1329 1326/1326/1326 1327/1327/1327
f 1322/1322/1322 1329/1329/1329 1327/1327/1327
f 1322/1322/1322 1327/1327/1327 1328/1328/1328
f 1330/1330/1330 1332/1332/1332 1331/1331/1331
f 1330/1330/1330 1331/1331/1331 1329/1329/1329
f 1320/1320/1320 1330/1330/1330 1329/1329/1329
f 1320/1320/1320 1329/1329/1329 1322/1322/1322
f 1335/1335/1335 1333/1333/1333 1332/1332/1332
f 1335/1335/1335 1332/1332/1332 1330/1330/1330
f 1336/1336/1336 1334/1334/1334 1333/1333/1333
f 1336/1336/1336 1333/1333/1333 1335/1335/1335
f 1337/1337/1337 1336/1336/1336 1335/1335/1335
f 1337/1337/1337 1335/1335/1335 1318/1318/1318
f 1318/1318/1318 1335/1335/1335 1330/1330/1330
f 1318/1318/1318 1330/1330/1330 1320/1320/1320
f 1338/1338/1338 1340/1340/1340 1334/1334/1334
f 1338/1338/1338 1334/1334/1334 1336/1336/1336
f 1311/1311/1311 1338/1338/1338 1336/1336/1336
f 1311/1311/1311 1336/1336/1336 1337/1337/1337
f 1339/1339/1339 1341/1341/1341 1340/1340/1340
f 1339/1339/1339 1340/1340/1340 1338/1338/1338
f 1309/1309/1309 1339/1339/1339 1338/1338/1338
f 1309/1309/1309 1338/1338/1338 1311/1311/1311
f 1344/1344/1344 1342/1342/1342 1341/1341/1341
f 1344/1344/1344 1341/1341/1341 1339/1339/1339
f 1345/1345/1345 1343/1343/1343 1342/1342/1342
f 1345/1345/1345 1342/1342/1342 1344/1344/1344
f 1346/1346/1346 1345/1345/1345 1344/1344/1344
f 1346/1346/1346 1344/1344/1344 1307/1307/1307
f 1307/1307/1307 1344/1344/1344 1339/1339/1339
f 1307/1307/1307 1339/1339/1339 1309/1309/1309
f 1347/1347/1347 1349/1349/1349 1343/1343/1343
f 1347/1347/1347 1343/1343/1343 1345/1345/1345
f 1300/1300/1300 1347/1347/1347 1345/1345/1345
f 1300/1300/1300 1345/1345/1345 1346/1346/1346
f 1348/1348/1348 1350/1350/1350 1349/1349/1349
f 1348/1348/1348 1349/1349/1349 1347/1347/1347
f 1297/1297/1297 1348/1348/1348 1347/1347/1347
f 1297/1297/1297 1347/1347/1347 1300/1300/1300
f 1353/1353/1353 1351/1351/1351 1350/1350/1350
f 1353/1353/1353 1350/1350/1350 1348/1348/1348
f 1354/1354/1354 1352/1352/1352 1351/1351/1351
f 1354/1354/1354 1351/1351/1351 1353/1353/1353
f 1293/1293/1293 1354/1354/1354 1353/1353/1353
f 1293/1293/1293 1353/1353/1353 1295/1295/1295
f 1295/1295/1295 1353/1353/1353 1348/1348/1348
f 1295/1295/1295 1348/1348/1348 1297/1297/1297
f 1355/1355/1355 1357/1357/1357 1359/1359/1359
f 1355/1355/1355 1359/1359/1359 1356/1356/1356
f 1357/1357/1357 1358/1358/1358 1360/1360/1360
f 1357/1357/1357 1360/1360/1360 1359/1359/1359
f 1359/1359/1359 1360/1360/1360 1362/1362/1362
f 1359/1359/1359 1362/1362/1362 1361/1361/1361
f 1356/1356/1356 1359/1359/1359 1361/1361/1361
f 1356/1356/1356 1361/1361/1361 1363/1363/1363
f 1361/1361/1361 1362/1362/1362 1365/1365/1365
f 1361/1361/1361 1365/1365/1365 1364/1364/1364
f 1363/1363/1363 1361/1361/1361 1364/1364/1364
f 1363/1363/1363 1364/1364/1364 1367/1367/1367
f 1364/1364/1364 1365/1365/1365 1411/1411/1411
f 1364/1364/1364 1411/1411/1411 1366/1366/1366
f 1367/1367/1367 1364/1364/1364 1366/1366/1366
f 1367/1367/1367 1366/1366/1366 1368/1368/1368
f 1368/1368/1368 1366/1366/1366 1371/1371/1371
f 1368/1368/1368 1371/1371/1371 1369/1369/1369
f 1369/1369/1369 1371/1371/1371 1373/1373/1373
f 1369/1369/1369 1373/1373/1373 1370/1370/1370
f 1366/1366/1366 1411/1411/1411 1372/1372/1372
f 1366/1366/1366 1372/1372/1372 1371/1371/1371
f 1371/1371/1371 1372/1372/1372 1374/1374/1374
f 1371/1371/1371 1374/1374/1374 1373/1373/1373
f 1373/1373/1373 1374/1374/1374 1376/1376/1376
f 1373/1373/1373 1376/1376/1376 1375/1375/1375
f 1370/1370/1370 1373/1373/1373 1375/1375/1375
f 1370/1370/1370 1375/1375/1375 1378/1378/1378
f 1375/1375/1375 1376/1376/1376 1402/1402/1402
f 1375/1375/1375 1402/1402/1402 1377/1377/1377
f 1378/1378/1378 1375/1375/1375 1377/1377/1377
f 1378/1378/1378 1377/1377/1377 1379/1379/1379
f 1379/1379/1379 1377/1377/1377 1382/1382/1382
f 1379/1379/1379 1382/1382/1382 1380/1380/1380
f 1380/1380/1380 1382/1382/1382 1384/1384/1384
f 1380/1380/1380 1384/1384/1384 1381/1381/1381
f 1377/1377/1377 1402/1402/1402 1383/1383/1383
f 1377/1377/1377 1383/1383/1383 1382/1382/1382
f 1382/1382/1382 1383/1383/1383 1385/1385/1385
f 1382/1382/1382 1385/1385/1385 1384/1384/1384
f 1384/1384/1384 1385/1385/1385 1387/1387/1387
f 1384/1384/1384 1387/1387/1387 1386/1386/1386
f 1381/1381/1381 1384/1384/1384 1386/1386/1386
f 1381/1381/1381 1386/1386/1386 1389/1389/1389
f 1386/1386/1386 1387/1387/1387 1393/1393/1393
f 1386/1386/1386 1393/1393/1393 1388/1388/1388
f 1389/1389/1389 1386/1386/1386 1388/1388/1388
f 1389/1389/1389 1388/1388/1388 1390/1390/1390
f 1394/1394/1394 1396/1396/1396 1391/1391/1391
f 1394/1394/1394 1391/1391/1391 1392/1392/1392
f 1387/1387/1387 1394/1394/1394 1392/1392/1392
f 1387/1387/1387 1392/1392/1392 1393/1393/1393
f 1395/1395/1395 1397/1397/1397 1396/1396/1396
f 1395/1395/1395 1396/1396/1396 1394/1394/1394
f 1385/1385/1385 1395/1395/1395 1394/1394/1394
f 1385/1385/1385 1394/1394/1394 1387/1387/1387
f 1400/1400/1400 1398/1398/1398 1397/1397/1397
f 1400/1400/1400 1397/1397/1397 1395/1395/1395
f 1401/1401/1401 1399/1399/1399 1398/1398/1398
f 1401/1401/1401 1398/1398/1398 1400/1400/1400
f 1402/1402/1402 1401/1401/1401 1400/1400/1400
f 1402/1402/1402 1400/1400/1400 1383/1383/1383
f 1383/1383/1383 1400/1400/1400 1395/1395/1395
f 1383/1383/1383 1395/1395/1395 1385/1385/1385
f 1403/1403/1403 1405/1405/1405 1399/1399/1399
f 1403/1403/1403 1399/1399/1399 1401/1401/1401
f 1376/1376/1376 1403/1403/1403 1401/1401/1401
f 1376/1376/1376 1401/1401/1401 1402/1402/1402
f 1404/1404/1404 1406/1406/1406 1405/1405/1405
f 1404/1404/1404 1405/1405/1405 1403/1403/1403
f 1374/1374/1374 1404/1404/1404 1403/1403/1403
f 1374/1374/1374 1403/1403/1403 1376/1376/1376
f 1409/1409/1409 1407/1407/1407 1406/1406/1406
f 1409/1409/1409 1406/1406/1406 1404/1404/1404
f 1410/1410/1410 1408/1408/1408 1407/1407/1407
f 1410/1410/1410 1407/1407/1407 1409/1409/1409
f 1411/1411/1411 1410/1410/1410 1409/1409/1409
f 1411/1411/1411 1409/1409/1409 1372/1372/1372
f 1372/1372/1372 1409/1409/1409 1404/1404/1404
f 1372/1372/1372 1404/1404/1404 1374/1374/1374
f 1412/1412/1412 1414/1414/1414 1408/1408/1408
f 1412/1412/1412 1408/1408/1408 1410/1410/1410
f 1365/1365/1365 1412/1412/1412 1410/1410/1410
f 1365/1365/1365 1410/1410/1410 1411/1411/1411
f 1413/1413/1413 1415/1415/1415 1414/1414/1414
f 1413/1413/1413 1414/1414/1414 1412/1412/1412
f 1362/1362/1362 1413/1413/1413 1412/1412/1412
f 1362/1362/1362 1412/1412/1412 1365/1365/1365
f 1418/1418/1418 1416/1416/1416 1415/1415/1415
f 1418/1418/1418 1415/1415/1415 1413/1413/1413
f 1419/1419/1419 1417/1417/1417 1416/1416/1416
f 1419/1419/1419 1416/1416/1416 1418/1418/1418
f 1358/1358/1358 1419/1419/1419 1418/1418/1418
f 1358/1358/1358 1418/1418/1418 1360/1360/1360
f 1360/1360/1360 1418/1418/1418 1413/1413/1413
f 1360/1360/1360 1413/1413/1413 1362/1362/1362
f 1420/1420/1420 1422/1422/1422 1489/1489/1489
f 1420/1420/1420 1489/1489/1489 1421/1421/1421
f 1421/1421/1421 1425/1425/1425 1423/1423/1423
f 1421/1421/1421 1423/1423/1423 1420/1420/1420
f 1425/1425/1425 1427/1427/1427 1424/1424/1424
f 1425/1425/1425 1424/1424/1424 1423/1423/1423
f 1434/1434/1434 1426/1426/1426 1425/1425/1425
f 1434/1434/1434 1425/1425/1425 1421/1421/1421
f 1426/1426/1426 1428/1428/1428 1427/1427/1427
f 1426/1426/1426 1427/1427/1427 1425/1425/1425
f 1431/1431/1431 1429/1429/1429 1428/1428/1428
f 1431/1431/1431 1428/1428/1428 1426/1426/1426
f 1432/1432/1432 1430/1430/1430 1429/1429/1429
f 1432/1432/1432 1429/1429/1429 1431/1431/1431
f 1435/1435/1435 1432/1432/1432 1431/1431/1431
f 1435/1435/1435 1431/1431/1431 1433/1433/1433
f 1433/1433/1433 1431/1431/1431 1426/1426/1426
f 1433/1433/1433 1426/1426/1426 1434/1434/1434
f 1434/1434/1434 1437/1437/1437 1436/1436/1436
f 1434/1434/1434 1436/1436/1436 1433/1433/1433
f 1433/1433/1433 1436/1436/1436 1439/1439/1439
f 1433/1433/1433 1439/1439/1439 1435/1435/1435
f 1437/1437/1437 1486/1486/1486 1438/1438/1438
f 1437/1437/1437 1438/1438/1438 1436/1436/1436
f 1436/1436/1436 1438/1438/1438 1440/1440/1440
f 1436/1436/1436 1440/1440/1440 1439/1439/1439
f 1439/1439/1439 1440/1440/1440 1442/1442/1442
f 1439/1439/1439 1442/1442/1442 1441/1441/1441
f 1435/1435/1435 1439/1439/1439 1441/1441/1441
f 1435/1435/1435 1441/1441/1441 1444/1444/1444
f 1441/1441/1441 1442/1442/1442 1485/1485/1485
f 1441/1441/1441 1485/1485/1485 1443/1443/1443
f 1444/1444/1444 1441/1441/1441 1443/1443/1443
f 1444/1444/1444 1443/1443/1443 1447/1447/1447
f 1445/1445/1445 1448/1448/1448 1432/1432/1432
f 1445/1445/1445 1432/1432/1432 1435/1435/1435
f 1446/1446/1446 1449/1449/1449 1448/1448/1448
f 1446/1446/1446 1448/1448/1448 1445/1445/1445
f 1449/1449/1449 1451/1451/1451 1450/1450/1450
f 1449/1449/1449 1450/1450/1450 1448/1448/1448
f 1448/1448/1448 1450/1450/1450 1430/1430/1430
f 1448/1448/1448 1430/1430/1430 1432/1432/1432
f 1454/1454/1454 1452/1452/1452 1451/1451/1451
f 1454/1454/1454 1451/1451/1451 1449/1449/1449
f 1455/1455/1455 1453/1453/1453 1452/1452/1452
f 1455/1455/1455 1452/1452/1452 1454/1454/1454
f 1457/1457/1457 1455/1455/1455 1454/1454/1454
f 1457/1457/1457 1454/1454/1454 1456/1456/1456
f 1456/1456/1456 1454/1454/1454 1449/1449/1449
f 1456/1456/1456 1449/1449/1449 1446/1446/1446
f 1447/1447/1447 1443/1443/1443 1459/1459/1459
f 1447/1447/1447 1459/1459/1459 1456/1456/1456
f 1456/1456/1456 1459/1459/1459 1461/1461/1461
f 1456/1456/1456 1461/1461/1461 1458/1458/1458
f 1443/1443/1443 1485/1485/1485 1460/1460/1460
f 1443/1443/1443 1460/1460/1460 1459/1459/1459
f 1459/1459/1459 1460/1460/1460 1462/1462/1462
f 1459/1459/1459 1462/1462/1462 1461/1461/1461
f 1458/1458/1458 1461/1461/1461 1463/1463/1463
f 1458/1458/1458 1463/1463/1463 1467/1467/1467
f 1461/1461/1461 1462/1462/1462 1464/1464/1464
f 1461/1461/1461 1464/1464/1464 1463/1463/1463
f 1463/1463/1463 1464/1464/1464 1484/1484/1484
f 1463/1463/1463 1484/1484/1484 1465/1465/1465
f 1467/1467/1467 1463/1463/1463 1465/1465/1465
f 1467/1467/1467 1465/1465/1465 1468/1468/1468
f 1466/1466/1466 1469/1469/1469 1455/1455/1455
f 1466/1466/1466 1455/1455/1455 1457/1457/1457
f 1468/1468/1468 1470/1470/1470 1469/1469/1469
f 1468/1468/1468 1469/1469/1469 1466/1466/1466
f 1470/1470/1470 1472/1472/1472 1471/1471/1471
f 1470/1470/1470 1471/1471/1471 1469/1469/1469
f 1469/1469/1469 1471/1471/1471 1453/1453/1453
f 1469/1469/1469 1453/1453/1453 1455/1455/1455
f 1475/1475/1475 1473/1473/1473 1472/1472/1472
f 1475/1475/1475 1472/1472/1472 1470/1470/1470
f 1476/1476/1476 1474/1474/1474 1473/1473/1473
f 1476/1476/1476 1473/1473/1473 1475/1475/1475
f 1479/1479/1479 1476/1476/1476 1475/1475/1475
f 1479/1479/1479 1475/1475/1475 1477/1477/1477
f 1477/1477/1477 1475/1475/1475 1470/1470/1470
f 1477/1477/1477 1470/1470/1470 1468/1468/1468
f 1468/1468/1468 1465/1465/1465 1480/1480/1480
f 1468/1468/1468 1480/1480/1480 1478/1478/1478
f 1478/1478/1478 1480/1480/1480 1482/1482/1482
f 1478/1478/1478 1482/1482/1482 1479/1479/1479
f 1465/1465/1465 1484/1484/1484 1481/1481/1481
f 1465/1465/1465 1481/1481/1481 1480/1480/1480
f 1480/1480/1480 1481/1481/1481 1483/1483/1483
f 1480/1480/1480 1483/1483/1483 1482/1482/1482
f 1489/1489/1489 1487/1487/1487 1486/1486/1486
f 1489/1489/1489 1486/1486/1486 1437/1437/1437
f 1422/1422/1422 1488/1488/1488 1487/1487/1487
f 1422/1422/1422 1487/1487/1487 1489/1489/1489
f 1421/1421/1421 1489/1489/1489 1437/1437/1437
f 1421/1421/1421 1437/1437/1437 1434/1434/1434
f 1491/1491/1491 1495/1495/1495 1493/1493/1493
f 1491/1491/1491 1493/1493/1493 1490/1490/1490
f 1490/1490/1490 1492/1492/1492 1592/1592/1592
f 1490/1490/1490 1592/1592/1592 1491/1491/1491
f 1495/1495/1495 1497/1497/1497 1494/1494/1494
f 1495/1495/1495 1494/1494/1494 1493/1493/1493
f 1496/1496/1496 1498/1498/1498 1497/1497/1497
f 1496/1496/1496 1497/1497/1497 1495/1495/1495
f 1504/1504/1504 1496/1496/1496 1495/1495/1495
f 1504/1504/1504 1495/1495/1495 1491/1491/1491
f 1501/1501/1501 1499/1499/1499 1498/1498/1498
f 1501/1501/1501 1498/1498/1498 1496/1496/1496
f 1502/1502/1502 1500/1500/1500 1499/1499/1499
f 1502/1502/1502 1499/1499/1499 1501/1501/1501
f 1505/1505/1505 1502/1502/1502 1501/1501/1501
f 1505/1505/1505 1501/1501/1501 1503/1503/1503
f 1503/1503/1503 1501/1501/1501 1496/1496/1496
f 1503/1503/1503 1496/1496/1496 1504/1504/1504
f 1504/1504/1504 1507/1507/1507 1506/1506/1506
f 1504/1504/1504 1506/1506/1506 1503/1503/1503
f 1503/1503/1503 1506/1506/1506 1509/1509/1509
f 1503/1503/1503 1509/1509/1509 1505/1505/1505
f 1507/1507/1507 1589/1589/1589 1508/1508/1508
f 1507/1507/1507 1508/1508/1508 1506/1506/1506
f 1506/1506/1506 1508/1508/1508 1510/1510/1510
f 1506/1506/1506 1510/1510/1510 1509/1509/1509
f 1505/1505/1505 1509/1509/1509 1511/1511/1511
f 1505/1505/1505 1511/1511/1511 1515/1515/1515
f 1509/1509/1509 1510/1510/1510 1512/1512/1512
f 1509/1509/1509 1512/1512/1512 1511/1511/1511
f 1511/1511/1511 1512/1512/1512 1588/1588/1588
f 1511/1511/1511 1588/1588/1588 1513/1513/1513
f 1515/1515/1515 1511/1511/1511 1513/1513/1513
f 1515/1515/1515 1513/1513/1513 1516/1516/1516
f 1514/1514/1514 1518/1518/1518 1502/1502/1502
f 1514/1514/1514 1502/1502/1502 1505/1505/1505
f 1517/1517/1517 1519/1519/1519 1518/1518/1518
f 1517/1517/1517 1518/1518/1518 1514/1514/1514
f 1519/1519/1519 1521/1521/1521 1520/1520/1520
f 1519/1519/1519 1520/1520/1520 1518/1518/1518
f 1518/1518/1518 1520/1520/1520 1500/1500/1500
f 1518/1518/1518 1500/1500/1500 1502/1502/1502
f 1524/1524/1524 1522/1522/1522 1521/1521/1521
f 1524/1524/1524 1521/1521/1521 1519/1519/1519
f 1525/1525/1525 1523/1523/1523 1522/1522/1522
f 1525/1525/1525 1522/1522/1522 1524/1524/1524
f 1529/1529/1529 1525/1525/1525 1524/1524/1524
f 1529/1529/1529 1524/1524/1524 1527/1527/1527
f 1527/1527/1527 1524/1524/1524 1519/1519/1519
f 1527/1527/1527 1519/1519/1519 1517/1517/1517
f 1516/1516/1516 1513/1513/1513 1530/1530/1530
f 1516/1516/1516 1530/1530/1530 1526/1526/1526
f 1526/1526/1526 1530/1530/1530 1532/1532/1532
f 1526/1526/1526 1532/1532/1532 1528/1528/1528
f 1513/1513/1513 1588/1588/1588 1531/1531/1531
f 1513/1513/1513 1531/1531/1531 1530/1530/1530
f 1530/1530/1530 1531/1531/1531 1533/1533/1533
f 1530/1530/1530 1533/1533/1533 1532/1532/1532
f 1532/1532/1532 1533/1533/1533 1535/1535/1535
f 1532/1532/1532 1535/1535/1535 1534/1534/1534
f 1528/1528/1528 1532/1532/1532 1534/1534/1534
f 1528/1528/1528 1534/1534/1534 1537/1537/1537
f 1534/1534/1534 1535/1535/1535 1587/1587/1587
f 1534/1534/1534 1587/1587/1587 1536/1536/1536
f 1537/1537/1537 1534/1534/1534 1536/1536/1536
f 1537/1537/1537 1536/1536/1536 1539/1539/1539
f 1538/1538/1538 1540/1540/1540 1525/1525/1525
f 1538/1538/1538 1525/1525/1525 1529/1529/1529
f 1539/1539/1539 1541/1541/1541 1540/1540/1540
f 1539/1539/1539 1540/1540/1540 1538/1538/1538
f 1541/1541/1541 1543/1543/1543 1542/1542/1542
f 1541/1541/1541 1542/1542/1542 1540/1540/1540
f 1540/1540/1540 1542/1542/1542 1523/1523/1523
f 1540/1540/1540 1523/1523/1523 1525/1525/1525
f 1546/1546/1546 1544/1544/1544 1543/1543/1543
f 1546/1546/1546 1543/1543/1543 1541/1541/1541
f 1547/1547/1547 1545/1545/1545 1544/1544/1544
f 1547/1547/1547 1544/1544/1544 1546/1546/1546
f 1550/1550/1550 1547/1547/1547 1546/1546/1546
f 1550/1550/1550 1546/1546/1546 1548/1548/1548
f 1548/1548/1548 1546/1546/1546 1541/1541/1541
f 1548/1548/1548 1541/1541/1541 1539/1539/1539
f 1539/1539/1539 1536/1536/1536 1551/1551/1551
f 1539/1539/1539 1551/1551/1551 1548/1548/1548
f 1548/1548/1548 1551/1551/1551 1553/1553/1553
f 1548/1548/1548 1553/1553/1553 1549/1549/1549
f 1536/1536/1536 1587/1587/1587 1552/1552/1552
f 1536/1536/1536 1552/1552/1552 1551/1551/1551
f 1551/1551/1551 1552/1552/1552 1554/1554/1554
f 1551/1551/1551 1554/1554/1554 1553/1553/1553
f 1549/1549/1549 1553/1553/1553 1555/1555/1555
f 1549/1549/1549 1555/1555/1555 1558/1558/1558
f 1553/1553/1553 1554/1554/1554 1556/1556/1556
f 1553/1553/1553 1556/1556/1556 1555/1555/1555
f 1555/1555/1555 1556/1556/1556 1586/1586/1586
f 1555/1555/1555 1586/1586/1586 1557/1557/1557
f 1558/1558/1558 1555/1555/1555 1557/1557/1557
f 1558/1558/1558 1557/1557/1557 1559/1559/1559
f 1558/1558/1558 1560/1560/1560 1547/1547/1547
f 1558/1558/1558 1547/1547/1547 1550/1550/1550
f 1559/1559/1559 1561/1561/1561 1560/1560/1560
f 1559/1559/1559 1560/1560/1560 1558/1558/1558
f 1561/1561/1561 1563/1563/1563 1562/1562/1562
f 1561/1561/1561 1562/1562/1562 1560/1560/1560
f 1560/1560/1560 1562/1562/1562 1545/1545/1545
f 1560/1560/1560 1545/1545/1545 1547/1547/1547
f 1566/1566/1566 1564/1564/1564 1563/1563/1563
f 1566/1566/1566 1563/1563/1563 1561/1561/1561
f 1567/1567/1567 1565/1565/1565 1564/1564/1564
f 1567/1567/1567 1564/1564/1564 1566/1566/1566
f 1570/1570/1570 1567/1567/1567 1566/1566/1566
f 1570/1570/1570 1566/1566/1566 1568/1568/1568
f 1568/1568/1568 1566/1566/1566 1561/1561/1561
f 1568/1568/1568 1561/1561/1561 1559/1559/1559
f 1559/1559/1559 1557/1557/1557 1571/1571/1571
f 1559/1559/1559 1571/1571/1571 1569/1569/1569
f 1569/1569/1569 1571/1571/1571 1573/1573/1573
f 1569/1569/1569 1573/1573/1573 1570/1570/1570
f 1557/1557/1557 1586/1586/1586 1572/1572/1572
f 1557/1557/1557 1572/1572/1572 1571/1571/1571
f 1571/1571/1571 1572/1572/1572 1574/1574/1574
f 1571/1571/1571 1574/1574/1574 1573/1573/1573
f 1570/1570/1570 1573/1573/1573 1575/1575/1575
f 1570/1570/1570 1575/1575/1575 1578/1578/1578
f 1573/1573/1573 1574/1574/1574 1576/1576/1576
f 1573/1573/1573 1576/1576/1576 1575/1575/1575
f 1575/1575/1575 1576/1576/1576 1585/1585/1585
f 1575/1575/1575 1585/1585/1585 1577/1577/1577
f 1578/1578/1578 1575/1575/1575 1577/1577/1577
f 1578/1578/1578 1577/1577/1577 1580/1580/1580
f 1579/1579/1579 1581/1581/1581 1567/1567/1567
f 1579/1579/1579 1567/1567/1567 1570/1570/1570
f 1580/1580/1580 1582/1582/1582 1581/1581/1581
f 1580/1580/1580 1581/1581/1581 1579/1579/1579
f 1582/1582/1582 1584/1584/1584 1583/1583/1583
f 1582/1582/1582 1583/1583/1583 1581/1581/1581
f 1581/1581/1581 1583/1583/1583 1565/1565/1565
f 1581/1581/1581 1565/1565/1565 1567/1567/1567
f 1592/1592/1592 1590/1590/1590 1589/1589/1589
f 1592/1592/1592 1589/1589/1589 1507/1507/1507
f 1492/1492/1492 1591/1591/1591 1590/1590/1590
f 1492/1492/1492 1590/1590/1590 1592/1592/1592
f 1491/1491/1491 1592/1592/1592 1507/1507/1507
f 1491/1491/1491 1507/1507/1507 1504/1504/1504
f 1593/1593/1593 1595/1595/1595 1660/1660/1660
f 1593/1593/1593 1660/1660/1660 1594/1594/1594
f 1594/1594/1594 1598/1598/1598 1596/1596/1596
f 1594/1594/1594 1596/1596/1596 1593/1593/1593
f 1598/1598/1598 1600/1600/1600 1597/1597/1597
f 1598/1598/1598 1597/1597/1597 1596/1596/1596
f 1607/1607/1607 1599/1599/1599 1598/1598/1598
f 1607/1607/1607 1598/1598/1598 1594/1594/1594
f 1599/1599/1599 1601/1601/1601 1600/1600/1600
f 1599/1599/1599 1600/1600/1600 1598/1598/1598
f 1604/1604/1604 1602/1602/1602 1601/1601/1601
f 1604/1604/1604 1601/1601/1601 1599/1599/1599
f 1605/1605/1605 1603/1603/1603 1602/1602/1602
f 1605/1605/1605 1602/1602/1602 1604/1604/1604
f 1609/1609/1609 1605/1605/1605 1604/1604/1604
f 1609/1609/1609 1604/1604/1604 1606/1606/1606
f 1606/1606/1606 1604/1604/1604 1599/1599/1599
f 1606/1606/1606 1599/1599/1599 1607/1607/1607
f 1608/1608/1608 1611/1611/1611 1610/1610/1610
f 1608/1608/1608 1610/1610/1610 1606/1606/1606
f 1606/1606/1606 1610/1610/1610 1613/1613/1613
f 1606/1606/1606 1613/1613/1613 1609/1609/1609
f 1611/1611/1611 1657/1657/1657 1612/1612/1612
f 1611/1611/1611 1612/1612/1612 1610/1610/1610
f 1610/1610/1610 1612/1612/1612 1614/1614/1614
f 1610/1610/1610 1614/1614/1614 1613/1613/1613
f 1613/1613/1613 1614/1614/1614 1616/1616/1616
f 1613/1613/1613 1616/1616/1616 1615/1615/1615
f 1609/1609/1609 1613/1613/1613 1615/1615/1615
f 1609/1609/1609 1615/1615/1615 1618/1618/1618
f 1615/1615/1615 1616/1616/1616 1656/1656/1656
f 1615/1615/1615 1656/1656/1656 1617/1617/1617
f 1618/1618/1618 1615/1615/1615 1617/1617/1617
f 1618/1618/1618 1617/1617/1617 1619/1619/1619
f 1618/1618/1618 1620/1620/1620 1605/1605/1605
f 1618/1618/1618 1605/1605/1605 1609/1609/1609
f 1619/1619/1619 1621/1621/1621 1620/1620/1620
f 1619/1619/1619 1620/1620/1620 1618/1618/1618
f 1621/1621/1621 1623/1623/1623 1622/1622/1622
f 1621/1621/1621 1622/1622/1622 1620/1620/1620
f 1620/1620/1620 1622/1622/1622 1603/1603/1603
f 1620/1620/1620 1603/1603/1603 1605/1605/1605
f 1626/1626/1626 1624/1624/1624 1623/1623/1623
f 1626/1626/1626 1623/1623/1623 1621/1621/1621
f 1627/1627/1627 1625/1625/1625 1624/1624/1624
f 1627/1627/1627 1624/1624/1624 1626/1626/1626
f 1630/1630/1630 1627/1627/1627 1626/1626/1626
f 1630/1630/1630 1626/1626/1626 1628/1628/1628
f 1628/1628/1628 1626/1626/1626 1621/1621/1621
f 1628/1628/1628 1621/1621/1621 1619/1619/1619
f 1619/1619/1619 1617/1617/1617 1631/1631/1631
f 1619/1619/1619 1631/1631/1631 1629/1629/1629
f 1629/1629/1629 1631/1631/1631 1633/1633/1633
f 1629/1629/1629 1633/1633/1633 1630/1630/1630
f 1617/1617/1617 1656/1656/1656 1632/1632/1632
f 1617/1617/1617 1632/1632/1632 1631/1631/1631
f 1631/1631/1631 1632/1632/1632 1634/1634/1634
f 1631/1631/1631 1634/1634/1634 1633/1633/1633
f 1630/1630/1630 1633/1633/1633 1635/1635/1635
f 1630/1630/1630 1635/1635/1635 1638/1638/1638
f 1633/1633/1633 1634/1634/1634 1636/1636/1636
f 1633/1633/1633 1636/1636/1636 1635/1635/1635
f 1635/1635/1635 1636/1636/1636 1655/1655/1655
f 1635/1635/1635 1655/1655/1655 1637/1637/1637
f 1638/1638/1638 1635/1635/1635 1637/1637/1637
f 1638/1638/1638 1637/1637/1637 1640/1640/1640
f 1639/1639/1639 1641/1641/1641 1627/1627/1627
f 1639/1639/1639 1627/1627/1627 1630/1630/1630
f 1640/1640/1640 1642/1642/1642 1641/1641/1641
f 1640/1640/1640 1641/1641/1641 1639/1639/1639
f 1642/1642/1642 1644/1644/1644 1643/1643/1643
f 1642/1642/1642 1643/1643/1643 1641/1641/1641
f 1641/1641/1641 1643/1643/1643 1625/1625/1625
f 1641/1641/1641 1625/1625/1625 1627/1627/1627
f 1647/1647/1647 1645/1645/1645 1644/1644/1644
f 1647/1647/1647 1644/1644/1644 1642/1642/1642
f 1648/1648/1648 1646/1646/1646 1645/1645/1645
f 1648/1648/1648 1645/1645/1645 1647/1647/1647
f 1650/1650/1650 1648/1648/1648 1647/1647/1647
f 1650/1650/1650 1647/1647/1647 1649/1649/1649
f 1649/1649/1649 1647/1647/1647 1642/1642/1642
f 1649/1649/1649 1642/1642/1642 1640/1640/1640
f 1640/1640/1640 1637/1637/1637 1651/1651/1651
f 1640/1640/1640 1651/1651/1651 1649/1649/1649
f 1649/1649/1649 1651/1651/1651 1653/1653/1653
f 1649/1649/1649 1653/1653/1653 1650/1650/1650
f 1637/1637/1637 1655/1655/1655 1652/1652/1652
f 1637/1637/1637 1652/1652/1652 1651/1651/1651
f 1651/1651/1651 1652/1652/1652 1654/1654/1654
f 1651/1651/1651 1654/1654/1654 1653/1653/1653
f 1660/1660/1660 1658/1658/1658 1657/1657/1657
f 1660/1660/1660 1657/1657/1657 1611/1611/1611
f 1595/1595/1595 1659/1659/1659 1658/1658/1658
f 1595/1595/1595 1658/1658/1658 1660/1660/1660
f 1594/1594/1594 1660/1660/1660 1611/1611/1611
f 1594/1594/1594 1611/1611/1611 1608/1608/1608
