# flower - imported by tools/vegetation-import. Do not hand-edit.
mtllib flower.mtl
o flower
v -0.0721791 0.0433539 0.120003
v -0.0871692 0.0416608 0.112309
v -0.0853843 0.0580608 0.13544
v -0.0955459 0.0569484 0.130163
v -0.108393 0.114529 0.172521
v -0.118443 0.114091 0.168437
v -0.12863 0.194923 0.208966
v -0.137831 0.194811 0.2054
v -0.185518 0.320185 0.256901
v -0.195521 0.321516 0.252604
v -0.0799051 0.0353038 0.117988
v -0.0914996 0.0521429 0.137028
v -0.114639 0.108651 0.175152
v -0.134623 0.189204 0.211774
v -0.192486 0.314818 0.259248
v -0.0518451 0.0354088 0.0959851
v -0.074533 0.0296885 0.0767302
v -0.06164 0.0242113 0.0865415
v -0.0306544 0.0200703 0.0666047
v -0.0453995 0.0119309 0.0496103
v -0.0397874 0.00916509 0.0609815
v -0.233947 0.405119 0.295333
v -0.243502 0.404316 0.28981
v -0.241945 0.398525 0.296584
v -0.26182 0.420462 0.314214
v -0.271046 0.417594 0.305538
v -0.26984 0.412687 0.314877
v -0.265286 0.420589 0.323823
v -0.280224 0.417203 0.308515
v -0.276791 0.410359 0.322301
v -0.331658 0.377638 0.461717
v -0.421561 0.381942 0.404506
v -0.377809 0.384613 0.444146
v -0.194649 0.452949 0.320918
v -0.2444 0.411043 0.468805
v -0.172587 0.458088 0.322352
v -0.195156 0.433694 0.422757
v -0.302393 0.44549 0.218344
v -0.416501 0.406422 0.27859
v -0.322185 0.444421 0.197871
v -0.365722 0.430069 0.217856
v -0.281345 0.442786 0.260927
v -0.426355 0.391451 0.346622
v -0.282936 0.398948 0.469828
v -0.226661 0.445974 0.316224
v -0.158353 0.458157 0.340866
v -0.162998 0.450414 0.376654
v -0.405775 0.370984 0.482737
v -0.369818 0.373616 0.511266
v -0.305681 0.388355 0.497036
v -0.352142 0.385674 0.353363
v -0.327235 0.38511 0.38254
v -0.298507 0.39181 0.397859
v -0.219743 0.419747 0.391274
v -0.183803 0.438128 0.370943
v -0.359197 0.414916 0.246666
v -0.342916 0.438237 0.203865
v -0.353388 0.396729 0.300447
v -0.262534 0.399789 0.399868
v -0.158279 0.4556 0.35482
v -0.108842 0.0827423 0.150257
v -0.0981135 0.0836166 0.155109
v -0.104627 0.0775895 0.157271
v 0.496287 0.285843 0.132459
v 0.490895 0.272977 0.139007
v 0.510249 0.288098 0.129717
v 0.393627 0.271809 0.107844
v 0.280245 0.205067 0.0774919
v 0.393611 0.260624 0.115789
v 0.285091 0.195268 0.0872447
v 0.39126 0.270802 0.122849
v 0.493998 0.285451 0.146462
v 0.278029 0.204403 0.0930215
v 0.131635 0.100811 0.06904
v 0.0574356 0.0420346 0.0690504
v 0.137707 0.0911913 0.0622534
v 0.0629705 0.0341319 0.0613422
v 0.132922 0.101803 0.0528324
v 0.0566033 0.0433136 0.0521615
v 0.00258848 0.0285381 0.0509295
v 0.00962402 0.0188532 0.0595992
v -0.0488505 0.0187428 0.0492834
v -0.0431247 0.00814122 0.0585567
v -0.0466421 0.0171428 0.0667422
v 0.00427889 0.0270752 0.0682288
v 0.505166 0.292836 0.150906
v 0.512145 0.283298 0.142737
v 0.47099 0.312005 0.17648
v 0.615414 0.288131 0.198644
v 0.714485 0.265227 0.228526
v 0.571937 0.284463 0.24101
v 0.628419 0.291505 0.157254
v 0.732248 0.267809 0.179439
v 0.632984 0.296771 0.124506
v 0.712641 0.273908 0.103839
v 0.613644 0.30588 0.0876534
v 0.48041 0.288822 0.101467
v 0.692562 0.291106 0.0699402
v 0.573914 0.322913 0.049569
v 0.474481 0.328537 0.0673306
v 0.668674 0.307731 0.0277032
v 0.521337 0.344532 0.0221351
v 0.464171 0.349454 0.0380762
v 0.58718 0.332064 0.00342095
v 0.48651 0.356476 -7.15621e-05
v 0.472 0.35346 0.0102046
v 0.512519 0.345471 -0.00518894
v 0.6505 0.255899 0.281225
v 0.518271 0.313101 0.277316
v 0.5835 0.285048 0.311543
v 0.434376 0.33174 0.221399
v 0.459303 0.348918 0.287512
v 0.494343 0.326248 0.307054
v 0.436488 0.344015 0.26346
v -0.100686 0.540275 -0.346989
v -0.0953926 0.532493 -0.348553
v -0.106307 0.543883 -0.356123
v -0.0895094 0.529033 -0.274018
v -0.0852451 0.522516 -0.280979
v -0.0728174 0.499563 -0.197884
v -0.0682458 0.495737 -0.205297
v -0.061101 0.454287 -0.155785
v -0.0557491 0.453349 -0.162054
v -0.0546279 0.39506 -0.132251
v -0.0487748 0.395433 -0.13793
v -0.0497441 0.328278 -0.117017
v -0.0438308 0.328801 -0.122707
v -0.0424829 0.242482 -0.114362
v -0.036539 0.24289 -0.120166
v -0.052269 0.131825 -0.0721371
v -0.0476139 0.128953 -0.0821136
v -0.0592824 0.10238 -0.0537135
v -0.0606505 0.0727308 -0.0247519
v -0.0507343 0.0989583 -0.065121
v -0.0501552 0.0710126 -0.0438192
v -0.0363916 0.120237 -0.0610338
v -0.0433412 0.131306 -0.0696643
v -0.0292138 0.0820814 -0.0321637
v -0.0172726 0.0540956 0.00526891
v -0.0203783 0.0292748 0.0606709
v -0.0424935 0.0485017 -0.0179783
v -0.0367736 0.0150372 0.0479973
v -0.0605928 0.0400733 0.0240902
v -0.054681 0.0275022 0.0577793
v -0.0306611 0.244032 -0.114566
v -0.0379425 0.329646 -0.117049
v -0.0428336 0.396365 -0.13247
v -0.049362 0.455595 -0.156583
v -0.0612757 0.499912 -0.200186
v -0.0782652 0.527119 -0.277371
v -0.0888125 0.535181 -0.34882
v -0.0880809 0.535802 -0.355614
v -0.0973548 0.533681 -0.358758
v -0.0715774 0.535561 -0.318801
v -0.0863002 0.529606 -0.442547
v -0.0643006 0.523762 -0.530593
v -0.056144 0.534919 -0.428927
v -0.115691 0.533087 -0.444863
v -0.122556 0.527507 -0.530619
v -0.143 0.542165 -0.434276
v -0.167625 0.54933 -0.499451
v -0.167459 0.557639 -0.410904
v -0.119737 0.552462 -0.322017
v -0.199507 0.566399 -0.467054
v -0.183696 0.572559 -0.375094
v -0.136926 0.564038 -0.301606
v -0.209532 0.579767 -0.42159
v -0.191218 0.58762 -0.33987
v -0.156498 0.575336 -0.294956
v -0.217715 0.595692 -0.372821
v -0.191428 0.582213 -0.308051
v -0.180535 0.578176 -0.299249
v -0.206084 0.590969 -0.32676
v -0.0240476 0.540075 -0.505744
v -0.0291661 0.543884 -0.407994
v -0.00325331 0.560025 -0.386774
v -0.0115046 0.55029 -0.479137
v -0.0568706 0.544365 -0.28442
v -0.0206745 0.552726 -0.284639
v 0.0203594 0.545225 -0.318204
v 0.0288768 0.549167 -0.343373
v 0.0317842 0.559602 -0.392501
v 0.012984 0.561754 -0.460547
v -0.532941 0.361146 0.0862549
v -0.536183 0.359793 0.0754606
v -0.558209 0.36327 0.0892633
v -0.490041 0.357196 0.0812433
v -0.49278 0.353655 0.0741652
v -0.406763 0.353253 0.119748
v -0.414625 0.342178 0.110894
v -0.299007 0.325424 0.144465
v -0.305716 0.315595 0.137984
v -0.213619 0.249464 0.144747
v -0.219892 0.241467 0.137556
v -0.177082 0.155448 0.131718
v -0.181077 0.150085 0.124238
v -0.129184 0.088862 0.116131
v -0.134455 0.0854806 0.109185
v -0.0903735 0.0539402 0.101094
v -0.0957529 0.0508501 0.092379
v -0.0570327 0.0324246 0.0872728
v -0.0324941 0.0046212 0.0612671
v -0.0639882 0.0324649 0.0710867
v -0.0476498 0 0.0503084
v -0.0639449 0.0437546 0.0632771
v -0.092031 0.0582455 0.0873597
v -0.0381359 0.0136043 0.0483249
v -0.131523 0.0928715 0.103112
v -0.177576 0.155762 0.118958
v -0.213418 0.250401 0.132056
v -0.298959 0.323838 0.132456
v -0.406376 0.353924 0.107158
v -0.489409 0.359861 0.069477
v -0.527081 0.369502 0.0710132
v -0.536034 0.370606 0.0699548
v -0.560593 0.357096 0.0780355
v -0.517542 0.398613 0.0304745
v -0.658868 0.348411 0.0594513
v -0.732248 0.288975 0.0393625
v -0.62193 0.372146 0.014102
v -0.656299 0.33475 0.0971446
v -0.715509 0.296701 0.108474
v -0.646591 0.327614 0.126406
v -0.684338 0.295794 0.156839
v -0.615259 0.32964 0.154005
v -0.535028 0.365404 0.113439
v -0.659971 0.29583 0.188661
v -0.569587 0.342818 0.174778
v -0.521478 0.361151 0.145405
v -0.620973 0.301441 0.215877
v -0.545859 0.344196 0.188078
v -0.514547 0.357803 0.163441
v -0.588877 0.330063 0.21777
v -0.528845 0.342524 0.204891
v -0.514212 0.35026 0.186579
v -0.55587 0.338011 0.212731
v -0.707179 0.313693 -0.0170853
v -0.586353 0.414692 -0.0314516
v -0.637518 0.366837 -0.0421439
v -0.485682 0.420778 -0.00715676
v -0.545193 0.435515 -0.0650293
v -0.585804 0.431771 -0.0651267
v -0.494127 0.427425 -0.028374
v 0.23064 0.3391 -0.392008
v 0.233767 0.330784 -0.385284
v 0.245769 0.349033 -0.406754
v 0.149062 0.324827 -0.320096
v 0.153718 0.315668 -0.317104
v 0.0814633 0.298472 -0.248185
v 0.0880997 0.291444 -0.248465
v 0.0374666 0.231143 -0.196565
v 0.0452246 0.226734 -0.196871
v 0.0285923 0.128485 -0.133667
v 0.0387165 0.123124 -0.132465
v 0.015861 0.0621363 -0.065238
v 0.0239729 0.0548716 -0.0631914
v -0.015764 0.0394175 -0.02455
v -0.00690947 0.0321311 -0.0229984
v -0.0310684 0.035724 -0.0185967
v -0.0149101 0.028389 -0.0120887
v -0.0494917 0.0240144 0.0177991
v -0.0628367 0.00771861 0.0576487
v -0.0327064 0.0177813 0.0240237
v -0.0452367 0.0027206 0.063026
v -0.0186304 0.028973 0.0334641
v -0.00576253 0.0378385 -0.00123063
v -0.0354514 0.0125358 0.0734195
v -0.00473217 0.0402791 -0.0169114
v 0.0251644 0.0627626 -0.056527
v 0.0388654 0.130365 -0.125706
v 0.04715 0.234208 -0.189978
v 0.0914838 0.299757 -0.242013
v 0.157695 0.325404 -0.312392
v 0.23787 0.338982 -0.379246
v 0.253678 0.347678 -0.388859
v 0.250026 0.338412 -0.397988
v 0.246584 0.360314 -0.348468
v 0.351105 0.357673 -0.408771
v 0.429252 0.351997 -0.425628
v 0.332349 0.346506 -0.436967
v 0.357863 0.369572 -0.378647
v 0.349559 0.390062 -0.331955
v 0.439247 0.371923 -0.391037
v 0.409246 0.387146 -0.350296
v 0.460529 0.373705 -0.395587
v 0.464272 0.33839 -0.440234
v 0.449936 0.314346 -0.482046
v 0.409303 0.317679 -0.506481
v 0.390161 0.334461 -0.470937
v 0.361602 0.335008 -0.489824
v 0.336925 0.337338 -0.508957
v 0.309279 0.345727 -0.454009
v 0.275702 0.347299 -0.464599
v 0.220907 0.35426 -0.416207
v 0.242365 0.354947 -0.471763
v 0.199065 0.362132 -0.421725
v 0.296158 0.338405 -0.526559
v 0.205773 0.370047 -0.473576
v 0.177361 0.372352 -0.430906
v 0.236191 0.352641 -0.52619
v 0.168017 0.379065 -0.460759
v 0.164056 0.377473 -0.43735
v 0.189233 0.379174 -0.493242
v 0.369547 0.333402 -0.512878
v 0.376408 0.407087 -0.29741
v 0.338953 0.405682 -0.295015
v 0.345342 0.422177 -0.266945
v 0.32509 0.420489 -0.261799
v 0.309147 0.417073 -0.264788
v 0.285438 0.401134 -0.283146
v 0.247034 0.374653 -0.317642
v 0.0022165 0.479575 -0.231988
v 0.00242094 0.472377 -0.23038
v 0.00526546 0.484882 -0.244272
v -0.0282843 0.440997 -0.176303
v -0.0240608 0.433964 -0.177038
v -0.0466424 0.386823 -0.138915
v -0.0414704 0.383076 -0.140567
v -0.0480041 0.316083 -0.118876
v -0.0424002 0.314654 -0.121569
v -0.0405529 0.319326 -0.115864
v -0.0389587 0.389055 -0.136374
v -0.0200614 0.440903 -0.1738
v 0.00857599 0.473645 -0.230752
v 0.0130822 0.476586 -0.241516
v 0.0056383 0.475616 -0.242343
v 0.0293596 0.469534 -0.223006
v 0.03879 0.461638 -0.291544
v 0.0527681 0.447146 -0.335604
v 0.0193971 0.470488 -0.293281
v 0.0556764 0.455312 -0.28349
v 0.0772506 0.4509 -0.262237
v 0.0743061 0.443884 -0.329641
v 0.0856997 0.443921 -0.300072
v 0.0795516 0.441263 -0.34135
v 0.0512125 0.439755 -0.360462
v 0.0232559 0.446455 -0.369641
v 0.00478746 0.465501 -0.359212
v 0.0192908 0.463502 -0.333945
v 0.0046279 0.477311 -0.328167
v -0.00868009 0.491754 -0.325228
v 0.00674801 0.48125 -0.288646
v -0.00570411 0.493313 -0.276552
v -0.00318806 0.495612 -0.235784
v -0.0146061 0.506831 -0.263246
v -0.00827352 0.505666 -0.227216
v -0.0257986 0.507548 -0.312299
v -0.0199663 0.523288 -0.247141
v -0.0135275 0.518071 -0.219988
v -0.0369718 0.527586 -0.283315
v -0.0235645 0.533145 -0.226287
v -0.0174322 0.525534 -0.215888
v -0.0284495 0.53914 -0.248233
v -0.00231339 0.483776 -0.342248
v 0.102301 0.442634 -0.26458
v 0.0928118 0.448286 -0.243797
v 0.109867 0.446295 -0.238269
v 0.105154 0.448519 -0.226828
v 0.0982195 0.451705 -0.220455
v 0.0788027 0.456306 -0.216377
v 0.0455088 0.46511 -0.211531
v 0.0605037 0.452319 0.312526
v 0.0514157 0.449524 0.319567
v 0.0656965 0.463987 0.334989
v 0.0566473 0.428907 0.275411
v 0.0522553 0.425262 0.281281
v 0.0535214 0.415188 0.213615
v 0.0487138 0.406431 0.225948
v 0.0523426 0.369676 0.1769
v 0.0472461 0.366024 0.184883
v 0.0369585 0.276351 0.135301
v 0.0308906 0.274016 0.142277
v 0.01819 0.185495 0.104872
v 0.0115918 0.183811 0.111733
v 0.00155516 0.116563 0.0992822
v -0.00514738 0.11409 0.107024
v -0.00656468 0.0597842 0.083835
v -0.0152731 0.056707 0.0894911
v -0.0204078 0.0312359 0.0600412
v -0.0428317 0.00994751 0.040809
v -0.0362386 0.0300232 0.0678134
v -0.0531138 0.00264859 0.0553743
v -0.0436981 0.0421704 0.069177
v -0.0198377 0.0637404 0.0870397
v -0.055308 0.0178224 0.0487055
v -0.0109068 0.122014 0.101257
v 0.00611062 0.187832 0.106194
v 0.0247936 0.27908 0.136407
v 0.040731 0.369949 0.17844
v 0.0423499 0.413072 0.217254
v 0.0454169 0.42922 0.276883
v 0.045197 0.452844 0.308927
v 0.0430475 0.45795 0.317431
v 0.0570639 0.457643 0.342411
v -0.00671993 0.469665 0.302085
v 0.0601711 0.487293 0.438276
v 0.0700525 0.460914 0.530619
v 0.004156 0.486217 0.409198
v 0.0989146 0.479958 0.430586
v 0.130493 0.471939 0.493992
v 0.126656 0.474207 0.416487
v 0.170727 0.46599 0.453279
v 0.146414 0.467526 0.380259
v 0.083717 0.460212 0.306928
v 0.196311 0.461057 0.422823
v 0.15416 0.463881 0.329094
v 0.112567 0.455898 0.287625
v 0.21335 0.454383 0.378573
v 0.161952 0.457474 0.303795
v 0.12922 0.452907 0.277713
v 0.201821 0.467184 0.339124
v 0.175118 0.451649 0.284621
v 0.153023 0.449671 0.273796
v 0.188798 0.459951 0.308203
v 0.00549733 0.463837 0.514811
v -0.0565758 0.502555 0.374618
v -0.0449118 0.47893 0.440407
v -0.054057 0.470492 0.27599
v -0.10148 0.498997 0.339602
v -0.0929639 0.512315 0.377197
v -0.0742808 0.476562 0.286936
v -0.0407752 0.025579 0.0583295
v -0.0441863 0.0160822 0.0684296
v -0.0535303 0.0778053 0.111662
v -0.0547527 0.0753397 0.12494
v -0.072077 0.22124 0.232039
v -0.0736598 0.2196 0.252421
v -0.0888518 0.286568 0.275707
v -0.0906139 0.285738 0.289146
v -0.103785 0.351656 0.289126
v -0.108075 0.356584 0.311298
v -0.103925 0.364848 0.287364
v -0.109663 0.364848 0.31236
v -0.1517 0.467215 0.270299
v -0.147324 0.373978 0.224541
v -0.153374 0.426137 0.218317
v -0.157194 0.475968 0.296665
v -0.171024 0.404597 0.344206
v -0.165853 0.364924 0.345454
v -0.0366375 0.0199291 0.0646706
v -0.048237 0.0737855 0.117875
v -0.0646378 0.217599 0.240491
v -0.0829164 0.283638 0.282764
v -0.101264 0.354969 0.299832
v -0.111172 0.420875 0.275139
v -0.150349 0.400058 0.221429
v -0.115938 0.425145 0.300769
v -0.168438 0.38476 0.34483
v 0.133047 0.398078 -0.0139892
v 0.139255 0.388147 -0.0105955
v 0.132322 0.402501 -0.023579
v 0.105822 0.369232 0.0302384
v 0.0785464 0.290896 0.0445212
v 0.11539 0.360888 0.0338194
v 0.0904887 0.286873 0.0504446
v 0.114351 0.37044 0.039477
v 0.142371 0.399095 -0.00868427
v 0.0840863 0.2931 0.058756
v 0.0560052 0.183684 0.0562189
v 0.0322996 0.0939736 0.057886
v 0.0651487 0.179018 0.0485815
v 0.0401028 0.0892602 0.0492559
v 0.0534992 0.183549 0.040323
v 0.0286555 0.0929161 0.0414221
v -0.0283274 0.0444884 0.0477362
v -0.0160288 0.0407051 0.0554098
v -0.0494457 0.0175708 0.0500347
v -0.0380537 0.0123678 0.0587258
v -0.04487 0.0189293 0.067126
v -0.0238368 0.0458255 0.0648286
v 0.145659 0.40755 -0.0141045
v 0.142553 0.400574 -0.0221063
v 0.152472 0.421153 0.0192611
v 0.205013 0.424387 -0.0820297
v 0.25252 0.423014 -0.148503
v 0.2261 0.419676 -0.0404135
v 0.177616 0.424908 -0.101391
v 0.220752 0.422874 -0.173296
v 0.154282 0.426515 -0.112315
v 0.16068 0.418005 -0.177303
v 0.121949 0.427466 -0.106593
v 0.103293 0.398123 -0.00845961
v 0.12928 0.425225 -0.169521
v 0.0829893 0.431567 -0.0856533
v 0.0721146 0.424183 -0.00876879
v 0.0910329 0.43075 -0.161112
v 0.0481825 0.438381 -0.0523265
v 0.0458639 0.435929 -0.00653525
v 0.0514672 0.436047 -0.105821
v 0.0225085 0.440737 -0.0314853
v 0.0269779 0.437463 -0.0187317
v 0.026232 0.435437 -0.0526458
v 0.277069 0.412244 -0.09004
v 0.236306 0.437419 0.0102254
v 0.279785 0.428054 -0.0311938
v 0.174002 0.435234 0.0588359
v 0.225455 0.457502 0.0589138
v 0.250622 0.446845 0.0362082
v 0.203382 0.448587 0.0689607
v -0.0540167 0.0305832 0.0471425
v -0.0658782 0.0239782 0.0444374
v -0.095103 0.0914165 0.0488036
v -0.108233 0.0917269 0.0494216
v -0.178718 0.343264 0.0480483
v -0.198628 0.35511 0.0483046
v -0.205055 0.537409 0.0174479
v -0.218246 0.535373 0.0193535
v -0.225018 0.668294 -0.0174005
v -0.241211 0.673473 -0.019114
v -0.224029 0.676996 -0.0127837
v -0.242094 0.679441 -0.0173087
v -0.209079 0.758884 -0.0118458
v -0.177084 0.694248 -0.035705
v -0.17162 0.730575 -0.0237198
v -0.227973 0.767123 -0.0136964
v -0.263 0.725218 -0.0460431
v -0.264637 0.697315 -0.0546682
v -0.0605893 0.0258772 0.0514512
v -0.101073 0.0880649 0.0543661
v -0.186351 0.339093 0.0561455
v -0.211935 0.532008 0.0263478
v -0.232896 0.670045 -0.0150592
v -0.214887 0.715979 0.000878636
v -0.174352 0.712412 -0.0297124
v -0.233331 0.720998 -0.00182289
v -0.263818 0.711266 -0.0503556
v -0.194997 0.447647 0.0374934
v -0.21117 0.45217 0.0380821
v -0.202094 0.441479 0.0455749
v -0.209988 0.596791 -0.00787461
v -0.225354 0.598332 -0.00880444
v -0.217799 0.594557 -0.00244299
v 0.0963757 0.192797 0.151982
v 0.0886343 0.194837 0.162973
v 0.174617 0.267239 0.178668
v 0.021839 0.110128 0.103493
v -0.0471895 0.0266764 0.0631414
v 0.0137458 0.111286 0.114484
v -0.0596984 0.0279657 0.0807246
v 0.167145 0.270367 0.189749
v 0.322572 0.476309 0.230009
v 0.314122 0.474387 0.239958
v 0.326156 0.794508 0.201705
v 0.315531 0.795984 0.211054
v 0.330385 0.808601 0.185136
v 0.302681 0.812018 0.210951
v 0.320961 0.823204 0.183335
v 0.305644 0.825866 0.197001
v 0.0910896 0.196453 0.15354
v 0.0989032 0.187734 0.160002
v 0.166497 0.272981 0.181503
v 0.0178819 0.11276 0.104705
v -0.0563881 0.0327299 0.0660382
v 0.0255185 0.103459 0.110865
v -0.0446183 0.018035 0.0760048
v 0.174374 0.265229 0.189096
v 0.312511 0.475725 0.230744
v 0.321653 0.4708 0.236997
v 0.318456 0.791745 0.202257
v 0.326285 0.799851 0.210241
v 0.303416 0.798923 0.18728
v 0.32483 0.819974 0.209206
v 0.300644 0.815914 0.184953
v 0.311906 0.828118 0.196514
v 0.322795 0.813296 0.193334
v 0.317001 0.809164 0.187236
v 0.358885 0.834456 0.133489
v 0.355407 0.831332 0.129232
v 0.319513 0.809524 0.191847
v 0.33604 0.829517 0.177154
v 0.316208 0.81299 0.180723
v 0.346971 0.838744 0.161248
v 0.330694 0.826533 0.145516
v 0.355267 0.840364 0.146669
v 0.341966 0.830348 0.133827
v 0.35818 0.832656 0.130663
v 0.358262 0.836202 0.136284
v 0.35128 0.830988 0.12957
v 0.325678 0.819872 0.190549
v 0.321906 0.819501 0.163325
v 0.329291 0.823697 0.170554
v 0.33949 0.830355 0.15431
v 0.347914 0.833052 0.142012
v 0.35429 0.833108 0.134349
v 0.321106 0.816476 0.185436
v 0.319734 0.809352 0.187861
v 0.311099 0.806817 0.185958
v 0.330978 0.807504 0.113451
v 0.325298 0.805392 0.111751
v 0.315448 0.806707 0.188779
v 0.327043 0.818604 0.164497
v 0.308162 0.81023 0.179831
v 0.332061 0.819693 0.144076
v 0.308112 0.812211 0.139344
v 0.334055 0.81609 0.126453
v 0.314513 0.809957 0.122392
v 0.328808 0.805682 0.11149
v 0.331913 0.809748 0.11592
v 0.321531 0.806701 0.113933
v 0.322243 0.814466 0.182794
v 0.30639 0.812557 0.160453
v 0.317031 0.81477 0.162958
v 0.320559 0.813765 0.142996
v 0.323889 0.811364 0.126927
v 0.326728 0.808186 0.116595
v 0.315275 0.812371 0.18112
v 0.312705 0.806621 0.187961
v 0.304247 0.806954 0.192206
v 0.279243 0.799193 0.13267
v 0.27053 0.798781 0.137318
v 0.309501 0.805795 0.191935
v 0.305756 0.81086 0.162773
v 0.298502 0.810219 0.188107
v 0.300024 0.810092 0.144125
v 0.270785 0.810068 0.16027
v 0.292149 0.807163 0.135045
v 0.267159 0.807175 0.149205
v 0.274724 0.797903 0.134126
v 0.282993 0.801387 0.132492
v 0.267804 0.801465 0.141442
v 0.31223 0.809734 0.181052
v 0.284284 0.811688 0.174268
v 0.295371 0.810327 0.168827
v 0.28665 0.80831 0.153662
v 0.281178 0.806354 0.144818
v 0.276375 0.801585 0.13816
v 0.305244 0.809908 0.18436
v 0.309134 0.806456 0.190696
v 0.305032 0.810169 0.198584
v 0.239881 0.796921 0.168443
v 0.236845 0.798981 0.173753
v 0.308879 0.807316 0.195815
v 0.28871 0.808088 0.17466
v 0.298456 0.814483 0.19759
v 0.270278 0.805233 0.165921
v 0.259902 0.81532 0.187996
v 0.253188 0.800831 0.163101
v 0.244566 0.809047 0.181076
v 0.237511 0.797085 0.170877
v 0.242466 0.797829 0.166781
v 0.237997 0.802193 0.176192
v 0.305016 0.8085 0.184638
v 0.279605 0.817041 0.193537
v 0.284532 0.811737 0.184492
v 0.266286 0.808355 0.1782
v 0.251162 0.804023 0.173898
v 0.241813 0.799946 0.171808
v 0.301496 0.81144 0.191031
v 0.308502 0.809087 0.19391
v 0.310828 0.813 0.205178
v 0.23944 0.812732 0.214356
v 0.24285 0.81621 0.224906
v 0.311568 0.80956 0.199703
v 0.282913 0.816801 0.189498
v 0.30597 0.818756 0.20807
v 0.261559 0.818617 0.191044
v 0.269688 0.829389 0.222511
v 0.246735 0.818045 0.20013
v 0.253921 0.826759 0.2266
v 0.240418 0.81381 0.22046
v 0.239842 0.813079 0.209544
v 0.246016 0.81945 0.226704
v 0.302007 0.812494 0.189456
v 0.289062 0.825889 0.215481
v 0.286341 0.820217 0.201945
v 0.267146 0.821607 0.206372
v 0.252739 0.82052 0.212041
v 0.243977 0.815818 0.216865
v 0.303732 0.815717 0.199082
v 0.306885 0.812764 0.206483
v 0.315176 0.818397 0.207805
v 0.27785 0.863567 0.26591
v 0.283657 0.866823 0.267559
v 0.312222 0.813509 0.206515
v 0.287489 0.830795 0.218708
v 0.314282 0.826795 0.209789
v 0.275515 0.845373 0.232963
v 0.301958 0.861026 0.236676
v 0.272444 0.85698 0.250957
v 0.29373 0.869207 0.254699
v 0.280413 0.865012 0.26793
v 0.276192 0.862717 0.263034
v 0.28675 0.868548 0.264785
v 0.30032 0.817547 0.207709
v 0.309191 0.844555 0.221258
v 0.298712 0.836818 0.22018
v 0.290242 0.851454 0.235199
v 0.285372 0.861656 0.251842
v 0.281891 0.864771 0.262652
v 0.307099 0.82228 0.208912
v 0.316716 0.816902 0.207057
v 0.323899 0.81924 0.202135
v 0.334314 0.865853 0.266131
v 0.339262 0.866956 0.263139
v 0.320789 0.815699 0.203891
v 0.311411 0.839296 0.223274
v 0.324532 0.827065 0.202623
v 0.311348 0.851389 0.237911
v 0.336003 0.858237 0.221337
v 0.319213 0.858358 0.252652
v 0.338694 0.863788 0.239863
v 0.337141 0.866575 0.265327
v 0.331395 0.864669 0.265101
v 0.340106 0.86637 0.258455
v 0.312935 0.823456 0.210564
v 0.329195 0.844504 0.210923
v 0.320496 0.841075 0.217585
v 0.323882 0.851554 0.230355
v 0.32886 0.857917 0.247288
v 0.335217 0.864048 0.261165
v 0.31875 0.82544 0.206817
v 0.32077 0.817112 0.204001
v 0.32395 0.816071 0.195131
v 0.370372 0.877681 0.225266
v 0.374532 0.878083 0.22015
v 0.321921 0.814212 0.199644
v 0.331968 0.843604 0.213852
v 0.326158 0.822864 0.191952
v 0.342048 0.861044 0.224262
v 0.360557 0.860985 0.197584
v 0.355385 0.872883 0.227564
v 0.369198 0.873395 0.207155
v 0.373335 0.878166 0.223508
v 0.367112 0.877177 0.225867
v 0.373684 0.877567 0.215998
v 0.32095 0.824777 0.206546
v 0.341565 0.840658 0.190161
v 0.337466 0.841244 0.201947
v 0.351929 0.858637 0.210915
v 0.362038 0.87014 0.21623
v 0.369474 0.876068 0.220523
v 0.323756 0.824003 0.199298
v 0.322229 0.814505 0.197355
v 0.322114 0.810619 0.185744
v 0.37966 0.853527 0.174658
v 0.379121 0.845192 0.166344
v 0.321586 0.810301 0.192041
v 0.336105 0.837545 0.197701
v 0.323631 0.816208 0.180663
v 0.351978 0.852849 0.194917
v 0.350633 0.837705 0.163762
v 0.366229 0.859469 0.184578
v 0.365392 0.842208 0.160872
v 0.380612 0.84901 0.170119
v 0.377406 0.856567 0.178085
v 0.375565 0.84328 0.163843
v 0.323799 0.822835 0.19974
v 0.3352 0.828133 0.170888
v 0.335831 0.832129 0.18533
v 0.351376 0.843499 0.180833
v 0.364601 0.849432 0.174755
v 0.375476 0.850013 0.172068
v 0.323969 0.819595 0.189868
v 0.30693 0.804036 0.188807
v 0.313359 0.816779 0.195621
v 0.322593 0.808603 0.185248
v 0.328457 0.817047 0.1987
v 0.31642 0.817698 0.210574
v 0.303115 0.809657 0.20446
v 0.311171 0.813782 0.162339
v 0.314645 0.817691 0.163272
v 0.312363 0.815018 0.159282
v 0.313595 0.816479 0.159613
v 0.311589 0.814279 0.168581
v 0.314464 0.817501 0.169262
v 0.312478 0.815313 0.169786
v 0.313642 0.816637 0.170102
v 0.311794 0.813895 0.184206
v 0.312972 0.814649 0.184466
v 0.312636 0.812027 0.191184
v 0.313941 0.812937 0.191534
v 0.311852 0.814315 0.173925
v 0.312472 0.815271 0.174274
v 0.312103 0.810885 0.193351
v 0.314598 0.812614 0.194013
v 0.313302 0.815036 0.15881
v 0.313232 0.814971 0.162892
v 0.31169 0.813083 0.178364
v 0.312704 0.813837 0.17864
v 0.312134 0.813283 0.187948
v 0.313359 0.814139 0.188279
v 0.321994 0.828462 0.169526
v 0.320273 0.830525 0.174427
v 0.321029 0.831543 0.169726
v 0.320344 0.832296 0.171504
v 0.322631 0.824357 0.172718
v 0.321206 0.826127 0.176729
v 0.322294 0.824207 0.174399
v 0.321704 0.8249 0.17605
v 0.316277 0.819415 0.186387
v 0.316841 0.820255 0.18742
v 0.315741 0.814899 0.191494
v 0.316308 0.815871 0.192715
v 0.32097 0.821907 0.177057
v 0.320986 0.822874 0.177927
v 0.315167 0.812806 0.192499
v 0.316257 0.814658 0.194823
v 0.3215 0.832335 0.170191
v 0.322102 0.82938 0.171831
v 0.318899 0.820358 0.181031
v 0.319292 0.821244 0.182023
v 0.315713 0.817306 0.18921
v 0.316244 0.81822 0.190358
v 0.314498 0.831062 0.174746
v 0.317874 0.833279 0.178143
v 0.31575 0.833905 0.174056
v 0.316966 0.834715 0.175437
v 0.314711 0.827459 0.178258
v 0.317512 0.829333 0.181044
v 0.31554 0.827453 0.179597
v 0.316663 0.828223 0.180687
v 0.313209 0.820028 0.189033
v 0.313748 0.820774 0.190047
v 0.314022 0.815205 0.192922
v 0.314567 0.816058 0.194127
v 0.315321 0.826305 0.182271
v 0.316388 0.826823 0.182609
v 0.313919 0.813072 0.193532
v 0.314967 0.814697 0.195825
v 0.316649 0.834163 0.173737
v 0.316455 0.831522 0.17576
v 0.313892 0.823557 0.185438
v 0.314441 0.824267 0.186396
v 0.313344 0.817699 0.191272
v 0.313854 0.8185 0.192405
v 0.309317 0.823803 0.169254
v 0.314186 0.825175 0.170527
v 0.310711 0.82626 0.167794
v 0.312533 0.826769 0.168389
v 0.310254 0.820277 0.172638
v 0.314288 0.821448 0.173662
v 0.31155 0.820082 0.173454
v 0.31316 0.820569 0.173838
v 0.31179 0.816744 0.187045
v 0.3128 0.817493 0.187555
v 0.312587 0.813623 0.192778
v 0.313698 0.814505 0.193408
v 0.312334 0.819118 0.176205
v 0.313507 0.819344 0.175951
v 0.312138 0.812012 0.194313
v 0.314264 0.81369 0.195507
v 0.311423 0.826276 0.167094
v 0.311567 0.82377 0.169243
v 0.311888 0.817714 0.181043
v 0.312888 0.818363 0.181563
v 0.312082 0.815504 0.19029
v 0.313125 0.816334 0.190883
v 0.306205 0.831021 0.179631
v 0.310799 0.832963 0.181285
v 0.30657 0.834147 0.17976
v 0.30831 0.834824 0.180471
v 0.308801 0.826756 0.180414
v 0.31259 0.828407 0.181781
v 0.310262 0.826567 0.180996
v 0.311762 0.827251 0.181542
v 0.310913 0.81963 0.189299
v 0.311763 0.82035 0.190084
v 0.312552 0.814929 0.192674
v 0.313478 0.815749 0.193623
v 0.31144 0.825006 0.182784
v 0.312567 0.825557 0.18265
v 0.312521 0.812813 0.193312
v 0.314296 0.814377 0.195115
v 0.307165 0.834598 0.179202
v 0.308451 0.831538 0.179565
v 0.311081 0.822402 0.185752
v 0.311949 0.823043 0.186484
v 0.311537 0.817463 0.191291
v 0.312406 0.818234 0.192184
v 0.280176 0.812381 0.176716
v 0.283535 0.81356 0.172739
v 0.278488 0.812387 0.173619
v 0.279695 0.812865 0.172168
v 0.2857 0.813116 0.179471
v 0.288401 0.814073 0.176137
v 0.287373 0.813535 0.178947
v 0.288505 0.813941 0.177607
v 0.300606 0.812532 0.190305
v 0.301577 0.812472 0.189235
v 0.306455 0.811212 0.19444
v 0.307598 0.811212 0.193248
v 0.290828 0.813029 0.182815
v 0.291641 0.813456 0.18207
v 0.307752 0.810816 0.196568
v 0.309928 0.810806 0.19429
v 0.27857 0.811813 0.172722
v 0.281927 0.812184 0.174967
v 0.295195 0.811675 0.1873
v 0.296104 0.811706 0.18636
v 0.30377 0.812198 0.192388
v 0.304845 0.8122 0.191268
v 0.29597 0.809709 0.166387
v 0.300097 0.8131 0.166941
v 0.296524 0.811397 0.163587
v 0.297999 0.812676 0.1638
v 0.298005 0.808995 0.171845
v 0.301397 0.811806 0.17222
v 0.299309 0.809717 0.172843
v 0.300695 0.810866 0.173034
v 0.305858 0.814522 0.185431
v 0.307183 0.814959 0.185141
v 0.308888 0.811724 0.190943
v 0.310399 0.812281 0.190679
v 0.300743 0.811675 0.17622
v 0.301701 0.812143 0.175862
v 0.308992 0.810487 0.192997
v 0.311875 0.811543 0.192487
v 0.297308 0.811385 0.162879
v 0.298254 0.810563 0.166474
v 0.302908 0.813254 0.180307
v 0.304124 0.813817 0.180082
v 0.307481 0.813438 0.18845
v 0.3089 0.813963 0.188204
v 0.298735 0.828882 0.175316
v 0.303751 0.828619 0.173797
v 0.300005 0.831147 0.173508
v 0.301934 0.831025 0.173035
v 0.299911 0.824567 0.177376
v 0.304064 0.824387 0.176094
v 0.301289 0.82373 0.177343
v 0.302942 0.823717 0.17681
v 0.306652 0.817032 0.188585
v 0.307928 0.817407 0.188352
v 0.30928 0.813095 0.192701
v 0.310741 0.813569 0.192508
v 0.302871 0.821718 0.179255
v 0.303812 0.821651 0.178427
v 0.309283 0.811518 0.194248
v 0.312069 0.812415 0.193872
v 0.300283 0.831058 0.172568
v 0.300575 0.828184 0.174105
v 0.304467 0.819177 0.183905
v 0.305718 0.819492 0.183704
v 0.308092 0.815314 0.190939
v 0.309465 0.81576 0.19076
v 0.291725 0.82127 0.173518
v 0.295996 0.819234 0.171609
v 0.293103 0.822234 0.170565
v 0.294764 0.821471 0.169948
v 0.292012 0.818552 0.176503
v 0.29555 0.816901 0.174862
v 0.293079 0.81764 0.176598
v 0.29449 0.817002 0.175892
v 0.303012 0.815148 0.189993
v 0.304197 0.815186 0.189235
v 0.308101 0.812656 0.194455
v 0.309373 0.812772 0.193557
v 0.294484 0.816777 0.178473
v 0.295131 0.816182 0.177614
v 0.308813 0.81178 0.196444
v 0.311236 0.811993 0.194726
v 0.293136 0.821777 0.169663
v 0.292994 0.819806 0.172464
v 0.297167 0.815907 0.184148
v 0.298393 0.815812 0.183662
v 0.306168 0.81421 0.192461
v 0.307367 0.81432 0.19162
v 0.301687 0.829295 0.185933
v 0.305834 0.828638 0.182607
v 0.303289 0.83203 0.185211
v 0.304897 0.831706 0.184001
v 0.301617 0.823931 0.184805
v 0.305061 0.823435 0.182056
v 0.302574 0.822928 0.183874
v 0.303967 0.822761 0.182787
v 0.305788 0.817964 0.190568
v 0.307006 0.818129 0.190009
v 0.308274 0.813704 0.193717
v 0.309707 0.813907 0.193147
v 0.30356 0.820579 0.184079
v 0.304217 0.820544 0.182981
v 0.308341 0.812101 0.19522
v 0.311071 0.812483 0.194124
v 0.303334 0.832318 0.184379
v 0.302875 0.828778 0.183954
v 0.304241 0.818927 0.187053
v 0.305403 0.819046 0.186541
v 0.307148 0.816175 0.192303
v 0.308495 0.816367 0.191769
v 0.279045 0.818399 0.194948
v 0.281684 0.819579 0.190561
v 0.276798 0.818751 0.192374
v 0.277747 0.819231 0.190782
v 0.285057 0.818503 0.196441
v 0.287154 0.81947 0.192786
v 0.286635 0.818823 0.195622
v 0.287525 0.819229 0.194146
v 0.299499 0.817762 0.201944
v 0.299645 0.817441 0.200621
v 0.306185 0.814524 0.201525
v 0.306332 0.814155 0.199932
v 0.28997 0.818537 0.198741
v 0.290615 0.818928 0.197841
v 0.308395 0.813723 0.202382
v 0.308669 0.813012 0.199345
v 0.276668 0.818219 0.19146
v 0.280424 0.818167 0.192902
v 0.293837 0.817828 0.201866
v 0.294309 0.817732 0.200665
v 0.303082 0.816344 0.201485
v 0.303221 0.815999 0.199988
v 0.28532 0.822114 0.189868
v 0.290397 0.823933 0.189122
v 0.285662 0.824936 0.188515
v 0.287513 0.825642 0.188286
v 0.288359 0.818208 0.191691
v 0.292516 0.819765 0.191038
v 0.290017 0.818072 0.191739
v 0.291739 0.818685 0.191513
v 0.301074 0.817837 0.194904
v 0.301977 0.817848 0.19376
v 0.30602 0.814235 0.197338
v 0.307134 0.814289 0.196128
v 0.292538 0.817106 0.193369
v 0.293431 0.817594 0.192678
v 0.307094 0.813004 0.199002
v 0.309214 0.813099 0.196688
v 0.286048 0.825068 0.187592
v 0.287568 0.822269 0.188885
v 0.296145 0.81715 0.194329
v 0.297043 0.817319 0.1933
v 0.30378 0.816349 0.196072
v 0.304828 0.816401 0.194936
v 0.289753 0.829445 0.189787
v 0.29258 0.82795 0.185433
v 0.288886 0.830654 0.187096
v 0.290059 0.830096 0.1855
v 0.293171 0.82614 0.191546
v 0.295485 0.82493 0.187914
v 0.294362 0.825297 0.190773
v 0.295262 0.82483 0.189308
v 0.303986 0.8201 0.196124
v 0.3049 0.820052 0.195109
v 0.307684 0.815439 0.1982
v 0.308785 0.815427 0.197086
v 0.297023 0.824175 0.19134
v 0.297193 0.823706 0.190179
v 0.308299 0.81391 0.199599
v 0.310393 0.813882 0.197469
v 0.288436 0.830241 0.186315
v 0.290453 0.82817 0.187931
v 0.300351 0.822719 0.193773
v 0.301209 0.822649 0.192782
v 0.306165 0.817972 0.197267
v 0.307202 0.817962 0.196221
v 0.288469 0.831161 0.205062
v 0.286099 0.829147 0.200796
v 0.28622 0.833007 0.204228
v 0.28542 0.832205 0.202554
v 0.290744 0.826402 0.203671
v 0.288754 0.824775 0.200143
v 0.290473 0.825201 0.202385
v 0.289686 0.824574 0.200992
v 0.30224 0.819056 0.199304
v 0.30256 0.818785 0.198054
v 0.30776 0.815394 0.200303
v 0.30821 0.815096 0.198833
v 0.291997 0.822888 0.20035
v 0.291096 0.822485 0.199686
v 0.309336 0.814316 0.201489
v 0.310187 0.813741 0.198685
v 0.28525 0.832885 0.204267
v 0.287016 0.829888 0.203756
v 0.296345 0.820526 0.198938
v 0.296395 0.820227 0.197709
v 0.305391 0.817521 0.199756
v 0.305816 0.817243 0.198375
v 0.294818 0.8326 0.188877
v 0.298229 0.830007 0.185914
v 0.296079 0.833827 0.186051
v 0.297425 0.832825 0.18502
v 0.294824 0.828533 0.191804
v 0.297656 0.826418 0.189318
v 0.295688 0.827324 0.191591
v 0.296823 0.826502 0.190583
v 0.304594 0.821436 0.198018
v 0.305238 0.821185 0.196825
v 0.307662 0.816353 0.199482
v 0.308455 0.816089 0.198145
v 0.297191 0.825834 0.193521
v 0.297474 0.825191 0.192372
v 0.308294 0.814779 0.200813
v 0.309797 0.81427 0.198259
v 0.295916 0.833514 0.185125
v 0.295581 0.831039 0.187388
v 0.300339 0.824333 0.196896
v 0.301152 0.82397 0.195855
v 0.306457 0.81911 0.198733
v 0.307203 0.818863 0.197477
v 0.299903 0.847319 0.217849
v 0.295333 0.846217 0.21528
v 0.297335 0.849698 0.21877
v 0.295674 0.849335 0.217798
v 0.301257 0.842119 0.214403
v 0.297452 0.841277 0.212334
v 0.300371 0.841049 0.213226
v 0.298833 0.840682 0.212353
v 0.308063 0.825765 0.207367
v 0.306802 0.825219 0.206994
v 0.310577 0.818827 0.205624
v 0.309159 0.8182 0.205118
v 0.303236 0.836665 0.211891
v 0.302345 0.836406 0.211129
v 0.312291 0.816875 0.20529
v 0.309584 0.815678 0.204334
v 0.29643 0.849603 0.219297
v 0.297797 0.846233 0.217253
v 0.306437 0.83088 0.21088
v 0.305319 0.830395 0.210449
v 0.309291 0.822251 0.206077
v 0.307959 0.821662 0.205599
v 0.28434 0.829377 0.218391
v 0.284261 0.828669 0.213089
v 0.281506 0.830658 0.217242
v 0.281492 0.830449 0.215301
v 0.289395 0.826433 0.216671
v 0.289251 0.825881 0.212308
v 0.290179 0.825817 0.215119
v 0.290157 0.825585 0.21333
v 0.301559 0.822202 0.205557
v 0.301073 0.821602 0.204345
v 0.306515 0.817067 0.204479
v 0.306028 0.816411 0.203049
v 0.293281 0.82555 0.212348
v 0.292784 0.825247 0.21139
v 0.308518 0.815759 0.204949
v 0.307581 0.814504 0.202227
v 0.280691 0.830208 0.216773
v 0.28408 0.828307 0.216158
v 0.29697 0.824362 0.209203
v 0.296564 0.823917 0.207979
v 0.304279 0.819731 0.204699
v 0.303823 0.819116 0.203353
v 0.292699 0.839223 0.2026
v 0.290447 0.835679 0.199327
v 0.290731 0.840214 0.200422
v 0.289973 0.838816 0.199163
v 0.294545 0.834981 0.204317
v 0.292656 0.832078 0.201585
v 0.294303 0.833403 0.203871
v 0.293529 0.832292 0.202748
v 0.304538 0.822826 0.202917
v 0.304116 0.822206 0.201774
v 0.308184 0.817431 0.203062
v 0.307774 0.81674 0.201715
v 0.295943 0.830508 0.203796
v 0.294987 0.829927 0.203265
v 0.309704 0.816049 0.203896
v 0.308913 0.814728 0.201331
v 0.289764 0.840117 0.200401
v 0.29123 0.837619 0.201881
v 0.30027 0.826743 0.203703
v 0.299883 0.826095 0.202613
v 0.306633 0.82016 0.202695
v 0.306249 0.819511 0.201427
v 0.301314 0.84097 0.206357
v 0.297098 0.837883 0.206147
v 0.29843 0.842387 0.205529
v 0.296892 0.841131 0.205395
v 0.302987 0.837276 0.207699
v 0.299456 0.834776 0.20751
v 0.302233 0.835989 0.20784
v 0.300806 0.835018 0.20776
v 0.307427 0.824505 0.203584
v 0.30638 0.823839 0.203034
v 0.310259 0.818143 0.203488
v 0.309098 0.817376 0.202801
v 0.302557 0.833699 0.207376
v 0.301451 0.833328 0.207703
v 0.31196 0.81649 0.203887
v 0.309741 0.815027 0.202585
v 0.297635 0.842599 0.206101
v 0.299536 0.839784 0.207112
v 0.304951 0.829797 0.205869
v 0.303969 0.829089 0.205394
v 0.308874 0.821189 0.203047
v 0.307784 0.820468 0.202399
v 0.304871 0.837313 0.201177
v 0.300975 0.834443 0.199029
v 0.30392 0.838199 0.198307
v 0.302487 0.837024 0.197509
v 0.303773 0.833805 0.204905
v 0.30055 0.831455 0.203087
v 0.302734 0.832481 0.204967
v 0.30145 0.831573 0.204212
v 0.306907 0.823717 0.202873
v 0.306157 0.823042 0.201937
v 0.309335 0.818405 0.203261
v 0.308558 0.817612 0.20216
v 0.302632 0.829737 0.205511
v 0.301496 0.829448 0.205238
v 0.310802 0.816966 0.204071
v 0.309311 0.815453 0.201978
v 0.303096 0.838516 0.198193
v 0.302746 0.836443 0.200911
v 0.304633 0.826717 0.204761
v 0.303916 0.826005 0.203859
v 0.308118 0.821202 0.202637
v 0.307388 0.820458 0.201601
v 0.304096 0.80801 0.165989
v 0.308257 0.811086 0.165859
v 0.304885 0.808363 0.162851
v 0.306375 0.809513 0.162804
v 0.305722 0.809524 0.171592
v 0.309147 0.812043 0.1714
v 0.306971 0.810515 0.172444
v 0.308369 0.811557 0.172402
v 0.3087 0.812072 0.185865
v 0.309994 0.812652 0.185778
v 0.310413 0.811825 0.192067
v 0.311871 0.812539 0.192026
v 0.306953 0.810518 0.17642
v 0.307778 0.811305 0.17656
v 0.310095 0.811347 0.194213
v 0.312878 0.812701 0.194129
v 0.305682 0.808239 0.162168
v 0.306351 0.80894 0.16593
v 0.307381 0.810364 0.180551
v 0.308524 0.810957 0.180522
v 0.309588 0.812255 0.189214
v 0.310958 0.812926 0.189178
v 0.277437 0.81124 0.18743
v 0.280078 0.811261 0.182872
v 0.275291 0.81077 0.18504
v 0.276246 0.810816 0.183381
v 0.283253 0.812023 0.188475
v 0.285353 0.812022 0.184685
v 0.284803 0.812167 0.187542
v 0.285694 0.812181 0.186008
v 0.299083 0.812726 0.194451
v 0.299785 0.812429 0.193213
v 0.305067 0.812117 0.196707
v 0.305919 0.811835 0.195311
v 0.28865 0.812285 0.190178
v 0.289355 0.812442 0.189272
v 0.306596 0.812121 0.198319
v 0.308215 0.811577 0.195653
v 0.275096 0.810147 0.184205
v 0.27872 0.810667 0.185364
v 0.293304 0.811794 0.193149
v 0.293989 0.811596 0.192045
v 0.302364 0.812669 0.195524
v 0.303165 0.812406 0.194212
v 0.289832 0.806362 0.173806
v 0.294438 0.808922 0.173163
v 0.290158 0.807155 0.171066
v 0.29182 0.808126 0.170848
v 0.292602 0.806685 0.178279
v 0.296377 0.808793 0.177676
v 0.294142 0.807368 0.178836
v 0.295692 0.808237 0.178624
v 0.303485 0.81312 0.188556
v 0.304755 0.81334 0.187931
v 0.306802 0.811747 0.192847
v 0.308274 0.812057 0.192195
v 0.296472 0.809459 0.181519
v 0.297393 0.809711 0.180928
v 0.307042 0.811139 0.194722
v 0.309847 0.811723 0.193471
v 0.29076 0.806973 0.170208
v 0.292148 0.806929 0.173265
v 0.299545 0.811339 0.184664
v 0.300749 0.811677 0.184125
v 0.305352 0.812725 0.190909
v 0.306735 0.813018 0.190298
v 0.283197 0.826523 0.212497
v 0.282621 0.825592 0.207609
v 0.280085 0.826897 0.21216
v 0.279882 0.8266 0.210381
v 0.288417 0.82508 0.209576
v 0.28786 0.824324 0.205573
v 0.289103 0.824645 0.207939
v 0.288913 0.824338 0.206291
v 0.301211 0.819395 0.204974
v 0.300947 0.818801 0.203714
v 0.306736 0.816053 0.20322
v 0.306512 0.815461 0.201727
v 0.292835 0.823464 0.207542
v 0.292885 0.823345 0.206458
v 0.308811 0.815454 0.203431
v 0.308377 0.814319 0.200585
v 0.279292 0.826353 0.211751
v 0.282841 0.82548 0.210291
v 0.296502 0.821369 0.207149
v 0.296323 0.820898 0.205977
v 0.304178 0.817696 0.203956
v 0.303964 0.817124 0.202563
v 0.30526 0.846236 0.210881
v 0.300392 0.844204 0.210758
v 0.303139 0.848294 0.21179
v 0.30136 0.847563 0.211701
v 0.30561 0.841015 0.209238
v 0.301575 0.839409 0.209169
v 0.30449 0.839706 0.208932
v 0.302849 0.839021 0.208883
v 0.311627 0.82592 0.207856
v 0.310293 0.825481 0.207884
v 0.312411 0.819971 0.205741
v 0.310872 0.81946 0.205664
v 0.307326 0.836022 0.209037
v 0.306312 0.835504 0.208782
v 0.313586 0.818269 0.20501
v 0.310651 0.817295 0.204873
v 0.302446 0.848477 0.212575
v 0.303171 0.845189 0.211491
v 0.310873 0.831023 0.210194
v 0.309663 0.830548 0.21019
v 0.311936 0.822837 0.206443
v 0.31049 0.822355 0.206368
v 0.29217 0.83211 0.22425
v 0.290992 0.830581 0.219422
v 0.289548 0.833069 0.22393
v 0.28914 0.832549 0.222158
v 0.296033 0.829184 0.221376
v 0.294996 0.827955 0.217424
v 0.296367 0.828369 0.219755
v 0.295975 0.827859 0.218125
v 0.304591 0.823128 0.208023
v 0.303801 0.822456 0.207051
v 0.308066 0.81859 0.205799
v 0.307224 0.817835 0.204629
v 0.298714 0.827478 0.216395
v 0.298017 0.827091 0.215654
v 0.30978 0.81753 0.205719
v 0.308167 0.816089 0.203492
v 0.288614 0.832672 0.223724
v 0.291316 0.830867 0.22229
v 0.301368 0.825758 0.212551
v 0.300681 0.825204 0.211543
v 0.306515 0.820863 0.206553
v 0.305725 0.820155 0.205451
v 0.317465 0.849737 0.217367
v 0.312117 0.849453 0.217858
v 0.31612 0.852507 0.219328
v 0.314161 0.852437 0.219473
v 0.316068 0.84443 0.214237
v 0.311663 0.844269 0.214697
v 0.314556 0.843538 0.213848
v 0.312752 0.843446 0.214007
v 0.315802 0.827445 0.206069
v 0.314466 0.827158 0.206493
v 0.31602 0.820376 0.203806
v 0.314471 0.820036 0.204212
v 0.315648 0.838813 0.211538
v 0.314463 0.838703 0.211427
v 0.317012 0.818201 0.202748
v 0.31406 0.817553 0.203533
v 0.315617 0.85262 0.220249
v 0.315223 0.849096 0.218107
v 0.316992 0.832729 0.209406
v 0.315755 0.832468 0.209701
v 0.315663 0.823853 0.204619
v 0.314206 0.823533 0.205
v 0.305098 0.845908 0.20962
v 0.301975 0.842595 0.211437
v 0.301737 0.84661 0.210132
v 0.300605 0.845274 0.21075
v 0.308181 0.84315 0.210181
v 0.305536 0.840447 0.211689
v 0.30798 0.841885 0.210659
v 0.306879 0.84084 0.211271
v 0.313205 0.826804 0.203651
v 0.311942 0.826244 0.203789
v 0.314543 0.819686 0.20231
v 0.313097 0.819156 0.202442
v 0.308895 0.839547 0.21009
v 0.308103 0.83919 0.210898
v 0.315948 0.817832 0.201827
v 0.313189 0.816823 0.202089
v 0.301215 0.846813 0.210971
v 0.304128 0.84479 0.211111
v 0.311917 0.834432 0.20727
v 0.310884 0.833656 0.207362
v 0.313584 0.822784 0.202487
v 0.312223 0.822283 0.202608
v 0.305637 0.835682 0.194633
v 0.30101 0.833705 0.196109
v 0.303151 0.835912 0.192493
v 0.301442 0.835079 0.193079
v 0.306843 0.834008 0.199574
v 0.302991 0.832381 0.200753
v 0.305971 0.83327 0.200688
v 0.30442 0.832615 0.201125
v 0.310982 0.825543 0.200531
v 0.309802 0.824918 0.200455
v 0.3135 0.820334 0.20182
v 0.312173 0.819563 0.201677
v 0.306436 0.831415 0.202283
v 0.305251 0.831397 0.202763
v 0.315184 0.818908 0.202307
v 0.31265 0.817439 0.202043
v 0.302396 0.836385 0.192691
v 0.303667 0.835455 0.195864
v 0.308885 0.828799 0.201913
v 0.307789 0.828177 0.20186
v 0.312166 0.822915 0.200793
v 0.310919 0.822189 0.200656
v 0.329487 0.844651 0.203096
v 0.324248 0.845124 0.203945
v 0.328726 0.84776 0.204612
v 0.32681 0.847961 0.20488
v 0.327104 0.839284 0.201047
v 0.322803 0.839752 0.201788
v 0.325463 0.838563 0.200913
v 0.323696 0.838726 0.201191
v 0.32318 0.825084 0.195914
v 0.322227 0.825452 0.196843
v 0.32023 0.818676 0.197441
v 0.319093 0.819149 0.198552
v 0.325981 0.834374 0.198844
v 0.324791 0.834453 0.198878
v 0.319898 0.816208 0.197203
v 0.317737 0.81711 0.199328
v 0.328316 0.848066 0.205549
v 0.327251 0.844426 0.204095
v 0.326356 0.829588 0.197009
v 0.325223 0.829737 0.197628
v 0.321305 0.821893 0.1966
v 0.320235 0.822336 0.197643
v 0.320688 0.843661 0.201554
v 0.316527 0.840793 0.199486
v 0.318423 0.84521 0.199923
v 0.316922 0.844162 0.199112
v 0.321764 0.838786 0.20315
v 0.318299 0.836486 0.201424
v 0.320896 0.837407 0.20291
v 0.319506 0.836421 0.202197
v 0.316984 0.827163 0.199265
v 0.315605 0.826993 0.199683
v 0.317304 0.820637 0.199919
v 0.315738 0.82035 0.200298
v 0.321025 0.834265 0.202335
v 0.319811 0.834092 0.202132
v 0.31839 0.818501 0.199824
v 0.315406 0.817958 0.200555
v 0.317462 0.845393 0.200229
v 0.318601 0.842422 0.201509
v 0.319649 0.831008 0.201087
v 0.318299 0.830854 0.201319
v 0.316856 0.823872 0.19932
v 0.315384 0.823602 0.199673
v 0.315331 0.843304 0.194811
v 0.311009 0.84249 0.197764
v 0.313366 0.845747 0.195425
v 0.311707 0.845337 0.196489
v 0.315914 0.838415 0.195881
v 0.312322 0.837786 0.198324
v 0.314968 0.837488 0.196736
v 0.313529 0.837268 0.197712
v 0.315372 0.825263 0.196223
v 0.314104 0.824999 0.196619
v 0.316539 0.819436 0.198166
v 0.315078 0.819087 0.198549
v 0.314279 0.834666 0.196823
v 0.313489 0.834876 0.197782
v 0.317804 0.817659 0.198541
v 0.315017 0.816998 0.199279
v 0.313196 0.846291 0.19626
v 0.314018 0.843085 0.196683
v 0.314727 0.83031 0.196061
v 0.313519 0.83007 0.196474
v 0.315768 0.822127 0.196912
v 0.314394 0.821797 0.197269
v 0.326843 0.837909 0.185606
v 0.325773 0.84091 0.189949
v 0.326823 0.840838 0.184995
v 0.326333 0.841908 0.186684
v 0.326275 0.834774 0.189738
v 0.325393 0.837296 0.193305
v 0.32592 0.835081 0.19144
v 0.325567 0.836085 0.192836
v 0.319144 0.82471 0.195728
v 0.318128 0.824928 0.196544
v 0.318085 0.818377 0.197076
v 0.316838 0.818584 0.198005
v 0.324388 0.833864 0.194085
v 0.324561 0.83471 0.194937
v 0.318467 0.816136 0.197012
v 0.316096 0.816534 0.198791
v 0.327456 0.841528 0.185263
v 0.327179 0.839122 0.187607
v 0.321714 0.83012 0.195887
v 0.320879 0.830528 0.196768
v 0.318243 0.821383 0.196112
v 0.317071 0.821577 0.196983
v 0.310554 0.841083 0.191753
v 0.307347 0.838701 0.194745
v 0.307256 0.841928 0.192008
v 0.306086 0.840932 0.193099
v 0.314261 0.838004 0.193489
v 0.311565 0.836055 0.195956
v 0.314057 0.836918 0.194408
v 0.312957 0.836153 0.195382
v 0.315937 0.824463 0.194025
v 0.314769 0.82441 0.194732
v 0.317168 0.819239 0.196755
v 0.315812 0.81913 0.19752
v 0.315191 0.834214 0.194298
v 0.314411 0.834257 0.195369
v 0.318389 0.817462 0.197199
v 0.315806 0.81726 0.198666
v 0.306775 0.842357 0.192783
v 0.309586 0.840523 0.19365
v 0.316463 0.829541 0.193111
v 0.315354 0.829237 0.193795
v 0.316269 0.821692 0.195161
v 0.314994 0.821589 0.195878
v 0.323767 0.829773 0.163568
v 0.32489 0.834091 0.166709
v 0.325043 0.832357 0.161663
v 0.325408 0.83396 0.162794
v 0.322359 0.828133 0.169322
v 0.323318 0.831727 0.171839
v 0.32239 0.828926 0.170981
v 0.322761 0.830386 0.172039
v 0.319306 0.819204 0.184912
v 0.319958 0.820137 0.185797
v 0.319154 0.81513 0.190942
v 0.319827 0.816214 0.191994
v 0.321385 0.825461 0.174666
v 0.321425 0.826406 0.175452
v 0.318648 0.813121 0.19236
v 0.319941 0.815186 0.194361
v 0.325993 0.832781 0.161638
v 0.32494 0.831246 0.165171
v 0.320952 0.82099 0.179244
v 0.321455 0.821864 0.180082
v 0.31895 0.817366 0.18819
v 0.31958 0.818385 0.189179
v 0.333716 0.834917 0.178833
v 0.330215 0.837136 0.18227
v 0.3343 0.838178 0.179054
v 0.332972 0.839002 0.180262
v 0.33153 0.830409 0.181423
v 0.328781 0.832298 0.184273
v 0.330448 0.830224 0.182683
v 0.329323 0.830964 0.183856
v 0.322932 0.823663 0.189985
v 0.322572 0.824351 0.191218
v 0.321296 0.818108 0.193763
v 0.320753 0.818882 0.195144
v 0.328053 0.828808 0.184196
v 0.327723 0.829519 0.185038
v 0.320983 0.815769 0.194179
v 0.319958 0.817246 0.196814
v 0.33466 0.838838 0.179847
v 0.332406 0.835735 0.180865
v 0.325901 0.826658 0.1867
v 0.325524 0.827343 0.18783
v 0.321749 0.820879 0.191934
v 0.321237 0.821606 0.193231
v 0.319549 0.839129 0.17957
v 0.319727 0.840932 0.184601
v 0.318684 0.842104 0.180305
v 0.318702 0.842698 0.182247
v 0.321359 0.835099 0.181727
v 0.321491 0.836633 0.185883
v 0.321755 0.834833 0.183283
v 0.321777 0.835496 0.184925
v 0.319111 0.822808 0.190325
v 0.318731 0.823412 0.191512
v 0.31914 0.817614 0.193891
v 0.318627 0.818274 0.195241
v 0.321839 0.832365 0.18534
v 0.32221 0.833118 0.186276
v 0.319406 0.815452 0.194269
v 0.318438 0.816714 0.196846
v 0.319261 0.842831 0.180584
v 0.320458 0.839942 0.181533
v 0.320688 0.827434 0.187582
v 0.320339 0.827973 0.188757
v 0.318737 0.820149 0.192186
v 0.318253 0.820768 0.193454
v 0.316744 0.831357 0.17449
v 0.32017 0.833463 0.177918
v 0.317255 0.8346 0.174347
v 0.31851 0.83534 0.175733
v 0.318167 0.827867 0.176436
v 0.320994 0.829673 0.179245
v 0.319187 0.827852 0.177548
v 0.320313 0.828599 0.178653
v 0.317317 0.820938 0.188052
v 0.317758 0.821734 0.189086
v 0.317997 0.816088 0.192685
v 0.318439 0.816996 0.193895
v 0.319512 0.826851 0.179578
v 0.320532 0.82741 0.179921
v 0.317935 0.813874 0.193476
v 0.318787 0.815606 0.19578
v 0.31806 0.835045 0.174029
v 0.318776 0.8319 0.175396
v 0.318469 0.824037 0.183057
v 0.318943 0.824731 0.184072
v 0.317324 0.818659 0.19073
v 0.317737 0.819513 0.191868
v 0.312194 0.829447 0.179483
v 0.313906 0.832296 0.183697
v 0.310265 0.831903 0.18047
v 0.310933 0.832905 0.182121
v 0.316925 0.827095 0.180561
v 0.318302 0.829482 0.184049
v 0.318066 0.827324 0.1818
v 0.318581 0.828301 0.183183
v 0.31738 0.821345 0.189166
v 0.317365 0.822086 0.190352
v 0.318261 0.817028 0.192775
v 0.318182 0.817818 0.194149
v 0.319558 0.825997 0.183747
v 0.320116 0.826893 0.184347
v 0.318561 0.814896 0.193222
v 0.318421 0.816404 0.195841
v 0.310536 0.832736 0.180435
v 0.313544 0.830871 0.180741
v 0.318977 0.823509 0.186191
v 0.318982 0.824192 0.187382
v 0.317448 0.819449 0.191084
v 0.317373 0.820192 0.192375
v 0.325999 0.846951 0.209018
v 0.321097 0.847003 0.210984
v 0.325695 0.849524 0.211281
v 0.32388 0.849571 0.211908
v 0.323404 0.842136 0.207442
v 0.31947 0.842216 0.209332
v 0.321861 0.841378 0.207797
v 0.320248 0.841382 0.208569
v 0.319705 0.826788 0.20402
v 0.318487 0.82669 0.204776
v 0.318175 0.820787 0.202149
v 0.316746 0.820652 0.202948
v 0.322155 0.836969 0.207192
v 0.321027 0.836899 0.207446
v 0.318497 0.818839 0.200995
v 0.315776 0.818584 0.202526
v 0.325445 0.849794 0.212342
v 0.323863 0.846692 0.210131
v 0.322379 0.831544 0.206512
v 0.321237 0.831438 0.207127
v 0.31864 0.823691 0.202857
v 0.317296 0.823564 0.203606
v 0.311415 0.842137 0.214496
v 0.30734 0.839871 0.212068
v 0.308902 0.843454 0.21549
v 0.307417 0.842666 0.214464
v 0.313128 0.837843 0.212443
v 0.30976 0.835961 0.210898
v 0.312437 0.836594 0.211742
v 0.311083 0.8358 0.21113
v 0.312618 0.826251 0.205955
v 0.311338 0.825639 0.205859
v 0.314429 0.821072 0.204148
v 0.312978 0.820352 0.203954
v 0.312482 0.834064 0.210313
v 0.311418 0.833722 0.210251
v 0.31592 0.819754 0.203601
v 0.313152 0.818383 0.203242
v 0.307993 0.843286 0.216095
v 0.309439 0.840864 0.213535
v 0.312554 0.830587 0.209052
v 0.311346 0.830008 0.209012
v 0.313449 0.823524 0.204666
v 0.312087 0.822847 0.204481
v 0.33717 0.836627 0.186454
v 0.334197 0.838966 0.1899
v 0.33857 0.839381 0.186938
v 0.337469 0.840245 0.188158
v 0.332523 0.83329 0.18814
v 0.330135 0.835275 0.190975
v 0.331067 0.833332 0.189222
v 0.330061 0.834121 0.190378
v 0.323847 0.823015 0.192659
v 0.32328 0.82356 0.193857
v 0.320607 0.818097 0.195203
v 0.319842 0.818719 0.196514
v 0.329065 0.830095 0.189656
v 0.32827 0.830511 0.190315
v 0.319794 0.81612 0.19517
v 0.318343 0.81731 0.197674
v 0.338925 0.839965 0.187748
v 0.336117 0.837496 0.18853
v 0.327444 0.826523 0.190837
v 0.326848 0.827012 0.191872
v 0.322015 0.82045 0.193989
v 0.32131 0.821026 0.195228
v 0.315881 0.828367 0.167075
v 0.319352 0.831387 0.169733
v 0.317011 0.83047 0.165349
v 0.318243 0.831599 0.166334
v 0.316407 0.826664 0.17209
v 0.319279 0.829185 0.174213
v 0.317313 0.827135 0.173528
v 0.318477 0.828156 0.174429
v 0.317562 0.816247 0.183832
v 0.318515 0.817095 0.184432
v 0.317758 0.814118 0.189598
v 0.318777 0.815146 0.190353
v 0.317138 0.823314 0.175893
v 0.317725 0.82401 0.176643
v 0.317172 0.812822 0.191129
v 0.319124 0.814778 0.192562
v 0.317928 0.830725 0.164922
v 0.317931 0.82928 0.168008
v 0.317833 0.817893 0.178623
v 0.318704 0.818644 0.179245
v 0.317482 0.815368 0.187007
v 0.318439 0.816334 0.187717
v 0.330437 0.829982 0.174224
v 0.32778 0.832353 0.178018
v 0.331364 0.832532 0.17409
v 0.330247 0.833435 0.175438
v 0.328164 0.826654 0.177334
v 0.326508 0.828539 0.180488
v 0.327403 0.826628 0.178746
v 0.326749 0.827362 0.180047
v 0.322517 0.820661 0.18741
v 0.322573 0.821414 0.188614
v 0.320819 0.816917 0.191533
v 0.320712 0.817806 0.192925
v 0.325745 0.825185 0.180728
v 0.32568 0.82592 0.181555
v 0.320169 0.815165 0.192095
v 0.319973 0.816862 0.194751
v 0.331898 0.833213 0.174718
v 0.329449 0.831134 0.176353
v 0.324506 0.823152 0.183595
v 0.324529 0.823851 0.184702
v 0.321425 0.818741 0.189606
v 0.321321 0.819574 0.190912
v 0.346596 0.82127 0.158774
v 0.347158 0.81202 0.145529
v 0.314781 0.802493 0.207737
v 0.313804 0.79607 0.202255
v 0.328232 0.809618 0.148562
v 0.306204 0.804655 0.182068
v 0.31295 0.801664 0.167938
v 0.327067 0.800816 0.181269
v 0.331849 0.816092 0.188258
v 0.337088 0.821461 0.174381
v 0.318859 0.807993 0.158873
v 0.334076 0.812073 0.163215
v 0.281153 0.805517 0.182153
v 0.267485 0.803304 0.189536
v 0.324417 0.804277 0.197954
v 0.320879 0.800034 0.20412
v 0.276731 0.807729 0.205915
v 0.300629 0.810826 0.21034
v 0.286792 0.804033 0.212152
v 0.297544 0.794369 0.198303
v 0.299764 0.802633 0.183503
v 0.309744 0.844452 0.223045
v 0.321494 0.853534 0.22808
v 0.31311 0.80009 0.200413
v 0.320862 0.799587 0.203309
v 0.332946 0.84238 0.215397
v 0.331048 0.820575 0.200913
v 0.338556 0.829449 0.211522
v 0.324071 0.81969 0.219385
v 0.307869 0.825668 0.216571
v 0.247991 0.369935 0.20705
v 0.239066 0.371786 0.217898
v 0.237859 0.373893 0.208992
v 0.243009 0.366368 0.21625
v 0.33521 0.635876 0.232076
v 0.345164 0.63683 0.240459
v 0.343785 0.639952 0.231364
v 0.334634 0.631427 0.241122
v 0.33811 0.73919 0.228716
v 0.329382 0.735138 0.220796
v 0.337194 0.739059 0.220092
v 0.327685 0.734483 0.229938
v 0.0258283 0.205283 0.000913154
v 0.0349544 0.206509 0.00960563
v 0.04761 0.304455 -0.0448159
v -0.022118 0.118609 0.0465366
v -0.0619553 0.0319742 0.0881365
v -0.0129807 0.11897 0.0553857
v -0.0472579 0.0320729 0.1018
v 0.0569434 0.306803 -0.0360635
v 0.00947049 0.60515 -0.128062
v 0.0192484 0.604992 -0.118911
v -0.0647058 0.911417 -0.163114
v -0.0547087 0.918276 -0.153872
v -0.0849237 0.919969 -0.169751
v -0.0573053 0.937694 -0.145728
v -0.0891976 0.936524 -0.164454
v -0.0747122 0.946929 -0.151338
v 0.0264763 0.208131 0.0064933
v 0.0337468 0.200977 -0.00122751
v 0.0490538 0.30901 -0.0361214
v -0.0215856 0.120644 0.0507009
v -0.0606402 0.0366444 0.0978152
v -0.014579 0.112919 0.0429953
v -0.0493869 0.0244108 0.0859352
v 0.057059 0.302733 -0.0437063
v 0.00898348 0.609979 -0.119491
v 0.0186594 0.597687 -0.126315
v -0.0629614 0.911817 -0.154394
v -0.0571888 0.917716 -0.16605
v -0.0786029 0.921407 -0.139233
v -0.0624816 0.936523 -0.170797
v -0.0844329 0.93761 -0.141464
v -0.0761693 0.946602 -0.158426
v -0.0770258 0.928461 -0.164508
v -0.0818937 0.925777 -0.156442
v -0.145203 0.924401 -0.200486
v -0.148593 0.922099 -0.195363
v -0.0774729 0.925962 -0.159743
v -0.0979934 0.935701 -0.18115
v -0.0892845 0.928472 -0.155986
v -0.116995 0.937431 -0.193231
v -0.129119 0.929575 -0.170563
v -0.132803 0.933385 -0.200365
v -0.142687 0.926933 -0.181831
v -0.147635 0.922532 -0.198821
v -0.142691 0.926705 -0.200766
v -0.147862 0.923363 -0.191054
v -0.0814985 0.932953 -0.169193
v -0.108819 0.929389 -0.161631
v -0.102935 0.931737 -0.171501
v -0.121669 0.931324 -0.181971
v -0.135399 0.928605 -0.189877
v -0.143689 0.925006 -0.195447
v -0.0856171 0.93066 -0.162745
v -0.0815067 0.925047 -0.159394
v -0.0822374 0.925585 -0.149462
v -0.156934 0.907368 -0.160271
v -0.157778 0.907173 -0.153576
v -0.079675 0.924359 -0.154268
v -0.107823 0.926871 -0.166781
v -0.088984 0.928758 -0.146721
v -0.129207 0.922557 -0.169612
v -0.130584 0.923728 -0.141994
v -0.146503 0.915531 -0.168212
v -0.147822 0.916428 -0.145641
v -0.158227 0.906314 -0.157163
v -0.155162 0.909283 -0.162342
v -0.155812 0.909822 -0.150517
v -0.0879558 0.92795 -0.162931
v -0.10906 0.928259 -0.143099
v -0.107799 0.926788 -0.15507
v -0.128151 0.921182 -0.155764
v -0.144227 0.915029 -0.156322
v -0.153846 0.909725 -0.156673
v -0.0886758 0.928316 -0.154883
v -0.0802801 0.925153 -0.151313
v -0.0753934 0.929297 -0.143278
v -0.132365 0.921311 -0.107309
v -0.126887 0.924935 -0.0988274
v -0.0758173 0.926251 -0.148278
v -0.106286 0.927331 -0.142212
v -0.0798318 0.933714 -0.137868
v -0.124649 0.92558 -0.133633
v -0.106004 0.939079 -0.105674
v -0.132652 0.92426 -0.123417
v -0.116357 0.935887 -0.0995797
v -0.130262 0.922043 -0.102444
v -0.133305 0.92191 -0.111837
v -0.123066 0.9291 -0.0974157
v -0.0879442 0.92701 -0.150907
v -0.0931441 0.937958 -0.121902
v -0.0992246 0.931699 -0.132158
v -0.11355 0.930496 -0.120565
v -0.121706 0.929221 -0.113159
v -0.127081 0.925493 -0.105838
v -0.0840866 0.930307 -0.144212
v -0.0771916 0.926783 -0.147948
v -0.0696613 0.933036 -0.145939
v -0.0925037 0.93981 -0.0707998
v -0.0873184 0.943719 -0.0690266
v -0.0721528 0.928532 -0.148629
v -0.0923027 0.933092 -0.125363
v -0.0711057 0.939247 -0.140416
v -0.0991737 0.935791 -0.104361
v -0.0781169 0.952606 -0.0997803
v -0.0997922 0.937581 -0.085023
v -0.0826335 0.951339 -0.0811162
v -0.089884 0.941247 -0.0687343
v -0.0945864 0.939408 -0.0735283
v -0.0856195 0.946651 -0.0715489
v -0.0834827 0.929148 -0.143568
v -0.0743499 0.947856 -0.121312
v -0.0827759 0.939644 -0.123512
v -0.0870579 0.942207 -0.102854
v -0.0893479 0.943084 -0.0853655
v -0.0898825 0.942442 -0.0741869
v -0.0773487 0.934225 -0.141717
v -0.074444 0.929972 -0.148552
v -0.0640077 0.934611 -0.153661
v -0.0491954 0.962249 -0.0813731
v -0.0394767 0.965968 -0.0873641
v -0.068888 0.930257 -0.152614
v -0.0786563 0.945732 -0.124108
v -0.0619419 0.942168 -0.150869
v -0.0758554 0.955534 -0.102929
v -0.0467999 0.967744 -0.118824
v -0.0653654 0.962017 -0.0886951
v -0.0408755 0.971842 -0.102313
v -0.0432944 0.963911 -0.0835199
v -0.054195 0.961603 -0.0812657
v -0.0385895 0.968075 -0.0918821
v -0.079217 0.934736 -0.142371
v -0.0546635 0.956199 -0.136715
v -0.0669967 0.949709 -0.130346
v -0.0613376 0.958812 -0.11163
v -0.0542438 0.96409 -0.0972136
v -0.0476549 0.96383 -0.0873457
v -0.0702555 0.938685 -0.146427
v -0.0623298 0.936071 -0.149702
v -0.0628326 0.938399 -0.160187
v -0.00861523 0.998214 -0.141896
v -0.00824762 0.99975 -0.149261
v -0.0628636 0.934791 -0.155431
v -0.0523232 0.961823 -0.137076
v -0.0625635 0.946764 -0.16219
v -0.0394187 0.980373 -0.13067
v -0.0412418 0.986123 -0.163495
v -0.0223008 0.992427 -0.132571
v -0.023161 0.997444 -0.159186
v -0.00714029 0.999116 -0.145318
v -0.0112056 0.997495 -0.139523
v -0.0117863 1 -0.152724
v -0.0616189 0.943083 -0.144629
v -0.0543533 0.966864 -0.164087
v -0.0529805 0.963454 -0.150718
v -0.0395307 0.980774 -0.147992
v -0.0234381 0.992207 -0.147502
v -0.0125486 0.997406 -0.146053
v -0.0619338 0.945125 -0.153258
v -0.0633871 0.936335 -0.161199
v -0.0694439 0.934995 -0.168681
v -0.0219124 0.994085 -0.204864
v -0.0255785 0.992776 -0.209913
v -0.066656 0.933194 -0.164591
v -0.0513343 0.961568 -0.164966
v -0.0706873 0.942016 -0.171876
v -0.0405244 0.977208 -0.17116
v -0.0604533 0.971192 -0.196415
v -0.0309453 0.987827 -0.184534
v -0.0464355 0.983214 -0.204552
v -0.0231134 0.993585 -0.207898
v -0.0224684 0.993882 -0.201347
v -0.0302349 0.991072 -0.209966
v -0.0609509 0.944331 -0.159848
v -0.0663714 0.957688 -0.183286
v -0.0581937 0.958882 -0.174127
v -0.0493888 0.971726 -0.183178
v -0.0375378 0.983656 -0.193784
v -0.0268374 0.991529 -0.204637
v -0.0656318 0.94337 -0.165965
v -0.0668484 0.934514 -0.165033
v -0.0758855 0.930883 -0.16681
v -0.0581459 0.974427 -0.238886
v -0.0634588 0.972326 -0.242685
v -0.0707402 0.930693 -0.164727
v -0.0634085 0.956337 -0.186236
v -0.0807554 0.935757 -0.170818
v -0.056309 0.970126 -0.203722
v -0.0840713 0.958545 -0.219408
v -0.0548271 0.976224 -0.221993
v -0.0756624 0.967888 -0.233923
v -0.0601177 0.973447 -0.241888
v -0.0573358 0.975306 -0.235418
v -0.0674296 0.971444 -0.241123
v -0.065931 0.941905 -0.167981
v -0.0875939 0.946081 -0.192067
v -0.0754233 0.950128 -0.189582
v -0.0693744 0.961841 -0.211534
v -0.0654196 0.969138 -0.226666
v -0.0623479 0.972429 -0.236875
v -0.0733483 0.938931 -0.169671
v -0.0731539 0.930459 -0.164836
v -0.0841137 0.924971 -0.161965
v -0.104463 0.939188 -0.23383
v -0.11441 0.933546 -0.229993
v -0.0776008 0.925942 -0.162146
v -0.078838 0.946519 -0.186453
v -0.0906049 0.928674 -0.164632
v -0.0851182 0.952941 -0.206995
v -0.11536 0.937015 -0.197417
v -0.0946847 0.950695 -0.22291
v -0.119869 0.936938 -0.214653
v -0.109859 0.935525 -0.232998
v -0.100686 0.942616 -0.232811
v -0.117163 0.933784 -0.22564
v -0.0726487 0.93792 -0.169403
v -0.104006 0.933683 -0.179027
v -0.0902413 0.939552 -0.182826
v -0.0982884 0.943034 -0.201665
v -0.104729 0.942611 -0.217044
v -0.107473 0.938419 -0.228246
v -0.0820018 0.933214 -0.167258
v -0.0784222 0.925057 -0.144667
v -0.0747363 0.935521 -0.15621
v -0.0842189 0.922863 -0.161754
v -0.0728087 0.93072 -0.172223
v -0.0599601 0.93777 -0.161606
v -0.0634295 0.93427 -0.144576
v -0.10777 0.927939 -0.14865
v -0.10793 0.930399 -0.153583
v -0.111237 0.928114 -0.149867
v -0.111309 0.929055 -0.15164
v -0.101561 0.929298 -0.150054
v -0.101784 0.931307 -0.154122
v -0.100626 0.930123 -0.151454
v -0.10068 0.93096 -0.153113
v -0.0856032 0.93152 -0.15219
v -0.085591 0.93182 -0.153675
v -0.0781664 0.93068 -0.153378
v -0.078106 0.931092 -0.155054
v -0.0961537 0.930141 -0.151037
v -0.0960524 0.930848 -0.152023
v -0.0756753 0.930197 -0.152752
v -0.0755647 0.930974 -0.155952
v -0.111792 0.927704 -0.150776
v -0.107621 0.928363 -0.151218
v -0.0913608 0.929824 -0.151061
v -0.09132 0.930188 -0.152379
v -0.0816903 0.931468 -0.152836
v -0.0816325 0.931857 -0.154411
v -0.104456 0.938621 -0.165374
v -0.0997875 0.941979 -0.1649
v -0.104846 0.941836 -0.165384
v -0.103149 0.943079 -0.165151
v -0.100371 0.935165 -0.165145
v -0.0965665 0.937993 -0.164767
v -0.098604 0.935437 -0.164971
v -0.0970298 0.93657 -0.164801
v -0.0849185 0.935296 -0.158836
v -0.0840926 0.936033 -0.159818
v -0.0787079 0.93222 -0.157522
v -0.0777196 0.933109 -0.158573
v -0.0953027 0.934267 -0.163229
v -0.0946283 0.935295 -0.163666
v -0.0771895 0.930683 -0.1564
v -0.0753087 0.932373 -0.158413
v -0.104581 0.942466 -0.16618
v -0.102319 0.939814 -0.166078
v -0.0907691 0.934286 -0.161129
v -0.0899811 0.93512 -0.161945
v -0.0815493 0.934049 -0.157958
v -0.0806194 0.934886 -0.158943
v -0.0991406 0.944654 -0.159174
v -0.096422 0.946017 -0.163793
v -0.100552 0.946682 -0.161272
v -0.0994154 0.94721 -0.162959
v -0.0948062 0.941869 -0.158711
v -0.0925911 0.943025 -0.16255
v -0.093506 0.941784 -0.159736
v -0.0926498 0.94226 -0.161278
v -0.0821276 0.937437 -0.156222
v -0.0812988 0.938095 -0.157146
v -0.0771907 0.933377 -0.156039
v -0.0761915 0.934161 -0.157027
v -0.0905214 0.941266 -0.159497
v -0.0903711 0.941405 -0.160803
v -0.0761012 0.931563 -0.155336
v -0.0742007 0.933055 -0.157229
v -0.101001 0.946532 -0.162237
v -0.098358 0.944525 -0.161464
v -0.0865982 0.939811 -0.157572
v -0.0858194 0.940422 -0.158488
v -0.0793569 0.935633 -0.155915
v -0.0784166 0.936371 -0.156842
v -0.102764 0.938981 -0.150826
v -0.102135 0.938658 -0.156434
v -0.104885 0.940471 -0.152847
v -0.104528 0.940366 -0.15496
v -0.0986307 0.935976 -0.151115
v -0.098149 0.935736 -0.155768
v -0.097857 0.935458 -0.152493
v -0.0976939 0.935376 -0.154353
v -0.0833318 0.934614 -0.153461
v -0.0830516 0.935015 -0.154804
v -0.0768862 0.932431 -0.154042
v -0.0765212 0.932937 -0.155547
v -0.0949108 0.934752 -0.153354
v -0.0953064 0.934483 -0.154598
v -0.0749428 0.93138 -0.153272
v -0.0742528 0.932337 -0.156146
v -0.105654 0.940104 -0.153492
v -0.102938 0.938118 -0.153128
v -0.089653 0.934449 -0.153084
v -0.0893404 0.934763 -0.154386
v -0.0797853 0.933919 -0.153794
v -0.079441 0.934396 -0.155207
v -0.0935345 0.948503 -0.151273
v -0.0926209 0.948869 -0.15683
v -0.0941066 0.951256 -0.152656
v -0.0936623 0.951355 -0.154753
v -0.092013 0.943769 -0.152693
v -0.0912677 0.944117 -0.157292
v -0.0914914 0.943156 -0.154212
v -0.0911979 0.943322 -0.156042
v -0.0815967 0.937965 -0.15377
v -0.0810183 0.938444 -0.154975
v -0.077272 0.933623 -0.154407
v -0.0765548 0.934195 -0.155744
v -0.0894243 0.941594 -0.155162
v -0.0897655 0.941661 -0.156478
v -0.0761633 0.931804 -0.153789
v -0.0748031 0.932888 -0.156346
v -0.0948175 0.951355 -0.153338
v -0.0938842 0.948138 -0.153738
v -0.0858156 0.939843 -0.154357
v -0.0852759 0.940234 -0.155549
v -0.0791498 0.936086 -0.153985
v -0.0784741 0.936624 -0.155241
v -0.0904921 0.940523 -0.118218
v -0.0950473 0.939691 -0.121525
v -0.0935147 0.940626 -0.116079
v -0.0951853 0.940373 -0.117282
v -0.0882688 0.939627 -0.124492
v -0.0920715 0.938943 -0.127136
v -0.0890197 0.939304 -0.126277
v -0.0905553 0.939032 -0.127394
v -0.0782562 0.93543 -0.141054
v -0.0794052 0.934836 -0.141893
v -0.0742093 0.932765 -0.147191
v -0.0755087 0.932141 -0.14821
v -0.0852382 0.938222 -0.130175
v -0.08615 0.938188 -0.131049
v -0.0720585 0.932284 -0.148678
v -0.0745381 0.931086 -0.150614
v -0.0943092 0.939918 -0.115864
v -0.0923611 0.939399 -0.119728
v -0.0807161 0.936131 -0.134825
v -0.0817479 0.935665 -0.135646
v -0.0763058 0.93431 -0.144474
v -0.0775267 0.933726 -0.145433
v -0.101619 0.930498 -0.132258
v -0.102101 0.932178 -0.137649
v -0.104873 0.931366 -0.132997
v -0.105045 0.932031 -0.134947
v -0.0960681 0.930019 -0.13484
v -0.0965518 0.931407 -0.139267
v -0.095308 0.930368 -0.13654
v -0.0954676 0.930943 -0.138355
v -0.0840415 0.934491 -0.146447
v -0.0845316 0.934354 -0.147909
v -0.0780614 0.931743 -0.149397
v -0.0785647 0.931652 -0.151093
v -0.0924052 0.932207 -0.139078
v -0.0929431 0.932221 -0.140165
v -0.0757126 0.93092 -0.149381
v -0.0766786 0.930738 -0.152613
v -0.10565 0.930946 -0.133706
v -0.101888 0.930453 -0.134889
v -0.0887546 0.933548 -0.14234
v -0.0891979 0.933578 -0.143739
v -0.0808605 0.933411 -0.148167
v -0.081332 0.933327 -0.14976
v -0.0968927 0.948566 -0.142349
v -0.0987618 0.946217 -0.147224
v -0.0993175 0.949867 -0.144136
v -0.0999192 0.948964 -0.146019
v -0.0939542 0.944526 -0.14246
v -0.0955345 0.942613 -0.146505
v -0.0939117 0.943245 -0.143607
v -0.0945762 0.942533 -0.145233
v -0.0814376 0.937034 -0.148471
v -0.0818523 0.936868 -0.149872
v -0.0765995 0.933154 -0.150465
v -0.0770087 0.933017 -0.152092
v -0.091652 0.941142 -0.144847
v -0.0925507 0.940593 -0.145684
v -0.0746853 0.93197 -0.150171
v -0.0754732 0.931701 -0.153271
v -0.100276 0.949523 -0.144271
v -0.0981138 0.947042 -0.143861
v -0.0864945 0.939013 -0.146292
v -0.0868622 0.938806 -0.147652
v -0.0787813 0.935327 -0.149716
v -0.0791643 0.9352 -0.151246
v -0.0965431 0.943869 -0.132493
v -0.0983694 0.940104 -0.135988
v -0.0998594 0.943744 -0.133829
v -0.100448 0.942327 -0.135214
v -0.0929424 0.941778 -0.132317
v -0.0945224 0.938682 -0.135217
v -0.0927289 0.940565 -0.133137
v -0.0934164 0.93934 -0.134293
v -0.0793219 0.936888 -0.144315
v -0.0801908 0.936357 -0.145447
v -0.0746311 0.933484 -0.149343
v -0.0756658 0.932969 -0.15057
v -0.0907425 0.939574 -0.134554
v -0.0915364 0.938644 -0.134918
v -0.072473 0.932755 -0.150058
v -0.0744504 0.931766 -0.152392
v -0.100681 0.94316 -0.133599
v -0.0973955 0.941881 -0.133195
v -0.0849868 0.938749 -0.13778
v -0.0855529 0.938127 -0.138948
v -0.0768481 0.935283 -0.147587
v -0.077819 0.934799 -0.148744
v -0.0864091 0.949656 -0.146906
v -0.0899641 0.94696 -0.150527
v -0.0878563 0.95145 -0.149326
v -0.089139 0.950354 -0.150719
v -0.0863909 0.944573 -0.144986
v -0.0893413 0.942383 -0.14801
v -0.0871938 0.943144 -0.14553
v -0.0883686 0.942293 -0.146767
v -0.0795567 0.938543 -0.148138
v -0.0802532 0.93815 -0.149369
v -0.0756211 0.934255 -0.149756
v -0.076354 0.933817 -0.15122
v -0.0865526 0.940662 -0.145826
v -0.0877109 0.940201 -0.146347
v -0.0737514 0.933016 -0.149514
v -0.0751561 0.932174 -0.152299
v -0.0887678 0.951555 -0.149354
v -0.0884002 0.948408 -0.147705
v -0.0832222 0.9394 -0.146393
v -0.0838569 0.938994 -0.147558
v -0.0775081 0.936695 -0.149197
v -0.0781954 0.936284 -0.150573
v -0.0731657 0.949547 -0.121352
v -0.0780827 0.948912 -0.123864
v -0.0756885 0.950262 -0.118815
v -0.0774841 0.950082 -0.119734
v -0.0721258 0.947678 -0.127762
v -0.0762115 0.947171 -0.129745
v -0.0731477 0.947251 -0.129379
v -0.0748046 0.947045 -0.130229
v -0.0674663 0.942605 -0.143097
v -0.068753 0.942034 -0.142972
v -0.0676995 0.937101 -0.148891
v -0.0692507 0.936439 -0.148717
v -0.0701675 0.946288 -0.133126
v -0.0712162 0.946255 -0.133794
v -0.066823 0.935698 -0.151022
v -0.0697786 0.934429 -0.15068
v -0.0764939 0.949668 -0.118394
v -0.0753013 0.948479 -0.122428
v -0.0671298 0.944741 -0.137286
v -0.0683657 0.944276 -0.137584
v -0.0678979 0.939907 -0.146272
v -0.0693563 0.939285 -0.14611
v -0.0796119 0.949776 -0.128315
v -0.0811494 0.949445 -0.134015
v -0.0816241 0.952008 -0.129385
v -0.0821502 0.951934 -0.131482
v -0.0771438 0.945384 -0.130441
v -0.0784598 0.945168 -0.135124
v -0.0771909 0.944657 -0.132109
v -0.0776851 0.944546 -0.134044
v -0.0747613 0.9409 -0.143819
v -0.0759953 0.940383 -0.144601
v -0.0718825 0.936187 -0.148082
v -0.0732097 0.93562 -0.149086
v -0.0755159 0.943118 -0.134608
v -0.0763925 0.943119 -0.135592
v -0.0700056 0.934945 -0.149014
v -0.0725402 0.933858 -0.15092
v -0.0826206 0.95183 -0.129702
v -0.0808158 0.948923 -0.130547
v -0.0748238 0.941991 -0.138457
v -0.0759748 0.94164 -0.139299
v -0.0734572 0.938736 -0.146282
v -0.0747037 0.938205 -0.147228
v -0.0816159 0.954847 -0.135187
v -0.0859357 0.951697 -0.13705
v -0.0845478 0.95582 -0.134327
v -0.0861396 0.954605 -0.135147
v -0.0793723 0.950856 -0.137885
v -0.0829794 0.948278 -0.139405
v -0.0800658 0.949513 -0.138741
v -0.0815229 0.948504 -0.139327
v -0.0742312 0.942107 -0.14769
v -0.0753229 0.941554 -0.148482
v -0.0713932 0.936823 -0.150287
v -0.0726068 0.936217 -0.15127
v -0.0794492 0.947599 -0.141195
v -0.0805413 0.94691 -0.141069
v -0.0696859 0.935432 -0.150618
v -0.0720049 0.934273 -0.152484
v -0.0852192 0.955474 -0.13363
v -0.0832811 0.953107 -0.13526
v -0.0769123 0.945451 -0.144474
v -0.0779705 0.944901 -0.145205
v -0.0727743 0.939546 -0.149406
v -0.073914 0.938978 -0.150332
v -0.0663542 0.959484 -0.136412
v -0.070078 0.957788 -0.132778
v -0.0674309 0.961864 -0.134575
v -0.0688993 0.96114 -0.133279
v -0.0669132 0.954047 -0.137061
v -0.0699982 0.952691 -0.134036
v -0.0679404 0.952828 -0.136232
v -0.0691621 0.952308 -0.135042
v -0.0706387 0.942333 -0.14598
v -0.0718754 0.941755 -0.14606
v -0.06925 0.937111 -0.150626
v -0.0707147 0.936422 -0.150802
v -0.0696261 0.949801 -0.1368
v -0.0701459 0.949651 -0.135659
v -0.0679304 0.935742 -0.15206
v -0.0707229 0.934426 -0.152387
v -0.0672911 0.962117 -0.133544
v -0.0672972 0.958631 -0.134344
v -0.0708814 0.945793 -0.140337
v -0.0720699 0.945292 -0.140133
v -0.0700862 0.939841 -0.148793
v -0.0714629 0.939195 -0.148961
v -0.0836076 0.955717 -0.141277
v -0.0863192 0.95158 -0.143574
v -0.086843 0.955898 -0.142592
v -0.087777 0.954309 -0.143523
v -0.0797518 0.952484 -0.140376
v -0.0820379 0.94908 -0.142292
v -0.0797729 0.951021 -0.140854
v -0.0807067 0.949678 -0.141629
v -0.0726395 0.943429 -0.148988
v -0.073848 0.942759 -0.149413
v -0.0702845 0.937887 -0.150723
v -0.0716474 0.937125 -0.151278
v -0.0776023 0.949428 -0.14218
v -0.078653 0.948539 -0.142117
v -0.0686384 0.936436 -0.151047
v -0.0712398 0.934982 -0.152097
v -0.0877053 0.955514 -0.142203
v -0.0848431 0.953753 -0.141371
v -0.0740845 0.947464 -0.145383
v -0.0751259 0.946655 -0.145967
v -0.0715518 0.940731 -0.150259
v -0.0728322 0.940016 -0.150784
v -0.0577124 0.972245 -0.154966
v -0.0597396 0.972485 -0.149581
v -0.0570951 0.975529 -0.1532
v -0.0578794 0.975644 -0.15125
v -0.0601954 0.966395 -0.154258
v -0.0618284 0.966676 -0.149808
v -0.0610931 0.965542 -0.152854
v -0.061785 0.965625 -0.151041
v -0.0643317 0.947702 -0.155151
v -0.0644967 0.947603 -0.153632
v -0.0647944 0.940121 -0.155308
v -0.065066 0.939983 -0.153585
v -0.061721 0.960241 -0.154235
v -0.0623719 0.960203 -0.153137
v -0.0648426 0.937642 -0.156408
v -0.06535 0.937381 -0.15312
v -0.0564702 0.975865 -0.152308
v -0.0579241 0.971926 -0.152378
v -0.061741 0.953586 -0.155561
v -0.0619902 0.95348 -0.154201
v -0.0649771 0.94381 -0.155131
v -0.0652346 0.94368 -0.153512
v -0.0520995 0.961631 -0.133347
v -0.0573326 0.960112 -0.132346
v -0.0533299 0.963656 -0.130688
v -0.0552576 0.963141 -0.130353
v -0.0535964 0.956776 -0.137386
v -0.0579028 0.955584 -0.136491
v -0.0551011 0.95566 -0.137793
v -0.0568684 0.955152 -0.137463
v -0.0649081 0.946529 -0.147096
v -0.0659738 0.945952 -0.146248
v -0.0652701 0.939811 -0.150424
v -0.0665457 0.939147 -0.149527
v -0.0580971 0.953801 -0.140535
v -0.0589677 0.953545 -0.139803
v -0.0646611 0.937953 -0.152131
v -0.0670876 0.936687 -0.150412
v -0.0536475 0.963465 -0.129646
v -0.0541192 0.960368 -0.132448
v -0.0613182 0.950818 -0.14354
v -0.0624367 0.950352 -0.142821
v -0.0654532 0.943114 -0.148998
v -0.0666535 0.942491 -0.148157
v -0.0709233 0.964896 -0.142995
v -0.0733144 0.961923 -0.139126
v -0.0732022 0.966161 -0.140999
v -0.0741237 0.964946 -0.139613
v -0.0683991 0.960618 -0.143772
v -0.0704067 0.958191 -0.140553
v -0.0684931 0.959185 -0.142966
v -0.0693366 0.958262 -0.141671
v -0.0679533 0.945554 -0.150011
v -0.0689507 0.944948 -0.149231
v -0.0669164 0.939289 -0.15207
v -0.0681064 0.938579 -0.151252
v -0.068068 0.955914 -0.143724
v -0.06841 0.955644 -0.142487
v -0.0658845 0.937603 -0.153303
v -0.0681484 0.936249 -0.151735
v -0.0731292 0.966425 -0.139972
v -0.071196 0.963845 -0.140881
v -0.0676776 0.950852 -0.146968
v -0.0686163 0.950215 -0.146222
v -0.0677624 0.9423 -0.151291
v -0.0688821 0.941632 -0.150525
v -0.0681339 0.963957 -0.152898
v -0.0673594 0.962646 -0.147558
v -0.0690629 0.966179 -0.150274
v -0.0688115 0.965572 -0.148276
v -0.0660974 0.960181 -0.153624
v -0.0654811 0.95916 -0.149176
v -0.0656189 0.959304 -0.152459
v -0.0653811 0.958927 -0.150674
v -0.0678584 0.946141 -0.153602
v -0.0681936 0.945823 -0.152242
v -0.0667946 0.939248 -0.154485
v -0.0672395 0.938857 -0.152958
v -0.0656198 0.957007 -0.152005
v -0.0651229 0.95713 -0.150794
v -0.066161 0.937174 -0.155762
v -0.0670003 0.936431 -0.152846
v -0.068467 0.966763 -0.149599
v -0.0669743 0.963654 -0.150794
v -0.0664902 0.952291 -0.153033
v -0.0667462 0.951924 -0.151737
v -0.067797 0.942476 -0.153969
v -0.0682173 0.942108 -0.152534
v -0.0728815 0.958415 -0.154719
v -0.0741494 0.956858 -0.149522
v -0.0759198 0.959091 -0.153645
v -0.0763685 0.958407 -0.151695
v -0.0682484 0.956237 -0.152965
v -0.0693441 0.954963 -0.148668
v -0.0678201 0.955416 -0.151486
v -0.0682934 0.95493 -0.149779
v -0.0683708 0.945489 -0.152725
v -0.0691201 0.944988 -0.151617
v -0.0670127 0.939791 -0.153588
v -0.0679016 0.939164 -0.152393
v -0.0666651 0.953031 -0.150583
v -0.0667944 0.953139 -0.149288
v -0.0659888 0.938068 -0.154746
v -0.0676767 0.936876 -0.15246
v -0.0760413 0.959667 -0.152883
v -0.072802 0.958356 -0.152223
v -0.066927 0.949398 -0.151584
v -0.0676357 0.948857 -0.150504
v -0.068159 0.942698 -0.153141
v -0.0689969 0.94211 -0.152019
v -0.102272 0.925876 -0.140023
v -0.103385 0.927139 -0.14526
v -0.1056 0.925377 -0.140536
v -0.10601 0.925873 -0.142427
v -0.0970254 0.927614 -0.142909
v -0.0980249 0.928627 -0.147205
v -0.096468 0.928207 -0.144619
v -0.0968415 0.928639 -0.146382
v -0.083287 0.931271 -0.148649
v -0.0835989 0.931311 -0.150152
v -0.0770563 0.931465 -0.151144
v -0.0773621 0.931574 -0.152864
v -0.0924238 0.92889 -0.145123
v -0.0925141 0.929331 -0.146239
v -0.0747462 0.931508 -0.150947
v -0.0753352 0.931708 -0.154227
v -0.106328 0.924854 -0.141226
v -0.102705 0.925887 -0.142629
v -0.0882216 0.929292 -0.146055
v -0.0884655 0.929408 -0.147414
v -0.0799871 0.931679 -0.150058
v -0.0802733 0.931783 -0.151675
v -0.0791414 0.942303 -0.116443
v -0.0839814 0.940576 -0.118568
v -0.0813074 0.942259 -0.113775
v -0.0830766 0.941668 -0.114555
v -0.0786899 0.941054 -0.122809
v -0.0827028 0.939635 -0.124471
v -0.0797867 0.940455 -0.124326
v -0.0814183 0.939879 -0.125046
v -0.0739658 0.936873 -0.140092
v -0.0752139 0.936132 -0.140558
v -0.0719937 0.93449 -0.146348
v -0.0734179 0.933681 -0.146951
v -0.0774241 0.939591 -0.128664
v -0.0784328 0.939322 -0.129321
v -0.0704717 0.934204 -0.148132
v -0.0731885 0.932655 -0.149276
v -0.082007 0.941618 -0.113267
v -0.0812157 0.940955 -0.11731
v -0.0746497 0.937929 -0.133684
v -0.0757816 0.937308 -0.134181
v -0.073111 0.935793 -0.143588
v -0.0744495 0.935033 -0.144157
v -0.0928834 0.930951 -0.125858
v -0.0944409 0.93149 -0.131322
v -0.0958664 0.931094 -0.126086
v -0.0964238 0.931334 -0.128073
v -0.0886147 0.930984 -0.129395
v -0.0899699 0.931422 -0.133866
v -0.0883128 0.931137 -0.131267
v -0.0888341 0.931326 -0.133109
v -0.0803804 0.934611 -0.143971
v -0.08116 0.934239 -0.145265
v -0.0759717 0.932857 -0.147509
v -0.0768136 0.932488 -0.149035
v -0.0862131 0.932648 -0.134678
v -0.0869379 0.93244 -0.135627
v -0.0739513 0.932529 -0.147808
v -0.0755627 0.931818 -0.150714
v -0.0967448 0.930559 -0.126534
v -0.0937322 0.930525 -0.128348
v -0.0836544 0.933772 -0.138846
v -0.0843667 0.933546 -0.14012
v -0.0780441 0.93396 -0.146074
v -0.0788341 0.933614 -0.147509
v -0.0573905 0.958437 -0.130494
v -0.0621165 0.956968 -0.128967
v -0.0575771 0.959871 -0.127369
v -0.0593071 0.959372 -0.126833
v -0.0604447 0.954695 -0.135022
v -0.0643103 0.953528 -0.133686
v -0.0620677 0.953765 -0.135375
v -0.0636627 0.953275 -0.134866
v -0.0648679 0.943985 -0.145773
v -0.0660002 0.943324 -0.145148
v -0.0663479 0.938587 -0.150165
v -0.0677213 0.937873 -0.149552
v -0.0624995 0.951239 -0.138786
v -0.0635805 0.950928 -0.138658
v -0.0661621 0.937308 -0.152136
v -0.0687771 0.935946 -0.150957
v -0.0578153 0.959596 -0.126327
v -0.0593808 0.957238 -0.129509
v -0.0627249 0.9479 -0.141841
v -0.0638016 0.947336 -0.141354
v -0.0657606 0.941161 -0.148151
v -0.0670378 0.940479 -0.147568
v -0.0649714 0.968096 -0.159219
v -0.0642874 0.968008 -0.153553
v -0.0643306 0.970918 -0.157809
v -0.0641275 0.970889 -0.155736
v -0.0655396 0.962903 -0.157708
v -0.0649566 0.962907 -0.153041
v -0.0654825 0.962064 -0.156101
v -0.0652602 0.962033 -0.15419
v -0.0641386 0.946612 -0.158928
v -0.0639133 0.946707 -0.157421
v -0.065062 0.940513 -0.157572
v -0.064913 0.940598 -0.155817
v -0.0647953 0.957658 -0.157863
v -0.0648653 0.957515 -0.156623
v -0.0655269 0.938395 -0.158145
v -0.0652328 0.938561 -0.1548
v -0.0635195 0.971475 -0.157257
v -0.0639662 0.968009 -0.156819
v -0.0628064 0.951965 -0.160077
v -0.0626161 0.951976 -0.158682
v -0.0649318 0.943433 -0.158084
v -0.064794 0.943513 -0.156435
v -0.0473266 0.962241 -0.143032
v -0.0518162 0.960456 -0.140703
v -0.0476607 0.964033 -0.140597
v -0.0493192 0.963407 -0.139781
v -0.0499101 0.957648 -0.1457
v -0.0535844 0.956234 -0.143726
v -0.0514078 0.956503 -0.145572
v -0.0529254 0.955903 -0.144794
v -0.0628303 0.946677 -0.150831
v -0.0636138 0.946188 -0.149678
v -0.0643744 0.940859 -0.152674
v -0.065338 0.940279 -0.151416
v -0.054811 0.954251 -0.147264
v -0.0554276 0.954028 -0.146327
v -0.0643575 0.939242 -0.154091
v -0.0661875 0.938138 -0.151683
v -0.0477132 0.963979 -0.139484
v -0.0489868 0.961085 -0.141503
v -0.0585498 0.951044 -0.148944
v -0.0594024 0.950619 -0.147929
v -0.0639822 0.943642 -0.151898
v -0.0648895 0.943097 -0.150717
v -0.060059 0.967903 -0.173727
v -0.0590916 0.969699 -0.168203
v -0.0585613 0.97127 -0.173479
v -0.0582504 0.971953 -0.171462
v -0.0619883 0.963023 -0.170199
v -0.0611511 0.964578 -0.165679
v -0.0620758 0.962698 -0.16831
v -0.0617578 0.963305 -0.166447
v -0.0666023 0.946168 -0.163471
v -0.0660078 0.946469 -0.162062
v -0.0673923 0.939225 -0.161158
v -0.0667874 0.939553 -0.159511
v -0.063487 0.957572 -0.167633
v -0.0634859 0.957889 -0.166365
v -0.0680729 0.936686 -0.16135
v -0.0669097 0.937313 -0.158212
v -0.0576108 0.971715 -0.173118
v -0.0589971 0.968268 -0.171316
v -0.0644409 0.951138 -0.166807
v -0.0639914 0.951405 -0.165491
v -0.0672892 0.942681 -0.161999
v -0.0667229 0.942989 -0.16045
v -0.066171 0.967641 -0.158783
v -0.0633687 0.966064 -0.154759
v -0.0655467 0.969611 -0.155616
v -0.0645434 0.968909 -0.15411
v -0.0652372 0.964071 -0.161152
v -0.0629189 0.962825 -0.157773
v -0.064463 0.963067 -0.160606
v -0.0635308 0.962619 -0.159223
v -0.0687252 0.946129 -0.160281
v -0.068368 0.946104 -0.158822
v -0.0686522 0.938883 -0.159225
v -0.0682934 0.938953 -0.157587
v -0.0646055 0.96049 -0.160732
v -0.0636465 0.960591 -0.15991
v -0.0688486 0.936584 -0.160018
v -0.0681547 0.936721 -0.156896
v -0.0646973 0.970131 -0.155254
v -0.0643389 0.967227 -0.157626
v -0.066597 0.954208 -0.161848
v -0.0662566 0.953895 -0.160552
v -0.0690693 0.942107 -0.159244
v -0.0687344 0.94217 -0.157702
v -0.0792417 0.955528 -0.154132
v -0.0769617 0.955673 -0.148941
v -0.0812795 0.956293 -0.151368
v -0.0803736 0.956259 -0.149424
v -0.073947 0.954387 -0.155488
v -0.0721035 0.954516 -0.151166
v -0.0725881 0.954221 -0.154504
v -0.0718844 0.954266 -0.152758
v -0.0714575 0.945263 -0.157186
v -0.0713102 0.945113 -0.155765
v -0.069211 0.939779 -0.158293
v -0.069089 0.939537 -0.156665
v -0.0705996 0.952619 -0.154603
v -0.0700177 0.953121 -0.153441
v -0.0685353 0.937933 -0.159637
v -0.0682935 0.937476 -0.156531
v -0.0811226 0.957039 -0.150768
v -0.0777918 0.956256 -0.152196
v -0.0705969 0.949256 -0.156243
v -0.0704324 0.949081 -0.154913
v -0.0707129 0.942462 -0.157605
v -0.0706002 0.942233 -0.156075
v -0.0743852 0.956388 -0.182608
v -0.0732264 0.958897 -0.177482
v -0.0734585 0.959776 -0.183009
v -0.0730835 0.960712 -0.181138
v -0.0751274 0.952001 -0.178187
v -0.0741485 0.95414 -0.17401
v -0.0749838 0.951922 -0.176254
v -0.0746019 0.95277 -0.174525
v -0.0769792 0.939562 -0.168979
v -0.0760417 0.940407 -0.168238
v -0.0738171 0.935035 -0.164114
v -0.0727034 0.936076 -0.163241
v -0.0762214 0.947541 -0.175188
v -0.0761132 0.948057 -0.173994
v -0.0735002 0.932854 -0.162959
v -0.0713699 0.934839 -0.161302
v -0.0725399 0.960366 -0.182807
v -0.073151 0.957176 -0.180368
v -0.0770809 0.942704 -0.173816
v -0.0763974 0.943363 -0.172779
v -0.0754493 0.937444 -0.16613
v -0.074404 0.938422 -0.165307
v -0.0750715 0.958465 -0.173044
v -0.0762385 0.95702 -0.167585
v -0.0768933 0.960443 -0.170992
v -0.0773778 0.959899 -0.16901
v -0.0724761 0.95387 -0.172814
v -0.0734707 0.952746 -0.168296
v -0.0723562 0.952885 -0.171453
v -0.0727617 0.952373 -0.169618
v -0.0735511 0.94432 -0.163706
v -0.0729843 0.944744 -0.162289
v -0.0714984 0.938331 -0.162052
v -0.070933 0.93871 -0.160401
v -0.0722707 0.94986 -0.170514
v -0.0723482 0.950114 -0.169184
v -0.0712162 0.935957 -0.162479
v -0.0701286 0.936684 -0.159334
v -0.0765485 0.961017 -0.170102
v -0.0746913 0.958091 -0.170499
v -0.0727313 0.94717 -0.167903
v -0.07236 0.947567 -0.166498
v -0.0727738 0.94136 -0.162538
v -0.0722444 0.941715 -0.160985
v -0.0814454 0.95897 -0.166539
v -0.0779373 0.960318 -0.162224
v -0.0812 0.962038 -0.165374
v -0.0799027 0.962454 -0.163677
v -0.0793443 0.954454 -0.165729
v -0.0764508 0.955617 -0.162156
v -0.0782019 0.954099 -0.164574
v -0.0770533 0.954593 -0.163153
v -0.0761108 0.942657 -0.161048
v -0.075555 0.94295 -0.159712
v -0.0729634 0.937215 -0.160655
v -0.0723882 0.937499 -0.159092
v -0.0774513 0.951781 -0.162983
v -0.0764618 0.952427 -0.162363
v -0.0722943 0.935183 -0.161441
v -0.0711892 0.935731 -0.158463
v -0.0804556 0.96274 -0.165481
v -0.079394 0.959571 -0.165365
v -0.077318 0.947494 -0.161963
v -0.0767543 0.94779 -0.160698
v -0.0747627 0.939753 -0.160551
v -0.0742239 0.940019 -0.15908
v -0.0905146 0.948218 -0.17546
v -0.0866645 0.952101 -0.17588
v -0.0917669 0.950807 -0.176288
v -0.0902436 0.952255 -0.176345
v -0.0855914 0.946255 -0.174424
v -0.0824416 0.949496 -0.174784
v -0.0838995 0.946956 -0.17438
v -0.0826699 0.948243 -0.174517
v -0.076782 0.940675 -0.164686
v -0.0759214 0.941388 -0.163817
v -0.0739604 0.93549 -0.161766
v -0.0729657 0.936297 -0.160672
v -0.0808303 0.946854 -0.172764
v -0.0801596 0.94771 -0.173322
v -0.0735703 0.933284 -0.16144
v -0.0716671 0.934825 -0.159362
v -0.0916921 0.951252 -0.177194
v -0.0887667 0.949546 -0.176453
v -0.0779849 0.944714 -0.169064
v -0.077114 0.945545 -0.16845
v -0.0756036 0.938024 -0.162755
v -0.0746703 0.938781 -0.161725
v -0.0837122 0.958177 -0.160522
v -0.0799111 0.957683 -0.156862
v -0.0833849 0.960211 -0.157433
v -0.0819718 0.959915 -0.156058
v -0.0815624 0.954283 -0.163586
v -0.0784275 0.953908 -0.160518
v -0.080377 0.953518 -0.163152
v -0.0791377 0.953387 -0.161906
v -0.078217 0.941343 -0.161087
v -0.077397 0.941845 -0.159962
v -0.0744044 0.936564 -0.161055
v -0.0734998 0.937094 -0.159726
v -0.0799911 0.950602 -0.163447
v -0.0788516 0.951111 -0.162798
v -0.0736609 0.93456 -0.161805
v -0.0719296 0.935576 -0.159277
v -0.0826533 0.960913 -0.157175
v -0.0815882 0.958343 -0.159598
v -0.0802842 0.945649 -0.163118
v -0.0794389 0.945895 -0.16197
v -0.0764878 0.938874 -0.160699
v -0.0756391 0.939371 -0.159449
v -0.110934 0.938159 -0.166831
v -0.108759 0.942235 -0.169767
v -0.113527 0.939734 -0.168713
v -0.112751 0.941261 -0.169745
v -0.10462 0.938151 -0.165618
v -0.102911 0.941518 -0.168073
v -0.103108 0.939147 -0.166119
v -0.102375 0.940528 -0.167101
v -0.086603 0.933735 -0.16169
v -0.0859546 0.9345 -0.162773
v -0.0795781 0.93108 -0.161033
v -0.0787943 0.932003 -0.162206
v -0.0985344 0.936966 -0.164469
v -0.0979425 0.937951 -0.164913
v -0.0776637 0.929665 -0.160062
v -0.0761731 0.93142 -0.162307
v -0.113716 0.939768 -0.169821
v -0.109711 0.939348 -0.168715
v -0.0928791 0.933805 -0.163207
v -0.0922533 0.934562 -0.164111
v -0.082845 0.932738 -0.161172
v -0.0821075 0.933607 -0.162272
v -0.0972776 0.941793 -0.180692
v -0.0939954 0.9457 -0.178245
v -0.0978019 0.944604 -0.182355
v -0.0966503 0.946054 -0.181409
v -0.0935022 0.938906 -0.177355
v -0.0908035 0.942134 -0.1755
v -0.0920987 0.939349 -0.176348
v -0.090981 0.940642 -0.17558
v -0.0826836 0.937345 -0.167496
v -0.0815504 0.938318 -0.167506
v -0.0775155 0.933498 -0.164548
v -0.0762379 0.934641 -0.164416
v -0.0900724 0.939191 -0.173636
v -0.0893445 0.940107 -0.173631
v -0.0765635 0.931539 -0.16354
v -0.074125 0.933718 -0.1633
v -0.097165 0.945211 -0.183039
v -0.0952878 0.94337 -0.179871
v -0.0868971 0.938438 -0.171069
v -0.0858676 0.939398 -0.171046
v -0.0800095 0.93556 -0.165654
v -0.0788091 0.936635 -0.165527
v -0.0963632 0.951004 -0.167556
v -0.0916494 0.953443 -0.16897
v -0.0961927 0.954174 -0.167706
v -0.0943476 0.955041 -0.168167
v -0.0934353 0.947007 -0.168422
v -0.0895502 0.94907 -0.169589
v -0.0918248 0.946881 -0.168949
v -0.0903007 0.94776 -0.169397
v -0.0818621 0.938028 -0.163341
v -0.0807567 0.938923 -0.163297
v -0.0771149 0.933861 -0.162191
v -0.0758457 0.934884 -0.162051
v -0.0892064 0.944937 -0.168523
v -0.0884449 0.94565 -0.169266
v -0.0762829 0.931846 -0.16183
v -0.0738618 0.933796 -0.161572
v -0.0961105 0.954675 -0.168567
v -0.0946115 0.951746 -0.169006
v -0.085772 0.941222 -0.166069
v -0.084667 0.942044 -0.166036
v -0.0793667 0.936044 -0.162357
v -0.0781739 0.937005 -0.162222
v -0.099636 0.944053 -0.161543
v -0.0968652 0.9453 -0.166182
v -0.100521 0.946813 -0.163078
v -0.0993672 0.947263 -0.164784
v -0.0970098 0.940659 -0.162154
v -0.0947582 0.941748 -0.166002
v -0.0959536 0.940457 -0.163345
v -0.0950767 0.940914 -0.164884
v -0.0836334 0.93659 -0.160606
v -0.0827882 0.937333 -0.161447
v -0.0779243 0.932679 -0.160375
v -0.076924 0.933554 -0.161276
v -0.0936968 0.939765 -0.163627
v -0.0935464 0.939959 -0.164898
v -0.0766366 0.930807 -0.159712
v -0.0747333 0.932471 -0.161439
v -0.101002 0.94687 -0.164005
v -0.0989863 0.943955 -0.163923
v -0.0894712 0.93816 -0.162118
v -0.0886253 0.938792 -0.162959
v -0.0804177 0.934953 -0.160242
v -0.0794765 0.935776 -0.161086
v -0.0937993 0.944826 -0.156913
v -0.0902602 0.947522 -0.160129
v -0.0931802 0.947957 -0.155837
v -0.0917684 0.948908 -0.157058
v -0.092554 0.941109 -0.161174
v -0.0896268 0.94338 -0.163803
v -0.0914293 0.941108 -0.162581
v -0.0902738 0.942048 -0.163602
v -0.0825935 0.937129 -0.160946
v -0.0815462 0.938015 -0.16132
v -0.0780566 0.933459 -0.160956
v -0.0768244 0.934445 -0.161305
v -0.0892754 0.939671 -0.16395
v -0.0889017 0.940389 -0.164887
v -0.0771637 0.93147 -0.160647
v -0.0748162 0.933348 -0.161325
v -0.0934159 0.948614 -0.156375
v -0.09293 0.945847 -0.158918
v -0.0862082 0.938019 -0.162884
v -0.0851451 0.938846 -0.163262
v -0.0802381 0.935691 -0.160666
v -0.07908 0.936619 -0.160993
v -0.0685953 0.960787 -0.180525
v -0.0662346 0.962975 -0.175759
v -0.0668273 0.963641 -0.181326
v -0.0660617 0.96446 -0.179556
v -0.0689595 0.957063 -0.176124
v -0.0667564 0.958908 -0.172352
v -0.0683175 0.956998 -0.174345
v -0.0674114 0.957727 -0.172788
v -0.0688405 0.943779 -0.167007
v -0.0679575 0.944266 -0.165823
v -0.0693296 0.938526 -0.163287
v -0.0683796 0.939065 -0.161879
v -0.0680017 0.952745 -0.173169
v -0.0676431 0.95314 -0.172021
v -0.0701067 0.936426 -0.16285
v -0.068287 0.937455 -0.160172
v -0.0657872 0.964161 -0.181293
v -0.0672447 0.961526 -0.178393
v -0.0675376 0.947575 -0.171592
v -0.0668019 0.948003 -0.170464
v -0.0692726 0.941136 -0.164779
v -0.0683815 0.941642 -0.163455
v -0.0608761 0.962682 -0.164722
v -0.0625451 0.961695 -0.159495
v -0.0599585 0.964984 -0.162685
v -0.0607188 0.964635 -0.160774
v -0.0621649 0.957766 -0.164853
v -0.0630738 0.957021 -0.160591
v -0.0625553 0.956757 -0.163654
v -0.0629033 0.956425 -0.16193
v -0.0662185 0.946228 -0.159803
v -0.0660862 0.946123 -0.158281
v -0.0670739 0.940507 -0.159787
v -0.0670053 0.94035 -0.158042
v -0.0634649 0.954179 -0.162711
v -0.0633736 0.954247 -0.1615
v -0.0674579 0.938656 -0.160831
v -0.067317 0.93836 -0.157503
v -0.059238 0.965268 -0.161776
v -0.0614283 0.96208 -0.16216
v -0.0640018 0.950751 -0.161518
v -0.0638251 0.95066 -0.160087
v -0.0670031 0.943204 -0.159625
v -0.0669407 0.943055 -0.157985
v -0.0901586 0.943378 -0.185784
v -0.086934 0.947204 -0.18392
v -0.0903685 0.945469 -0.18816
v -0.0892306 0.946874 -0.187461
v -0.0873691 0.942319 -0.180169
v -0.0847346 0.9455 -0.178713
v -0.0861672 0.943078 -0.178827
v -0.085086 0.944368 -0.178193
v -0.0798929 0.936868 -0.168582
v -0.07875 0.937779 -0.168329
v -0.0759961 0.933985 -0.164025
v -0.0747398 0.93506 -0.163607
v -0.0848745 0.940923 -0.175799
v -0.0842337 0.94171 -0.1752
v -0.075541 0.932468 -0.162559
v -0.0731411 0.934518 -0.161771
v -0.0896972 0.946011 -0.188816
v -0.0881548 0.944915 -0.185249
v -0.0827773 0.938447 -0.173155
v -0.0817856 0.939291 -0.172832
v -0.0778472 0.935417 -0.166059
v -0.0766576 0.936415 -0.16568
v -0.106464 0.940373 -0.158736
v -0.104678 0.942312 -0.163611
v -0.108761 0.941592 -0.160339
v -0.108097 0.94234 -0.162093
v -0.101036 0.939469 -0.159395
v -0.0996402 0.94108 -0.163425
v -0.0997442 0.93981 -0.160664
v -0.0991377 0.940469 -0.162303
v -0.0869298 0.931485 -0.158818
v -0.0865755 0.932013 -0.160146
v -0.0806199 0.930439 -0.1591
v -0.0801518 0.931133 -0.160573
v -0.0964995 0.936773 -0.159582
v -0.0959315 0.937322 -0.160505
v -0.0787388 0.929727 -0.158287
v -0.0778521 0.931043 -0.161102
v -0.10932 0.941415 -0.161307
v -0.105869 0.940612 -0.161256
v -0.0926035 0.932011 -0.158936
v -0.0921993 0.932483 -0.160151
v -0.0835048 0.931247 -0.158873
v -0.0830635 0.9319 -0.160256
v -0.100648 0.937697 -0.175152
v -0.0971007 0.941493 -0.173669
v -0.101406 0.939671 -0.176896
v -0.100146 0.941138 -0.17621
v -0.0965936 0.936012 -0.172168
v -0.0936676 0.938886 -0.171476
v -0.0950939 0.936508 -0.171562
v -0.09388 0.937643 -0.171293
v -0.0846217 0.93431 -0.165781
v -0.083564 0.935184 -0.166235
v -0.0794905 0.932204 -0.163389
v -0.0782585 0.933294 -0.163742
v -0.0926406 0.936134 -0.169659
v -0.0919536 0.936971 -0.169934
v -0.07849 0.930933 -0.162238
v -0.0761414 0.933011 -0.162923
v -0.100956 0.940204 -0.177744
v -0.098657 0.939479 -0.17478
v -0.0891907 0.935213 -0.168117
v -0.0882182 0.936033 -0.168507
v -0.0818905 0.933325 -0.164337
v -0.0807337 0.934349 -0.164665
v -0.115705 0.921133 -0.186983
v -0.127217 0.910202 -0.182893
v -0.0594332 0.923957 -0.15473
v -0.0635458 0.9175 -0.150971
v -0.122176 0.915495 -0.163069
v -0.0853542 0.924749 -0.143233
v -0.0995911 0.917125 -0.147372
v -0.0869216 0.913401 -0.163364
v -0.0834803 0.926824 -0.17404
v -0.0991515 0.927461 -0.179311
v -0.110627 0.91921 -0.154266
v -0.108248 0.918073 -0.171775
v -0.0835533 0.934793 -0.117759
v -0.0745273 0.939057 -0.103971
v -0.0704997 0.920379 -0.163922
v -0.0630429 0.91884 -0.159747
v -0.0595296 0.94248 -0.117026
v -0.0575132 0.937255 -0.143161
v -0.0531507 0.936439 -0.127016
v -0.065962 0.921268 -0.133195
v -0.0829688 0.925515 -0.136159
v -0.0525547 0.966869 -0.164857
v -0.0502902 0.971714 -0.180477
v -0.066235 0.921128 -0.151291
v -0.0637694 0.918299 -0.159482
v -0.0616467 0.955117 -0.187056
v -0.0715178 0.933374 -0.176295
v -0.0632172 0.940538 -0.188218
v -0.0520109 0.938268 -0.17126
v -0.0549349 0.949245 -0.156126
v 0.0376245 0.415576 -0.0818566
v 0.0474928 0.41634 -0.0728123
v 0.0378555 0.420353 -0.0731106
v 0.0473807 0.40975 -0.0800285
v -0.00513745 0.753718 -0.157476
v 0.00350054 0.750019 -0.167316
v -0.00559648 0.750427 -0.166521
v 0.00415807 0.754447 -0.157793
v -0.0240823 0.840001 -0.174404
v -0.0328478 0.843346 -0.162733
v -0.0341047 0.841521 -0.171548
v -0.0234348 0.845253 -0.163053
v -0.0432833 0.0263169 0.0579953
v -0.0443002 0.0255605 0.0715338
v -0.0267414 0.136234 0.0535231
v -0.0282127 0.136501 0.0671667
v -0.0372477 0.400041 0.0554248
v -0.0368076 0.394966 0.0679762
v -0.202522 0.748292 0.100418
v -0.207883 0.74156 0.109466
v -0.209012 0.766687 0.098337
v -0.221726 0.748096 0.122699
v -0.218579 0.774324 0.109073
v -0.225841 0.764827 0.122755
v -0.0481545 0.0263235 0.0624683
v -0.0348106 0.0255584 0.0628921
v -0.0340945 0.136434 0.0607919
v -0.020773 0.13669 0.0622982
v -0.0431958 0.394095 0.0609297
v -0.031301 0.396216 0.0612077
v -0.209098 0.744422 0.10111
v -0.200429 0.746714 0.108399
v -0.230513 0.753151 0.101167
v -0.204977 0.758997 0.120483
v -0.234682 0.764083 0.111336
v -0.221244 0.767858 0.122181
v -0.214852 0.762517 0.108563
v -0.221804 0.762001 0.104214
v -0.206793 0.822088 0.0845725
v -0.209531 0.820863 0.0796462
v -0.218126 0.760213 0.106352
v -0.209587 0.784926 0.105515
v -0.224662 0.767901 0.103047
v -0.20724 0.803571 0.101541
v -0.224191 0.799525 0.0872114
v -0.207067 0.81659 0.095357
v -0.218573 0.812081 0.0814383
v -0.207467 0.822155 0.0815702
v -0.207068 0.821355 0.0873334
v -0.21252 0.818661 0.0794264
v -0.213347 0.768904 0.110153
v -0.226148 0.783104 0.0955098
v -0.217496 0.783399 0.100116
v -0.214476 0.799881 0.0935407
v -0.21221 0.811865 0.0883549
v -0.209606 0.818856 0.0841329
v -0.218945 0.76858 0.106468
v -0.21939 0.762394 0.103918
v -0.227051 0.759884 0.103717
v -0.237193 0.806844 0.0573043
v -0.242409 0.805158 0.056648
v -0.222565 0.759223 0.104039
v -0.221672 0.783064 0.0941819
v -0.231497 0.764816 0.10312
v -0.224958 0.796866 0.0818134
v -0.246025 0.789336 0.0812928
v -0.229797 0.80548 0.0690412
v -0.247059 0.79944 0.0684868
v -0.23969 0.806286 0.0556933
v -0.235488 0.807091 0.0598061
v -0.244592 0.803898 0.0597365
v -0.21905 0.769051 0.10343
v -0.239813 0.776794 0.0939994
v -0.230342 0.779229 0.0937868
v -0.234715 0.791184 0.0808273
v -0.237891 0.799991 0.069294
v -0.239434 0.804576 0.0606951
v -0.225284 0.767072 0.103159
v -0.225054 0.759002 0.104289
v -0.230272 0.754897 0.109273
v -0.271916 0.777708 0.0776992
v -0.277216 0.772846 0.0825332
v -0.226208 0.755515 0.106946
v -0.239539 0.774245 0.09447
v -0.236235 0.757955 0.110526
v -0.250853 0.782923 0.0849998
v -0.268401 0.767162 0.102355
v -0.260503 0.784369 0.0802643
v -0.27537 0.770716 0.0953217
v -0.275042 0.775041 0.0790117
v -0.268916 0.780054 0.0778773
v -0.277826 0.771607 0.0872677
v -0.227823 0.764746 0.102376
v -0.252529 0.76341 0.107521
v -0.245673 0.768135 0.100498
v -0.25816 0.773384 0.0930901
v -0.265776 0.775862 0.0884052
v -0.272156 0.775484 0.0830744
v -0.232207 0.761402 0.106318
v -0.226927 0.756546 0.106745
v -0.22725 0.75353 0.114629
v -0.290555 0.747186 0.107694
v -0.291006 0.744816 0.112812
v -0.225261 0.754158 0.110249
v -0.248964 0.76192 0.104326
v -0.232726 0.755319 0.118516
v -0.266922 0.76081 0.102784
v -0.266952 0.752431 0.124355
v -0.281726 0.755703 0.103298
v -0.281889 0.748841 0.120912
v -0.291567 0.745382 0.109841
v -0.28906 0.749285 0.106575
v -0.289107 0.745743 0.115822
v -0.232333 0.760302 0.105688
v -0.249165 0.754909 0.123035
v -0.248649 0.757756 0.113298
v -0.265595 0.754979 0.112778
v -0.279359 0.751197 0.11194
v -0.287706 0.747654 0.110899
v -0.232753 0.757769 0.112091
v -0.226193 0.756262 0.110343
v -0.220158 0.752944 0.118472
v -0.273891 0.731313 0.143513
v -0.267261 0.72837 0.150667
v -0.221644 0.754009 0.113067
v -0.247983 0.757781 0.119666
v -0.222818 0.753855 0.124962
v -0.264429 0.753185 0.127622
v -0.246275 0.744191 0.149772
v -0.273018 0.744333 0.136594
v -0.25748 0.736627 0.154919
v -0.270879 0.728791 0.147365
v -0.275291 0.734327 0.140872
v -0.263984 0.730135 0.152765
v -0.232879 0.759438 0.11169
v -0.233437 0.750348 0.13823
v -0.240659 0.753737 0.127857
v -0.254355 0.747746 0.136589
v -0.263858 0.740583 0.143189
v -0.269267 0.732895 0.145539
v -0.227936 0.756467 0.118635
v -0.222845 0.751161 0.120176
v -0.215571 0.755879 0.122018
v -0.224777 0.727873 0.184559
v -0.219445 0.730676 0.186092
v -0.218547 0.752834 0.119151
v -0.233627 0.749672 0.142731
v -0.21531 0.75988 0.128482
v -0.238214 0.742842 0.160189
v -0.215295 0.756971 0.164616
v -0.234407 0.733315 0.174887
v -0.215691 0.744586 0.179045
v -0.22197 0.728313 0.185939
v -0.227135 0.728702 0.182919
v -0.217878 0.734526 0.184984
v -0.227499 0.752002 0.125607
v -0.214963 0.761792 0.146383
v -0.223988 0.754938 0.143941
v -0.225559 0.748036 0.160639
v -0.223691 0.738338 0.174446
v -0.222671 0.731582 0.182422
v -0.221504 0.755872 0.127259
v -0.214656 0.755705 0.120256
v -0.210617 0.76159 0.116861
v -0.178792 0.773506 0.184322
v -0.175894 0.776916 0.181883
v -0.212579 0.757651 0.116586
v -0.212261 0.760604 0.144757
v -0.209693 0.766416 0.121699
v -0.206818 0.764179 0.161828
v -0.192854 0.782583 0.149359
v -0.195599 0.768948 0.17484
v -0.184472 0.783356 0.165196
v -0.176806 0.775047 0.183511
v -0.181531 0.772613 0.183819
v -0.17693 0.779133 0.178561
v -0.216211 0.757022 0.127278
v -0.202356 0.774716 0.135865
v -0.206995 0.767007 0.140056
v -0.199569 0.771636 0.154239
v -0.189953 0.774643 0.169155
v -0.179971 0.775533 0.180254
v -0.212852 0.761711 0.12472
v -0.212512 0.75848 0.11751
v -0.213196 0.763528 0.110943
v -0.161278 0.795749 0.15372
v -0.159643 0.799619 0.149965
v -0.21325 0.759353 0.112952
v -0.199148 0.772928 0.136104
v -0.212365 0.770127 0.11263
v -0.186239 0.780525 0.150146
v -0.180686 0.79921 0.129956
v -0.173166 0.788609 0.155978
v -0.168935 0.802852 0.141099
v -0.159459 0.797615 0.152222
v -0.163759 0.794448 0.154627
v -0.161795 0.801368 0.147546
v -0.211212 0.761973 0.123552
v -0.200116 0.786349 0.118129
v -0.199119 0.779321 0.126356
v -0.182854 0.788412 0.138544
v -0.171597 0.794296 0.146244
v -0.163652 0.797071 0.150354
v -0.211604 0.766188 0.118173
v -0.213819 0.760894 0.111742
v -0.218211 0.764928 0.102815
v -0.172881 0.807762 0.106853
v -0.177678 0.810745 0.0982174
v -0.216376 0.76107 0.106352
v -0.201894 0.778461 0.122005
v -0.218654 0.771668 0.102884
v -0.189436 0.792008 0.124733
v -0.202662 0.802271 0.0994639
v -0.179996 0.802579 0.119394
v -0.191141 0.810826 0.09797
v -0.174462 0.809532 0.101752
v -0.173098 0.806369 0.111026
v -0.181728 0.811262 0.0970844
v -0.211448 0.765189 0.117703
v -0.212561 0.787355 0.101305
v -0.206742 0.78192 0.111753
v -0.195593 0.794848 0.11146
v -0.185946 0.803938 0.108821
v -0.177761 0.807626 0.104815
v -0.214966 0.76872 0.110076
v -0.229442 0.755571 0.104822
v -0.221458 0.761283 0.114615
v -0.218069 0.76404 0.101178
v -0.20828 0.763171 0.112303
v -0.213603 0.754166 0.122822
v -0.226682 0.749468 0.118198
v -0.235278 0.777577 0.0944764
v -0.232046 0.780322 0.0964026
v -0.235388 0.780349 0.0931522
v -0.23424 0.781369 0.0938806
v -0.232683 0.774481 0.0982118
v -0.230041 0.776796 0.0997458
v -0.231507 0.774662 0.0992751
v -0.230421 0.775589 0.0999302
v -0.226907 0.76551 0.106812
v -0.225848 0.76611 0.107086
v -0.223781 0.7606 0.109415
v -0.222584 0.761278 0.1098
v -0.230548 0.771563 0.101201
v -0.229897 0.772114 0.101805
v -0.223462 0.758538 0.110106
v -0.221177 0.759831 0.110831
v -0.234808 0.78084 0.0926315
v -0.233396 0.77849 0.0949346
v -0.229118 0.768253 0.103025
v -0.228185 0.768807 0.103355
v -0.225307 0.763098 0.108475
v -0.224183 0.763734 0.108839
v -0.223589 0.785309 0.104425
v -0.223137 0.78347 0.108945
v -0.224193 0.786928 0.106675
v -0.224077 0.786249 0.108334
v -0.22206 0.781062 0.103577
v -0.221699 0.779605 0.10733
v -0.221729 0.779946 0.104537
v -0.221584 0.779324 0.106061
v -0.222369 0.768804 0.110141
v -0.22152 0.768885 0.111079
v -0.221099 0.762954 0.110462
v -0.220177 0.763013 0.111586
v -0.221901 0.776694 0.105027
v -0.221545 0.776822 0.106103
v -0.221261 0.760933 0.109926
v -0.219496 0.761049 0.112065
v -0.223625 0.787276 0.107287
v -0.222645 0.784621 0.106262
v -0.222173 0.773009 0.10693
v -0.221474 0.773102 0.107921
v -0.221869 0.765755 0.110627
v -0.221004 0.76581 0.111685
v -0.227618 0.782312 0.111068
v -0.22363 0.782579 0.113397
v -0.226778 0.784786 0.112046
v -0.225285 0.784801 0.112982
v -0.226296 0.778107 0.110825
v -0.222997 0.778369 0.11276
v -0.225152 0.77754 0.11135
v -0.223838 0.777672 0.112122
v -0.223849 0.767006 0.112875
v -0.22303 0.767032 0.113753
v -0.221949 0.761953 0.111941
v -0.221054 0.761941 0.11299
v -0.2244 0.775261 0.112238
v -0.22341 0.775643 0.112446
v -0.221878 0.760236 0.111025
v -0.220165 0.760217 0.11302
v -0.226166 0.785334 0.111769
v -0.225676 0.782481 0.111375
v -0.224487 0.771416 0.112776
v -0.223681 0.771453 0.113597
v -0.223007 0.764304 0.112702
v -0.222167 0.764292 0.113688
v -0.233959 0.779616 0.104998
v -0.229569 0.780882 0.10519
v -0.233295 0.78231 0.105265
v -0.231609 0.782714 0.105401
v -0.232103 0.775696 0.104525
v -0.228475 0.776784 0.104688
v -0.230779 0.775411 0.104509
v -0.22934 0.775871 0.104572
v -0.2258 0.765719 0.110153
v -0.224786 0.766137 0.110614
v -0.223197 0.760704 0.111302
v -0.222055 0.761163 0.111884
v -0.229193 0.773435 0.105271
v -0.22834 0.773988 0.104935
v -0.223052 0.758719 0.111326
v -0.220873 0.759597 0.112426
v -0.232978 0.782876 0.104677
v -0.232167 0.780115 0.104342
v -0.227851 0.769726 0.107298
v -0.226845 0.770074 0.107707
v -0.224437 0.763177 0.111167
v -0.223365 0.763608 0.111715
v -0.232486 0.777648 0.116143
v -0.22816 0.778999 0.116974
v -0.232051 0.779638 0.118007
v -0.230384 0.780065 0.118334
v -0.230263 0.7751 0.113279
v -0.226693 0.776244 0.113996
v -0.228892 0.774988 0.113087
v -0.227476 0.775457 0.113392
v -0.225599 0.76608 0.113429
v -0.224615 0.766289 0.114073
v -0.223221 0.761581 0.112043
v -0.222114 0.76178 0.112821
v -0.227356 0.773264 0.11283
v -0.226487 0.773945 0.112772
v -0.223082 0.759877 0.111134
v -0.220966 0.76026 0.11261
v -0.231763 0.780374 0.117796
v -0.230699 0.778526 0.11579
v -0.226655 0.769866 0.113042
v -0.225679 0.770059 0.113604
v -0.224452 0.763731 0.113075
v -0.223411 0.763917 0.113807
v -0.254908 0.761535 0.110483
v -0.253619 0.765283 0.107995
v -0.25737 0.762893 0.109198
v -0.256913 0.764286 0.108323
v -0.24948 0.761715 0.11095
v -0.248493 0.764811 0.108877
v -0.248319 0.762657 0.110437
v -0.247885 0.763925 0.109604
v -0.233691 0.758666 0.112588
v -0.233302 0.75945 0.111671
v -0.227571 0.756843 0.112504
v -0.227088 0.757774 0.111506
v -0.244183 0.760953 0.111364
v -0.243789 0.761828 0.110972
v -0.225782 0.755694 0.113112
v -0.224863 0.757464 0.111201
v -0.257645 0.763052 0.108317
v -0.254144 0.762792 0.108879
v -0.239122 0.758575 0.111874
v -0.238733 0.75933 0.111103
v -0.230424 0.758007 0.112685
v -0.229969 0.758882 0.111748
v -0.246092 0.769252 0.0985681
v -0.24249 0.77203 0.0997814
v -0.246604 0.77202 0.0978425
v -0.245309 0.773047 0.0983252
v -0.242523 0.7662 0.100672
v -0.239592 0.768543 0.101638
v -0.2411 0.766394 0.101312
v -0.239889 0.767331 0.101728
v -0.231188 0.763863 0.10955
v -0.230221 0.764605 0.109279
v -0.226871 0.759687 0.110143
v -0.225741 0.760533 0.109908
v -0.238678 0.766064 0.104017
v -0.238027 0.76678 0.103829
v -0.226087 0.757774 0.110534
v -0.223935 0.759388 0.110077
v -0.246233 0.772589 0.0972124
v -0.244209 0.770266 0.0984952
v -0.235429 0.765263 0.106692
v -0.234521 0.766024 0.106565
v -0.228839 0.761851 0.110157
v -0.227777 0.762646 0.109938
v -0.240073 0.777011 0.114484
v -0.236621 0.778843 0.112056
v -0.239639 0.77975 0.114471
v -0.238272 0.78038 0.113588
v -0.238526 0.773389 0.112713
v -0.235676 0.774944 0.110713
v -0.237463 0.773193 0.111802
v -0.236335 0.773861 0.111028
v -0.229341 0.763862 0.112642
v -0.228393 0.764522 0.112379
v -0.225882 0.759658 0.111864
v -0.22477 0.760399 0.111633
v -0.235574 0.771206 0.11123
v -0.235122 0.771843 0.110455
v -0.225372 0.757791 0.111789
v -0.223254 0.759207 0.111338
v -0.239758 0.780286 0.113804
v -0.239061 0.777669 0.112857
v -0.232704 0.76735 0.11189
v -0.231767 0.767948 0.111616
v -0.227396 0.761781 0.112538
v -0.22635 0.762478 0.112322
v -0.246556 0.771599 0.110814
v -0.243895 0.772357 0.107299
v -0.246488 0.774183 0.109332
v -0.245407 0.774425 0.108053
v -0.245337 0.768267 0.110786
v -0.243153 0.768951 0.107863
v -0.244479 0.767879 0.109989
v -0.243626 0.768194 0.108806
v -0.231801 0.761047 0.113321
v -0.231125 0.761767 0.112581
v -0.226207 0.758125 0.112927
v -0.22551 0.758993 0.11213
v -0.242709 0.766601 0.11014
v -0.242519 0.766854 0.10911
v -0.224949 0.756616 0.113328
v -0.223625 0.758269 0.111802
v -0.246801 0.774407 0.108533
v -0.245968 0.771553 0.108972
v -0.23855 0.763476 0.112091
v -0.237748 0.763968 0.111414
v -0.22842 0.759788 0.113274
v -0.227762 0.760604 0.112527
v -0.233881 0.771984 0.119948
v -0.231785 0.774383 0.116497
v -0.232776 0.774487 0.120745
v -0.231936 0.775329 0.11941
v -0.234509 0.769204 0.116078
v -0.232763 0.771221 0.113249
v -0.234111 0.769311 0.114673
v -0.233395 0.770133 0.113564
v -0.229288 0.763142 0.114576
v -0.228512 0.763838 0.114017
v -0.226301 0.759242 0.113093
v -0.225356 0.760019 0.11249
v -0.233323 0.767933 0.113091
v -0.233194 0.768677 0.112262
v -0.225757 0.757399 0.112958
v -0.223958 0.75888 0.111802
v -0.23303 0.775147 0.120433
v -0.23366 0.773039 0.118176
v -0.231759 0.765372 0.113592
v -0.231012 0.766 0.113048
v -0.227633 0.761344 0.114099
v -0.226743 0.762074 0.113535
v -0.249062 0.754849 0.124817
v -0.248496 0.758663 0.122297
v -0.251772 0.756003 0.124194
v -0.251573 0.757419 0.123313
v -0.243718 0.755449 0.124047
v -0.243329 0.758593 0.121965
v -0.242742 0.756472 0.123333
v -0.242551 0.757762 0.12249
v -0.230224 0.755188 0.122686
v -0.230594 0.755761 0.121699
v -0.225134 0.7549 0.118616
v -0.225602 0.755594 0.117446
v -0.238965 0.755301 0.124001
v -0.238762 0.756201 0.123545
v -0.223085 0.754417 0.118
v -0.223982 0.755734 0.115765
v -0.252222 0.756151 0.123389
v -0.248704 0.756166 0.123126
v -0.234773 0.75398 0.124267
v -0.234831 0.754702 0.123394
v -0.227571 0.755366 0.120564
v -0.228009 0.75602 0.119464
v -0.245762 0.761487 0.122419
v -0.241919 0.764218 0.121676
v -0.245888 0.764113 0.123263
v -0.24447 0.765112 0.123042
v -0.2428 0.758684 0.120241
v -0.239665 0.760986 0.119649
v -0.241462 0.758949 0.119722
v -0.240149 0.759858 0.119483
v -0.231497 0.759549 0.118285
v -0.231187 0.760405 0.117389
v -0.226782 0.75703 0.116105
v -0.226326 0.757999 0.115137
v -0.238892 0.757998 0.119359
v -0.238411 0.7589 0.119011
v -0.225363 0.755562 0.116006
v -0.2245 0.757406 0.114154
v -0.245908 0.764803 0.122709
v -0.244315 0.762651 0.121325
v -0.235663 0.758311 0.118922
v -0.235311 0.759201 0.118187
v -0.228961 0.758569 0.117292
v -0.228532 0.759479 0.116383
v -0.242022 0.767188 0.125571
v -0.241377 0.769333 0.121398
v -0.243646 0.769267 0.125016
v -0.243301 0.770078 0.123441
v -0.238761 0.764889 0.123614
v -0.238258 0.76669 0.120168
v -0.238114 0.76506 0.122332
v -0.237937 0.765793 0.120963
v -0.228662 0.760962 0.119535
v -0.228298 0.761711 0.118672
v -0.225105 0.757689 0.116858
v -0.224627 0.758559 0.11591
v -0.23582 0.764639 0.121229
v -0.236116 0.765033 0.120237
v -0.224158 0.756076 0.116557
v -0.223252 0.757733 0.114742
v -0.2443 0.769341 0.124447
v -0.242171 0.767583 0.123548
v -0.232331 0.763111 0.120801
v -0.232004 0.763819 0.119954
v -0.226575 0.75947 0.118286
v -0.226124 0.760288 0.117396
v -0.237496 0.759403 0.135661
v -0.240988 0.759982 0.132677
v -0.239536 0.760527 0.136934
v -0.240803 0.760776 0.13572
v -0.236328 0.75769 0.131351
v -0.239238 0.758186 0.128915
v -0.237044 0.75759 0.129968
v -0.238194 0.757795 0.129016
v -0.228944 0.758116 0.121201
v -0.229147 0.758719 0.120236
v -0.224289 0.756497 0.118007
v -0.224468 0.757237 0.116865
v -0.236631 0.757616 0.126983
v -0.237603 0.757528 0.126613
v -0.222637 0.755508 0.117588
v -0.222984 0.756914 0.115406
v -0.2403 0.760206 0.137154
v -0.239166 0.758998 0.134554
v -0.233739 0.757907 0.123533
v -0.234151 0.758419 0.122639
v -0.226312 0.75761 0.119647
v -0.226479 0.758306 0.118573
v -0.238205 0.770854 0.125547
v -0.236627 0.771655 0.121336
v -0.238177 0.773507 0.124329
v -0.237504 0.773758 0.122759
v -0.237274 0.766636 0.124748
v -0.235972 0.76734 0.121261
v -0.236697 0.766188 0.123653
v -0.236179 0.766493 0.122264
v -0.227452 0.760883 0.121251
v -0.227376 0.761541 0.12024
v -0.224632 0.757543 0.118148
v -0.224489 0.758307 0.117006
v -0.234849 0.764504 0.123428
v -0.235056 0.764806 0.122305
v -0.223698 0.755943 0.117775
v -0.223432 0.757398 0.115593
v -0.238651 0.773791 0.123658
v -0.23818 0.770877 0.123541
v -0.231166 0.762376 0.123558
v -0.230902 0.762917 0.122519
v -0.225779 0.759435 0.119728
v -0.225643 0.760154 0.118655
v -0.223258 0.765066 0.149519
v -0.227868 0.764767 0.148669
v -0.224904 0.765469 0.152202
v -0.226592 0.765406 0.151895
v -0.223579 0.764017 0.144031
v -0.227389 0.763777 0.14341
v -0.224743 0.763798 0.142962
v -0.226297 0.763705 0.142673
v -0.221182 0.759167 0.12822
v -0.222341 0.758742 0.128031
v -0.220017 0.756326 0.122325
v -0.221351 0.755889 0.122054
v -0.223071 0.762426 0.138746
v -0.224065 0.762487 0.138405
v -0.218828 0.755669 0.120473
v -0.221372 0.754829 0.119962
v -0.22544 0.764906 0.152698
v -0.225189 0.764233 0.149112
v -0.221057 0.760062 0.133772
v -0.222121 0.759741 0.133545
v -0.220775 0.757947 0.125015
v -0.222029 0.757538 0.124759
v -0.236053 0.749844 0.14332
v -0.238047 0.752355 0.139897
v -0.238691 0.750653 0.144235
v -0.239407 0.751608 0.143008
v -0.232725 0.7501 0.139143
v -0.234428 0.752168 0.136367
v -0.232677 0.750761 0.137668
v -0.233346 0.751614 0.136516
v -0.22714 0.756441 0.126854
v -0.227983 0.756631 0.125937
v -0.223728 0.754927 0.121744
v -0.224653 0.755203 0.12067
v -0.231204 0.752857 0.135061
v -0.231955 0.753089 0.134473
v -0.221999 0.754292 0.120659
v -0.223767 0.754812 0.118613
v -0.239525 0.750445 0.143924
v -0.237098 0.750361 0.141475
v -0.229427 0.754713 0.131521
v -0.230205 0.755026 0.130668
v -0.225353 0.755979 0.124108
v -0.226221 0.756241 0.123098
v -0.234753 0.766858 0.137958
v -0.23784 0.765937 0.13458
v -0.237078 0.768258 0.13787
v -0.23818 0.767908 0.136519
v -0.232792 0.763628 0.13585
v -0.235375 0.762893 0.133066
v -0.233195 0.762824 0.134708
v -0.234252 0.762575 0.133613
v -0.225691 0.758999 0.124896
v -0.226459 0.759153 0.123988
v -0.222893 0.756334 0.120692
v -0.223728 0.75656 0.119621
v -0.232002 0.761407 0.132454
v -0.232975 0.761119 0.132067
v -0.221422 0.755337 0.119904
v -0.223019 0.755761 0.117865
v -0.237861 0.767988 0.13807
v -0.236235 0.76591 0.136988
v -0.228696 0.760064 0.12891
v -0.229417 0.760177 0.128005
v -0.224181 0.757914 0.122569
v -0.224964 0.758128 0.121562
v -0.226465 0.767821 0.138742
v -0.230004 0.765021 0.137933
v -0.229022 0.768525 0.139936
v -0.230338 0.767454 0.13953
v -0.22476 0.76511 0.1368
v -0.227726 0.762827 0.136167
v -0.225352 0.764045 0.136312
v -0.22655 0.763148 0.136078
v -0.223091 0.760349 0.125484
v -0.224146 0.759996 0.12506
v -0.221061 0.75702 0.120784
v -0.222259 0.756654 0.120253
v -0.225331 0.762929 0.134571
v -0.226108 0.762258 0.134842
v -0.21961 0.756138 0.119534
v -0.221897 0.755435 0.118529
v -0.229445 0.768157 0.140612
v -0.22765 0.76624 0.138951
v -0.224082 0.76185 0.130681
v -0.225059 0.761445 0.130256
v -0.222231 0.75888 0.122765
v -0.223357 0.758538 0.122265
v -0.225601 0.769228 0.132585
v -0.229575 0.767727 0.130716
v -0.227367 0.771183 0.131754
v -0.228835 0.77056 0.13099
v -0.225246 0.764661 0.132889
v -0.228548 0.763458 0.131334
v -0.226094 0.763551 0.132413
v -0.22742 0.763106 0.131794
v -0.223786 0.760129 0.124747
v -0.224743 0.760056 0.124016
v -0.221872 0.757102 0.121072
v -0.222914 0.757041 0.120183
v -0.226065 0.761484 0.13109
v -0.227079 0.761195 0.131078
v -0.220454 0.756071 0.120251
v -0.222445 0.755948 0.118561
v -0.228056 0.77126 0.132112
v -0.227421 0.76834 0.132501
v -0.224831 0.76045 0.128275
v -0.22575 0.760342 0.127531
v -0.222982 0.758946 0.122752
v -0.223962 0.75889 0.121916
v -0.239796 0.770255 0.0950387
v -0.236423 0.773227 0.0956629
v -0.240284 0.772422 0.0932463
v -0.239075 0.773517 0.0934987
v -0.236433 0.768439 0.098688
v -0.233688 0.770924 0.0991456
v -0.235098 0.768874 0.0994236
v -0.233964 0.769876 0.0996396
v -0.228838 0.762717 0.107518
v -0.227817 0.763429 0.107457
v -0.225245 0.759469 0.110418
v -0.224073 0.760276 0.110418
v -0.233681 0.766638 0.101692
v -0.232947 0.767246 0.102017
v -0.224742 0.757888 0.111438
v -0.222506 0.759428 0.111431
v -0.239897 0.772908 0.0925597
v -0.237987 0.771393 0.0949367
v -0.231857 0.764318 0.10383
v -0.230936 0.76497 0.103852
v -0.226917 0.761154 0.109285
v -0.225815 0.761913 0.109288
v -0.253275 0.75417 0.116655
v -0.252805 0.757346 0.113335
v -0.255864 0.754724 0.115611
v -0.255696 0.755903 0.114428
v -0.248229 0.755407 0.116096
v -0.247915 0.758014 0.113351
v -0.247321 0.756376 0.115218
v -0.247162 0.75745 0.114104
v -0.23341 0.756112 0.11549
v -0.233304 0.756779 0.11441
v -0.227836 0.755826 0.114731
v -0.227667 0.756626 0.113527
v -0.243296 0.755849 0.115712
v -0.243053 0.756619 0.115095
v -0.226035 0.755273 0.115222
v -0.225717 0.756795 0.112922
v -0.25634 0.754754 0.114813
v -0.253011 0.75526 0.114773
v -0.238523 0.754933 0.115803
v -0.23838 0.755584 0.114864
v -0.230404 0.756222 0.115148
v -0.230244 0.756976 0.114018
v -0.248428 0.761563 0.10248
v -0.244901 0.764598 0.102375
v -0.249129 0.763679 0.101311
v -0.24785 0.764796 0.10131
v -0.244596 0.759889 0.104446
v -0.241731 0.762424 0.104323
v -0.243144 0.76036 0.104745
v -0.241955 0.761383 0.104717
v -0.232003 0.760678 0.111143
v -0.231206 0.761458 0.110565
v -0.227851 0.758156 0.111825
v -0.2269 0.759055 0.111229
v -0.240251 0.760709 0.106885
v -0.239721 0.761411 0.106444
v -0.227003 0.756773 0.112456
v -0.225194 0.758486 0.111313
v -0.248963 0.764183 0.100544
v -0.246755 0.762755 0.101867
v -0.236606 0.760836 0.108953
v -0.235828 0.761627 0.108514
v -0.229677 0.759533 0.11172
v -0.228783 0.760378 0.111163
v -0.239176 0.751086 0.138558
v -0.241425 0.75311 0.135375
v -0.241772 0.750801 0.139464
v -0.242584 0.751566 0.138329
v -0.236102 0.753005 0.134562
v -0.238011 0.754647 0.131982
v -0.236157 0.753805 0.133175
v -0.236912 0.754493 0.132105
v -0.227715 0.754912 0.12492
v -0.228398 0.755182 0.123917
v -0.224036 0.755042 0.120352
v -0.224771 0.755455 0.119207
v -0.233356 0.754133 0.131189
v -0.23371 0.754678 0.130486
v -0.222322 0.755019 0.119529
v -0.223728 0.755799 0.117344
v -0.24257 0.750505 0.139124
v -0.240287 0.751583 0.136771
v -0.230633 0.753865 0.128671
v -0.231212 0.754184 0.127769
v -0.225764 0.755085 0.122482
v -0.226454 0.755457 0.121402
v -0.22152 0.769518 0.1434
v -0.225516 0.767188 0.143462
v -0.222823 0.769826 0.145757
v -0.224299 0.769006 0.145761
v -0.221994 0.767213 0.139206
v -0.225292 0.765314 0.139323
v -0.22304 0.7663 0.138553
v -0.22439 0.76552 0.138569
v -0.218154 0.759804 0.127595
v -0.219224 0.759206 0.127719
v -0.218474 0.757404 0.122571
v -0.219747 0.756772 0.122648
v -0.220851 0.764556 0.135587
v -0.221769 0.76414 0.135413
v -0.217851 0.757005 0.120795
v -0.220276 0.755794 0.120949
v -0.223089 0.769343 0.146508
v -0.223002 0.768035 0.143697
v -0.217757 0.761551 0.132227
v -0.218739 0.760976 0.132275
v -0.218512 0.758716 0.124838
v -0.219708 0.758123 0.124909
v -0.227604 0.750073 0.146116
v -0.230331 0.751547 0.142774
v -0.229785 0.750261 0.147249
v -0.230764 0.750834 0.14604
v -0.225644 0.750716 0.141628
v -0.227933 0.751921 0.138927
v -0.225986 0.751187 0.140119
v -0.226901 0.75169 0.138993
v -0.223801 0.756335 0.127969
v -0.224803 0.756275 0.12723
v -0.221967 0.755504 0.122983
v -0.223084 0.755491 0.122096
v -0.225348 0.753046 0.137011
v -0.226183 0.753058 0.13655
v -0.220659 0.75527 0.121816
v -0.222794 0.755239 0.120128
v -0.230617 0.749912 0.147153
v -0.229031 0.750192 0.144488
v -0.224664 0.754722 0.13304
v -0.225594 0.75478 0.132323
v -0.222864 0.756166 0.125223
v -0.223914 0.756156 0.124388
v -0.209327 0.770879 0.145793
v -0.213432 0.769203 0.147398
v -0.20961 0.771225 0.148963
v -0.211124 0.770652 0.149551
v -0.211734 0.768957 0.14119
v -0.215093 0.767591 0.142588
v -0.21311 0.768265 0.140853
v -0.214497 0.767706 0.141392
v -0.215415 0.762727 0.126333
v -0.216338 0.762002 0.126774
v -0.216275 0.759572 0.120705
v -0.217377 0.758774 0.121164
v -0.213216 0.76682 0.136371
v -0.214206 0.766542 0.136573
v -0.215931 0.759015 0.118508
v -0.218026 0.757489 0.119388
v -0.209677 0.770664 0.149696
v -0.210872 0.769546 0.146454
v -0.213098 0.764471 0.131098
v -0.213989 0.763858 0.131454
v -0.216159 0.761235 0.123372
v -0.217196 0.760486 0.123803
v -0.222114 0.769981 0.142529
v -0.224057 0.766148 0.142431
v -0.224593 0.76937 0.144186
v -0.225316 0.767919 0.144046
v -0.219535 0.768623 0.140315
v -0.221189 0.765461 0.140277
v -0.219563 0.767508 0.139878
v -0.220255 0.766251 0.139901
v -0.218379 0.763086 0.125297
v -0.219356 0.762365 0.125389
v -0.218014 0.759637 0.119849
v -0.219139 0.758897 0.120008
v -0.219109 0.766556 0.137882
v -0.219462 0.765695 0.138347
v -0.217124 0.759055 0.118059
v -0.219265 0.757639 0.118369
v -0.224701 0.768908 0.144932
v -0.222387 0.768214 0.142972
v -0.217869 0.76559 0.132334
v -0.218685 0.764811 0.132207
v -0.218621 0.761281 0.122094
v -0.21968 0.760585 0.12224
v -0.227395 0.772044 0.12766
v -0.230622 0.768906 0.128597
v -0.230144 0.772824 0.127277
v -0.231325 0.771578 0.127584
v -0.224706 0.768485 0.129119
v -0.227409 0.765913 0.129883
v -0.225024 0.767193 0.129551
v -0.226126 0.766178 0.129836
v -0.221318 0.763532 0.12338
v -0.222307 0.76291 0.123288
v -0.219004 0.760085 0.120255
v -0.22014 0.759373 0.120078
v -0.224136 0.765228 0.129205
v -0.224911 0.764677 0.129799
v -0.217527 0.759293 0.119197
v -0.219692 0.757932 0.118866
v -0.230661 0.77284 0.127888
v -0.228533 0.77076 0.128774
v -0.222394 0.764339 0.126724
v -0.223308 0.763724 0.126625
v -0.220359 0.761991 0.121606
v -0.221427 0.761323 0.121438
v -0.205018 0.778419 0.13123
v -0.208883 0.777045 0.133465
v -0.204984 0.779364 0.134188
v -0.206412 0.778903 0.134999
v -0.207826 0.775627 0.127482
v -0.21098 0.774524 0.12939
v -0.209207 0.774871 0.127428
v -0.210514 0.774414 0.128179
v -0.213249 0.768621 0.117062
v -0.213664 0.768114 0.118079
v -0.215255 0.763031 0.114876
v -0.215749 0.762447 0.116112
v -0.209668 0.773499 0.12357
v -0.210604 0.773257 0.123969
v -0.215683 0.761526 0.113339
v -0.216616 0.76041 0.115699
v -0.204965 0.778937 0.135021
v -0.206452 0.777205 0.132288
v -0.210178 0.771584 0.119522
v -0.210856 0.771071 0.120282
v -0.214599 0.765786 0.116044
v -0.215065 0.765237 0.117205
v -0.212633 0.776649 0.132216
v -0.21679 0.775044 0.130468
v -0.214981 0.778028 0.13286
v -0.216505 0.777478 0.132184
v -0.211351 0.772911 0.129871
v -0.214811 0.771632 0.128466
v -0.212173 0.771974 0.129142
v -0.213571 0.771432 0.128529
v -0.216928 0.76664 0.121961
v -0.217884 0.765983 0.122482
v -0.21664 0.762213 0.118292
v -0.217763 0.761461 0.118772
v -0.212375 0.770336 0.126877
v -0.213423 0.770064 0.126996
v -0.215873 0.761162 0.11664
v -0.218011 0.759726 0.117563
v -0.215633 0.777753 0.133414
v -0.214355 0.775413 0.132024
v -0.214024 0.76866 0.12458
v -0.215023 0.768125 0.124996
v -0.217113 0.764496 0.120035
v -0.21817 0.76379 0.120484
v -0.219351 0.778986 0.129663
v -0.221765 0.775824 0.13206
v -0.220623 0.77974 0.132041
v -0.221578 0.778503 0.132863
v -0.218651 0.775422 0.127148
v -0.220661 0.772831 0.129162
v -0.219128 0.774138 0.127338
v -0.219933 0.773123 0.128163
v -0.21937 0.766777 0.119531
v -0.220248 0.766098 0.119951
v -0.217919 0.762262 0.116782
v -0.21896 0.761492 0.117197
v -0.219735 0.772145 0.125871
v -0.220014 0.77156 0.126765
v -0.216829 0.761215 0.115565
v -0.21881 0.759746 0.116365
v -0.220442 0.779576 0.132893
v -0.219732 0.777496 0.130963
v -0.219787 0.769917 0.122675
v -0.220611 0.769257 0.123103
v -0.218903 0.764494 0.117912
v -0.219882 0.763772 0.118301
v -0.213635 0.783369 0.117937
v -0.212833 0.782586 0.122525
v -0.213779 0.785562 0.119368
v -0.21353 0.785179 0.121115
v -0.212699 0.778933 0.118548
v -0.212041 0.778325 0.122351
v -0.21236 0.778091 0.119802
v -0.212109 0.777862 0.121303
v -0.216552 0.767567 0.117858
v -0.217063 0.767014 0.118739
v -0.21711 0.762557 0.115088
v -0.217764 0.761881 0.11609
v -0.21267 0.775484 0.120998
v -0.212199 0.775581 0.121948
v -0.216897 0.761261 0.113587
v -0.218138 0.759972 0.115504
v -0.213156 0.785994 0.119762
v -0.212608 0.78309 0.119716
v -0.214274 0.77149 0.120506
v -0.214611 0.771063 0.121487
v -0.217237 0.765038 0.116315
v -0.217854 0.764404 0.117256
v -0.224336 0.778206 0.127915
v -0.225895 0.774284 0.129072
v -0.226852 0.777844 0.129495
v -0.227425 0.776334 0.12984
v -0.220846 0.776128 0.126001
v -0.222172 0.772892 0.126979
v -0.220712 0.774877 0.125924
v -0.221263 0.773594 0.126322
v -0.219735 0.767634 0.117638
v -0.220415 0.766937 0.118335
v -0.217931 0.763074 0.115683
v -0.218742 0.762266 0.116432
v -0.219929 0.773486 0.123906
v -0.220166 0.772733 0.12476
v -0.216851 0.761977 0.114518
v -0.218393 0.760436 0.115953
v -0.226945 0.777571 0.13033
v -0.224444 0.776565 0.128927
v -0.219485 0.771483 0.120045
v -0.220135 0.770653 0.12056
v -0.219146 0.765318 0.116513
v -0.21991 0.764558 0.117216
v -0.224277 0.789891 0.101333
v -0.222115 0.791118 0.10542
v -0.223864 0.792888 0.101456
v -0.223115 0.793352 0.102969
v -0.223382 0.785299 0.104008
v -0.221598 0.786381 0.107347
v -0.222735 0.784877 0.105423
v -0.222013 0.785291 0.106805
v -0.220487 0.770191 0.108326
v -0.219618 0.770434 0.109211
v -0.218564 0.76419 0.109332
v -0.217615 0.764439 0.110398
v -0.22232 0.780383 0.105703
v -0.221975 0.780549 0.10671
v -0.21852 0.762006 0.109064
v -0.216704 0.762485 0.111091
v -0.2231 0.793387 0.101433
v -0.222717 0.790191 0.102809
v -0.221156 0.774882 0.105722
v -0.220426 0.775079 0.106587
v -0.219648 0.767105 0.109177
v -0.218757 0.767339 0.110181
v -0.210675 0.786848 0.110348
v -0.212166 0.785523 0.114627
v -0.210028 0.788922 0.112285
v -0.210628 0.788462 0.113843
v -0.211629 0.782039 0.109704
v -0.21274 0.781007 0.113238
v -0.212046 0.780967 0.110611
v -0.2125 0.78052 0.112042
v -0.215626 0.770994 0.112897
v -0.215448 0.770655 0.114116
v -0.215746 0.76498 0.112141
v -0.215658 0.764571 0.113547
v -0.213458 0.778674 0.111285
v -0.213397 0.778575 0.112287
v -0.215918 0.763194 0.111048
v -0.215742 0.762416 0.113729
v -0.209434 0.788977 0.113035
v -0.210965 0.785925 0.112366
v -0.214343 0.775414 0.11201
v -0.214216 0.775127 0.113174
v -0.215955 0.767866 0.112651
v -0.215875 0.767481 0.113972
v -0.221597 0.785866 0.117283
v -0.219588 0.784222 0.121187
v -0.22193 0.787139 0.119745
v -0.221199 0.786429 0.121204
v -0.2195 0.782515 0.115563
v -0.21785 0.781182 0.11882
v -0.218631 0.781563 0.116177
v -0.218002 0.781066 0.117506
v -0.218582 0.769388 0.113642
v -0.21844 0.769017 0.11479
v -0.217437 0.764103 0.112518
v -0.21734 0.763646 0.113829
v -0.2179 0.778864 0.115829
v -0.217244 0.7789 0.116714
v -0.217156 0.762582 0.11135
v -0.216962 0.761713 0.11385
v -0.221346 0.787575 0.120182
v -0.220138 0.785486 0.118637
v -0.218166 0.774219 0.114441
v -0.218005 0.773821 0.115534
v -0.218294 0.766574 0.113195
v -0.218205 0.766144 0.114427
v -0.225907 0.783156 0.110472
v -0.221871 0.783347 0.112738
v -0.22545 0.785407 0.112211
v -0.223925 0.785384 0.113097
v -0.224178 0.780177 0.109067
v -0.220853 0.780389 0.110968
v -0.222964 0.779776 0.109405
v -0.221643 0.779886 0.110171
v -0.220892 0.769071 0.111719
v -0.220143 0.769096 0.112665
v -0.218831 0.763553 0.111228
v -0.218014 0.763549 0.112342
v -0.222004 0.778077 0.109864
v -0.221049 0.778471 0.110112
v -0.218665 0.761692 0.110354
v -0.217102 0.76169 0.112475
v -0.224907 0.78605 0.112074
v -0.223941 0.783455 0.110747
v -0.221673 0.774102 0.110431
v -0.220907 0.77408 0.111295
v -0.219993 0.766126 0.111861
v -0.219227 0.766122 0.112909
v -0.227804 0.778102 0.113429
v -0.224831 0.777932 0.117073
v -0.228913 0.778663 0.116018
v -0.227754 0.778523 0.117377
v -0.223709 0.777088 0.111294
v -0.22128 0.776955 0.114339
v -0.222345 0.776798 0.111819
v -0.221406 0.776758 0.113053
v -0.220428 0.768718 0.112581
v -0.21999 0.768517 0.113709
v -0.218559 0.764158 0.111774
v -0.218103 0.763869 0.113056
v -0.220493 0.775204 0.111705
v -0.219804 0.775563 0.112433
v -0.218225 0.762625 0.110653
v -0.217347 0.762078 0.113096
v -0.228684 0.779272 0.116427
v -0.226228 0.778606 0.114629
v -0.220155 0.772124 0.111752
v -0.219702 0.771889 0.112842
v -0.219742 0.766455 0.112505
v -0.219314 0.766184 0.113711
v -0.205602 0.775754 0.136968
v -0.208808 0.773562 0.13949
v -0.20495 0.776043 0.139898
v -0.206173 0.775306 0.140792
v -0.208391 0.772996 0.133882
v -0.210852 0.771087 0.136107
v -0.209519 0.771965 0.134057
v -0.21053 0.771165 0.13495
v -0.213055 0.764353 0.123677
v -0.213759 0.763588 0.124389
v -0.215137 0.761255 0.119408
v -0.215995 0.760394 0.120181
v -0.20964 0.769579 0.130961
v -0.210451 0.769135 0.131379
v -0.215356 0.760743 0.117481
v -0.216986 0.759099 0.11896
v -0.204759 0.775561 0.140736
v -0.206915 0.774476 0.138043
v -0.209874 0.766577 0.127226
v -0.210568 0.765903 0.127832
v -0.21442 0.762802 0.121439
v -0.215228 0.761994 0.122164
v -0.21543 0.766298 0.141252
v -0.219629 0.765294 0.139639
v -0.217038 0.765999 0.143318
v -0.218618 0.765737 0.142673
v -0.214933 0.765122 0.137005
v -0.218238 0.764028 0.135928
v -0.215776 0.764567 0.136043
v -0.217104 0.764098 0.135593
v -0.218037 0.761308 0.126436
v -0.219113 0.760682 0.12637
v -0.217401 0.759457 0.121766
v -0.218652 0.758779 0.121626
v -0.216333 0.763777 0.133685
v -0.217217 0.763352 0.13374
v -0.216448 0.759269 0.120239
v -0.218831 0.757971 0.11998
v -0.217552 0.765345 0.143816
v -0.217393 0.765579 0.140487
v -0.216838 0.7623 0.130842
v -0.217835 0.76168 0.130807
v -0.217921 0.760495 0.123819
v -0.219097 0.759859 0.123686
v -0.20512 0.784439 0.114752
v -0.206182 0.783306 0.118962
v -0.203742 0.786232 0.116304
v -0.204155 0.785842 0.117829
v -0.208329 0.780318 0.114992
v -0.209155 0.779437 0.118475
v -0.209101 0.779404 0.116041
v -0.209465 0.779025 0.117458
v -0.213953 0.769291 0.11377
v -0.213957 0.768834 0.11494
v -0.215777 0.764007 0.113146
v -0.215898 0.763491 0.114483
v -0.210645 0.776653 0.114888
v -0.21103 0.776365 0.115737
v -0.2165 0.762588 0.112158
v -0.216722 0.761604 0.114709
v -0.203148 0.786227 0.117019
v -0.205186 0.783583 0.116755
v -0.211625 0.773357 0.11385
v -0.211715 0.772949 0.114902
v -0.215017 0.766501 0.113486
v -0.215116 0.766009 0.114737
v -0.229358 0.785229 0.104684
v -0.225535 0.786442 0.107053
v -0.229012 0.787789 0.104659
v -0.227638 0.788232 0.105559
v -0.227186 0.781454 0.10636
v -0.224049 0.782515 0.10829
v -0.22593 0.781152 0.107208
v -0.224644 0.781559 0.108014
v -0.222361 0.768527 0.106409
v -0.221357 0.768945 0.106997
v -0.220195 0.763985 0.108346
v -0.219077 0.764444 0.109112
v -0.225337 0.777364 0.10629
v -0.224577 0.777517 0.106974
v -0.220152 0.762171 0.108596
v -0.218016 0.76305 0.110049
v -0.228425 0.7884 0.104314
v -0.227356 0.785752 0.105194
v -0.223968 0.772556 0.104366
v -0.223025 0.772881 0.104931
v -0.221309 0.766168 0.107705
v -0.220259 0.7666 0.108426
v -0.215107 0.785562 0.105655
v -0.21579 0.784325 0.109993
v -0.214335 0.787464 0.106864
v -0.214714 0.787023 0.10849
v -0.215906 0.781188 0.106046
v -0.216036 0.780233 0.109445
v -0.216007 0.780205 0.107046
v -0.216038 0.77979 0.108414
v -0.216977 0.770444 0.10973
v -0.216476 0.770258 0.110856
v -0.216966 0.76537 0.110284
v -0.216523 0.765127 0.111645
v -0.216663 0.7778 0.107764
v -0.216394 0.777786 0.108698
v -0.217338 0.763796 0.109725
v -0.216485 0.763335 0.112319
v -0.213661 0.787664 0.107484
v -0.215094 0.78487 0.107841
v -0.216684 0.774619 0.108512
v -0.216245 0.774445 0.109558
v -0.217119 0.767746 0.110122
v -0.216706 0.767516 0.111399
v -0.20803 0.792413 0.0870665
v -0.212636 0.794121 0.0737734
v -0.216406 0.745755 0.11246
v -0.219359 0.744544 0.105725
v -0.226737 0.786574 0.0793418
v -0.232429 0.759581 0.101566
v -0.232218 0.767165 0.0898267
v -0.21617 0.762365 0.0929462
v -0.209359 0.769207 0.104834
v -0.210002 0.781597 0.0987234
v -0.230565 0.777613 0.0868476
v -0.216719 0.781234 0.0875292
v -0.252384 0.754358 0.109147
v -0.260713 0.745687 0.115833
v -0.212174 0.75458 0.105277
v -0.212913 0.747622 0.107206
v -0.247295 0.741403 0.125244
v -0.226514 0.746338 0.122947
v -0.237127 0.737858 0.123738
v -0.233823 0.741971 0.106998
v -0.23712 0.756024 0.10296
v -0.213615 0.76258 0.147985
v -0.202135 0.768188 0.15306
v -0.220451 0.747965 0.107306
v -0.213232 0.74779 0.106479
v -0.197898 0.770863 0.135886
v -0.205305 0.764755 0.114973
v -0.195212 0.766131 0.124281
v -0.204257 0.752226 0.126899
v -0.218027 0.753891 0.133453
v -0.029834 0.265515 0.0570753
v -0.0315534 0.263876 0.0710442
v -0.037789 0.262947 0.0643012
v -0.0264973 0.261684 0.0668922
v -0.107746 0.577148 0.0514533
v -0.0968398 0.581374 0.0555661
v -0.103557 0.584632 0.0476643
v -0.100559 0.572389 0.0607521
v -0.152292 0.668404 0.0727002
v -0.163772 0.668168 0.0672634
v -0.156937 0.674672 0.0669502
v -0.159018 0.66074 0.0740706
vt 0.474317 0.487738
vt 0.48778 0.485613
vt 0.480723 0.506978
vt 0.489364 0.505614
vt 0.488094 0.563527
vt 0.496832 0.563116
vt 0.491457 0.633607
vt 0.499405 0.633799
vt 0.493585 0.701978
vt 0.501532 0.70217
vt 0.481049 0.484202
vt 0.485043 0.506296
vt 0.492463 0.563321
vt 0.495431 0.633703
vt 0.497558 0.702074
vt 0.464714 0.468646
vt 0.487047 0.459957
vt 0.474955 0.460052
vt 0.456058 0.44197
vt 0.471855 0.431338
vt 0.464886 0.435143
vt 0.497669 0.758584
vt 0.50561 0.758225
vt 0.501639 0.758405
vt 0.504953 0.812423
vt 0.512799 0.811146
vt 0.508876 0.811785
vt 0.503763 0.818749
vt 0.516928 0.815882
vt 0.510239 0.818345
vt 0.49664 0.91724
vt 0.563015 0.918571
vt 0.526605 0.924213
vt 0.466665 0.790257
vt 0.447076 0.888409
vt 0.454115 0.783092
vt 0.433382 0.846731
vt 0.559758 0.772176
vt 0.602149 0.846815
vt 0.577401 0.767949
vt 0.594574 0.79476
vt 0.534069 0.788229
vt 0.584901 0.888154
vt 0.470268 0.900917
vt 0.485744 0.799203
vt 0.440164 0.788236
vt 0.430797 0.809788
vt 0.528725 0.956012
vt 0.500456 0.958154
vt 0.47366 0.924236
vt 0.541193 0.867226
vt 0.518422 0.874026
vt 0.49837 0.871352
vt 0.456871 0.839333
vt 0.443748 0.814911
vt 0.580953 0.809496
vt 0.586751 0.77876
vt 0.559485 0.838191
vt 0.478006 0.859523
vt 0.435481 0.795959
vt 0.493952 0.533998
vt 0.485263 0.534886
vt 0.489608 0.534442
vt 0.641339 0.688596
vt 0.637371 0.688819
vt 0.643187 0.682431
vt 0.650757 0.725055
vt 0.662121 0.762665
vt 0.646932 0.725626
vt 0.65826 0.76361
vt 0.643108 0.726197
vt 0.633402 0.689043
vt 0.6544 0.764555
vt 0.668678 0.809875
vt 0.68432 0.855707
vt 0.6727 0.808891
vt 0.688502 0.854683
vt 0.676721 0.807907
vt 0.692684 0.85366
vt 0.701895 0.87909
vt 0.698107 0.879962
vt 0.712482 0.903664
vt 0.708141 0.905708
vt 0.7038 0.905789
vt 0.694318 0.880909
vt 0.629793 0.683899
vt 0.636704 0.682153
vt 0.61109 0.702222
vt 0.611665 0.624186
vt 0.597898 0.562354
vt 0.590425 0.651139
vt 0.633328 0.619602
vt 0.623888 0.55675
vt 0.650716 0.62061
vt 0.663979 0.576795
vt 0.669725 0.634513
vt 0.656909 0.700623
vt 0.681978 0.593312
vt 0.688624 0.65681
vt 0.672035 0.706495
vt 0.703517 0.609034
vt 0.699109 0.682475
vt 0.685459 0.71303
vt 0.713607 0.651707
vt 0.705341 0.70219
vt 0.699872 0.709379
vt 0.711451 0.68893
vt 0.570819 0.598784
vt 0.57009 0.677422
vt 0.556746 0.64423
vt 0.591066 0.721213
vt 0.563146 0.706531
vt 0.557047 0.689798
vt 0.571309 0.718264
vt 0.83641 0.720851
vt 0.8415 0.720711
vt 0.833817 0.728676
vt 0.839927 0.685824
vt 0.844908 0.686719
vt 0.850255 0.639685
vt 0.855155 0.640944
vt 0.866878 0.583203
vt 0.871691 0.584766
vt 0.886311 0.516779
vt 0.891123 0.518341
vt 0.905427 0.449211
vt 0.910239 0.450774
vt 0.926796 0.372589
vt 0.931608 0.374151
vt 0.944466 0.285591
vt 0.949416 0.286641
vt 0.9423 0.254341
vt 0.942678 0.221818
vt 0.952432 0.258366
vt 0.955448 0.23009
vt 0.964006 0.279867
vt 0.954365 0.287692
vt 0.976699 0.24126
vt 0.982498 0.209329
vt 0.981076 0.170926
vt 0.958683 0.206102
vt 0.963153 0.162753
vt 0.935524 0.179299
vt 0.94294 0.160939
vt 0.936421 0.375714
vt 0.915052 0.452336
vt 0.895936 0.519904
vt 0.876503 0.586328
vt 0.860056 0.642202
vt 0.849888 0.687614
vt 0.846589 0.720572
vt 0.848689 0.725942
vt 0.842107 0.729273
vt 0.855499 0.693533
vt 0.868499 0.801007
vt 0.904456 0.867006
vt 0.890839 0.780878
vt 0.844523 0.808991
vt 0.856013 0.880241
vt 0.819798 0.804696
vt 0.812443 0.86225
vt 0.794893 0.787614
vt 0.81631 0.703043
vt 0.779628 0.840129
vt 0.774491 0.758648
vt 0.79838 0.687945
vt 0.7624 0.801801
vt 0.761483 0.727446
vt 0.781128 0.684574
vt 0.746175 0.759304
vt 0.754659 0.702603
vt 0.761928 0.6936
vt 0.746345 0.719355
vt 0.93315 0.834794
vt 0.909353 0.755573
vt 0.926957 0.728091
vt 0.938422 0.807791
vt 0.861343 0.660072
vt 0.891915 0.649811
vt 0.932365 0.670191
vt 0.94452 0.687958
vt 0.9569 0.724873
vt 0.955294 0.784451
vt 0.28364 0.486019
vt 0.280077 0.489573
vt 0.279996 0.472624
vt 0.296344 0.52322
vt 0.292729 0.52459
vt 0.308685 0.576646
vt 0.304887 0.577349
vt 0.315892 0.637873
vt 0.311883 0.638615
vt 0.32033 0.721293
vt 0.316123 0.721292
vt 0.321483 0.785951
vt 0.31727 0.785949
vt 0.317922 0.83594
vt 0.313739 0.834747
vt 0.311638 0.871559
vt 0.306224 0.870287
vt 0.305275 0.900074
vt 0.288312 0.924136
vt 0.294782 0.896719
vt 0.281856 0.926542
vt 0.288959 0.892024
vt 0.302505 0.869227
vt 0.279441 0.917576
vt 0.309079 0.833555
vt 0.313056 0.785948
vt 0.311915 0.72129
vt 0.307873 0.639356
vt 0.301089 0.578052
vt 0.289113 0.525961
vt 0.277457 0.492988
vt 0.275317 0.488987
vt 0.275849 0.477217
vt 0.261818 0.509315
vt 0.237272 0.432021
vt 0.196288 0.388347
vt 0.224297 0.46379
vt 0.256828 0.421636
vt 0.241889 0.382203
vt 0.273819 0.417805
vt 0.273412 0.385633
vt 0.295927 0.42592
vt 0.29903 0.476394
vt 0.295095 0.389828
vt 0.320246 0.442135
vt 0.318899 0.473799
vt 0.319606 0.402174
vt 0.333698 0.449775
vt 0.329896 0.471959
vt 0.336844 0.420088
vt 0.347073 0.452872
vt 0.341681 0.465354
vt 0.343809 0.43738
vt 0.181844 0.418117
vt 0.212007 0.494664
vt 0.188239 0.466191
vt 0.251378 0.536052
vt 0.206499 0.524051
vt 0.195763 0.504309
vt 0.238444 0.538162
vt 0.110662 0.807177
vt 0.115627 0.806234
vt 0.111297 0.820991
vt 0.0976462 0.737666
vt 0.102293 0.737032
vt 0.0897709 0.662973
vt 0.0949441 0.662738
vt 0.0860264 0.583839
vt 0.091796 0.583434
vt 0.0828402 0.474191
vt 0.0888111 0.473773
vt 0.0833234 0.386642
vt 0.0893066 0.386477
vt 0.0859217 0.334707
vt 0.0923667 0.33571
vt 0.0794758 0.321594
vt 0.0940608 0.323866
vt 0.0885915 0.289053
vt 0.0977071 0.256512
vt 0.103177 0.291325
vt 0.112292 0.258784
vt 0.117825 0.298408
vt 0.106377 0.327133
vt 0.124608 0.262051
vt 0.0978092 0.337154
vt 0.0944581 0.386875
vt 0.0939749 0.473952
vt 0.0967856 0.583608
vt 0.100189 0.661975
vt 0.106962 0.735915
vt 0.120588 0.80477
vt 0.124462 0.818125
vt 0.117773 0.820587
vt 0.131934 0.790891
vt 0.148727 0.869469
vt 0.170549 0.923357
vt 0.125956 0.876269
vt 0.166754 0.855985
vt 0.185679 0.826726
vt 0.192452 0.907777
vt 0.206172 0.866248
vt 0.197105 0.934851
vt 0.177216 0.968939
vt 0.147452 0.991326
vt 0.112315 0.979985
vt 0.134648 0.928237
vt 0.104683 0.925079
vt 0.0791252 0.920712
vt 0.105904 0.873595
vt 0.0855401 0.861766
vt 0.0894619 0.809078
vt 0.0649133 0.847172
vt 0.0719091 0.79886
vt 0.0564421 0.90678
vt 0.0433961 0.827839
vt 0.051473 0.790931
vt 0.0325209 0.873141
vt 0.0285142 0.801255
vt 0.0393036 0.786918
vt 0.0230671 0.829838
vt 0.0862821 0.958277
vt 0.216551 0.821518
vt 0.19684 0.800309
vt 0.212241 0.787609
vt 0.204418 0.774407
vt 0.195068 0.768429
vt 0.175898 0.768586
vt 0.143801 0.772449
vt 0.110662 0.807177
vt 0.115627 0.806234
vt 0.111297 0.820992
vt 0.0976462 0.737666
vt 0.102293 0.737032
vt 0.0897709 0.662973
vt 0.0949441 0.662738
vt 0.0860264 0.583839
vt 0.091796 0.583434
vt 0.0967856 0.583608
vt 0.100189 0.661975
vt 0.106962 0.735915
vt 0.120588 0.80477
vt 0.124462 0.818125
vt 0.117773 0.820587
vt 0.131934 0.790891
vt 0.148727 0.869469
vt 0.170549 0.923357
vt 0.125956 0.876269
vt 0.166754 0.855985
vt 0.185679 0.826726
vt 0.192452 0.907776
vt 0.206172 0.866248
vt 0.197105 0.934851
vt 0.177216 0.968939
vt 0.147452 0.991326
vt 0.112315 0.979985
vt 0.134648 0.928237
vt 0.104683 0.925079
vt 0.0791252 0.920712
vt 0.105904 0.873595
vt 0.0855401 0.861766
vt 0.0894619 0.809078
vt 0.0649133 0.847172
vt 0.0719091 0.79886
vt 0.0564421 0.90678
vt 0.0433961 0.827839
vt 0.051473 0.790931
vt 0.0325209 0.873141
vt 0.0285142 0.801255
vt 0.0393036 0.786918
vt 0.0230671 0.829838
vt 0.0862821 0.958277
vt 0.216551 0.821518
vt 0.19684 0.800309
vt 0.212241 0.787609
vt 0.204418 0.774407
vt 0.195068 0.768429
vt 0.175898 0.768586
vt 0.143801 0.772449
vt 0.28364 0.486019
vt 0.280077 0.489573
vt 0.279996 0.472624
vt 0.296344 0.52322
vt 0.292729 0.52459
vt 0.308685 0.576646
vt 0.304887 0.577349
vt 0.315892 0.637873
vt 0.311883 0.638615
vt 0.32033 0.721293
vt 0.316123 0.721292
vt 0.321483 0.785951
vt 0.31727 0.785949
vt 0.317922 0.83594
vt 0.313739 0.834747
vt 0.311638 0.871559
vt 0.306224 0.870287
vt 0.305275 0.900074
vt 0.288312 0.924136
vt 0.294782 0.896719
vt 0.281856 0.926542
vt 0.288959 0.892024
vt 0.302505 0.869227
vt 0.279441 0.917576
vt 0.309079 0.833554
vt 0.313056 0.785948
vt 0.311915 0.72129
vt 0.307873 0.639356
vt 0.301089 0.578052
vt 0.289113 0.525961
vt 0.277457 0.492988
vt 0.275317 0.488987
vt 0.275849 0.477217
vt 0.261818 0.509315
vt 0.237272 0.432021
vt 0.196288 0.388347
vt 0.224297 0.46379
vt 0.256828 0.421636
vt 0.241889 0.382203
vt 0.273819 0.417805
vt 0.273412 0.385633
vt 0.295927 0.42592
vt 0.29903 0.476394
vt 0.295095 0.389828
vt 0.320246 0.442135
vt 0.318899 0.473799
vt 0.319606 0.402174
vt 0.333698 0.449775
vt 0.329896 0.471959
vt 0.336844 0.420088
vt 0.347073 0.452872
vt 0.341681 0.465354
vt 0.343809 0.43738
vt 0.181844 0.418117
vt 0.212007 0.494664
vt 0.188239 0.466191
vt 0.251378 0.536052
vt 0.206499 0.524051
vt 0.195763 0.504309
vt 0.238444 0.538162
vt 0.41012 0.37267
vt 0.415208 0.36525
vt 0.374035 0.350605
vt 0.379122 0.343186
vt 0.315979 0.32247
vt 0.319404 0.313141
vt 0.272121 0.305752
vt 0.275415 0.296777
vt 0.251649 0.302066
vt 0.253783 0.286918
vt 0.241344 0.301771
vt 0.247305 0.286182
vt 0.166297 0.289722
vt 0.217495 0.33254
vt 0.183668 0.323582
vt 0.167039 0.270996
vt 0.226514 0.249797
vt 0.251427 0.2588
vt 0.412664 0.36896
vt 0.376579 0.346895
vt 0.317692 0.317805
vt 0.273768 0.301264
vt 0.252716 0.294492
vt 0.20382 0.295747
vt 0.200582 0.328061
vt 0.207172 0.278589
vt 0.238971 0.254298
vt 0.641339 0.688596
vt 0.637371 0.68882
vt 0.643187 0.682431
vt 0.650757 0.725055
vt 0.662121 0.762665
vt 0.646932 0.725626
vt 0.65826 0.76361
vt 0.643108 0.726197
vt 0.633402 0.689043
vt 0.6544 0.764555
vt 0.668678 0.809875
vt 0.68432 0.855707
vt 0.6727 0.808891
vt 0.688502 0.854683
vt 0.676721 0.807907
vt 0.692684 0.85366
vt 0.705857 0.887716
vt 0.701516 0.888778
vt 0.712482 0.903664
vt 0.708141 0.905708
vt 0.7038 0.905789
vt 0.697176 0.88984
vt 0.629793 0.683899
vt 0.636704 0.682153
vt 0.61109 0.702222
vt 0.611665 0.624186
vt 0.597898 0.562354
vt 0.590425 0.651139
vt 0.633328 0.619602
vt 0.623888 0.55675
vt 0.650716 0.62061
vt 0.663979 0.576795
vt 0.669725 0.634512
vt 0.656909 0.700623
vt 0.681978 0.593312
vt 0.688624 0.65681
vt 0.672035 0.706495
vt 0.703517 0.609034
vt 0.699109 0.682475
vt 0.685459 0.71303
vt 0.713607 0.651707
vt 0.705341 0.70219
vt 0.699872 0.709379
vt 0.711451 0.68893
vt 0.570819 0.598784
vt 0.57009 0.677422
vt 0.556746 0.64423
vt 0.591066 0.721213
vt 0.563146 0.706531
vt 0.557047 0.689798
vt 0.571309 0.718264
vt 0.41012 0.37267
vt 0.415208 0.36525
vt 0.374035 0.350605
vt 0.379123 0.343186
vt 0.315979 0.32247
vt 0.319404 0.313141
vt 0.272121 0.305752
vt 0.275415 0.296777
vt 0.251649 0.302066
vt 0.253783 0.286918
vt 0.241344 0.301771
vt 0.247305 0.286182
vt 0.166297 0.289722
vt 0.217495 0.33254
vt 0.183668 0.323582
vt 0.167039 0.270996
vt 0.226514 0.249797
vt 0.251427 0.2588
vt 0.412664 0.36896
vt 0.376579 0.346895
vt 0.317692 0.317805
vt 0.273768 0.301264
vt 0.252716 0.294492
vt 0.20382 0.295747
vt 0.200582 0.328061
vt 0.207172 0.278589
vt 0.238971 0.254298
vt 0.29405 0.314111
vt 0.29741 0.304959
vt 0.29573 0.309535
vt 0.261885 0.303909
vt 0.264599 0.291848
vt 0.263242 0.297878
vt 0.624477 0.206266
vt 0.620787 0.198061
vt 0.578686 0.233069
vt 0.672465 0.185752
vt 0.720355 0.171859
vt 0.668775 0.177547
vt 0.714664 0.159204
vt 0.574997 0.224864
vt 0.521174 0.272937
vt 0.517484 0.264732
vt 0.479292 0.307996
vt 0.473797 0.299503
vt 0.47921 0.32025
vt 0.464328 0.297683
vt 0.46616 0.323481
vt 0.457473 0.31163
vt 0.624477 0.206266
vt 0.620787 0.198061
vt 0.578686 0.233069
vt 0.672465 0.185752
vt 0.720355 0.171859
vt 0.668775 0.177547
vt 0.714664 0.159204
vt 0.574997 0.224864
vt 0.521174 0.272937
vt 0.517484 0.264732
vt 0.479292 0.307996
vt 0.473797 0.299503
vt 0.47921 0.32025
vt 0.464328 0.297683
vt 0.46616 0.323481
vt 0.457473 0.31163
vt 0.156245 0.239527
vt 0.156537 0.231669
vt 0.0923722 0.230956
vt 0.0922905 0.225591
vt 0.158338 0.235726
vt 0.133766 0.242638
vt 0.150856 0.22878
vt 0.115587 0.242638
vt 0.117593 0.220445
vt 0.101694 0.239131
vt 0.103388 0.220773
vt 0.0912994 0.228307
vt 0.094268 0.232956
vt 0.0951172 0.223486
vt 0.150221 0.241624
vt 0.135146 0.223932
vt 0.134766 0.23336
vt 0.117395 0.231598
vt 0.104368 0.229749
vt 0.0958453 0.228617
vt 0.150341 0.235189
vt 0.197154 0.147523
vt 0.197445 0.155285
vt 0.262759 0.150224
vt 0.263407 0.155547
vt 0.195356 0.151454
vt 0.219261 0.142754
vt 0.203351 0.157659
vt 0.23703 0.141244
vt 0.237333 0.163471
vt 0.252197 0.143147
vt 0.252597 0.161508
vt 0.264092 0.152748
vt 0.260713 0.148428
vt 0.260888 0.157922
vt 0.20302 0.14497
vt 0.219517 0.161439
vt 0.218997 0.151972
vt 0.236318 0.152354
vt 0.250527 0.15271
vt 0.25958 0.152901
vt 0.20335 0.151279
vt 0.020151 0.244808
vt 0.0204038 0.252695
vt 0.0780697 0.247795
vt 0.0783182 0.256117
vt 0.0183188 0.248758
vt 0.0423561 0.239724
vt 0.0263429 0.255221
vt 0.058584 0.236327
vt 0.0583963 0.264781
vt 0.0688415 0.238553
vt 0.0684064 0.263249
vt 0.0792687 0.251788
vt 0.0759232 0.244789
vt 0.0754752 0.259706
vt 0.0260637 0.242315
vt 0.0424395 0.260237
vt 0.0420847 0.249864
vt 0.0572201 0.250303
vt 0.0663823 0.250898
vt 0.0744982 0.252007
vt 0.0264028 0.248772
vt 0.0971117 0.19205
vt 0.0971892 0.19991
vt 0.161876 0.197066
vt 0.16229 0.202413
vt 0.0952001 0.195943
vt 0.1191 0.187961
vt 0.103027 0.202552
vt 0.136573 0.186966
vt 0.135938 0.209223
vt 0.151635 0.189532
vt 0.151229 0.207895
vt 0.163097 0.199647
vt 0.15991 0.195183
vt 0.15967 0.204675
vt 0.103045 0.189694
vt 0.118713 0.206779
vt 0.118598 0.197298
vt 0.135421 0.198082
vt 0.149545 0.199014
vt 0.158582 0.199602
vt 0.103239 0.196131
vt 0.17889 0.184774
vt 0.179026 0.194917
vt 0.243559 0.188536
vt 0.242756 0.198269
vt 0.177027 0.189998
vt 0.200743 0.178078
vt 0.184832 0.197574
vt 0.218522 0.175302
vt 0.217446 0.204665
vt 0.232609 0.179401
vt 0.231339 0.204328
vt 0.244137 0.193777
vt 0.241831 0.184839
vt 0.239744 0.201021
vt 0.184776 0.180791
vt 0.200369 0.201863
vt 0.200144 0.189355
vt 0.2169 0.189469
vt 0.23026 0.190858
vt 0.239834 0.192045
vt 0.185052 0.189406
vt 0.0099483 0.282244
vt 0.0101169 0.290749
vt 0.0796064 0.287332
vt 0.0801545 0.293289
vt 0.00809781 0.28637
vt 0.0330261 0.277488
vt 0.0161505 0.294016
vt 0.0512973 0.275565
vt 0.0507446 0.302795
vt 0.0679367 0.279097
vt 0.0680989 0.301155
vt 0.0808983 0.290108
vt 0.077484 0.285372
vt 0.0774665 0.296156
vt 0.016042 0.279788
vt 0.032548 0.299437
vt 0.0324113 0.288369
vt 0.0501957 0.2894
vt 0.0663765 0.290831
vt 0.0762855 0.290468
vt 0.0163037 0.286822
vt 0.172234 0.223698
vt 0.172322 0.231303
vt 0.243289 0.224218
vt 0.243318 0.229196
vt 0.17029 0.227595
vt 0.194371 0.217797
vt 0.178299 0.233339
vt 0.210235 0.214481
vt 0.209776 0.240657
vt 0.226117 0.216805
vt 0.225959 0.23742
vt 0.243956 0.226693
vt 0.241177 0.222361
vt 0.240201 0.231707
vt 0.178282 0.221062
vt 0.1941 0.236779
vt 0.19404 0.226999
vt 0.208921 0.226851
vt 0.225422 0.226275
vt 0.239579 0.226757
vt 0.178501 0.22715
vt 0.0164393 0.2019
vt 0.0148463 0.209668
vt 0.0870842 0.207505
vt 0.0880542 0.212851
vt 0.0137355 0.20533
vt 0.041895 0.20077
vt 0.0200167 0.213582
vt 0.0606452 0.197019
vt 0.0624067 0.224297
vt 0.0760386 0.199667
vt 0.0775669 0.220275
vt 0.08857 0.209991
vt 0.0849214 0.20568
vt 0.0856799 0.215507
vt 0.022807 0.20079
vt 0.0379595 0.22215
vt 0.0397663 0.211746
vt 0.0607202 0.210768
vt 0.0749073 0.21046
vt 0.0840609 0.210388
vt 0.0216197 0.207236
vt 0.0158659 0.165112
vt 0.0165815 0.175262
vt 0.0808501 0.166107
vt 0.0805943 0.175899
vt 0.0142985 0.170451
vt 0.0373827 0.157688
vt 0.0225508 0.177653
vt 0.0550334 0.154265
vt 0.0556098 0.183728
vt 0.0693708 0.157576
vt 0.069503 0.182609
vt 0.0817241 0.171323
vt 0.0789113 0.162503
vt 0.0777336 0.178824
vt 0.0215382 0.160863
vt 0.0383592 0.181521
vt 0.0374228 0.168973
vt 0.0542078 0.168533
vt 0.0676638 0.169182
vt 0.0773177 0.169831
vt 0.0223056 0.169486
vt 0.0714009 0.338449
vt 0.0550103 0.332645
vt 0.065659 0.318891
vt 0.0452878 0.318315
vt 0.0384459 0.337503
vt 0.0545755 0.349946
vt 0.0267188 0.317354
vt 0.0196782 0.318127
vt 0.0244288 0.313771
vt 0.0216445 0.314051
vt 0.0261696 0.324524
vt 0.0204038 0.325103
vt 0.0239402 0.325751
vt 0.0219127 0.325954
vt 0.0247193 0.341461
vt 0.023141 0.34162
vt 0.0253318 0.350048
vt 0.0235354 0.350229
vt 0.0239203 0.329378
vt 0.0224821 0.329523
vt 0.0267188 0.352979
vt 0.0232885 0.353323
vt 0.0229986 0.313413
vt 0.023239 0.318149
vt 0.0243198 0.33542
vt 0.0228115 0.335571
vt 0.0250256 0.345755
vt 0.0233382 0.345924
vt 0.0267188 0.317354
vt 0.0196782 0.318127
vt 0.0244288 0.313771
vt 0.0216445 0.314051
vt 0.0261696 0.324524
vt 0.0204038 0.325103
vt 0.0239402 0.325751
vt 0.0219127 0.325954
vt 0.0247193 0.341461
vt 0.023141 0.34162
vt 0.0253318 0.350048
vt 0.0235354 0.350229
vt 0.0239203 0.329378
vt 0.0224821 0.329523
vt 0.0267188 0.352979
vt 0.0232885 0.353323
vt 0.0229986 0.313413
vt 0.023239 0.318149
vt 0.0243198 0.33542
vt 0.0228115 0.335571
vt 0.0250256 0.345755
vt 0.0233382 0.345924
vt 0.0267188 0.317354
vt 0.0196782 0.318127
vt 0.0244288 0.313771
vt 0.0216445 0.314051
vt 0.0261696 0.324524
vt 0.0204038 0.325103
vt 0.0239402 0.325751
vt 0.0219127 0.325954
vt 0.0247193 0.341461
vt 0.023141 0.34162
vt 0.0253318 0.350048
vt 0.0235354 0.350229
vt 0.0239203 0.329378
vt 0.0224821 0.329523
vt 0.0267188 0.352979
vt 0.0232885 0.353323
vt 0.0229986 0.313413
vt 0.023239 0.318149
vt 0.0243198 0.33542
vt 0.0228115 0.335571
vt 0.0250256 0.345755
vt 0.0233382 0.345924
vt 0.0267188 0.317354
vt 0.0196782 0.318127
vt 0.0244288 0.313771
vt 0.0216445 0.314051
vt 0.0261696 0.324524
vt 0.0204038 0.325103
vt 0.0239402 0.325751
vt 0.0219127 0.325954
vt 0.0247193 0.341461
vt 0.023141 0.34162
vt 0.0253318 0.350048
vt 0.0235354 0.350229
vt 0.0239203 0.329378
vt 0.0224821 0.329523
vt 0.0267188 0.352979
vt 0.0232885 0.353323
vt 0.0229986 0.313413
vt 0.023239 0.318149
vt 0.0243198 0.33542
vt 0.0228115 0.335571
vt 0.0250256 0.345755
vt 0.0233382 0.345924
vt 0.0267188 0.317354
vt 0.0196782 0.318127
vt 0.0244288 0.313771
vt 0.0216445 0.314051
vt 0.0261696 0.324524
vt 0.0204038 0.325103
vt 0.0239402 0.325751
vt 0.0219127 0.325954
vt 0.0247193 0.341461
vt 0.023141 0.34162
vt 0.0253318 0.350048
vt 0.0235354 0.350229
vt 0.0239203 0.329378
vt 0.0224821 0.329523
vt 0.0267188 0.352979
vt 0.0232885 0.353323
vt 0.0229986 0.313413
vt 0.023239 0.318149
vt 0.0243198 0.33542
vt 0.0228115 0.335571
vt 0.0250256 0.345755
vt 0.0233382 0.345924
vt 0.0267188 0.317354
vt 0.0196782 0.318127
vt 0.0244288 0.313771
vt 0.0216445 0.314051
vt 0.0261696 0.324524
vt 0.0204038 0.325103
vt 0.0239402 0.325751
vt 0.0219127 0.325954
vt 0.0247193 0.341461
vt 0.023141 0.34162
vt 0.0253318 0.350048
vt 0.0235354 0.350229
vt 0.0239203 0.329378
vt 0.0224821 0.329523
vt 0.0267188 0.352979
vt 0.0232885 0.353323
vt 0.0229986 0.313413
vt 0.023239 0.318149
vt 0.0243198 0.33542
vt 0.0228115 0.335571
vt 0.0250256 0.345755
vt 0.0233382 0.345924
vt 0.0267188 0.317354
vt 0.0196782 0.318127
vt 0.0244288 0.313771
vt 0.0216445 0.314051
vt 0.0261696 0.324524
vt 0.0204038 0.325103
vt 0.0239402 0.325751
vt 0.0219127 0.325954
vt 0.0247193 0.341461
vt 0.023141 0.34162
vt 0.0253318 0.350048
vt 0.0235354 0.350229
vt 0.0239203 0.329378
vt 0.0224821 0.329523
vt 0.0267188 0.352979
vt 0.0232885 0.353323
vt 0.0229986 0.313413
vt 0.023239 0.318149
vt 0.0243198 0.33542
vt 0.0228115 0.335571
vt 0.0250256 0.345755
vt 0.0233382 0.345924
vt 0.0267188 0.317354
vt 0.0196782 0.318127
vt 0.0244288 0.313771
vt 0.0216445 0.314051
vt 0.0261696 0.324524
vt 0.0204038 0.325103
vt 0.0239402 0.325751
vt 0.0219127 0.325954
vt 0.0247193 0.341461
vt 0.023141 0.34162
vt 0.0253318 0.350048
vt 0.0235354 0.350229
vt 0.0239203 0.329378
vt 0.0224821 0.329523
vt 0.0267188 0.352979
vt 0.0232885 0.353323
vt 0.0229986 0.313413
vt 0.023239 0.318149
vt 0.0243198 0.33542
vt 0.0228115 0.335571
vt 0.0250256 0.345755
vt 0.0233382 0.345924
vt 0.0267188 0.317354
vt 0.0196782 0.318127
vt 0.0244288 0.313771
vt 0.0216445 0.314051
vt 0.0261696 0.324524
vt 0.0204038 0.325103
vt 0.0239402 0.325751
vt 0.0219127 0.325954
vt 0.0247193 0.341461
vt 0.023141 0.34162
vt 0.0253318 0.350048
vt 0.0235354 0.350229
vt 0.0239203 0.329378
vt 0.0224821 0.329523
vt 0.0267188 0.352979
vt 0.0232885 0.353323
vt 0.0229986 0.313413
vt 0.023239 0.318149
vt 0.0243198 0.33542
vt 0.0228115 0.335571
vt 0.0250256 0.345755
vt 0.0233382 0.345924
vt 0.0267188 0.317354
vt 0.0196782 0.318127
vt 0.0244288 0.313771
vt 0.0216445 0.314051
vt 0.0261696 0.324524
vt 0.0204038 0.325103
vt 0.0239402 0.325751
vt 0.0219127 0.325954
vt 0.0247193 0.341461
vt 0.023141 0.34162
vt 0.0253318 0.350048
vt 0.0235354 0.350229
vt 0.0239203 0.329378
vt 0.0224821 0.329523
vt 0.0267188 0.352979
vt 0.0232885 0.353323
vt 0.0229986 0.313413
vt 0.023239 0.318149
vt 0.0243198 0.33542
vt 0.0228115 0.335571
vt 0.0250256 0.345755
vt 0.0233382 0.345924
vt 0.0267188 0.317354
vt 0.0196782 0.318127
vt 0.0244288 0.313771
vt 0.0216445 0.314051
vt 0.0261696 0.324524
vt 0.0204038 0.325103
vt 0.0239402 0.325751
vt 0.0219127 0.325954
vt 0.0247193 0.341461
vt 0.023141 0.34162
vt 0.0253318 0.350048
vt 0.0235354 0.350229
vt 0.0239203 0.329378
vt 0.0224821 0.329523
vt 0.0267188 0.352979
vt 0.0232885 0.353323
vt 0.0229986 0.313413
vt 0.023239 0.318149
vt 0.0243198 0.33542
vt 0.0228115 0.335571
vt 0.0250256 0.345755
vt 0.0233382 0.345924
vt 0.0267188 0.317354
vt 0.0196782 0.318127
vt 0.0244288 0.313771
vt 0.0216445 0.314051
vt 0.0261696 0.324524
vt 0.0204038 0.325103
vt 0.0239402 0.325751
vt 0.0219127 0.325954
vt 0.0247193 0.341461
vt 0.023141 0.34162
vt 0.0253318 0.350048
vt 0.0235354 0.350229
vt 0.0239203 0.329378
vt 0.0224821 0.329523
vt 0.0267188 0.352979
vt 0.0232885 0.353323
vt 0.0229986 0.313413
vt 0.023239 0.318149
vt 0.0243198 0.33542
vt 0.0228115 0.335571
vt 0.0250256 0.345755
vt 0.0233382 0.345924
vt 0.0267188 0.317354
vt 0.0196782 0.318127
vt 0.0244288 0.313771
vt 0.0216445 0.314051
vt 0.0261696 0.324524
vt 0.0204038 0.325103
vt 0.0239402 0.325751
vt 0.0219127 0.325954
vt 0.0247193 0.341461
vt 0.023141 0.34162
vt 0.0253318 0.350048
vt 0.0235354 0.350229
vt 0.0239203 0.329378
vt 0.0224821 0.329523
vt 0.0267188 0.352979
vt 0.0232885 0.353323
vt 0.0229986 0.313413
vt 0.023239 0.318149
vt 0.0243198 0.33542
vt 0.0228115 0.335571
vt 0.0250256 0.345755
vt 0.0233382 0.345924
vt 0.0267188 0.317354
vt 0.0196782 0.318127
vt 0.0244288 0.313771
vt 0.0216445 0.314051
vt 0.0261696 0.324524
vt 0.0204038 0.325103
vt 0.0239402 0.325751
vt 0.0219127 0.325954
vt 0.0247193 0.341461
vt 0.023141 0.34162
vt 0.0253318 0.350048
vt 0.0235354 0.350229
vt 0.0239203 0.329378
vt 0.0224821 0.329523
vt 0.0267188 0.352979
vt 0.0232885 0.353323
vt 0.0229986 0.313413
vt 0.023239 0.318149
vt 0.0243198 0.33542
vt 0.0228115 0.335571
vt 0.0250256 0.345755
vt 0.0233382 0.345924
vt 0.0267188 0.317354
vt 0.0196782 0.318127
vt 0.0244288 0.313771
vt 0.0216445 0.314051
vt 0.0261696 0.324524
vt 0.0204038 0.325103
vt 0.0239402 0.325751
vt 0.0219127 0.325954
vt 0.0247193 0.341461
vt 0.023141 0.34162
vt 0.0253318 0.350048
vt 0.0235354 0.350229
vt 0.0239203 0.329378
vt 0.0224821 0.329523
vt 0.0267188 0.352979
vt 0.0232885 0.353323
vt 0.0229986 0.313413
vt 0.023239 0.318149
vt 0.0243198 0.33542
vt 0.0228115 0.335571
vt 0.0250256 0.345755
vt 0.0233382 0.345924
vt 0.0267188 0.317354
vt 0.0196782 0.318127
vt 0.0244288 0.313771
vt 0.0216445 0.314051
vt 0.0261696 0.324524
vt 0.0204038 0.325103
vt 0.0239402 0.325751
vt 0.0219127 0.325954
vt 0.0247193 0.341461
vt 0.023141 0.34162
vt 0.0253318 0.350048
vt 0.0235354 0.350229
vt 0.0239203 0.329378
vt 0.0224821 0.329523
vt 0.0267188 0.352979
vt 0.0232885 0.353323
vt 0.0229986 0.313413
vt 0.023239 0.318149
vt 0.0243198 0.33542
vt 0.0228115 0.335571
vt 0.0250256 0.345755
vt 0.0233382 0.345924
vt 0.0267188 0.317354
vt 0.0196782 0.318127
vt 0.0244288 0.313771
vt 0.0216445 0.314051
vt 0.0261696 0.324524
vt 0.0204038 0.325103
vt 0.0239402 0.325751
vt 0.0219127 0.325954
vt 0.0247193 0.341461
vt 0.023141 0.34162
vt 0.0253318 0.350048
vt 0.0235354 0.350229
vt 0.0239203 0.329378
vt 0.0224821 0.329523
vt 0.0267188 0.352979
vt 0.0232885 0.353323
vt 0.0229986 0.313413
vt 0.023239 0.318149
vt 0.0243198 0.33542
vt 0.0228115 0.335571
vt 0.0250256 0.345755
vt 0.0233382 0.345924
vt 0.0267188 0.317354
vt 0.0196782 0.318127
vt 0.0244288 0.313771
vt 0.0216445 0.314051
vt 0.0261696 0.324524
vt 0.0204038 0.325103
vt 0.0239402 0.325751
vt 0.0219127 0.325954
vt 0.0247193 0.341461
vt 0.023141 0.34162
vt 0.0253318 0.350048
vt 0.0235354 0.350229
vt 0.0239203 0.329378
vt 0.0224821 0.329523
vt 0.0267188 0.352979
vt 0.0232885 0.353323
vt 0.0229986 0.313413
vt 0.023239 0.318149
vt 0.0243198 0.33542
vt 0.0228115 0.335571
vt 0.0250256 0.345755
vt 0.0233382 0.345924
vt 0.0267188 0.317354
vt 0.0196782 0.318127
vt 0.0244288 0.313771
vt 0.0216445 0.314051
vt 0.0261696 0.324524
vt 0.0204038 0.325103
vt 0.0239402 0.325751
vt 0.0219127 0.325954
vt 0.0247193 0.341461
vt 0.023141 0.34162
vt 0.0253318 0.350048
vt 0.0235354 0.350229
vt 0.0239203 0.329378
vt 0.0224821 0.329523
vt 0.0267188 0.352979
vt 0.0232885 0.353323
vt 0.0229986 0.313413
vt 0.023239 0.318149
vt 0.0243198 0.33542
vt 0.0228115 0.335571
vt 0.0250256 0.345755
vt 0.0233382 0.345924
vt 0.0267188 0.317354
vt 0.0196782 0.318127
vt 0.0244288 0.313771
vt 0.0216445 0.314051
vt 0.0261696 0.324524
vt 0.0204038 0.325103
vt 0.0239402 0.325751
vt 0.0219127 0.325954
vt 0.0247193 0.341461
vt 0.023141 0.34162
vt 0.0253318 0.350048
vt 0.0235354 0.350229
vt 0.0239203 0.329378
vt 0.0224821 0.329523
vt 0.0267188 0.352979
vt 0.0232885 0.353323
vt 0.0229986 0.313413
vt 0.023239 0.318149
vt 0.0243198 0.33542
vt 0.0228115 0.335571
vt 0.0250256 0.345755
vt 0.0233382 0.345924
vt 0.0267188 0.317354
vt 0.0196782 0.318127
vt 0.0244288 0.313771
vt 0.0216445 0.314051
vt 0.0261696 0.324524
vt 0.0204038 0.325103
vt 0.0239402 0.325751
vt 0.0219127 0.325954
vt 0.0247193 0.341461
vt 0.023141 0.34162
vt 0.0253318 0.350048
vt 0.0235354 0.350229
vt 0.0239203 0.329378
vt 0.0224821 0.329523
vt 0.0267188 0.352979
vt 0.0232885 0.353323
vt 0.0229986 0.313413
vt 0.023239 0.318149
vt 0.0243198 0.33542
vt 0.0228115 0.335571
vt 0.0250256 0.345755
vt 0.0233382 0.345924
vt 0.0267188 0.317354
vt 0.0196782 0.318127
vt 0.0244288 0.313771
vt 0.0216445 0.314051
vt 0.0261696 0.324524
vt 0.0204038 0.325103
vt 0.0239402 0.325751
vt 0.0219127 0.325954
vt 0.0247193 0.341461
vt 0.023141 0.34162
vt 0.0253318 0.350048
vt 0.0235354 0.350229
vt 0.0239203 0.329378
vt 0.0224821 0.329523
vt 0.0267188 0.352979
vt 0.0232885 0.353323
vt 0.0229986 0.313413
vt 0.023239 0.318149
vt 0.0243198 0.33542
vt 0.0228115 0.335571
vt 0.0250256 0.345755
vt 0.0233382 0.345924
vt 0.0267188 0.317354
vt 0.0196782 0.318127
vt 0.0244288 0.313771
vt 0.0216445 0.314051
vt 0.0261696 0.324524
vt 0.0204038 0.325103
vt 0.0239402 0.325751
vt 0.0219127 0.325954
vt 0.0247193 0.341461
vt 0.023141 0.34162
vt 0.0253318 0.350048
vt 0.0235354 0.350229
vt 0.0239203 0.329378
vt 0.0224821 0.329523
vt 0.0267188 0.352979
vt 0.0232885 0.353323
vt 0.0229986 0.313413
vt 0.023239 0.318149
vt 0.0243198 0.33542
vt 0.0228115 0.335571
vt 0.0250256 0.345755
vt 0.0233382 0.345924
vt 0.0267188 0.317354
vt 0.0196782 0.318127
vt 0.0244288 0.313771
vt 0.0216445 0.314051
vt 0.0261696 0.324524
vt 0.0204038 0.325103
vt 0.0239402 0.325751
vt 0.0219127 0.325954
vt 0.0247193 0.341461
vt 0.023141 0.34162
vt 0.0253318 0.350048
vt 0.0235354 0.350229
vt 0.0239203 0.329378
vt 0.0224821 0.329523
vt 0.0267188 0.352979
vt 0.0232885 0.353323
vt 0.0229986 0.313413
vt 0.023239 0.318149
vt 0.0243198 0.33542
vt 0.0228115 0.335571
vt 0.0250256 0.345755
vt 0.0233382 0.345924
vt 0.0267188 0.317354
vt 0.0196782 0.318127
vt 0.0244288 0.313771
vt 0.0216445 0.314051
vt 0.0261696 0.324524
vt 0.0204038 0.325103
vt 0.0239402 0.325751
vt 0.0219127 0.325954
vt 0.0247193 0.341461
vt 0.023141 0.34162
vt 0.0253318 0.350048
vt 0.0235354 0.350229
vt 0.0239203 0.329378
vt 0.0224821 0.329523
vt 0.0267188 0.352979
vt 0.0232885 0.353323
vt 0.0229986 0.313413
vt 0.023239 0.318149
vt 0.0243198 0.33542
vt 0.0228115 0.335571
vt 0.0250256 0.345755
vt 0.0233382 0.345924
vt 0.0267188 0.317354
vt 0.0196782 0.318127
vt 0.0244288 0.313771
vt 0.0216445 0.314051
vt 0.0261696 0.324524
vt 0.0204038 0.325103
vt 0.0239402 0.325751
vt 0.0219127 0.325954
vt 0.0247193 0.341461
vt 0.023141 0.34162
vt 0.0253318 0.350048
vt 0.0235354 0.350229
vt 0.0239203 0.329378
vt 0.0224821 0.329523
vt 0.0267188 0.352979
vt 0.0232885 0.353323
vt 0.0229986 0.313413
vt 0.023239 0.318149
vt 0.0243198 0.33542
vt 0.0228115 0.335571
vt 0.0250256 0.345755
vt 0.0233382 0.345924
vt 0.0267188 0.317354
vt 0.0196782 0.318127
vt 0.0244288 0.313771
vt 0.0216445 0.314051
vt 0.0261696 0.324524
vt 0.0204038 0.325103
vt 0.0239402 0.325751
vt 0.0219127 0.325954
vt 0.0247193 0.341461
vt 0.023141 0.34162
vt 0.0253318 0.350048
vt 0.0235354 0.350229
vt 0.0239203 0.329378
vt 0.0224821 0.329523
vt 0.0267188 0.352979
vt 0.0232885 0.353323
vt 0.0229986 0.313413
vt 0.023239 0.318149
vt 0.0243198 0.33542
vt 0.0228115 0.335571
vt 0.0250256 0.345755
vt 0.0233382 0.345924
vt 0.0267188 0.317354
vt 0.0196782 0.318127
vt 0.0244288 0.313771
vt 0.0216445 0.314051
vt 0.0261696 0.324524
vt 0.0204038 0.325103
vt 0.0239402 0.325751
vt 0.0219127 0.325954
vt 0.0247193 0.341461
vt 0.023141 0.34162
vt 0.0253318 0.350048
vt 0.0235354 0.350229
vt 0.0239203 0.329378
vt 0.0224821 0.329523
vt 0.0267188 0.352979
vt 0.0232885 0.353323
vt 0.0229986 0.313413
vt 0.023239 0.318149
vt 0.0243198 0.33542
vt 0.0228115 0.335571
vt 0.0250256 0.345755
vt 0.0233382 0.345924
vt 0.0267188 0.317354
vt 0.0196782 0.318127
vt 0.0244288 0.313771
vt 0.0216445 0.314051
vt 0.0261696 0.324524
vt 0.0204038 0.325103
vt 0.0239402 0.325751
vt 0.0219127 0.325954
vt 0.0247193 0.341461
vt 0.023141 0.34162
vt 0.0253318 0.350048
vt 0.0235354 0.350229
vt 0.0239203 0.329378
vt 0.0224821 0.329523
vt 0.0267188 0.352979
vt 0.0232885 0.353323
vt 0.0229986 0.313413
vt 0.023239 0.318149
vt 0.0243198 0.33542
vt 0.0228115 0.335571
vt 0.0250256 0.345755
vt 0.0233382 0.345924
vt 0.0267188 0.317354
vt 0.0196782 0.318127
vt 0.0244288 0.313771
vt 0.0216445 0.314051
vt 0.0261696 0.324524
vt 0.0204038 0.325103
vt 0.0239402 0.325751
vt 0.0219127 0.325954
vt 0.0247193 0.341461
vt 0.023141 0.34162
vt 0.0253318 0.350048
vt 0.0235354 0.350229
vt 0.0239203 0.329378
vt 0.0224821 0.329523
vt 0.0267188 0.352979
vt 0.0232885 0.353323
vt 0.0229986 0.313413
vt 0.023239 0.318149
vt 0.0243198 0.33542
vt 0.0228115 0.335571
vt 0.0250256 0.345755
vt 0.0233382 0.345924
vt 0.0267188 0.317354
vt 0.0196782 0.318127
vt 0.0244288 0.313771
vt 0.0216445 0.314051
vt 0.0261696 0.324524
vt 0.0204038 0.325103
vt 0.0239402 0.325751
vt 0.0219127 0.325954
vt 0.0247193 0.341461
vt 0.023141 0.34162
vt 0.0253318 0.350048
vt 0.0235354 0.350229
vt 0.0239203 0.329378
vt 0.0224821 0.329523
vt 0.0267188 0.352979
vt 0.0232885 0.353323
vt 0.0229986 0.313413
vt 0.023239 0.318149
vt 0.0243198 0.33542
vt 0.0228115 0.335571
vt 0.0250256 0.345755
vt 0.0233382 0.345924
vt 0.0267188 0.317354
vt 0.0196782 0.318127
vt 0.0244288 0.313771
vt 0.0216445 0.314051
vt 0.0261696 0.324524
vt 0.0204038 0.325103
vt 0.0239402 0.325751
vt 0.0219127 0.325954
vt 0.0247193 0.341461
vt 0.023141 0.34162
vt 0.0253318 0.350048
vt 0.0235354 0.350229
vt 0.0239203 0.329378
vt 0.0224821 0.329523
vt 0.0267188 0.352979
vt 0.0232885 0.353323
vt 0.0229986 0.313413
vt 0.023239 0.318149
vt 0.0243198 0.33542
vt 0.0228115 0.335571
vt 0.0250256 0.345755
vt 0.0233382 0.345924
vt 0.0267188 0.317354
vt 0.0196782 0.318127
vt 0.0244288 0.313771
vt 0.0216445 0.314051
vt 0.0261696 0.324524
vt 0.0204038 0.325103
vt 0.0239402 0.325751
vt 0.0219127 0.325954
vt 0.0247193 0.341461
vt 0.023141 0.34162
vt 0.0253318 0.350048
vt 0.0235354 0.350229
vt 0.0239203 0.329378
vt 0.0224821 0.329523
vt 0.0267188 0.352979
vt 0.0232885 0.353323
vt 0.0229986 0.313413
vt 0.023239 0.318149
vt 0.0243198 0.33542
vt 0.0228115 0.335571
vt 0.0250256 0.345755
vt 0.0233382 0.345924
vt 0.0267188 0.317354
vt 0.0196782 0.318127
vt 0.0244288 0.313771
vt 0.0216445 0.314051
vt 0.0261696 0.324524
vt 0.0204038 0.325103
vt 0.0239402 0.325751
vt 0.0219127 0.325954
vt 0.0247193 0.341461
vt 0.023141 0.34162
vt 0.0253318 0.350048
vt 0.0235354 0.350229
vt 0.0239203 0.329378
vt 0.0224821 0.329523
vt 0.0267188 0.352979
vt 0.0232885 0.353323
vt 0.0229986 0.313413
vt 0.023239 0.318149
vt 0.0243198 0.33542
vt 0.0228115 0.335571
vt 0.0250256 0.345755
vt 0.0233382 0.345924
vt 0.0267188 0.317354
vt 0.0196782 0.318127
vt 0.0244288 0.313771
vt 0.0216445 0.314051
vt 0.0261696 0.324524
vt 0.0204038 0.325103
vt 0.0239402 0.325751
vt 0.0219127 0.325954
vt 0.0247193 0.341461
vt 0.023141 0.34162
vt 0.0253318 0.350048
vt 0.0235354 0.350229
vt 0.0239203 0.329378
vt 0.0224821 0.329523
vt 0.0267188 0.352979
vt 0.0232885 0.353323
vt 0.0229986 0.313413
vt 0.023239 0.318149
vt 0.0243198 0.33542
vt 0.0228115 0.335571
vt 0.0250256 0.345755
vt 0.0233382 0.345924
vt 0.0267188 0.317354
vt 0.0196782 0.318127
vt 0.0244288 0.313771
vt 0.0216445 0.314051
vt 0.0261696 0.324524
vt 0.0204038 0.325103
vt 0.0239402 0.325751
vt 0.0219127 0.325954
vt 0.0247193 0.341461
vt 0.023141 0.34162
vt 0.0253318 0.350048
vt 0.0235354 0.350229
vt 0.0239203 0.329378
vt 0.0224821 0.329523
vt 0.0267188 0.352979
vt 0.0232885 0.353323
vt 0.0229986 0.313413
vt 0.023239 0.318149
vt 0.0243198 0.33542
vt 0.0228115 0.335571
vt 0.0250256 0.345755
vt 0.0233382 0.345924
vt 0.0267188 0.317354
vt 0.0196782 0.318127
vt 0.0244288 0.313771
vt 0.0216445 0.314051
vt 0.0261696 0.324524
vt 0.0204038 0.325103
vt 0.0239402 0.325751
vt 0.0219127 0.325954
vt 0.0247193 0.341461
vt 0.023141 0.34162
vt 0.0253318 0.350048
vt 0.0235354 0.350229
vt 0.0239203 0.329378
vt 0.0224821 0.329523
vt 0.0267188 0.352979
vt 0.0232885 0.353323
vt 0.0229986 0.313413
vt 0.023239 0.318149
vt 0.0243198 0.33542
vt 0.0228115 0.335571
vt 0.0250256 0.345755
vt 0.0233382 0.345924
vt 0.0267188 0.317354
vt 0.0196782 0.318127
vt 0.0244288 0.313771
vt 0.0216445 0.314051
vt 0.0261696 0.324524
vt 0.0204038 0.325103
vt 0.0239402 0.325751
vt 0.0219127 0.325954
vt 0.0247193 0.341461
vt 0.023141 0.34162
vt 0.0253318 0.350048
vt 0.0235354 0.350229
vt 0.0239203 0.329378
vt 0.0224821 0.329523
vt 0.0267188 0.352979
vt 0.0232885 0.353323
vt 0.0229986 0.313413
vt 0.023239 0.318149
vt 0.0243198 0.33542
vt 0.0228115 0.335571
vt 0.0250256 0.345755
vt 0.0233382 0.345924
vt 0.0267188 0.317354
vt 0.0196782 0.318127
vt 0.0244288 0.313771
vt 0.0216445 0.314051
vt 0.0261696 0.324524
vt 0.0204038 0.325103
vt 0.0239402 0.325751
vt 0.0219127 0.325954
vt 0.0247193 0.341461
vt 0.023141 0.34162
vt 0.0253318 0.350048
vt 0.0235354 0.350229
vt 0.0239203 0.329378
vt 0.0224821 0.329523
vt 0.0267188 0.352979
vt 0.0232885 0.353323
vt 0.0229986 0.313413
vt 0.023239 0.318149
vt 0.0243198 0.33542
vt 0.0228115 0.335571
vt 0.0250256 0.345755
vt 0.0233382 0.345924
vt 0.0267188 0.317354
vt 0.0196782 0.318127
vt 0.0244288 0.313771
vt 0.0216445 0.314051
vt 0.0261696 0.324524
vt 0.0204038 0.325103
vt 0.0239402 0.325751
vt 0.0219127 0.325954
vt 0.0247193 0.341461
vt 0.023141 0.34162
vt 0.0253318 0.350048
vt 0.0235354 0.350229
vt 0.0239203 0.329378
vt 0.0224821 0.329523
vt 0.0267188 0.352979
vt 0.0232885 0.353323
vt 0.0229986 0.313413
vt 0.023239 0.318149
vt 0.0243198 0.33542
vt 0.0228115 0.335571
vt 0.0250256 0.345755
vt 0.0233382 0.345924
vt 0.0267188 0.317354
vt 0.0196782 0.318127
vt 0.0244288 0.313771
vt 0.0216445 0.314051
vt 0.0261696 0.324524
vt 0.0204038 0.325103
vt 0.0239402 0.325751
vt 0.0219127 0.325954
vt 0.0247193 0.341461
vt 0.023141 0.34162
vt 0.0253318 0.350048
vt 0.0235354 0.350229
vt 0.0239203 0.329378
vt 0.0224821 0.329523
vt 0.0267188 0.352979
vt 0.0232885 0.353323
vt 0.0229986 0.313413
vt 0.023239 0.318149
vt 0.0243198 0.33542
vt 0.0228115 0.335571
vt 0.0250256 0.345755
vt 0.0233382 0.345924
vt 0.0267188 0.317354
vt 0.0196782 0.318127
vt 0.0244288 0.313771
vt 0.0216445 0.314051
vt 0.0261696 0.324524
vt 0.0204038 0.325103
vt 0.0239402 0.325751
vt 0.0219127 0.325954
vt 0.0247193 0.341461
vt 0.023141 0.34162
vt 0.0253318 0.350048
vt 0.0235354 0.350229
vt 0.0239203 0.329378
vt 0.0224821 0.329523
vt 0.0267188 0.352979
vt 0.0232885 0.353323
vt 0.0229986 0.313413
vt 0.023239 0.318149
vt 0.0243198 0.33542
vt 0.0228115 0.335571
vt 0.0250256 0.345755
vt 0.0233382 0.345924
vt 0.0267188 0.317354
vt 0.0196782 0.318127
vt 0.0244288 0.313771
vt 0.0216445 0.314051
vt 0.0261696 0.324524
vt 0.0204038 0.325103
vt 0.0239402 0.325751
vt 0.0219127 0.325954
vt 0.0247193 0.341461
vt 0.023141 0.34162
vt 0.0253318 0.350048
vt 0.0235354 0.350229
vt 0.0239203 0.329378
vt 0.0224821 0.329523
vt 0.0267188 0.352979
vt 0.0232885 0.353323
vt 0.0229986 0.313413
vt 0.023239 0.318149
vt 0.0243198 0.33542
vt 0.0228115 0.335571
vt 0.0250256 0.345755
vt 0.0233382 0.345924
vt 0.0267188 0.317354
vt 0.0196782 0.318127
vt 0.0244288 0.313771
vt 0.0216445 0.314051
vt 0.0261696 0.324524
vt 0.0204038 0.325103
vt 0.0239402 0.325751
vt 0.0219127 0.325954
vt 0.0247193 0.341461
vt 0.023141 0.34162
vt 0.0253318 0.350048
vt 0.0235354 0.350229
vt 0.0239203 0.329378
vt 0.0224821 0.329523
vt 0.0267188 0.352979
vt 0.0232885 0.353323
vt 0.0229986 0.313413
vt 0.023239 0.318149
vt 0.0243198 0.33542
vt 0.0228115 0.335571
vt 0.0250256 0.345755
vt 0.0233382 0.345924
vt 0.670048 0.0843212
vt 0.66137 0.0880399
vt 0.679776 0.0514037
vt 0.673218 0.0511251
vt 0.657154 0.0772329
vt 0.666177 0.0557238
vt 0.661766 0.0636982
vt 0.66836 0.0652498
vt 0.676481 0.0675445
vt 0.673264 0.0759329
vt 0.65946 0.0704656
vt 0.664865 0.0766448
vt 0.670048 0.0843212
vt 0.66137 0.0880399
vt 0.679776 0.0514037
vt 0.673218 0.0511251
vt 0.657154 0.0772329
vt 0.666177 0.0557238
vt 0.661766 0.0636982
vt 0.66836 0.0652498
vt 0.676481 0.0675445
vt 0.670048 0.0843212
vt 0.66137 0.0880399
vt 0.679776 0.0514037
vt 0.673218 0.0511251
vt 0.657154 0.0772329
vt 0.666177 0.0557238
vt 0.661766 0.0636982
vt 0.66836 0.0652498
vt 0.676481 0.0675445
vt 0.54993 0.253003
vt 0.54624 0.244798
vt 0.54993 0.253003
vt 0.54624 0.244798
vt 0.500233 0.290467
vt 0.49564 0.282118
vt 0.500233 0.290467
vt 0.49564 0.282118
vt 0.484719 0.290811
vt 0.489763 0.299231
vt 0.489763 0.299231
vt 0.484719 0.290811
vt 0.624477 0.206266
vt 0.620787 0.198061
vt 0.578686 0.233069
vt 0.672465 0.185752
vt 0.720355 0.171859
vt 0.668775 0.177547
vt 0.714664 0.159204
vt 0.574997 0.224864
vt 0.521174 0.272937
vt 0.517484 0.264732
vt 0.479292 0.307996
vt 0.473797 0.299503
vt 0.47921 0.32025
vt 0.464328 0.297683
vt 0.46616 0.323481
vt 0.457473 0.31163
vt 0.624477 0.206266
vt 0.620787 0.198061
vt 0.578686 0.233069
vt 0.672465 0.185752
vt 0.720355 0.171859
vt 0.668775 0.177547
vt 0.714664 0.159204
vt 0.574997 0.224864
vt 0.521174 0.272937
vt 0.517484 0.264732
vt 0.479292 0.307996
vt 0.473797 0.299503
vt 0.47921 0.32025
vt 0.464328 0.297683
vt 0.46616 0.323481
vt 0.457473 0.31163
vt 0.156245 0.239527
vt 0.156537 0.231669
vt 0.0923722 0.230956
vt 0.0922905 0.225591
vt 0.158338 0.235726
vt 0.133766 0.242638
vt 0.150856 0.22878
vt 0.115587 0.242638
vt 0.117593 0.220445
vt 0.101694 0.239131
vt 0.103388 0.220773
vt 0.0912994 0.228307
vt 0.094268 0.232956
vt 0.0951172 0.223486
vt 0.150221 0.241624
vt 0.135146 0.223932
vt 0.134766 0.23336
vt 0.117395 0.231598
vt 0.104368 0.229749
vt 0.0958453 0.228617
vt 0.150341 0.235189
vt 0.197154 0.147523
vt 0.197445 0.155285
vt 0.262759 0.150224
vt 0.263407 0.155547
vt 0.195356 0.151454
vt 0.219261 0.142754
vt 0.203351 0.157659
vt 0.23703 0.141244
vt 0.237333 0.163471
vt 0.252197 0.143147
vt 0.252597 0.161508
vt 0.264092 0.152748
vt 0.260713 0.148428
vt 0.260888 0.157922
vt 0.20302 0.14497
vt 0.219517 0.161439
vt 0.218997 0.151972
vt 0.236318 0.152354
vt 0.250527 0.15271
vt 0.25958 0.152901
vt 0.20335 0.151279
vt 0.020151 0.244808
vt 0.0204038 0.252695
vt 0.0780697 0.247795
vt 0.0783182 0.256117
vt 0.0183188 0.248758
vt 0.0423561 0.239724
vt 0.0263429 0.255221
vt 0.058584 0.236327
vt 0.0583963 0.264781
vt 0.0688415 0.238553
vt 0.0684064 0.263249
vt 0.0792687 0.251788
vt 0.0759232 0.244789
vt 0.0754752 0.259706
vt 0.0260637 0.242315
vt 0.0424395 0.260237
vt 0.0420847 0.249864
vt 0.0572201 0.250303
vt 0.0663823 0.250898
vt 0.0744982 0.252007
vt 0.0264028 0.248772
vt 0.0971117 0.19205
vt 0.0971892 0.19991
vt 0.161876 0.197066
vt 0.16229 0.202413
vt 0.0952001 0.195943
vt 0.1191 0.187961
vt 0.103027 0.202552
vt 0.136573 0.186966
vt 0.135938 0.209223
vt 0.151635 0.189532
vt 0.151229 0.207895
vt 0.163097 0.199647
vt 0.15991 0.195183
vt 0.15967 0.204675
vt 0.103045 0.189694
vt 0.118713 0.206779
vt 0.118598 0.197298
vt 0.135421 0.198082
vt 0.149545 0.199014
vt 0.158582 0.199602
vt 0.103239 0.196131
vt 0.17889 0.184774
vt 0.179026 0.194917
vt 0.243559 0.188536
vt 0.242756 0.198269
vt 0.177027 0.189998
vt 0.200743 0.178078
vt 0.184832 0.197574
vt 0.218522 0.175302
vt 0.217446 0.204665
vt 0.232609 0.179401
vt 0.231339 0.204328
vt 0.244137 0.193777
vt 0.241831 0.184839
vt 0.239744 0.201021
vt 0.184776 0.180791
vt 0.200369 0.201863
vt 0.200144 0.189355
vt 0.2169 0.189469
vt 0.23026 0.190858
vt 0.239834 0.192045
vt 0.185052 0.189406
vt 0.0099483 0.282244
vt 0.0101169 0.290749
vt 0.0796064 0.287332
vt 0.0801545 0.293289
vt 0.00809781 0.28637
vt 0.0330261 0.277488
vt 0.0161505 0.294016
vt 0.0512973 0.275565
vt 0.0507446 0.302795
vt 0.0679367 0.279097
vt 0.0680989 0.301155
vt 0.0808983 0.290108
vt 0.077484 0.285372
vt 0.0774665 0.296156
vt 0.016042 0.279788
vt 0.032548 0.299437
vt 0.0324113 0.288369
vt 0.0501957 0.2894
vt 0.0663765 0.290831
vt 0.0762855 0.290468
vt 0.0163037 0.286822
vt 0.172234 0.223698
vt 0.172322 0.231303
vt 0.243289 0.224218
vt 0.243318 0.229196
vt 0.17029 0.227595
vt 0.194371 0.217797
vt 0.178299 0.233339
vt 0.210235 0.214481
vt 0.209776 0.240657
vt 0.226117 0.216805
vt 0.225959 0.23742
vt 0.243956 0.226693
vt 0.241177 0.222361
vt 0.240201 0.231707
vt 0.178282 0.221062
vt 0.1941 0.236779
vt 0.19404 0.226999
vt 0.208921 0.226851
vt 0.225422 0.226275
vt 0.239579 0.226757
vt 0.178501 0.22715
vt 0.0164393 0.2019
vt 0.0148463 0.209668
vt 0.0870842 0.207505
vt 0.0880542 0.212851
vt 0.0137355 0.20533
vt 0.041895 0.20077
vt 0.0200167 0.213582
vt 0.0606452 0.197019
vt 0.0624067 0.224297
vt 0.0760386 0.199667
vt 0.0775669 0.220275
vt 0.08857 0.209991
vt 0.0849214 0.20568
vt 0.0856799 0.215507
vt 0.022807 0.20079
vt 0.0379595 0.22215
vt 0.0397663 0.211746
vt 0.0607202 0.210768
vt 0.0749073 0.21046
vt 0.0840609 0.210388
vt 0.0216197 0.207236
vt 0.0158659 0.165112
vt 0.0165815 0.175262
vt 0.0808501 0.166107
vt 0.0805943 0.175899
vt 0.0142985 0.170451
vt 0.0373827 0.157688
vt 0.0225508 0.177653
vt 0.0550334 0.154265
vt 0.0556098 0.183728
vt 0.0693708 0.157576
vt 0.069503 0.182609
vt 0.0817241 0.171323
vt 0.0789113 0.162503
vt 0.0777336 0.178824
vt 0.0215382 0.160863
vt 0.0383592 0.181521
vt 0.0374228 0.168973
vt 0.0542078 0.168533
vt 0.0676638 0.169182
vt 0.0773177 0.169831
vt 0.0223056 0.169486
vt 0.0714009 0.338449
vt 0.0550103 0.332645
vt 0.065659 0.318891
vt 0.0452878 0.318315
vt 0.0384459 0.337503
vt 0.0545755 0.349946
vt 0.0267188 0.317354
vt 0.0196782 0.318127
vt 0.0244288 0.313771
vt 0.0216445 0.314051
vt 0.0261696 0.324524
vt 0.0204038 0.325103
vt 0.0239402 0.325751
vt 0.0219127 0.325954
vt 0.0247193 0.341461
vt 0.023141 0.34162
vt 0.0253318 0.350048
vt 0.0235354 0.350229
vt 0.0239203 0.329378
vt 0.0224821 0.329523
vt 0.0267188 0.352979
vt 0.0232885 0.353323
vt 0.0229986 0.313413
vt 0.023239 0.318149
vt 0.0243198 0.33542
vt 0.0228115 0.335571
vt 0.0250256 0.345755
vt 0.0233382 0.345924
vt 0.0267188 0.317354
vt 0.0196782 0.318127
vt 0.0244288 0.313771
vt 0.0216445 0.314051
vt 0.0261696 0.324524
vt 0.0204038 0.325103
vt 0.0239402 0.325751
vt 0.0219127 0.325954
vt 0.0247193 0.341461
vt 0.023141 0.34162
vt 0.0253318 0.350048
vt 0.0235354 0.350229
vt 0.0239203 0.329378
vt 0.0224821 0.329523
vt 0.0267188 0.352979
vt 0.0232885 0.353323
vt 0.0229986 0.313413
vt 0.023239 0.318149
vt 0.0243198 0.33542
vt 0.0228115 0.335571
vt 0.0250256 0.345755
vt 0.0233382 0.345924
vt 0.0267188 0.317354
vt 0.0196782 0.318127
vt 0.0244288 0.313771
vt 0.0216445 0.314051
vt 0.0261696 0.324524
vt 0.0204038 0.325103
vt 0.0239402 0.325751
vt 0.0219127 0.325954
vt 0.0247193 0.341461
vt 0.023141 0.34162
vt 0.0253318 0.350048
vt 0.0235354 0.350229
vt 0.0239203 0.329378
vt 0.0224821 0.329523
vt 0.0267188 0.352979
vt 0.0232885 0.353323
vt 0.0229986 0.313413
vt 0.023239 0.318149
vt 0.0243198 0.33542
vt 0.0228115 0.335571
vt 0.0250256 0.345755
vt 0.0233382 0.345924
vt 0.0267188 0.317354
vt 0.0196782 0.318127
vt 0.0244288 0.313771
vt 0.0216445 0.314051
vt 0.0261696 0.324524
vt 0.0204038 0.325103
vt 0.0239402 0.325751
vt 0.0219127 0.325954
vt 0.0247193 0.341461
vt 0.023141 0.34162
vt 0.0253318 0.350048
vt 0.0235354 0.350229
vt 0.0239203 0.329378
vt 0.0224821 0.329523
vt 0.0267188 0.352979
vt 0.0232885 0.353323
vt 0.0229986 0.313413
vt 0.023239 0.318149
vt 0.0243198 0.33542
vt 0.0228115 0.335571
vt 0.0250256 0.345755
vt 0.0233382 0.345924
vt 0.0267188 0.317354
vt 0.0196782 0.318127
vt 0.0244288 0.313771
vt 0.0216445 0.314051
vt 0.0261696 0.324524
vt 0.0204038 0.325103
vt 0.0239402 0.325751
vt 0.0219127 0.325954
vt 0.0247193 0.341461
vt 0.023141 0.34162
vt 0.0253318 0.350048
vt 0.0235354 0.350229
vt 0.0239203 0.329378
vt 0.0224821 0.329523
vt 0.0267188 0.352979
vt 0.0232885 0.353323
vt 0.0229986 0.313413
vt 0.023239 0.318149
vt 0.0243198 0.33542
vt 0.0228115 0.335571
vt 0.0250256 0.345755
vt 0.0233382 0.345924
vt 0.0267188 0.317354
vt 0.0196782 0.318127
vt 0.0244288 0.313771
vt 0.0216445 0.314051
vt 0.0261696 0.324524
vt 0.0204038 0.325103
vt 0.0239402 0.325751
vt 0.0219127 0.325954
vt 0.0247193 0.341461
vt 0.023141 0.34162
vt 0.0253318 0.350048
vt 0.0235354 0.350229
vt 0.0239203 0.329378
vt 0.0224821 0.329523
vt 0.0267188 0.352979
vt 0.0232885 0.353323
vt 0.0229986 0.313413
vt 0.023239 0.318149
vt 0.0243198 0.33542
vt 0.0228115 0.335571
vt 0.0250256 0.345755
vt 0.0233382 0.345924
vt 0.0267188 0.317354
vt 0.0196782 0.318127
vt 0.0244288 0.313771
vt 0.0216445 0.314051
vt 0.0261696 0.324524
vt 0.0204038 0.325103
vt 0.0239402 0.325751
vt 0.0219127 0.325954
vt 0.0247193 0.341461
vt 0.023141 0.34162
vt 0.0253318 0.350048
vt 0.0235354 0.350229
vt 0.0239203 0.329378
vt 0.0224821 0.329523
vt 0.0267188 0.352979
vt 0.0232885 0.353323
vt 0.0229986 0.313413
vt 0.023239 0.318149
vt 0.0243198 0.33542
vt 0.0228115 0.335571
vt 0.0250256 0.345755
vt 0.0233382 0.345924
vt 0.0267188 0.317354
vt 0.0196782 0.318127
vt 0.0244288 0.313771
vt 0.0216445 0.314051
vt 0.0261696 0.324524
vt 0.0204038 0.325103
vt 0.0239402 0.325751
vt 0.0219127 0.325954
vt 0.0247193 0.341461
vt 0.023141 0.34162
vt 0.0253318 0.350048
vt 0.0235354 0.350229
vt 0.0239203 0.329378
vt 0.0224821 0.329523
vt 0.0267188 0.352979
vt 0.0232885 0.353323
vt 0.0229986 0.313413
vt 0.023239 0.318149
vt 0.0243198 0.33542
vt 0.0228115 0.335571
vt 0.0250256 0.345755
vt 0.0233382 0.345924
vt 0.0267188 0.317354
vt 0.0196782 0.318127
vt 0.0244288 0.313771
vt 0.0216445 0.314051
vt 0.0261696 0.324524
vt 0.0204038 0.325103
vt 0.0239402 0.325751
vt 0.0219127 0.325954
vt 0.0247193 0.341461
vt 0.023141 0.34162
vt 0.0253318 0.350048
vt 0.0235354 0.350229
vt 0.0239203 0.329378
vt 0.0224821 0.329523
vt 0.0267188 0.352979
vt 0.0232885 0.353323
vt 0.0229986 0.313413
vt 0.023239 0.318149
vt 0.0243198 0.33542
vt 0.0228115 0.335571
vt 0.0250256 0.345755
vt 0.0233382 0.345924
vt 0.0267188 0.317354
vt 0.0196782 0.318127
vt 0.0244288 0.313771
vt 0.0216445 0.314051
vt 0.0261696 0.324524
vt 0.0204038 0.325103
vt 0.0239402 0.325751
vt 0.0219127 0.325954
vt 0.0247193 0.341461
vt 0.023141 0.34162
vt 0.0253318 0.350048
vt 0.0235354 0.350229
vt 0.0239203 0.329378
vt 0.0224821 0.329523
vt 0.0267188 0.352979
vt 0.0232885 0.353323
vt 0.0229986 0.313413
vt 0.023239 0.318149
vt 0.0243198 0.33542
vt 0.0228115 0.335571
vt 0.0250256 0.345755
vt 0.0233382 0.345924
vt 0.0267188 0.317354
vt 0.0196782 0.318127
vt 0.0244288 0.313771
vt 0.0216445 0.314051
vt 0.0261696 0.324524
vt 0.0204038 0.325103
vt 0.0239402 0.325751
vt 0.0219127 0.325954
vt 0.0247193 0.341461
vt 0.023141 0.34162
vt 0.0253318 0.350048
vt 0.0235354 0.350229
vt 0.0239203 0.329378
vt 0.0224821 0.329523
vt 0.0267188 0.352979
vt 0.0232885 0.353323
vt 0.0229986 0.313413
vt 0.023239 0.318149
vt 0.0243198 0.33542
vt 0.0228115 0.335571
vt 0.0250256 0.345755
vt 0.0233382 0.345924
vt 0.0267188 0.317354
vt 0.0196782 0.318127
vt 0.0244288 0.313771
vt 0.0216445 0.314051
vt 0.0261696 0.324524
vt 0.0204038 0.325103
vt 0.0239402 0.325751
vt 0.0219127 0.325954
vt 0.0247193 0.341461
vt 0.023141 0.34162
vt 0.0253318 0.350048
vt 0.0235354 0.350229
vt 0.0239203 0.329378
vt 0.0224821 0.329523
vt 0.0267188 0.352979
vt 0.0232885 0.353323
vt 0.0229986 0.313413
vt 0.023239 0.318149
vt 0.0243198 0.33542
vt 0.0228115 0.335571
vt 0.0250256 0.345755
vt 0.0233382 0.345924
vt 0.0267188 0.317354
vt 0.0196782 0.318127
vt 0.0244288 0.313771
vt 0.0216445 0.314051
vt 0.0261696 0.324524
vt 0.0204038 0.325103
vt 0.0239402 0.325751
vt 0.0219127 0.325954
vt 0.0247193 0.341461
vt 0.023141 0.34162
vt 0.0253318 0.350048
vt 0.0235354 0.350229
vt 0.0239203 0.329378
vt 0.0224821 0.329523
vt 0.0267188 0.352979
vt 0.0232885 0.353323
vt 0.0229986 0.313413
vt 0.023239 0.318149
vt 0.0243198 0.33542
vt 0.0228115 0.335571
vt 0.0250256 0.345755
vt 0.0233382 0.345924
vt 0.0267188 0.317354
vt 0.0196782 0.318127
vt 0.0244288 0.313771
vt 0.0216445 0.314051
vt 0.0261696 0.324524
vt 0.0204038 0.325103
vt 0.0239402 0.325751
vt 0.0219127 0.325954
vt 0.0247193 0.341461
vt 0.023141 0.34162
vt 0.0253318 0.350048
vt 0.0235354 0.350229
vt 0.0239203 0.329378
vt 0.0224821 0.329523
vt 0.0267188 0.352979
vt 0.0232885 0.353323
vt 0.0229986 0.313413
vt 0.023239 0.318149
vt 0.0243198 0.33542
vt 0.0228115 0.335571
vt 0.0250256 0.345755
vt 0.0233382 0.345924
vt 0.0267188 0.317354
vt 0.0196782 0.318127
vt 0.0244288 0.313771
vt 0.0216445 0.314051
vt 0.0261696 0.324524
vt 0.0204038 0.325103
vt 0.0239402 0.325751
vt 0.0219127 0.325954
vt 0.0247193 0.341461
vt 0.023141 0.34162
vt 0.0253318 0.350048
vt 0.0235354 0.350229
vt 0.0239203 0.329378
vt 0.0224821 0.329523
vt 0.0267188 0.352979
vt 0.0232885 0.353323
vt 0.0229986 0.313413
vt 0.023239 0.318149
vt 0.0243198 0.33542
vt 0.0228115 0.335571
vt 0.0250256 0.345755
vt 0.0233382 0.345924
vt 0.0267188 0.317354
vt 0.0196782 0.318127
vt 0.0244288 0.313771
vt 0.0216445 0.314051
vt 0.0261696 0.324524
vt 0.0204038 0.325103
vt 0.0239402 0.325751
vt 0.0219127 0.325954
vt 0.0247193 0.341461
vt 0.023141 0.34162
vt 0.0253318 0.350048
vt 0.0235354 0.350229
vt 0.0239203 0.329378
vt 0.0224821 0.329523
vt 0.0267188 0.352979
vt 0.0232885 0.353323
vt 0.0229986 0.313413
vt 0.023239 0.318149
vt 0.0243198 0.33542
vt 0.0228115 0.335571
vt 0.0250256 0.345755
vt 0.0233382 0.345924
vt 0.0267188 0.317354
vt 0.0196782 0.318127
vt 0.0244288 0.313771
vt 0.0216445 0.314051
vt 0.0261696 0.324524
vt 0.0204038 0.325103
vt 0.0239402 0.325751
vt 0.0219127 0.325954
vt 0.0247193 0.341461
vt 0.023141 0.34162
vt 0.0253318 0.350048
vt 0.0235354 0.350229
vt 0.0239203 0.329378
vt 0.0224821 0.329523
vt 0.0267188 0.352979
vt 0.0232885 0.353323
vt 0.0229986 0.313413
vt 0.023239 0.318149
vt 0.0243198 0.33542
vt 0.0228115 0.335571
vt 0.0250256 0.345755
vt 0.0233382 0.345924
vt 0.0267188 0.317354
vt 0.0196782 0.318127
vt 0.0244288 0.313771
vt 0.0216445 0.314051
vt 0.0261696 0.324524
vt 0.0204038 0.325103
vt 0.0239402 0.325751
vt 0.0219127 0.325954
vt 0.0247193 0.341461
vt 0.023141 0.34162
vt 0.0253318 0.350048
vt 0.0235354 0.350229
vt 0.0239203 0.329378
vt 0.0224821 0.329523
vt 0.0267188 0.352979
vt 0.0232885 0.353323
vt 0.0229986 0.313413
vt 0.023239 0.318149
vt 0.0243198 0.33542
vt 0.0228115 0.335571
vt 0.0250256 0.345755
vt 0.0233382 0.345924
vt 0.0267188 0.317354
vt 0.0196782 0.318127
vt 0.0244288 0.313771
vt 0.0216445 0.314051
vt 0.0261696 0.324524
vt 0.0204038 0.325103
vt 0.0239402 0.325751
vt 0.0219127 0.325954
vt 0.0247193 0.341461
vt 0.023141 0.34162
vt 0.0253318 0.350048
vt 0.0235354 0.350229
vt 0.0239203 0.329378
vt 0.0224821 0.329523
vt 0.0267188 0.352979
vt 0.0232885 0.353323
vt 0.0229986 0.313413
vt 0.023239 0.318149
vt 0.0243198 0.33542
vt 0.0228115 0.335571
vt 0.0250256 0.345755
vt 0.0233382 0.345924
vt 0.0267188 0.317354
vt 0.0196782 0.318127
vt 0.0244288 0.313771
vt 0.0216445 0.314051
vt 0.0261696 0.324524
vt 0.0204038 0.325103
vt 0.0239402 0.325751
vt 0.0219127 0.325954
vt 0.0247193 0.341461
vt 0.023141 0.34162
vt 0.0253318 0.350048
vt 0.0235354 0.350229
vt 0.0239203 0.329378
vt 0.0224821 0.329523
vt 0.0267188 0.352979
vt 0.0232885 0.353323
vt 0.0229986 0.313413
vt 0.023239 0.318149
vt 0.0243198 0.33542
vt 0.0228115 0.335571
vt 0.0250256 0.345755
vt 0.0233382 0.345924
vt 0.0267188 0.317354
vt 0.0196782 0.318127
vt 0.0244288 0.313771
vt 0.0216445 0.314051
vt 0.0261696 0.324524
vt 0.0204038 0.325103
vt 0.0239402 0.325751
vt 0.0219127 0.325954
vt 0.0247193 0.341461
vt 0.023141 0.34162
vt 0.0253318 0.350048
vt 0.0235354 0.350229
vt 0.0239203 0.329378
vt 0.0224821 0.329523
vt 0.0267188 0.352979
vt 0.0232885 0.353323
vt 0.0229986 0.313413
vt 0.023239 0.318149
vt 0.0243198 0.33542
vt 0.0228115 0.335571
vt 0.0250256 0.345755
vt 0.0233382 0.345924
vt 0.0267188 0.317354
vt 0.0196782 0.318127
vt 0.0244288 0.313771
vt 0.0216445 0.314051
vt 0.0261696 0.324524
vt 0.0204038 0.325103
vt 0.0239402 0.325751
vt 0.0219127 0.325954
vt 0.0247193 0.341461
vt 0.023141 0.34162
vt 0.0253318 0.350048
vt 0.0235354 0.350229
vt 0.0239203 0.329378
vt 0.0224821 0.329523
vt 0.0267188 0.352979
vt 0.0232885 0.353323
vt 0.0229986 0.313413
vt 0.023239 0.318149
vt 0.0243198 0.33542
vt 0.0228115 0.335571
vt 0.0250256 0.345755
vt 0.0233382 0.345924
vt 0.0267188 0.317354
vt 0.0196782 0.318127
vt 0.0244288 0.313771
vt 0.0216445 0.314051
vt 0.0261696 0.324524
vt 0.0204038 0.325103
vt 0.0239402 0.325751
vt 0.0219127 0.325954
vt 0.0247193 0.341461
vt 0.023141 0.34162
vt 0.0253318 0.350048
vt 0.0235354 0.350229
vt 0.0239203 0.329378
vt 0.0224821 0.329523
vt 0.0267188 0.352979
vt 0.0232885 0.353323
vt 0.0229986 0.313413
vt 0.023239 0.318149
vt 0.0243198 0.33542
vt 0.0228115 0.335571
vt 0.0250256 0.345755
vt 0.0233382 0.345924
vt 0.0267188 0.317354
vt 0.0196782 0.318127
vt 0.0244288 0.313771
vt 0.0216445 0.314051
vt 0.0261696 0.324524
vt 0.0204038 0.325103
vt 0.0239402 0.325751
vt 0.0219127 0.325954
vt 0.0247193 0.341461
vt 0.023141 0.34162
vt 0.0253318 0.350048
vt 0.0235354 0.350229
vt 0.0239203 0.329378
vt 0.0224821 0.329523
vt 0.0267188 0.352979
vt 0.0232885 0.353323
vt 0.0229986 0.313413
vt 0.023239 0.318149
vt 0.0243198 0.33542
vt 0.0228115 0.335571
vt 0.0250256 0.345755
vt 0.0233382 0.345924
vt 0.0267188 0.317354
vt 0.0196782 0.318127
vt 0.0244288 0.313771
vt 0.0216445 0.314051
vt 0.0261696 0.324524
vt 0.0204038 0.325103
vt 0.0239402 0.325751
vt 0.0219127 0.325954
vt 0.0247193 0.341461
vt 0.023141 0.34162
vt 0.0253318 0.350048
vt 0.0235354 0.350229
vt 0.0239203 0.329378
vt 0.0224821 0.329523
vt 0.0267188 0.352979
vt 0.0232885 0.353323
vt 0.0229986 0.313413
vt 0.023239 0.318149
vt 0.0243198 0.33542
vt 0.0228115 0.335571
vt 0.0250256 0.345755
vt 0.0233382 0.345924
vt 0.0267188 0.317354
vt 0.0196782 0.318127
vt 0.0244288 0.313771
vt 0.0216445 0.314051
vt 0.0261696 0.324524
vt 0.0204038 0.325103
vt 0.0239402 0.325751
vt 0.0219127 0.325954
vt 0.0247193 0.341461
vt 0.023141 0.34162
vt 0.0253318 0.350048
vt 0.0235354 0.350229
vt 0.0239203 0.329378
vt 0.0224821 0.329523
vt 0.0267188 0.352979
vt 0.0232885 0.353323
vt 0.0229986 0.313413
vt 0.023239 0.318149
vt 0.0243198 0.33542
vt 0.0228115 0.335571
vt 0.0250256 0.345755
vt 0.0233382 0.345924
vt 0.0267188 0.317354
vt 0.0196782 0.318127
vt 0.0244288 0.313771
vt 0.0216445 0.314051
vt 0.0261696 0.324524
vt 0.0204038 0.325103
vt 0.0239402 0.325751
vt 0.0219127 0.325954
vt 0.0247193 0.341461
vt 0.023141 0.34162
vt 0.0253318 0.350048
vt 0.0235354 0.350229
vt 0.0239203 0.329378
vt 0.0224821 0.329523
vt 0.0267188 0.352979
vt 0.0232885 0.353323
vt 0.0229986 0.313413
vt 0.023239 0.318149
vt 0.0243198 0.33542
vt 0.0228115 0.335571
vt 0.0250256 0.345755
vt 0.0233382 0.345924
vt 0.0267188 0.317354
vt 0.0196782 0.318127
vt 0.0244288 0.313771
vt 0.0216445 0.314051
vt 0.0261696 0.324524
vt 0.0204038 0.325103
vt 0.0239402 0.325751
vt 0.0219127 0.325954
vt 0.0247193 0.341461
vt 0.023141 0.34162
vt 0.0253318 0.350048
vt 0.0235354 0.350229
vt 0.0239203 0.329378
vt 0.0224821 0.329523
vt 0.0267188 0.352979
vt 0.0232885 0.353323
vt 0.0229986 0.313413
vt 0.023239 0.318149
vt 0.0243198 0.33542
vt 0.0228115 0.335571
vt 0.0250256 0.345755
vt 0.0233382 0.345924
vt 0.0267188 0.317354
vt 0.0196782 0.318127
vt 0.0244288 0.313771
vt 0.0216445 0.314051
vt 0.0261696 0.324524
vt 0.0204038 0.325103
vt 0.0239402 0.325751
vt 0.0219127 0.325954
vt 0.0247193 0.341461
vt 0.023141 0.34162
vt 0.0253318 0.350048
vt 0.0235354 0.350229
vt 0.0239203 0.329378
vt 0.0224821 0.329523
vt 0.0267188 0.352979
vt 0.0232885 0.353323
vt 0.0229986 0.313413
vt 0.023239 0.318149
vt 0.0243198 0.33542
vt 0.0228115 0.335571
vt 0.0250256 0.345755
vt 0.0233382 0.345924
vt 0.0267188 0.317354
vt 0.0196782 0.318127
vt 0.0244288 0.313771
vt 0.0216445 0.314051
vt 0.0261696 0.324524
vt 0.0204038 0.325103
vt 0.0239402 0.325751
vt 0.0219127 0.325954
vt 0.0247193 0.341461
vt 0.023141 0.34162
vt 0.0253318 0.350048
vt 0.0235354 0.350229
vt 0.0239203 0.329378
vt 0.0224821 0.329523
vt 0.0267188 0.352979
vt 0.0232885 0.353323
vt 0.0229986 0.313413
vt 0.023239 0.318149
vt 0.0243198 0.33542
vt 0.0228115 0.335571
vt 0.0250256 0.345755
vt 0.0233382 0.345924
vt 0.0267188 0.317354
vt 0.0196782 0.318127
vt 0.0244288 0.313771
vt 0.0216445 0.314051
vt 0.0261696 0.324524
vt 0.0204038 0.325103
vt 0.0239402 0.325751
vt 0.0219127 0.325954
vt 0.0247193 0.341461
vt 0.023141 0.34162
vt 0.0253318 0.350048
vt 0.0235354 0.350229
vt 0.0239203 0.329378
vt 0.0224821 0.329523
vt 0.0267188 0.352979
vt 0.0232885 0.353323
vt 0.0229986 0.313413
vt 0.023239 0.318149
vt 0.0243198 0.33542
vt 0.0228115 0.335571
vt 0.0250256 0.345755
vt 0.0233382 0.345924
vt 0.0267188 0.317354
vt 0.0196782 0.318127
vt 0.0244288 0.313771
vt 0.0216445 0.314051
vt 0.0261696 0.324524
vt 0.0204038 0.325103
vt 0.0239402 0.325751
vt 0.0219127 0.325954
vt 0.0247193 0.341461
vt 0.023141 0.34162
vt 0.0253318 0.350048
vt 0.0235354 0.350229
vt 0.0239203 0.329378
vt 0.0224821 0.329523
vt 0.0267188 0.352979
vt 0.0232885 0.353323
vt 0.0229986 0.313413
vt 0.023239 0.318149
vt 0.0243198 0.33542
vt 0.0228115 0.335571
vt 0.0250256 0.345755
vt 0.0233382 0.345924
vt 0.0267188 0.317354
vt 0.0196782 0.318127
vt 0.0244288 0.313771
vt 0.0216445 0.314051
vt 0.0261696 0.324524
vt 0.0204038 0.325103
vt 0.0239402 0.325751
vt 0.0219127 0.325954
vt 0.0247193 0.341461
vt 0.023141 0.34162
vt 0.0253318 0.350048
vt 0.0235354 0.350229
vt 0.0239203 0.329378
vt 0.0224821 0.329523
vt 0.0267188 0.352979
vt 0.0232885 0.353323
vt 0.0229986 0.313413
vt 0.023239 0.318149
vt 0.0243198 0.33542
vt 0.0228115 0.335571
vt 0.0250256 0.345755
vt 0.0233382 0.345924
vt 0.0267188 0.317354
vt 0.0196782 0.318127
vt 0.0244288 0.313771
vt 0.0216445 0.314051
vt 0.0261696 0.324524
vt 0.0204038 0.325103
vt 0.0239402 0.325751
vt 0.0219127 0.325954
vt 0.0247193 0.341461
vt 0.023141 0.34162
vt 0.0253318 0.350048
vt 0.0235354 0.350229
vt 0.0239203 0.329378
vt 0.0224821 0.329523
vt 0.0267188 0.352979
vt 0.0232885 0.353323
vt 0.0229986 0.313413
vt 0.023239 0.318149
vt 0.0243198 0.33542
vt 0.0228115 0.335571
vt 0.0250256 0.345755
vt 0.0233382 0.345924
vt 0.0267188 0.317354
vt 0.0196782 0.318127
vt 0.0244288 0.313771
vt 0.0216445 0.314051
vt 0.0261696 0.324524
vt 0.0204038 0.325103
vt 0.0239402 0.325751
vt 0.0219127 0.325954
vt 0.0247193 0.341461
vt 0.023141 0.34162
vt 0.0253318 0.350048
vt 0.0235354 0.350229
vt 0.0239203 0.329378
vt 0.0224821 0.329523
vt 0.0267188 0.352979
vt 0.0232885 0.353323
vt 0.0229986 0.313413
vt 0.023239 0.318149
vt 0.0243198 0.33542
vt 0.0228115 0.335571
vt 0.0250256 0.345755
vt 0.0233382 0.345924
vt 0.0267188 0.317354
vt 0.0196782 0.318127
vt 0.0244288 0.313771
vt 0.0216445 0.314051
vt 0.0261696 0.324524
vt 0.0204038 0.325103
vt 0.0239402 0.325751
vt 0.0219127 0.325954
vt 0.0247193 0.341461
vt 0.023141 0.34162
vt 0.0253318 0.350048
vt 0.0235354 0.350229
vt 0.0239203 0.329378
vt 0.0224821 0.329523
vt 0.0267188 0.352979
vt 0.0232885 0.353323
vt 0.0229986 0.313413
vt 0.023239 0.318149
vt 0.0243198 0.33542
vt 0.0228115 0.335571
vt 0.0250256 0.345755
vt 0.0233382 0.345924
vt 0.0267188 0.317354
vt 0.0196782 0.318127
vt 0.0244288 0.313771
vt 0.0216445 0.314051
vt 0.0261696 0.324524
vt 0.0204038 0.325103
vt 0.0239402 0.325751
vt 0.0219127 0.325954
vt 0.0247193 0.341461
vt 0.023141 0.34162
vt 0.0253318 0.350048
vt 0.0235354 0.350229
vt 0.0239203 0.329378
vt 0.0224821 0.329523
vt 0.0267188 0.352979
vt 0.0232885 0.353323
vt 0.0229986 0.313413
vt 0.023239 0.318149
vt 0.0243198 0.33542
vt 0.0228115 0.335571
vt 0.0250256 0.345755
vt 0.0233382 0.345924
vt 0.0267188 0.317354
vt 0.0196782 0.318127
vt 0.0244288 0.313771
vt 0.0216445 0.314051
vt 0.0261696 0.324524
vt 0.0204038 0.325103
vt 0.0239402 0.325751
vt 0.0219127 0.325954
vt 0.0247193 0.341461
vt 0.023141 0.34162
vt 0.0253318 0.350048
vt 0.0235354 0.350229
vt 0.0239203 0.329378
vt 0.0224821 0.329523
vt 0.0267188 0.352979
vt 0.0232885 0.353323
vt 0.0229986 0.313413
vt 0.023239 0.318149
vt 0.0243198 0.33542
vt 0.0228115 0.335571
vt 0.0250256 0.345755
vt 0.0233382 0.345924
vt 0.0267188 0.317354
vt 0.0196782 0.318127
vt 0.0244288 0.313771
vt 0.0216445 0.314051
vt 0.0261696 0.324524
vt 0.0204038 0.325103
vt 0.0239402 0.325751
vt 0.0219127 0.325954
vt 0.0247193 0.341461
vt 0.023141 0.34162
vt 0.0253318 0.350048
vt 0.0235354 0.350229
vt 0.0239203 0.329378
vt 0.0224821 0.329523
vt 0.0267188 0.352979
vt 0.0232885 0.353323
vt 0.0229986 0.313413
vt 0.023239 0.318149
vt 0.0243198 0.33542
vt 0.0228115 0.335571
vt 0.0250256 0.345755
vt 0.0233382 0.345924
vt 0.0267188 0.317354
vt 0.0196782 0.318127
vt 0.0244288 0.313771
vt 0.0216445 0.314051
vt 0.0261696 0.324524
vt 0.0204038 0.325103
vt 0.0239402 0.325751
vt 0.0219127 0.325954
vt 0.0247193 0.341461
vt 0.023141 0.34162
vt 0.0253318 0.350048
vt 0.0235354 0.350229
vt 0.0239203 0.329378
vt 0.0224821 0.329523
vt 0.0267188 0.352979
vt 0.0232885 0.353323
vt 0.0229986 0.313413
vt 0.023239 0.318149
vt 0.0243198 0.33542
vt 0.0228115 0.335571
vt 0.0250256 0.345755
vt 0.0233382 0.345924
vt 0.0267188 0.317354
vt 0.0196782 0.318127
vt 0.0244288 0.313771
vt 0.0216445 0.314051
vt 0.0261696 0.324524
vt 0.0204038 0.325103
vt 0.0239402 0.325751
vt 0.0219127 0.325954
vt 0.0247193 0.341461
vt 0.023141 0.34162
vt 0.0253318 0.350048
vt 0.0235354 0.350229
vt 0.0239203 0.329378
vt 0.0224821 0.329523
vt 0.0267188 0.352979
vt 0.0232885 0.353323
vt 0.0229986 0.313413
vt 0.023239 0.318149
vt 0.0243198 0.33542
vt 0.0228115 0.335571
vt 0.0250256 0.345755
vt 0.0233382 0.345924
vt 0.0267188 0.317354
vt 0.0196782 0.318127
vt 0.0244288 0.313771
vt 0.0216445 0.314051
vt 0.0261696 0.324524
vt 0.0204038 0.325103
vt 0.0239402 0.325751
vt 0.0219127 0.325954
vt 0.0247193 0.341461
vt 0.023141 0.34162
vt 0.0253318 0.350048
vt 0.0235354 0.350229
vt 0.0239203 0.329378
vt 0.0224821 0.329523
vt 0.0267188 0.352979
vt 0.0232885 0.353323
vt 0.0229986 0.313413
vt 0.023239 0.318149
vt 0.0243198 0.33542
vt 0.0228115 0.335571
vt 0.0250256 0.345755
vt 0.0233382 0.345924
vt 0.0267188 0.317354
vt 0.0196782 0.318127
vt 0.0244288 0.313771
vt 0.0216445 0.314051
vt 0.0261696 0.324524
vt 0.0204038 0.325103
vt 0.0239402 0.325751
vt 0.0219127 0.325954
vt 0.0247193 0.341461
vt 0.023141 0.34162
vt 0.0253318 0.350048
vt 0.0235354 0.350229
vt 0.0239203 0.329378
vt 0.0224821 0.329523
vt 0.0267188 0.352979
vt 0.0232885 0.353323
vt 0.0229986 0.313413
vt 0.023239 0.318149
vt 0.0243198 0.33542
vt 0.0228115 0.335571
vt 0.0250256 0.345755
vt 0.0233382 0.345924
vt 0.0267188 0.317354
vt 0.0196782 0.318127
vt 0.0244288 0.313771
vt 0.0216445 0.314051
vt 0.0261696 0.324524
vt 0.0204038 0.325103
vt 0.0239402 0.325751
vt 0.0219127 0.325954
vt 0.0247193 0.341461
vt 0.023141 0.34162
vt 0.0253318 0.350048
vt 0.0235354 0.350229
vt 0.0239203 0.329378
vt 0.0224821 0.329523
vt 0.0267188 0.352979
vt 0.0232885 0.353323
vt 0.0229986 0.313413
vt 0.023239 0.318149
vt 0.0243198 0.33542
vt 0.0228115 0.335571
vt 0.0250256 0.345755
vt 0.0233382 0.345924
vt 0.670048 0.0843212
vt 0.66137 0.0880399
vt 0.679776 0.0514037
vt 0.673218 0.0511251
vt 0.657154 0.0772329
vt 0.666177 0.0557238
vt 0.661766 0.0636982
vt 0.66836 0.0652498
vt 0.676481 0.0675445
vt 0.673264 0.0759329
vt 0.65946 0.0704656
vt 0.664865 0.0766448
vt 0.670048 0.0843212
vt 0.66137 0.0880399
vt 0.679776 0.0514037
vt 0.673218 0.0511251
vt 0.657154 0.0772329
vt 0.666177 0.0557238
vt 0.661766 0.0636982
vt 0.66836 0.0652498
vt 0.676481 0.0675445
vt 0.670048 0.0843212
vt 0.66137 0.0880399
vt 0.679776 0.0514037
vt 0.673218 0.0511251
vt 0.657154 0.0772329
vt 0.666177 0.0557238
vt 0.661766 0.0636982
vt 0.66836 0.0652498
vt 0.676481 0.0675445
vt 0.54993 0.253003
vt 0.54624 0.244798
vt 0.54993 0.253003
vt 0.54624 0.244798
vt 0.500233 0.290467
vt 0.49564 0.282118
vt 0.500233 0.290467
vt 0.49564 0.282118
vt 0.484719 0.290811
vt 0.489763 0.299231
vt 0.489763 0.299231
vt 0.484719 0.290811
vt 0.624477 0.206266
vt 0.620787 0.198061
vt 0.578686 0.233069
vt 0.574997 0.224864
vt 0.521174 0.272937
vt 0.517484 0.264732
vt 0.479292 0.307996
vt 0.473797 0.299503
vt 0.47921 0.32025
vt 0.464328 0.297683
vt 0.46616 0.323481
vt 0.457473 0.31163
vt 0.624477 0.206266
vt 0.620787 0.198061
vt 0.578686 0.233069
vt 0.574997 0.224864
vt 0.521174 0.272937
vt 0.517484 0.264732
vt 0.479292 0.307996
vt 0.473797 0.299503
vt 0.47921 0.32025
vt 0.464328 0.297683
vt 0.46616 0.323481
vt 0.457473 0.31163
vt 0.156245 0.239527
vt 0.156537 0.231669
vt 0.0923722 0.230956
vt 0.0922905 0.225591
vt 0.158338 0.235726
vt 0.133766 0.242638
vt 0.150856 0.22878
vt 0.115587 0.242638
vt 0.117593 0.220445
vt 0.101694 0.239131
vt 0.103388 0.220773
vt 0.0912994 0.228307
vt 0.094268 0.232956
vt 0.0951172 0.223486
vt 0.150221 0.241624
vt 0.135146 0.223932
vt 0.134766 0.23336
vt 0.117395 0.231598
vt 0.104368 0.229749
vt 0.0958453 0.228617
vt 0.150341 0.235189
vt 0.197154 0.147523
vt 0.197445 0.155285
vt 0.262759 0.150224
vt 0.263407 0.155547
vt 0.195356 0.151454
vt 0.219261 0.142754
vt 0.203351 0.157659
vt 0.23703 0.141244
vt 0.237333 0.163471
vt 0.252197 0.143147
vt 0.252597 0.161508
vt 0.264092 0.152748
vt 0.260713 0.148428
vt 0.260888 0.157922
vt 0.20302 0.14497
vt 0.219517 0.161439
vt 0.218997 0.151972
vt 0.236318 0.152354
vt 0.250527 0.15271
vt 0.25958 0.152901
vt 0.20335 0.151279
vt 0.020151 0.244808
vt 0.0204038 0.252695
vt 0.0780697 0.247795
vt 0.0783182 0.256117
vt 0.0183188 0.248758
vt 0.0423561 0.239724
vt 0.0263429 0.255221
vt 0.058584 0.236327
vt 0.0583963 0.264781
vt 0.0688415 0.238553
vt 0.0684064 0.263249
vt 0.0792687 0.251788
vt 0.0759232 0.244789
vt 0.0754752 0.259706
vt 0.0260637 0.242315
vt 0.0424395 0.260237
vt 0.0420847 0.249864
vt 0.0572201 0.250303
vt 0.0663823 0.250898
vt 0.0744982 0.252007
vt 0.0264028 0.248772
vt 0.0971117 0.19205
vt 0.0971892 0.19991
vt 0.161876 0.197066
vt 0.16229 0.202413
vt 0.0952001 0.195943
vt 0.1191 0.187961
vt 0.103027 0.202552
vt 0.136573 0.186966
vt 0.135938 0.209223
vt 0.151635 0.189532
vt 0.151229 0.207895
vt 0.163097 0.199647
vt 0.15991 0.195183
vt 0.15967 0.204675
vt 0.103045 0.189694
vt 0.118713 0.206779
vt 0.118598 0.197298
vt 0.135421 0.198082
vt 0.149545 0.199014
vt 0.158582 0.199602
vt 0.103239 0.196131
vt 0.17889 0.184774
vt 0.179026 0.194917
vt 0.243559 0.188536
vt 0.242756 0.198269
vt 0.177027 0.189998
vt 0.200743 0.178078
vt 0.184832 0.197574
vt 0.218522 0.175302
vt 0.217446 0.204665
vt 0.232609 0.179401
vt 0.231339 0.204328
vt 0.244137 0.193777
vt 0.241831 0.184839
vt 0.239744 0.201021
vt 0.184776 0.180791
vt 0.200369 0.201863
vt 0.200144 0.189355
vt 0.2169 0.189469
vt 0.23026 0.190858
vt 0.239834 0.192045
vt 0.185052 0.189406
vt 0.0099483 0.282244
vt 0.0101169 0.290749
vt 0.0796064 0.287332
vt 0.0801545 0.293289
vt 0.00809781 0.28637
vt 0.0330261 0.277488
vt 0.0161505 0.294016
vt 0.0512973 0.275565
vt 0.0507446 0.302795
vt 0.0679367 0.279097
vt 0.0680989 0.301155
vt 0.0808983 0.290108
vt 0.077484 0.285372
vt 0.0774665 0.296156
vt 0.016042 0.279788
vt 0.032548 0.299437
vt 0.0324113 0.288369
vt 0.0501957 0.2894
vt 0.0663765 0.290831
vt 0.0762855 0.290468
vt 0.0163037 0.286822
vt 0.172234 0.223698
vt 0.172322 0.231303
vt 0.243289 0.224218
vt 0.243318 0.229196
vt 0.17029 0.227595
vt 0.194371 0.217797
vt 0.178299 0.233339
vt 0.210235 0.214481
vt 0.209776 0.240657
vt 0.226117 0.216805
vt 0.225959 0.23742
vt 0.243956 0.226693
vt 0.241177 0.222361
vt 0.240201 0.231707
vt 0.178282 0.221062
vt 0.1941 0.236779
vt 0.19404 0.226999
vt 0.208921 0.226851
vt 0.225422 0.226275
vt 0.239579 0.226757
vt 0.178501 0.22715
vt 0.0164393 0.2019
vt 0.0148463 0.209668
vt 0.0870842 0.207505
vt 0.0880542 0.212851
vt 0.0137355 0.20533
vt 0.041895 0.20077
vt 0.0200167 0.213582
vt 0.0606452 0.197019
vt 0.0624067 0.224297
vt 0.0760386 0.199667
vt 0.0775669 0.220275
vt 0.08857 0.209991
vt 0.0849214 0.20568
vt 0.0856799 0.215507
vt 0.022807 0.20079
vt 0.0379595 0.22215
vt 0.0397663 0.211746
vt 0.0607202 0.210768
vt 0.0749073 0.21046
vt 0.0840609 0.210388
vt 0.0216197 0.207236
vt 0.0158659 0.165112
vt 0.0165815 0.175262
vt 0.0808501 0.166107
vt 0.0805943 0.175899
vt 0.0142985 0.170451
vt 0.0373827 0.157688
vt 0.0225508 0.177653
vt 0.0550334 0.154265
vt 0.0556098 0.183728
vt 0.0693708 0.157576
vt 0.069503 0.182609
vt 0.0817241 0.171323
vt 0.0789113 0.162503
vt 0.0777336 0.178824
vt 0.0215382 0.160863
vt 0.0383592 0.181521
vt 0.0374228 0.168973
vt 0.0542078 0.168533
vt 0.0676638 0.169182
vt 0.0773177 0.169831
vt 0.0223056 0.169486
vt 0.0714009 0.338449
vt 0.0550103 0.332645
vt 0.065659 0.318891
vt 0.0452878 0.318315
vt 0.0384459 0.337503
vt 0.0545755 0.349946
vt 0.0267188 0.317354
vt 0.0196782 0.318127
vt 0.0244288 0.313771
vt 0.0216445 0.314051
vt 0.0261696 0.324524
vt 0.0204038 0.325103
vt 0.0239402 0.325751
vt 0.0219127 0.325954
vt 0.0247193 0.341461
vt 0.023141 0.34162
vt 0.0253318 0.350048
vt 0.0235354 0.350229
vt 0.0239203 0.329378
vt 0.0224821 0.329523
vt 0.0267188 0.352979
vt 0.0232885 0.353323
vt 0.0229986 0.313413
vt 0.023239 0.318149
vt 0.0243198 0.33542
vt 0.0228115 0.335571
vt 0.0250256 0.345755
vt 0.0233382 0.345924
vt 0.0267188 0.317354
vt 0.0196782 0.318127
vt 0.0244288 0.313771
vt 0.0216445 0.314051
vt 0.0261696 0.324524
vt 0.0204038 0.325103
vt 0.0239402 0.325751
vt 0.0219127 0.325954
vt 0.0247193 0.341461
vt 0.023141 0.34162
vt 0.0253318 0.350048
vt 0.0235354 0.350229
vt 0.0239203 0.329378
vt 0.0224821 0.329523
vt 0.0267188 0.352979
vt 0.0232885 0.353323
vt 0.0229986 0.313413
vt 0.023239 0.318149
vt 0.0243198 0.33542
vt 0.0228115 0.335571
vt 0.0250256 0.345755
vt 0.0233382 0.345924
vt 0.0267188 0.317354
vt 0.0196782 0.318127
vt 0.0244288 0.313771
vt 0.0216445 0.314051
vt 0.0261696 0.324524
vt 0.0204038 0.325103
vt 0.0239402 0.325751
vt 0.0219127 0.325954
vt 0.0247193 0.341461
vt 0.023141 0.34162
vt 0.0253318 0.350048
vt 0.0235354 0.350229
vt 0.0239203 0.329378
vt 0.0224821 0.329523
vt 0.0267188 0.352979
vt 0.0232885 0.353323
vt 0.0229986 0.313413
vt 0.023239 0.318149
vt 0.0243198 0.33542
vt 0.0228115 0.335571
vt 0.0250256 0.345755
vt 0.0233382 0.345924
vt 0.0267188 0.317354
vt 0.0196782 0.318127
vt 0.0244288 0.313771
vt 0.0216445 0.314051
vt 0.0261696 0.324524
vt 0.0204038 0.325103
vt 0.0239402 0.325751
vt 0.0219127 0.325954
vt 0.0247193 0.341461
vt 0.023141 0.34162
vt 0.0253318 0.350048
vt 0.0235354 0.350229
vt 0.0239203 0.329378
vt 0.0224821 0.329523
vt 0.0267188 0.352979
vt 0.0232885 0.353323
vt 0.0229986 0.313413
vt 0.023239 0.318149
vt 0.0243198 0.33542
vt 0.0228115 0.335571
vt 0.0250256 0.345755
vt 0.0233382 0.345924
vt 0.0267188 0.317354
vt 0.0196782 0.318127
vt 0.0244288 0.313771
vt 0.0216445 0.314051
vt 0.0261696 0.324524
vt 0.0204038 0.325103
vt 0.0239402 0.325751
vt 0.0219127 0.325954
vt 0.0247193 0.341461
vt 0.023141 0.34162
vt 0.0253318 0.350048
vt 0.0235354 0.350229
vt 0.0239203 0.329378
vt 0.0224821 0.329523
vt 0.0267188 0.352979
vt 0.0232885 0.353323
vt 0.0229986 0.313413
vt 0.023239 0.318149
vt 0.0243198 0.33542
vt 0.0228115 0.335571
vt 0.0250256 0.345755
vt 0.0233382 0.345924
vt 0.0267188 0.317354
vt 0.0196782 0.318127
vt 0.0244288 0.313771
vt 0.0216445 0.314051
vt 0.0261696 0.324524
vt 0.0204038 0.325103
vt 0.0239402 0.325751
vt 0.0219127 0.325954
vt 0.0247193 0.341461
vt 0.023141 0.34162
vt 0.0253318 0.350048
vt 0.0235354 0.350229
vt 0.0239203 0.329378
vt 0.0224821 0.329523
vt 0.0267188 0.352979
vt 0.0232885 0.353323
vt 0.0229986 0.313413
vt 0.023239 0.318149
vt 0.0243198 0.33542
vt 0.0228115 0.335571
vt 0.0250256 0.345755
vt 0.0233382 0.345924
vt 0.0267188 0.317354
vt 0.0196782 0.318127
vt 0.0244288 0.313771
vt 0.0216445 0.314051
vt 0.0261696 0.324524
vt 0.0204038 0.325103
vt 0.0239402 0.325751
vt 0.0219127 0.325954
vt 0.0247193 0.341461
vt 0.023141 0.34162
vt 0.0253318 0.350048
vt 0.0235354 0.350229
vt 0.0239203 0.329378
vt 0.0224821 0.329523
vt 0.0267188 0.352979
vt 0.0232885 0.353323
vt 0.0229986 0.313413
vt 0.023239 0.318149
vt 0.0243198 0.33542
vt 0.0228115 0.335571
vt 0.0250256 0.345755
vt 0.0233382 0.345924
vt 0.0267188 0.317354
vt 0.0196782 0.318127
vt 0.0244288 0.313771
vt 0.0216445 0.314051
vt 0.0261696 0.324524
vt 0.0204038 0.325103
vt 0.0239402 0.325751
vt 0.0219127 0.325954
vt 0.0247193 0.341461
vt 0.023141 0.34162
vt 0.0253318 0.350048
vt 0.0235354 0.350229
vt 0.0239203 0.329378
vt 0.0224821 0.329523
vt 0.0267188 0.352979
vt 0.0232885 0.353323
vt 0.0229986 0.313413
vt 0.023239 0.318149
vt 0.0243198 0.33542
vt 0.0228115 0.335571
vt 0.0250256 0.345755
vt 0.0233382 0.345924
vt 0.0267188 0.317354
vt 0.0196782 0.318127
vt 0.0244288 0.313771
vt 0.0216445 0.314051
vt 0.0261696 0.324524
vt 0.0204038 0.325103
vt 0.0239402 0.325751
vt 0.0219127 0.325954
vt 0.0247193 0.341461
vt 0.023141 0.34162
vt 0.0253318 0.350048
vt 0.0235354 0.350229
vt 0.0239203 0.329378
vt 0.0224821 0.329523
vt 0.0267188 0.352979
vt 0.0232885 0.353323
vt 0.0229986 0.313413
vt 0.023239 0.318149
vt 0.0243198 0.33542
vt 0.0228115 0.335571
vt 0.0250256 0.345755
vt 0.0233382 0.345924
vt 0.0267188 0.317354
vt 0.0196782 0.318127
vt 0.0244288 0.313771
vt 0.0216445 0.314051
vt 0.0261696 0.324524
vt 0.0204038 0.325103
vt 0.0239402 0.325751
vt 0.0219127 0.325954
vt 0.0247193 0.341461
vt 0.023141 0.34162
vt 0.0253318 0.350048
vt 0.0235354 0.350229
vt 0.0239203 0.329378
vt 0.0224821 0.329523
vt 0.0267188 0.352979
vt 0.0232885 0.353323
vt 0.0229986 0.313413
vt 0.023239 0.318149
vt 0.0243198 0.33542
vt 0.0228115 0.335571
vt 0.0250256 0.345755
vt 0.0233382 0.345924
vt 0.0267188 0.317354
vt 0.0196782 0.318127
vt 0.0244288 0.313771
vt 0.0216445 0.314051
vt 0.0261696 0.324524
vt 0.0204038 0.325103
vt 0.0239402 0.325751
vt 0.0219127 0.325954
vt 0.0247193 0.341461
vt 0.023141 0.34162
vt 0.0253318 0.350048
vt 0.0235354 0.350229
vt 0.0239203 0.329378
vt 0.0224821 0.329523
vt 0.0267188 0.352979
vt 0.0232885 0.353323
vt 0.0229986 0.313413
vt 0.023239 0.318149
vt 0.0243198 0.33542
vt 0.0228115 0.335571
vt 0.0250256 0.345755
vt 0.0233382 0.345924
vt 0.0267188 0.317354
vt 0.0196782 0.318127
vt 0.0244288 0.313771
vt 0.0216445 0.314051
vt 0.0261696 0.324524
vt 0.0204038 0.325103
vt 0.0239402 0.325751
vt 0.0219127 0.325954
vt 0.0247193 0.341461
vt 0.023141 0.34162
vt 0.0253318 0.350048
vt 0.0235354 0.350229
vt 0.0239203 0.329378
vt 0.0224821 0.329523
vt 0.0267188 0.352979
vt 0.0232885 0.353323
vt 0.0229986 0.313413
vt 0.023239 0.318149
vt 0.0243198 0.33542
vt 0.0228115 0.335571
vt 0.0250256 0.345755
vt 0.0233382 0.345924
vt 0.0267188 0.317354
vt 0.0196782 0.318127
vt 0.0244288 0.313771
vt 0.0216445 0.314051
vt 0.0261696 0.324524
vt 0.0204038 0.325103
vt 0.0239402 0.325751
vt 0.0219127 0.325954
vt 0.0247193 0.341461
vt 0.023141 0.34162
vt 0.0253318 0.350048
vt 0.0235354 0.350229
vt 0.0239203 0.329378
vt 0.0224821 0.329523
vt 0.0267188 0.352979
vt 0.0232885 0.353323
vt 0.0229986 0.313413
vt 0.023239 0.318149
vt 0.0243198 0.33542
vt 0.0228115 0.335571
vt 0.0250256 0.345755
vt 0.0233382 0.345924
vt 0.0267188 0.317354
vt 0.0196782 0.318127
vt 0.0244288 0.313771
vt 0.0216445 0.314051
vt 0.0261696 0.324524
vt 0.0204038 0.325103
vt 0.0239402 0.325751
vt 0.0219127 0.325954
vt 0.0247193 0.341461
vt 0.023141 0.34162
vt 0.0253318 0.350048
vt 0.0235354 0.350229
vt 0.0239203 0.329378
vt 0.0224821 0.329523
vt 0.0267188 0.352979
vt 0.0232885 0.353323
vt 0.0229986 0.313413
vt 0.023239 0.318149
vt 0.0243198 0.33542
vt 0.0228115 0.335571
vt 0.0250256 0.345755
vt 0.0233382 0.345924
vt 0.0267188 0.317354
vt 0.0196782 0.318127
vt 0.0244288 0.313771
vt 0.0216445 0.314051
vt 0.0261696 0.324524
vt 0.0204038 0.325103
vt 0.0239402 0.325751
vt 0.0219127 0.325954
vt 0.0247193 0.341461
vt 0.023141 0.34162
vt 0.0253318 0.350048
vt 0.0235354 0.350229
vt 0.0239203 0.329378
vt 0.0224821 0.329523
vt 0.0267188 0.352979
vt 0.0232885 0.353323
vt 0.0229986 0.313413
vt 0.023239 0.318149
vt 0.0243198 0.33542
vt 0.0228115 0.335571
vt 0.0250256 0.345755
vt 0.0233382 0.345924
vt 0.0267188 0.317354
vt 0.0196782 0.318127
vt 0.0244288 0.313771
vt 0.0216445 0.314051
vt 0.0261696 0.324524
vt 0.0204038 0.325103
vt 0.0239402 0.325751
vt 0.0219127 0.325954
vt 0.0247193 0.341461
vt 0.023141 0.34162
vt 0.0253318 0.350048
vt 0.0235354 0.350229
vt 0.0239203 0.329378
vt 0.0224821 0.329523
vt 0.0267188 0.352979
vt 0.0232885 0.353323
vt 0.0229986 0.313413
vt 0.023239 0.318149
vt 0.0243198 0.33542
vt 0.0228115 0.335571
vt 0.0250256 0.345755
vt 0.0233382 0.345924
vt 0.0267188 0.317354
vt 0.0196782 0.318127
vt 0.0244288 0.313771
vt 0.0216445 0.314051
vt 0.0261696 0.324524
vt 0.0204038 0.325103
vt 0.0239402 0.325751
vt 0.0219127 0.325954
vt 0.0247193 0.341461
vt 0.023141 0.34162
vt 0.0253318 0.350048
vt 0.0235354 0.350229
vt 0.0239203 0.329378
vt 0.0224821 0.329523
vt 0.0267188 0.352979
vt 0.0232885 0.353323
vt 0.0229986 0.313413
vt 0.023239 0.318149
vt 0.0243198 0.33542
vt 0.0228115 0.335571
vt 0.0250256 0.345755
vt 0.0233382 0.345924
vt 0.0267188 0.317354
vt 0.0196782 0.318127
vt 0.0244288 0.313771
vt 0.0216445 0.314051
vt 0.0261696 0.324524
vt 0.0204038 0.325103
vt 0.0239402 0.325751
vt 0.0219127 0.325954
vt 0.0247193 0.341461
vt 0.023141 0.34162
vt 0.0253318 0.350048
vt 0.0235354 0.350229
vt 0.0239203 0.329378
vt 0.0224821 0.329523
vt 0.0267188 0.352979
vt 0.0232885 0.353323
vt 0.0229986 0.313413
vt 0.023239 0.318149
vt 0.0243198 0.33542
vt 0.0228115 0.335571
vt 0.0250256 0.345755
vt 0.0233382 0.345924
vt 0.0267188 0.317354
vt 0.0196782 0.318127
vt 0.0244288 0.313771
vt 0.0216445 0.314051
vt 0.0261696 0.324524
vt 0.0204038 0.325103
vt 0.0239402 0.325751
vt 0.0219127 0.325954
vt 0.0247193 0.341461
vt 0.023141 0.34162
vt 0.0253318 0.350048
vt 0.0235354 0.350229
vt 0.0239203 0.329378
vt 0.0224821 0.329523
vt 0.0267188 0.352979
vt 0.0232885 0.353323
vt 0.0229986 0.313413
vt 0.023239 0.318149
vt 0.0243198 0.33542
vt 0.0228115 0.335571
vt 0.0250256 0.345755
vt 0.0233382 0.345924
vt 0.0267188 0.317354
vt 0.0196782 0.318127
vt 0.0244288 0.313771
vt 0.0216445 0.314051
vt 0.0261696 0.324524
vt 0.0204038 0.325103
vt 0.0239402 0.325751
vt 0.0219127 0.325954
vt 0.0247193 0.341461
vt 0.023141 0.34162
vt 0.0253318 0.350048
vt 0.0235354 0.350229
vt 0.0239203 0.329378
vt 0.0224821 0.329523
vt 0.0267188 0.352979
vt 0.0232885 0.353323
vt 0.0229986 0.313413
vt 0.023239 0.318149
vt 0.0243198 0.33542
vt 0.0228115 0.335571
vt 0.0250256 0.345755
vt 0.0233382 0.345924
vt 0.0267188 0.317354
vt 0.0196782 0.318127
vt 0.0244288 0.313771
vt 0.0216445 0.314051
vt 0.0261696 0.324524
vt 0.0204038 0.325103
vt 0.0239402 0.325751
vt 0.0219127 0.325954
vt 0.0247193 0.341461
vt 0.023141 0.34162
vt 0.0253318 0.350048
vt 0.0235354 0.350229
vt 0.0239203 0.329378
vt 0.0224821 0.329523
vt 0.0267188 0.352979
vt 0.0232885 0.353323
vt 0.0229986 0.313413
vt 0.023239 0.318149
vt 0.0243198 0.33542
vt 0.0228115 0.335571
vt 0.0250256 0.345755
vt 0.0233382 0.345924
vt 0.0267188 0.317354
vt 0.0196782 0.318127
vt 0.0244288 0.313771
vt 0.0216445 0.314051
vt 0.0261696 0.324524
vt 0.0204038 0.325103
vt 0.0239402 0.325751
vt 0.0219127 0.325954
vt 0.0247193 0.341461
vt 0.023141 0.34162
vt 0.0253318 0.350048
vt 0.0235354 0.350229
vt 0.0239203 0.329378
vt 0.0224821 0.329523
vt 0.0267188 0.352979
vt 0.0232885 0.353323
vt 0.0229986 0.313413
vt 0.023239 0.318149
vt 0.0243198 0.33542
vt 0.0228115 0.335571
vt 0.0250256 0.345755
vt 0.0233382 0.345924
vt 0.0267188 0.317354
vt 0.0196782 0.318127
vt 0.0244288 0.313771
vt 0.0216445 0.314051
vt 0.0261696 0.324524
vt 0.0204038 0.325103
vt 0.0239402 0.325751
vt 0.0219127 0.325954
vt 0.0247193 0.341461
vt 0.023141 0.34162
vt 0.0253318 0.350048
vt 0.0235354 0.350229
vt 0.0239203 0.329378
vt 0.0224821 0.329523
vt 0.0267188 0.352979
vt 0.0232885 0.353323
vt 0.0229986 0.313413
vt 0.023239 0.318149
vt 0.0243198 0.33542
vt 0.0228115 0.335571
vt 0.0250256 0.345755
vt 0.0233382 0.345924
vt 0.0267188 0.317354
vt 0.0196782 0.318127
vt 0.0244288 0.313771
vt 0.0216445 0.314051
vt 0.0261696 0.324524
vt 0.0204038 0.325103
vt 0.0239402 0.325751
vt 0.0219127 0.325954
vt 0.0247193 0.341461
vt 0.023141 0.34162
vt 0.0253318 0.350048
vt 0.0235354 0.350229
vt 0.0239203 0.329378
vt 0.0224821 0.329523
vt 0.0267188 0.352979
vt 0.0232885 0.353323
vt 0.0229986 0.313413
vt 0.023239 0.318149
vt 0.0243198 0.33542
vt 0.0228115 0.335571
vt 0.0250256 0.345755
vt 0.0233382 0.345924
vt 0.0267188 0.317354
vt 0.0196782 0.318127
vt 0.0244288 0.313771
vt 0.0216445 0.314051
vt 0.0261696 0.324524
vt 0.0204038 0.325103
vt 0.0239402 0.325751
vt 0.0219127 0.325954
vt 0.0247193 0.341461
vt 0.023141 0.34162
vt 0.0253318 0.350048
vt 0.0235354 0.350229
vt 0.0239203 0.329378
vt 0.0224821 0.329523
vt 0.0267188 0.352979
vt 0.0232885 0.353323
vt 0.0229986 0.313413
vt 0.023239 0.318149
vt 0.0243198 0.33542
vt 0.0228115 0.335571
vt 0.0250256 0.345755
vt 0.0233382 0.345924
vt 0.0267188 0.317354
vt 0.0196782 0.318127
vt 0.0244288 0.313771
vt 0.0216445 0.314051
vt 0.0261696 0.324524
vt 0.0204038 0.325103
vt 0.0239402 0.325751
vt 0.0219127 0.325954
vt 0.0247193 0.341461
vt 0.023141 0.34162
vt 0.0253318 0.350048
vt 0.0235354 0.350229
vt 0.0239203 0.329378
vt 0.0224821 0.329523
vt 0.0267188 0.352979
vt 0.0232885 0.353323
vt 0.0229986 0.313413
vt 0.023239 0.318149
vt 0.0243198 0.33542
vt 0.0228115 0.335571
vt 0.0250256 0.345755
vt 0.0233382 0.345924
vt 0.0267188 0.317354
vt 0.0196782 0.318127
vt 0.0244288 0.313771
vt 0.0216445 0.314051
vt 0.0261696 0.324524
vt 0.0204038 0.325103
vt 0.0239402 0.325751
vt 0.0219127 0.325954
vt 0.0247193 0.341461
vt 0.023141 0.34162
vt 0.0253318 0.350048
vt 0.0235354 0.350229
vt 0.0239203 0.329378
vt 0.0224821 0.329523
vt 0.0267188 0.352979
vt 0.0232885 0.353323
vt 0.0229986 0.313413
vt 0.023239 0.318149
vt 0.0243198 0.33542
vt 0.0228115 0.335571
vt 0.0250256 0.345755
vt 0.0233382 0.345924
vt 0.0267188 0.317354
vt 0.0196782 0.318127
vt 0.0244288 0.313771
vt 0.0216445 0.314051
vt 0.0261696 0.324524
vt 0.0204038 0.325103
vt 0.0239402 0.325751
vt 0.0219127 0.325954
vt 0.0247193 0.341461
vt 0.023141 0.34162
vt 0.0253318 0.350048
vt 0.0235354 0.350229
vt 0.0239203 0.329378
vt 0.0224821 0.329523
vt 0.0267188 0.352979
vt 0.0232885 0.353323
vt 0.0229986 0.313413
vt 0.023239 0.318149
vt 0.0243198 0.33542
vt 0.0228115 0.335571
vt 0.0250256 0.345755
vt 0.0233382 0.345924
vt 0.0267188 0.317354
vt 0.0196782 0.318127
vt 0.0244288 0.313771
vt 0.0216445 0.314051
vt 0.0261696 0.324524
vt 0.0204038 0.325103
vt 0.0239402 0.325751
vt 0.0219127 0.325954
vt 0.0247193 0.341461
vt 0.023141 0.34162
vt 0.0253318 0.350048
vt 0.0235354 0.350229
vt 0.0239203 0.329378
vt 0.0224821 0.329523
vt 0.0267188 0.352979
vt 0.0232885 0.353323
vt 0.0229986 0.313413
vt 0.023239 0.318149
vt 0.0243198 0.33542
vt 0.0228115 0.335571
vt 0.0250256 0.345755
vt 0.0233382 0.345924
vt 0.0267188 0.317354
vt 0.0196782 0.318127
vt 0.0244288 0.313771
vt 0.0216445 0.314051
vt 0.0261696 0.324524
vt 0.0204038 0.325103
vt 0.0239402 0.325751
vt 0.0219127 0.325954
vt 0.0247193 0.341461
vt 0.023141 0.34162
vt 0.0253318 0.350048
vt 0.0235354 0.350229
vt 0.0239203 0.329378
vt 0.0224821 0.329523
vt 0.0267188 0.352979
vt 0.0232885 0.353323
vt 0.0229986 0.313413
vt 0.023239 0.318149
vt 0.0243198 0.33542
vt 0.0228115 0.335571
vt 0.0250256 0.345755
vt 0.0233382 0.345924
vt 0.0267188 0.317354
vt 0.0196782 0.318127
vt 0.0244288 0.313771
vt 0.0216445 0.314051
vt 0.0261696 0.324524
vt 0.0204038 0.325103
vt 0.0239402 0.325751
vt 0.0219127 0.325954
vt 0.0247193 0.341461
vt 0.023141 0.34162
vt 0.0253318 0.350048
vt 0.0235354 0.350229
vt 0.0239203 0.329378
vt 0.0224821 0.329523
vt 0.0267188 0.352979
vt 0.0232885 0.353323
vt 0.0229986 0.313413
vt 0.023239 0.318149
vt 0.0243198 0.33542
vt 0.0228115 0.335571
vt 0.0250256 0.345755
vt 0.0233382 0.345924
vt 0.0267188 0.317354
vt 0.0196782 0.318127
vt 0.0244288 0.313771
vt 0.0216445 0.314051
vt 0.0261696 0.324524
vt 0.0204038 0.325103
vt 0.0239402 0.325751
vt 0.0219127 0.325954
vt 0.0247193 0.341461
vt 0.023141 0.34162
vt 0.0253318 0.350048
vt 0.0235354 0.350229
vt 0.0239203 0.329378
vt 0.0224821 0.329523
vt 0.0267188 0.352979
vt 0.0232885 0.353323
vt 0.0229986 0.313413
vt 0.023239 0.318149
vt 0.0243198 0.33542
vt 0.0228115 0.335571
vt 0.0250256 0.345755
vt 0.0233382 0.345924
vt 0.0267188 0.317354
vt 0.0196782 0.318127
vt 0.0244288 0.313771
vt 0.0216445 0.314051
vt 0.0261696 0.324524
vt 0.0204038 0.325103
vt 0.0239402 0.325751
vt 0.0219127 0.325954
vt 0.0247193 0.341461
vt 0.023141 0.34162
vt 0.0253318 0.350048
vt 0.0235354 0.350229
vt 0.0239203 0.329378
vt 0.0224821 0.329523
vt 0.0267188 0.352979
vt 0.0232885 0.353323
vt 0.0229986 0.313413
vt 0.023239 0.318149
vt 0.0243198 0.33542
vt 0.0228115 0.335571
vt 0.0250256 0.345755
vt 0.0233382 0.345924
vt 0.0267188 0.317354
vt 0.0196782 0.318127
vt 0.0244288 0.313771
vt 0.0216445 0.314051
vt 0.0261696 0.324524
vt 0.0204038 0.325103
vt 0.0239402 0.325751
vt 0.0219127 0.325954
vt 0.0247193 0.341461
vt 0.023141 0.34162
vt 0.0253318 0.350048
vt 0.0235354 0.350229
vt 0.0239203 0.329378
vt 0.0224821 0.329523
vt 0.0267188 0.352979
vt 0.0232885 0.353323
vt 0.0229986 0.313413
vt 0.023239 0.318149
vt 0.0243198 0.33542
vt 0.0228115 0.335571
vt 0.0250256 0.345755
vt 0.0233382 0.345924
vt 0.0267188 0.317354
vt 0.0196782 0.318127
vt 0.0244288 0.313771
vt 0.0216445 0.314051
vt 0.0261696 0.324524
vt 0.0204038 0.325103
vt 0.0239402 0.325751
vt 0.0219127 0.325954
vt 0.0247193 0.341461
vt 0.023141 0.34162
vt 0.0253318 0.350048
vt 0.0235354 0.350229
vt 0.0239203 0.329378
vt 0.0224821 0.329523
vt 0.0267188 0.352979
vt 0.0232885 0.353323
vt 0.0229986 0.313413
vt 0.023239 0.318149
vt 0.0243198 0.33542
vt 0.0228115 0.335571
vt 0.0250256 0.345755
vt 0.0233382 0.345924
vt 0.0267188 0.317354
vt 0.0196782 0.318127
vt 0.0244288 0.313771
vt 0.0216445 0.314051
vt 0.0261696 0.324524
vt 0.0204038 0.325103
vt 0.0239402 0.325751
vt 0.0219127 0.325954
vt 0.0247193 0.341461
vt 0.023141 0.34162
vt 0.0253318 0.350048
vt 0.0235354 0.350229
vt 0.0239203 0.329378
vt 0.0224821 0.329523
vt 0.0267188 0.352979
vt 0.0232885 0.353323
vt 0.0229986 0.313413
vt 0.023239 0.318149
vt 0.0243198 0.33542
vt 0.0228115 0.335571
vt 0.0250256 0.345755
vt 0.0233382 0.345924
vt 0.0267188 0.317354
vt 0.0196782 0.318127
vt 0.0244288 0.313771
vt 0.0216445 0.314051
vt 0.0261696 0.324524
vt 0.0204038 0.325103
vt 0.0239402 0.325751
vt 0.0219127 0.325954
vt 0.0247193 0.341461
vt 0.023141 0.34162
vt 0.0253318 0.350048
vt 0.0235354 0.350229
vt 0.0239203 0.329378
vt 0.0224821 0.329523
vt 0.0267188 0.352979
vt 0.0232885 0.353323
vt 0.0229986 0.313413
vt 0.023239 0.318149
vt 0.0243198 0.33542
vt 0.0228115 0.335571
vt 0.0250256 0.345755
vt 0.0233382 0.345924
vt 0.0267188 0.317354
vt 0.0196782 0.318127
vt 0.0244288 0.313771
vt 0.0216445 0.314051
vt 0.0261696 0.324524
vt 0.0204038 0.325103
vt 0.0239402 0.325751
vt 0.0219127 0.325954
vt 0.0247193 0.341461
vt 0.023141 0.34162
vt 0.0253318 0.350048
vt 0.0235354 0.350229
vt 0.0239203 0.329378
vt 0.0224821 0.329523
vt 0.0267188 0.352979
vt 0.0232885 0.353323
vt 0.0229986 0.313413
vt 0.023239 0.318149
vt 0.0243198 0.33542
vt 0.0228115 0.335571
vt 0.0250256 0.345755
vt 0.0233382 0.345924
vt 0.0267188 0.317354
vt 0.0196782 0.318127
vt 0.0244288 0.313771
vt 0.0216445 0.314051
vt 0.0261696 0.324524
vt 0.0204038 0.325103
vt 0.0239402 0.325751
vt 0.0219127 0.325954
vt 0.0247193 0.341461
vt 0.023141 0.34162
vt 0.0253318 0.350048
vt 0.0235354 0.350229
vt 0.0239203 0.329378
vt 0.0224821 0.329523
vt 0.0267188 0.352979
vt 0.0232885 0.353323
vt 0.0229986 0.313413
vt 0.023239 0.318149
vt 0.0243198 0.33542
vt 0.0228115 0.335571
vt 0.0250256 0.345755
vt 0.0233382 0.345924
vt 0.0267188 0.317354
vt 0.0196782 0.318127
vt 0.0244288 0.313771
vt 0.0216445 0.314051
vt 0.0261696 0.324524
vt 0.0204038 0.325103
vt 0.0239402 0.325751
vt 0.0219127 0.325954
vt 0.0247193 0.341461
vt 0.023141 0.34162
vt 0.0253318 0.350048
vt 0.0235354 0.350229
vt 0.0239203 0.329378
vt 0.0224821 0.329523
vt 0.0267188 0.352979
vt 0.0232885 0.353323
vt 0.0229986 0.313413
vt 0.023239 0.318149
vt 0.0243198 0.33542
vt 0.0228115 0.335571
vt 0.0250256 0.345755
vt 0.0233382 0.345924
vt 0.0267188 0.317354
vt 0.0196782 0.318127
vt 0.0244288 0.313771
vt 0.0216445 0.314051
vt 0.0261696 0.324524
vt 0.0204038 0.325103
vt 0.0239402 0.325751
vt 0.0219127 0.325954
vt 0.0247193 0.341461
vt 0.023141 0.34162
vt 0.0253318 0.350048
vt 0.0235354 0.350229
vt 0.0239203 0.329378
vt 0.0224821 0.329523
vt 0.0267188 0.352979
vt 0.0232885 0.353323
vt 0.0229986 0.313413
vt 0.023239 0.318149
vt 0.0243198 0.33542
vt 0.0228115 0.335571
vt 0.0250256 0.345755
vt 0.0233382 0.345924
vt 0.0267188 0.317354
vt 0.0196782 0.318127
vt 0.0244288 0.313771
vt 0.0216445 0.314051
vt 0.0261696 0.324524
vt 0.0204038 0.325103
vt 0.0239402 0.325751
vt 0.0219127 0.325954
vt 0.0247193 0.341461
vt 0.023141 0.34162
vt 0.0253318 0.350048
vt 0.0235354 0.350229
vt 0.0239203 0.329378
vt 0.0224821 0.329523
vt 0.0267188 0.352979
vt 0.0232885 0.353323
vt 0.0229986 0.313413
vt 0.023239 0.318149
vt 0.0243198 0.33542
vt 0.0228115 0.335571
vt 0.0250256 0.345755
vt 0.0233382 0.345924
vt 0.0267188 0.317354
vt 0.0196782 0.318127
vt 0.0244288 0.313771
vt 0.0216445 0.314051
vt 0.0261696 0.324524
vt 0.0204038 0.325103
vt 0.0239402 0.325751
vt 0.0219127 0.325954
vt 0.0247193 0.341461
vt 0.023141 0.34162
vt 0.0253318 0.350048
vt 0.0235354 0.350229
vt 0.0239203 0.329378
vt 0.0224821 0.329523
vt 0.0267188 0.352979
vt 0.0232885 0.353323
vt 0.0229986 0.313413
vt 0.023239 0.318149
vt 0.0243198 0.33542
vt 0.0228115 0.335571
vt 0.0250256 0.345755
vt 0.0233382 0.345924
vt 0.0267188 0.317354
vt 0.0196782 0.318127
vt 0.0244288 0.313771
vt 0.0216445 0.314051
vt 0.0261696 0.324524
vt 0.0204038 0.325103
vt 0.0239402 0.325751
vt 0.0219127 0.325954
vt 0.0247193 0.341461
vt 0.023141 0.34162
vt 0.0253318 0.350048
vt 0.0235354 0.350229
vt 0.0239203 0.329378
vt 0.0224821 0.329523
vt 0.0267188 0.352979
vt 0.0232885 0.353323
vt 0.0229986 0.313413
vt 0.023239 0.318149
vt 0.0243198 0.33542
vt 0.0228115 0.335571
vt 0.0250256 0.345755
vt 0.0233382 0.345924
vt 0.670048 0.0843212
vt 0.66137 0.0880399
vt 0.679776 0.0514037
vt 0.673218 0.0511251
vt 0.657154 0.0772329
vt 0.666177 0.0557238
vt 0.661766 0.0636982
vt 0.66836 0.0652498
vt 0.676481 0.0675445
vt 0.673264 0.0759329
vt 0.65946 0.0704656
vt 0.664865 0.0766448
vt 0.670048 0.0843212
vt 0.66137 0.0880399
vt 0.679776 0.0514037
vt 0.673218 0.0511251
vt 0.657154 0.0772329
vt 0.666177 0.0557238
vt 0.661766 0.0636982
vt 0.66836 0.0652498
vt 0.676481 0.0675445
vt 0.670048 0.0843212
vt 0.66137 0.0880399
vt 0.679776 0.0514037
vt 0.673218 0.0511251
vt 0.657154 0.0772329
vt 0.666177 0.0557238
vt 0.661766 0.0636982
vt 0.66836 0.0652498
vt 0.676481 0.0675445
vt 0.54993 0.253003
vt 0.54624 0.244798
vt 0.54993 0.253003
vt 0.54624 0.244798
vt 0.500233 0.290467
vt 0.49564 0.282118
vt 0.500233 0.290467
vt 0.49564 0.282118
vt 0.484719 0.290811
vt 0.489763 0.299231
vt 0.489763 0.299231
vt 0.484719 0.290811
vn -0.447916 0.601022 -0.661924
vn 0.662712 0.743214 -0.0919017
vn -0.499675 0.40108 -0.767762
vn 0.805625 0.578718 -0.126704
vn -0.557519 0.241608 -0.794228
vn 0.908931 0.356812 -0.215707
vn -0.503382 0.165994 -0.84797
vn 0.915155 0.389881 -0.102395
vn -0.413211 0.160804 -0.896325
vn 0.890816 0.448608 0.0721013
vn 0.129704 0.875326 -0.465814
vn 0.226697 0.72219 -0.653491
vn 0.287399 0.503497 -0.814796
vn 0.289296 0.449594 -0.845088
vn 0.403007 0.511208 -0.759112
vn -0.385186 0.714073 -0.584578
vn 0.507198 0.859597 -0.0619998
vn 0.104903 0.920822 -0.375609
vn -0.315407 0.703915 -0.636414
vn 0.480028 0.873652 -0.0794047
vn 0.159601 0.917503 -0.364301
vn -0.384283 0.254089 -0.887561
vn 0.733365 0.62187 0.274687
vn 0.296203 0.744107 -0.598806
vn -0.529815 0.516214 -0.672919
vn 0.391597 0.822394 0.412697
vn -0.168707 0.984341 -0.0511021
vn -0.496605 0.867209 0.0365004
vn -0.130897 0.92318 0.361392
vn -0.306789 0.937367 0.164994
vn -0.185393 0.982062 0.0343987
vn 0.00680015 0.996922 0.0781017
vn -0.0374008 0.995121 0.0913019
vn -0.278789 0.901365 0.331387
vn -0.390687 0.91917 -0.0498984
vn -0.321593 0.900179 0.293693
vn -0.464708 0.884914 -0.0312005
vn -0.329288 0.891267 0.311789
vn 0.0591983 0.954373 0.292692
vn -0.279896 0.900688 0.332295
vn 0.0736022 0.889426 0.451113
vn -0.339915 0.888239 0.309014
vn 0.0591013 0.977122 0.204305
vn -0.335398 0.941095 -0.0429998
vn -0.326592 0.891379 0.314293
vn -0.403604 0.881409 0.245402
vn -0.508793 0.860888 0.00139998
vn -0.0413004 0.98521 0.166302
vn -0.1256 0.987396 0.0962996
vn -0.306713 0.949741 -0.0626027
vn -0.0786026 0.979532 0.185306
vn -0.153903 0.981417 0.114602
vn -0.292906 0.952018 0.0887017
vn -0.376019 0.917045 0.132807
vn -0.403219 0.902642 0.150507
vn -0.113803 0.925123 0.362209
vn -0.205394 0.909074 0.362489
vn -0.135096 0.949172 0.284292
vn -0.359011 0.927028 0.108303
vn -0.434981 0.882062 0.180992
vn 0.871372 0.459785 -0.171195
vn -0.546193 0.297396 -0.78309
vn 0.268406 0.617313 -0.739515
vn -0.276314 0.671833 0.687234
vn -0.179906 0.979334 -0.0924032
vn -0.139491 0.933342 0.330779
vn -0.367008 0.523812 0.768717
vn -0.474601 0.487901 0.732602
vn -0.3381 0.937601 -0.0812
vn -0.528495 0.843893 -0.0923992
vn 0.0349992 0.530788 -0.846781
vn -0.0301999 0.557098 -0.829897
vn -0.132804 0.490915 -0.861026
vn -0.257904 0.456707 -0.851413
vn -0.252503 0.559107 -0.78971
vn -0.59177 0.804959 -0.0429978
vn -0.458314 0.888628 -0.0170005
vn -0.431095 0.491195 0.756892
vn -0.285803 0.558506 0.778709
vn -0.159301 0.603605 0.781207
vn -0.242098 0.969791 0.0298997
vn -0.139402 0.605409 0.783612
vn -0.196294 0.977572 0.0762978
vn -0.1141 0.663302 -0.739602
vn -0.135801 0.655704 -0.742705
vn 0.0509028 0.946751 -0.317917
vn -0.118 0.9924 -0.0349
vn 0.274501 0.954503 -0.1165
vn 0.135796 0.985768 0.0990968
vn 0.176705 0.964326 0.197105
vn 0.279089 0.960262 -0.00269989
vn 0.100499 0.991691 0.0802993
vn 0.214106 0.971428 0.102403
vn 0.123602 0.978315 0.166202
vn 0.25699 0.958362 0.124495
vn 0.113195 0.953658 0.278788
vn -0.00319983 0.883153 0.469075
vn 0.249812 0.945246 0.21001
vn 0.156096 0.902375 0.401689
vn 0.105297 0.838275 0.534984
vn 0.217799 0.947896 0.232499
vn 0.195498 0.95299 0.231498
vn 0.142501 0.913609 0.380804
vn 0.228208 0.949733 0.214308
vn 0.150403 0.97452 0.166403
vn 0.115096 0.962771 0.244593
vn 0.236895 0.970579 -0.0430991
vn 0.233093 0.953373 0.191695
vn 0.406604 0.905609 -0.120601
vn 0.407407 0.910916 -0.0652012
vn 0.361094 0.897385 -0.253596
vn 0.404919 0.867241 -0.289714
vn 0.460498 0.887396 -0.0216999
vn 0.3827 0.8488 -0.3648
vn 0.787779 0.608384 -0.0962975
vn 0.246198 0.968292 0.0423996
vn 0.473975 0.866754 -0.155192
vn 0.803169 0.595477 0.0180993
vn 0.19761 0.96455 0.174909
vn 0.777815 0.581111 0.239404
vn 0.0929991 0.870892 0.482596
vn 0.7316 0.4373 0.523
vn 0.0169003 0.571809 0.820213
vn 0.683007 0.267903 0.679507
vn -0.00850023 0.309608 0.950826
vn 0.682714 0.142203 0.716715
vn -0.00370013 0.131305 0.991335
vn 0.774319 0.100802 0.624715
vn -0.0726012 0.165603 0.983517
vn 0.84888 0.132197 0.511788
vn 0.00840006 0.358202 0.933606
vn 0.836882 0.289294 0.46469
vn 0.726792 0.552994 0.407396
vn 0.141005 0.484717 0.863231
vn 0.132503 0.655116 0.743818
vn -0.753669 0.315687 0.576476
vn -0.829306 0.256002 0.496704
vn -0.642492 0.458494 0.613993
vn -0.636912 0.642012 0.426808
vn -0.630399 0.694398 0.346999
vn -0.0156009 0.803548 0.595036
vn -0.0989954 0.910457 0.401581
vn 0.557607 0.76561 0.320804
vn 0.527628 0.792942 0.304716
vn -0.795194 0.108899 0.596496
vn -0.690463 0.0361981 0.722461
vn -0.685302 0.1576 0.711002
vn -0.68291 0.298104 0.666909
vn -0.677458 0.512668 0.527467
vn -0.602494 0.735292 0.310397
vn -0.403594 0.901987 0.153398
vn -0.118205 0.992944 0.00950042
vn 0.280514 0.957047 -0.0733036
vn -0.274603 0.959709 -0.0596006
vn -0.0483984 0.997066 -0.059298
vn -0.0798959 0.994149 -0.0726963
vn -0.2467 0.967201 -0.0605001
vn 0.236111 0.968444 -0.0798036
vn 0.200106 0.97783 -0.0617019
vn 0.395009 0.911922 -0.111203
vn 0.390285 0.917764 -0.0733971
vn 0.426695 0.89379 -0.138098
vn 0.39771 0.902424 -0.165704
vn 0.451892 0.886084 -0.103198
vn 0.488975 0.853357 -0.180791
vn 0.463691 0.866383 -0.185396
vn 0.502784 0.850073 -0.156795
vn 0.395109 0.917321 -0.0491011
vn 0.414109 0.905119 -0.096302
vn 0.505101 0.849101 -0.1546
vn 0.157792 0.972748 0.169891
vn 0.118497 0.973579 0.195196
vn 0.287307 0.954322 0.0820019
vn -0.295906 0.95222 -0.0756016
vn -0.376898 0.924596 -0.0553998
vn -0.162305 0.986228 0.0318009
vn -0.4035 0.913301 -0.0554
vn -0.342682 0.938152 -0.0493975
vn -0.189199 0.981893 0.00949993
vn 0.224696 0.965583 0.130998
vn 0.178903 0.975919 0.124802
vn 0.0287993 0.994275 0.102897
vn -0.35969 0.932774 -0.0235993
vn 0.0290996 0.953087 -0.301296
vn 0.0397992 0.904181 0.425291
vn -0.21341 0.976748 0.020501
vn 0.299814 0.732135 -0.611629
vn 0.0690988 0.917284 0.392193
vn 0.337694 0.449692 -0.826886
vn 0.167001 0.985906 -0.0100001
vn 0.330599 0.404699 -0.852598
vn 0.461311 0.886721 -0.0303007
vn 0.448984 0.380086 -0.808671
vn 0.852136 0.523122 0.0144006
vn 0.570711 0.417808 -0.706913
vn 0.860664 0.508879 0.0172993
vn 0.47199 0.624187 -0.622588
vn 0.749539 0.659835 0.0530028
vn 0.3977 0.804199 -0.4417
vn 0.654196 0.742296 0.144999
vn 0.426173 0.814249 -0.394175
vn 0.475774 0.71756 -0.508672
vn 0.750916 0.625613 0.211504
vn 0.813107 0.573805 0.0980009
vn 0.683209 0.195703 0.70351
vn 0.635007 0.312204 0.706608
vn 0.673499 0.0319 0.738499
vn 0.616902 0.299801 0.727703
vn 0.634098 0.206399 0.745197
vn 0.439584 0.26549 0.858068
vn 0.123201 0.410703 0.903407
vn -0.173194 0.509981 0.842569
vn -0.116298 0.51099 0.851683
vn 0.0825993 0.435497 0.896393
vn -0.109504 0.718526 0.686825
vn -0.164801 0.958508 0.232602
vn -0.232002 0.865109 0.444704
vn -0.453114 0.863827 0.220207
vn -0.597416 0.797921 0.0801021
vn -0.445113 0.859224 0.252207
vn -0.397308 0.881918 0.253705
vn -0.536999 0.812299 0.2276
vn -0.372091 0.889178 0.266293
vn -0.427896 0.838693 0.336897
vn -0.349814 0.890636 0.290512
vn -0.294088 0.934363 0.201192
vn -0.395596 0.849491 0.349096
vn -0.358204 0.91591 0.181102
vn -0.257999 0.942396 0.212899
vn -0.415295 0.865589 0.279796
vn -0.236104 0.949314 0.207503
vn -0.192298 0.943891 0.268497
vn -0.436496 0.897391 0.0644994
vn -0.165704 0.956021 0.242005
vn -0.166904 0.94242 0.289806
vn -0.163503 0.970516 0.177103
vn -0.607606 0.793408 0.0363004
vn -0.378099 0.842597 0.383499
vn -0.614108 0.77601 0.143802
vn -0.187096 0.883381 0.429691
vn -0.243102 0.890106 0.385503
vn -0.485795 0.782692 0.389096
vn -0.139007 0.916044 0.376218
vn 0.33009 0.63998 0.693878
vn -0.164707 0.974544 0.152107
vn 0.144398 0.955186 0.258396
vn 0.504079 0.537178 0.676272
vn -0.101495 0.980049 0.170891
vn 0.449977 0.453777 0.76916
vn -0.288198 0.857893 0.425396
vn 0.304302 0.453303 0.837805
vn -0.468117 0.575321 0.670725
vn 0.268501 0.559403 0.784204
vn -0.551668 0.578466 0.600865
vn 0.356414 0.639025 0.681627
vn -0.514389 0.781583 0.352892
vn 0.29971 0.696823 0.651622
vn -0.342387 0.889467 0.302689
vn 0.224513 0.843748 0.487528
vn -0.271786 0.922353 0.274586
vn 0.189498 0.89809 0.396895
vn 0.155796 0.899278 0.40869
vn -0.249999 0.940995 0.228099
vn -0.332216 0.913043 0.236611
vn -0.656902 0.753903 -0.0105
vn -0.688673 0.720272 -0.0832967
vn -0.678814 0.733215 0.0401008
vn -0.801616 0.552611 -0.228105
vn -0.92595 0.308717 -0.217512
vn -0.992873 0.119097 -0.00429988
vn -0.947641 0.307313 -0.0868038
vn -0.785144 0.519129 -0.337719
vn -0.631381 0.582083 -0.512385
vn -0.607476 0.627475 -0.487081
vn -0.317104 0.869411 -0.378905
vn -0.131899 0.986891 0.0929992
vn -0.179502 0.906812 -0.381405
vn -0.100799 0.923589 -0.369896
vn 0.0225996 0.875884 -0.481991
vn -0.00949998 0.979298 -0.2022
vn -0.118602 0.910817 -0.395407
vn -0.130398 0.900385 -0.415093
vn -0.0493005 0.872509 -0.486105
vn -0.0818989 0.910288 -0.405794
vn -0.0217007 0.820928 -0.570619
vn 0.0984992 0.841693 -0.530896
vn 0.190999 0.876496 -0.441898
vn 0.247506 0.936022 -0.250206
vn 0.137094 0.932662 -0.333686
vn 0.182101 0.977506 -0.106401
vn 0.154805 0.985532 -0.0690023
vn 0.112497 0.99357 0.0127996
vn 0.143803 0.989322 -0.0237005
vn 0.200597 0.976386 0.0801988
vn 0.266196 0.963686 0.0211997
vn 0.320299 0.934098 0.1577
vn 0.188203 0.978216 -0.0876014
vn 0.365003 0.926509 0.0914009
vn 0.316502 0.936106 0.153401
vn 0.3132 0.948401 -0.0494001
vn 0.315311 0.942332 0.112204
vn 0.279306 0.951819 0.126603
vn 0.417597 0.905994 0.0691995
vn 0.261297 0.964989 0.0227997
vn -0.0811015 0.903517 -0.420808
vn -0.134897 0.880479 -0.454489
vn -0.109894 0.867653 -0.484874
vn -0.141399 0.863794 -0.483597
vn -0.160396 0.860979 -0.482688
vn -0.178799 0.871993 -0.455696
vn -0.1885 0.884 -0.4278
vn 0.915991 0.146499 0.373496
vn 0.289417 0.802648 0.521531
vn 0.837332 0.543121 0.0624024
vn 0.69419 0.297596 0.655391
vn -0.132694 0.707868 0.693769
vn 0.529221 0.294512 0.795731
vn -0.323894 0.391293 0.861384
vn 0.4579 0.2331 0.8579
vn -0.244304 0.267704 0.932014
vn -0.946748 0.104394 0.304583
vn -0.935622 0.308207 0.172104
vn -0.757063 0.637569 0.142693
vn -0.335109 0.921524 0.196205
vn 0.224703 0.974414 0.00500007
vn 0.621846 0.762756 0.177513
vn 0.344102 0.936206 -0.0715005
vn 0.364016 0.92414 -0.116005
vn 0.299606 0.924819 -0.234405
vn 0.538095 0.838392 -0.0868992
vn 0.324605 0.940014 -0.104902
vn 0.291308 0.950626 -0.107003
vn 0.2355 0.953001 -0.1906
vn 0.298816 0.94775 -0.111706
vn 0.157303 0.956419 -0.246005
vn 0.298786 0.903358 -0.307686
vn 0.453921 0.831439 -0.320415
vn 0.644925 0.719628 -0.25731
vn 0.520816 0.821226 -0.233107
vn 0.701223 0.698123 -0.144605
vn 0.720867 0.685468 -0.102395
vn 0.73599 0.675991 -0.0367995
vn 0.716495 0.692295 -0.0857994
vn 0.781815 0.617212 -0.0884017
vn 0.790602 0.594001 -0.1487
vn 0.864936 0.48622 -0.124405
vn 0.716224 0.683723 -0.139805
vn 0.855227 0.482715 -0.188606
vn 0.866701 0.484401 -0.1191
vn 0.78142 0.583215 -0.221906
vn 0.853864 0.499279 -0.147094
vn 0.847537 0.520023 -0.106105
vn 0.861601 0.444101 -0.2458
vn 0.803913 0.580409 -0.129802
vn 0.270209 0.954731 -0.124404
vn 0.227705 0.962722 -0.146003
vn 0.166706 0.972237 -0.164206
vn 0.192793 0.964664 -0.179593
vn 0.208597 0.959586 -0.188897
vn 0.244289 0.959456 -0.140594
vn 0.284294 0.953581 -0.099298
vn -0.635397 0.707097 -0.310299
vn 0.130205 0.896435 -0.423617
vn -0.213507 0.962631 -0.166605
vn -0.802787 0.562291 -0.198397
vn -0.00959984 0.893885 -0.448193
vn -0.907076 0.36299 -0.213194
vn -0.106501 0.886806 -0.449703
vn -0.869159 0.318722 -0.378126
vn -0.121196 0.550981 -0.825671
vn -0.779324 0.350811 -0.519216
vn -0.0389994 0.367295 -0.929287
vn -0.746199 0.295999 -0.596299
vn -0.0551988 0.191296 -0.979979
vn -0.72361 0.259403 -0.639609
vn -0.00849989 0.202297 -0.979287
vn -0.591312 0.49901 -0.633513
vn -0.057503 0.491026 -0.869245
vn -0.489778 0.723368 -0.486678
vn -0.572105 0.718906 -0.394803
vn 0.0636027 0.573924 -0.816435
vn -0.0217002 0.627507 -0.778309
vn 0.554113 0.194005 -0.809519
vn 0.609218 0.153405 -0.778023
vn 0.673386 0.095598 -0.733084
vn 0.664417 -0.0431011 -0.746119
vn 0.696519 -0.00520014 -0.71752
vn 0.739797 0.1251 -0.661098
vn 0.790107 0.270602 -0.550005
vn 0.798873 0.480684 -0.361588
vn 0.741723 0.603318 -0.293009
vn 0.729884 0.580788 -0.360492
vn 0.468177 0.831659 -0.298585
vn 0.0059001 0.966816 -0.255404
vn 0.245508 0.942632 -0.226208
vn 0.0753009 0.996611 0.0331004
vn -0.0140997 0.97458 0.223595
vn 0.104901 0.994309 0.0186002
vn 0.0919034 0.995237 -0.0325012
vn 0.110795 0.986053 0.124194
vn 0.096901 0.993411 -0.0612007
vn 0.187208 0.982241 -0.0125005
vn 0.115203 0.989427 -0.0881024
vn 0.00879982 0.99158 -0.129197
vn 0.1899 0.9806 -0.0486
vn 0.00659988 0.998183 -0.059899
vn 0.0112001 0.985808 -0.167501
vn 0.123794 0.992148 -0.0177991
vn 0.000199994 0.98217 -0.187994
vn 0.0511987 0.968976 -0.241794
vn -0.0845032 0.995237 0.0486018
vn 0.0179002 0.964711 -0.262703
vn 0.0668993 0.96059 -0.269797
vn -0.0478009 0.966519 -0.252105
vn -0.0525969 0.967744 0.246386
vn 0.220995 0.97268 -0.0710985
vn 0.0549985 0.971873 0.228994
vn 0.218402 0.938108 -0.268802
vn 0.185296 0.960179 -0.209096
vn 0.261793 0.964074 0.0449988
vn 0.150297 0.939179 -0.308793
vn 0.841323 0.466813 -0.272508
vn 0.575725 -0.508323 0.640428
vn 0.812609 0.465405 -0.350804
vn 0.628722 -0.468017 0.621022
vn 0.764413 0.474208 -0.436807
vn 0.685476 -0.28739 0.668977
vn 0.81395 0.390924 -0.429726
vn 0.759286 -0.0492991 0.648888
vn 0.923711 0.172202 -0.342204
vn 0.868039 0.261712 0.421919
vn 0.988588 0.129598 -0.0767991
vn 0.837107 0.255502 0.483704
vn 0.792283 0.570188 -0.217195
vn 0.816172 -0.0057998 -0.57778
vn 0.754332 0.396117 -0.523522
vn 0.722044 0.580255 0.376771
vn 0.492018 0.358313 0.793429
vn 0.522425 0.184709 0.832439
vn 0.972708 -0.00780006 0.231902
vn 0.977881 -0.0332993 0.206496
vn 0.986321 0.0388008 0.160203
vn 0.969254 0.138608 0.203311
vn 0.953998 0.211399 0.212599
vn 0.915716 0.316005 -0.248204
vn 0.804981 0.181096 -0.564987
vn 0.795304 0.403402 0.452502
vn 0.513509 0.247504 0.821614
vn 0.371289 0.685779 0.625981
vn -0.482612 0.80952 0.334308
vn 0.106499 0.921295 0.373998
vn 0.177394 0.529783 0.829374
vn -0.369796 0.188498 0.909791
vn -0.815255 0.54157 0.205089
vn -0.946223 0.293907 0.135203
vn -0.86852 0.200005 -0.45351
vn -0.95028 0.293694 -0.103498
vn -0.735776 0.159895 -0.658078
vn -0.639703 0.168601 -0.749903
vn -0.578521 0.337812 -0.742426
vn -0.965384 0.244996 0.0894985
vn -0.849036 0.522722 0.0768033
vn -0.507511 0.120203 0.853219
vn -0.439608 0.358106 0.823714
vn -0.389314 0.445816 0.806029
vn -0.706352 0.704352 0.0703952
vn -0.411193 0.404093 0.817086
vn -0.775031 0.618025 0.131805
vn -0.578789 0.377793 -0.722686
vn -0.548605 0.429204 -0.717507
vn -0.470606 0.882312 0.0075001
vn -0.266917 0.917259 0.295619
vn -0.194493 0.964267 -0.179894
vn -0.0369013 0.998835 0.0311011
vn 0.0781033 0.996743 0.0201009
vn -0.0846009 0.985911 -0.144302
vn -0.0644028 0.995844 0.0644028
vn -0.0008 0.999 -0.0447
vn 0.0341015 0.997143 0.0674029
vn 0.035001 0.996228 -0.0794022
vn 0.147505 0.983036 0.109004
vn 0.301702 0.914105 0.270902
vn 0.115402 0.992216 -0.0468007
vn 0.27439 0.956663 0.0974963
vn 0.394998 0.900896 0.179899
vn 0.126405 0.991937 -0.00910034
vn 0.117906 0.992951 0.0121006
vn 0.24879 0.962861 0.104896
vn 0.112099 0.993395 -0.0244999
vn 0.0396982 0.998556 0.0361984
vn 0.104497 0.990168 0.092997
vn -0.130498 0.984988 -0.112999
vn 0.0918027 0.99513 -0.0359011
vn -0.141605 0.941633 -0.305411
vn -0.0901003 0.953503 -0.287601
vn -0.278798 0.910093 -0.306598
vn -0.294511 0.883934 -0.363214
vn -0.0294011 0.944736 -0.326512
vn -0.368704 0.85321 -0.368904
vn 0.47408 0.283288 0.833664
vn -0.650505 -0.451804 0.610505
vn 0.557398 0.247499 0.792497
vn -0.682815 -0.294706 0.668515
vn 0.653126 0.191908 0.732529
vn -0.601887 -0.0356992 0.797783
vn 0.580809 0.335005 0.741911
vn -0.6004 0.2307 0.7657
vn 0.338013 -0.0713028 0.938437
vn -0.40319 -0.0579985 0.913277
vn 0.0214006 -0.33231 0.942927
vn -0.523084 -0.144896 0.839874
vn 0.18191 0.18291 0.966154
vn 0.525987 -0.372291 0.764681
vn 0.486825 0.0282014 0.873044
vn -0.406786 0.244592 0.88017
vn -0.813602 0.1542 0.560601
vn -0.851916 -0.0392007 0.52221
vn -0.0967026 -0.0995027 0.990327
vn -0.125703 -0.126103 0.984021
vn -0.0551014 -0.0105003 0.998426
vn 0.00649974 0.277989 0.960562
vn -0.203409 -0.0633029 0.977045
vn 0.197109 -0.109505 0.974247
vn 0.519504 -0.194202 0.832107
vn -0.489406 0.0447005 0.87091
vn -0.842142 0.0299015 0.538427
vn 0.669698 0.211099 0.711998
vn -0.618802 0.0853002 0.780902
vn 0.0407987 0.139595 0.989368
vn 0.4755 0.2884 0.831099
vn -0.560115 0.0935024 0.823121
vn -0.0341988 0.311389 0.949667
vn 0.501197 -0.714195 0.488597
vn 0.501223 -0.714433 0.488222
vn 0.544467 -0.641361 0.540567
vn 0.532817 -0.706222 0.466215
vn 0.561386 -0.685583 0.463488
vn 0.533397 -0.705796 0.466197
vn 0.561386 -0.685583 0.463488
vn 0.544869 -0.640764 0.540869
vn 0.735789 -0.300496 0.606891
vn 0.709885 -0.389092 0.587087
vn 0.620082 0.442287 0.647981
vn 0.62001 0.443807 0.647011
vn 0.623205 0.493604 0.606605
vn 0.622596 0.494997 0.606096
vn 0.628717 0.481013 0.611017
vn 0.628717 0.481013 0.611017
vn 0.563284 -0.125496 -0.816677
vn 0.559489 -0.133697 -0.817984
vn 0.566508 -0.212403 -0.796212
vn 0.572174 -0.0825962 -0.815963
vn 0.549676 -0.111795 -0.827864
vn 0.572992 -0.0815989 -0.815489
vn 0.549676 -0.111795 -0.827864
vn 0.570172 -0.21289 -0.793462
vn 0.575001 -0.1557 -0.803201
vn 0.57359 -0.160397 -0.803286
vn 0.714286 -0.0281994 -0.699286
vn 0.713324 -0.0209007 -0.700523
vn 0.707212 0.0164003 -0.706812
vn 0.707315 0.0161003 -0.706715
vn 0.706437 0.018401 -0.707537
vn 0.706437 0.018401 -0.707537
vn -0.776519 0.509212 0.371109
vn -0.759491 0.521994 0.388195
vn -0.328587 0.800968 -0.50048
vn -0.1661 0.919799 -0.3555
vn -0.768132 0.515621 0.379616
vn -0.660409 0.75041 -0.0273004
vn -0.673468 0.707566 0.21399
vn -0.637994 0.751893 -0.166198
vn -0.42821 0.903621 0.0103002
vn -0.549516 0.769422 -0.325609
vn -0.288003 0.949211 -0.126701
vn -0.242198 0.872192 -0.424996
vn -0.419387 0.787976 -0.450786
vn -0.190292 0.943958 -0.269688
vn -0.719998 0.670998 0.1771
vn -0.537888 0.839382 0.0781983
vn -0.604891 0.795788 0.0287996
vn -0.545906 0.83451 -0.0747009
vn -0.4286 0.874201 -0.2282
vn -0.301505 0.879415 -0.368406
vn -0.710675 0.667877 0.221092
vn -0.351886 0.745171 0.566478
vn -0.337103 0.749607 0.569605
vn -0.271907 0.796321 -0.540314
vn -0.0424999 0.870799 -0.489799
vn -0.344603 0.747407 0.568006
vn -0.378877 0.925444 0.00249985
vn -0.300284 0.902452 0.308884
vn -0.415602 0.896104 -0.155801
vn -0.108799 0.988092 -0.108799
vn -0.403491 0.86378 -0.301793
vn -0.048701 0.96812 -0.245705
vn -0.152002 0.842009 -0.517606
vn -0.333613 0.825131 -0.455917
vn -0.0303 0.917102 -0.397501
vn -0.359285 0.880064 0.310487
vn -0.196895 0.980173 0.0221994
vn -0.292811 0.955836 0.0253009
vn -0.267499 0.954897 -0.1289
vn -0.230611 0.933844 -0.273413
vn -0.1817 0.882202 -0.434401
vn -0.3351 0.875599 0.3479
vn 0.213493 0.90027 0.379387
vn 0.233703 0.899812 0.368405
vn -0.41551 0.734218 -0.536913
vn -0.267606 0.742216 -0.614413
vn 0.223197 0.900089 0.374196
vn -0.0651981 0.997872 0.00129996
vn 0.147203 0.979418 0.138103
vn -0.160603 0.983916 -0.0782013
vn 0.0184 0.979603 -0.200101
vn -0.272808 0.933526 -0.232606
vn -0.0736009 0.922011 -0.380104
vn -0.34491 0.74072 -0.576516
vn -0.387695 0.81189 -0.436494
vn -0.192393 0.799173 -0.56948
vn 0.0947028 0.977029 0.190906
vn 0.0620002 0.993204 -0.0985004
vn 0.0058999 0.999283 -0.0373994
vn -0.0680018 0.988726 -0.133404
vn -0.181098 0.931992 -0.313997
vn -0.298809 0.795725 -0.526816
vn 0.134995 0.970965 0.197493
vn 0.540789 0.835383 -0.098398
vn 0.548997 0.827496 -0.117699
vn -0.468711 0.773618 -0.42641
vn -0.377094 0.684789 -0.62359
vn 0.544635 0.831754 -0.107507
vn 0.0500987 0.949874 -0.308592
vn 0.333398 0.896493 -0.291798
vn -0.113599 0.945392 -0.305497
vn -0.00559979 0.823369 -0.567479
vn -0.252214 0.911349 -0.325317
vn -0.131605 0.766329 -0.628824
vn -0.423112 0.731621 -0.534515
vn -0.386401 0.840503 -0.379801
vn -0.275706 0.714416 -0.643114
vn 0.329803 0.917309 -0.223102
vn 0.107503 0.876624 -0.469013
vn 0.0899025 0.919025 -0.38381
vn -0.0551993 0.896988 -0.438594
vn -0.191603 0.853715 -0.484209
vn -0.3421 0.781601 -0.521601
vn 0.362511 0.901628 -0.235907
vn 0.602723 0.713027 -0.358214
vn 0.596394 0.707692 -0.378796
vn -0.552125 0.833337 -0.0266012
vn -0.631007 0.765509 -0.125801
vn 0.599584 0.710381 -0.36859
vn 0.111103 0.954423 -0.277007
vn 0.353898 0.847595 -0.395398
vn -0.0451992 0.980783 -0.189797
vn -0.131092 0.908244 -0.397376
vn -0.295012 0.95294 -0.0698029
vn -0.417121 0.851843 -0.316816
vn -0.601404 0.794205 -0.0869006
vn -0.517901 0.855302 0.0154
vn -0.618692 0.76069 -0.196397
vn 0.364505 0.864412 -0.346305
vn 0.0741993 0.911392 -0.404796
vn 0.1085 0.932901 -0.3434
vn -0.0753041 0.952551 -0.294916
vn -0.365121 0.910753 -0.192911
vn -0.574521 0.81423 -0.083403
vn 0.403519 0.835839 -0.372217
vn -0.0131996 0.247593 -0.968774
vn -0.0167001 0.241702 -0.970207
vn -0.368017 0.922642 -0.115305
vn -0.538222 0.828835 -0.152806
vn -0.0147994 0.244791 -0.969463
vn -0.187001 0.580902 -0.792202
vn -0.162794 0.402186 -0.900969
vn -0.216892 0.716072 -0.663474
vn -0.421291 0.638387 -0.644186
vn -0.27409 0.837071 -0.473484
vn -0.502278 0.735268 -0.45508
vn -0.457608 0.878815 -0.135202
vn -0.33381 0.905727 -0.261208
vn -0.53421 0.796715 -0.282605
vn -0.113606 0.408523 -0.90565
vn -0.308184 0.531572 -0.788958
vn -0.240701 0.550903 -0.799105
vn -0.312492 0.675882 -0.667482
vn -0.397297 0.790394 -0.466296
vn -0.441288 0.858876 -0.259993
vn -0.118802 0.384106 -0.915614
vn -0.575194 0.114299 -0.809992
vn -0.595204 0.107101 -0.796405
vn -0.278908 0.885125 -0.372511
vn -0.488798 0.839897 -0.235899
vn -0.585794 0.110499 -0.802892
vn -0.468515 0.643021 -0.60582
vn -0.626827 0.322614 -0.709231
vn -0.27601 0.861931 -0.425315
vn -0.608522 0.740626 -0.28491
vn -0.165901 0.930908 -0.325403
vn -0.558069 0.819754 -0.128693
vn -0.386714 0.869631 -0.306911
vn -0.210809 0.912639 -0.350215
vn -0.519831 0.841751 -0.145709
vn -0.572012 0.351707 -0.741016
vn -0.634775 0.584077 -0.50588
vn -0.564899 0.597699 -0.568899
vn -0.471115 0.799926 -0.371712
vn -0.360098 0.903195 -0.233599
vn -0.363194 0.894586 -0.260396
vn -0.600396 0.310898 -0.736795
vn -0.919874 0.151696 -0.36169
vn -0.928506 0.154601 -0.337602
vn -0.249796 0.930185 -0.268996
vn -0.374311 0.922827 -0.0910027
vn -0.924323 0.153204 -0.349509
vn -0.627078 0.638578 -0.446085
vn -0.837508 0.437404 -0.327503
vn -0.544867 0.684758 -0.48397
vn -0.655699 0.698799 -0.2859
vn -0.469183 0.754272 -0.459283
vn -0.603715 0.763719 -0.228606
vn -0.316493 0.931879 -0.177296
vn -0.343292 0.86808 -0.358592
vn -0.47811 0.868217 -0.132703
vn -0.812142 0.427922 -0.396621
vn -0.690081 0.662082 -0.292292
vn -0.671013 0.648013 -0.360307
vn -0.603483 0.696281 -0.388589
vn -0.54029 0.766785 -0.346593
vn -0.406001 0.882901 -0.2359
vn -0.844374 0.394688 -0.362289
vn -0.972641 0.219109 -0.0772033
vn -0.972207 0.227102 -0.0569004
vn -0.139395 0.689777 -0.710476
vn -0.0368986 0.752572 -0.657475
vn -0.972471 0.223393 -0.066298
vn -0.698903 0.648002 -0.302701
vn -0.8669 0.4824 -0.1256
vn -0.618992 0.664991 -0.417894
vn -0.510003 0.810205 -0.288902
vn -0.438611 0.689217 -0.576715
vn -0.257889 0.856564 -0.446981
vn -0.0761989 0.730089 -0.67909
vn -0.192288 0.696456 -0.691357
vn -0.0520997 0.816495 -0.574997
vn -0.857866 0.480681 -0.181693
vn -0.670816 0.715717 -0.194305
vn -0.697686 0.674186 -0.242295
vn -0.578528 0.734735 -0.354217
vn -0.347292 0.779383 -0.521489
vn -0.117899 0.750996 -0.649696
vn -0.888159 0.43798 -0.139094
vn -0.544495 0.592295 -0.593895
vn -0.341005 0.861414 -0.376406
vn -0.127206 0.720835 -0.681333
vn 0.0505019 0.942835 -0.329412
vn -0.282004 0.959413 -0.00120002
vn -0.657721 0.733524 -0.171306
vn -0.433496 0.900491 0.0345997
vn -0.860409 0.509005 -0.0247003
vn -0.373712 0.92193 0.101903
vn -0.929677 0.362791 0.0638984
vn -0.745499 0.663599 -0.0621999
vn -0.782512 0.61941 -0.063301
vn -0.761705 0.647704 -0.0169001
vn -0.760404 0.649203 -0.0179001
vn -0.565575 0.824464 0.0195991
vn -0.57001 0.819414 0.0604011
vn -0.597808 0.73881 0.311104
vn -0.597799 0.741399 0.3049
vn -0.77037 0.629675 0.100196
vn -0.770234 0.629728 0.100904
vn -0.596591 0.760689 0.255796
vn -0.596591 0.760689 0.255796
vn -0.709703 0.698703 0.0902004
vn -0.705823 0.708323 0.00960031
vn -0.670801 0.738402 0.0692001
vn -0.647561 0.761255 0.033998
vn -0.589425 0.763532 0.263811
vn -0.591514 0.754318 0.284807
vn -0.9736 -0.1296 0.1879
vn -0.85307 -0.359087 -0.378587
vn -0.937829 -0.171605 0.301709
vn -0.750425 -0.500916 -0.431214
vn -0.947735 -0.226208 -0.225008
vn -0.917561 -0.258389 -0.302187
vn -0.956511 -0.158302 -0.245003
vn -0.961117 -0.0944017 -0.259505
vn -0.81651 0.571607 -0.081101
vn -0.849986 0.526491 -0.0181997
vn -0.935632 0.28481 0.208507
vn -0.935135 0.288811 0.205208
vn -0.923527 0.266408 -0.275908
vn -0.916838 0.294112 -0.270011
vn -0.927697 0.333399 0.167999
vn -0.927697 0.333399 0.167999
vn -0.922014 -0.376906 -0.0885013
vn -0.952403 -0.277401 -0.1264
vn -0.820086 0.522791 -0.232696
vn -0.785073 0.57548 -0.229092
vn -0.925531 0.332611 0.181006
vn -0.92919 0.314597 0.193998
vn -0.407705 0.553007 0.726609
vn -0.877336 0.345614 0.332914
vn -0.319607 0.48651 0.813117
vn -0.937876 0.179895 0.296692
vn -0.75219 0.485994 0.444994
vn -0.807215 0.448608 0.383607
vn -0.730087 0.52719 0.434792
vn -0.719819 0.550614 0.422711
vn -0.915598 0.319599 0.244
vn -0.91815 0.307317 0.250114
vn -0.928211 0.082001 0.362904
vn -0.928546 0.0843042 0.361518
vn -0.662657 0.703854 0.255883
vn -0.654718 0.705119 0.272307
vn -0.934528 0.137604 0.32821
vn -0.934528 0.137604 0.32821
vn -0.718407 0.358204 0.596306
vn -0.700707 0.454305 0.550106
vn -0.802358 0.56017 0.205989
vn -0.814087 0.542791 0.206497
vn -0.930122 0.133803 0.342008
vn -0.929057 0.117195 0.350884
vn 0.0980017 0.631311 0.769313
vn -0.545815 0.542215 0.638818
vn 0.198901 0.543202 0.815702
vn -0.649864 0.394478 0.649664
vn -0.348414 0.652927 0.672528
vn -0.435877 0.629767 0.642966
vn -0.324905 0.697211 0.63901
vn -0.315885 0.720465 0.61737
vn -0.640703 0.742403 0.195801
vn -0.652623 0.722625 0.227808
vn -0.696405 0.546704 0.464903
vn -0.696512 0.55061 0.460108
vn -0.324792 0.898177 0.296292
vn -0.305682 0.892048 0.33288
vn -0.696694 0.585995 0.413796
vn -0.696694 0.585995 0.413796
vn -0.28158 0.516064 0.808944
vn -0.263409 0.608421 0.748625
vn -0.481584 0.864272 0.145295
vn -0.518 0.8445 0.136
vn -0.691013 0.597911 0.406207
vn -0.692629 0.578424 0.430918
vn 0.0903 0.1213 0.9885
vn -0.508706 -0.0920011 0.85601
vn 0.192903 0.0657011 0.979016
vn -0.562273 -0.242288 0.790662
vn -0.352412 0.0643023 0.933633
vn -0.434797 0.0337998 0.899894
vn -0.369878 0.203388 0.906545
vn -0.369998 0.241499 0.897095
vn -0.778389 0.428294 0.458993
vn -0.78081 0.407705 0.473406
vn -0.763667 0.133894 0.631573
vn -0.764114 0.135402 0.630711
vn -0.477489 0.623686 0.618886
vn -0.446809 0.591013 0.671614
vn -0.777859 0.19019 0.598968
vn -0.777859 0.19019 0.598968
vn -0.21091 -0.100305 0.972346
vn -0.249305 0.00290006 0.968421
vn -0.655721 0.62952 0.416814
vn -0.668402 0.619202 0.412101
vn -0.771455 0.186089 0.608464
vn -0.768419 0.170504 0.616815
vn 0.0421008 0.983219 -0.177503
vn -0.304707 0.91182 0.275206
vn 0.132501 0.972507 -0.191501
vn -0.298811 0.844831 0.443816
vn -0.241589 0.965854 0.0935956
vn -0.273404 0.951315 0.142302
vn -0.191198 0.96839 0.160198
vn -0.193806 0.968829 0.154305
vn -0.0213994 0.998971 -0.0399988
vn -0.000399984 0.99976 -0.0218991
vn 0.160194 0.975266 0.152295
vn 0.155999 0.976592 0.148099
vn -0.0561988 0.96108 0.270494
vn -0.0651 0.961301 0.2677
vn 0.120101 0.986412 0.112101
vn 0.120101 0.986412 0.112101
vn -0.0914007 0.986107 0.138701
vn -0.153303 0.984517 0.0850014
vn -0.0225012 0.992853 0.117206
vn -0.0333999 0.995897 0.0840998
vn 0.131001 0.985205 0.110501
vn 0.144598 0.981384 0.126398
vn -0.262604 0.913613 0.310404
vn -0.763698 0.567798 0.307199
vn -0.175398 0.91269 0.369096
vn -0.825131 0.402215 0.396715
vn -0.637461 0.724755 0.261484
vn -0.685508 0.678708 0.263503
vn -0.629196 0.756496 0.178399
vn -0.619328 0.782536 0.0638029
vn -0.314813 0.931539 0.182008
vn -0.289992 0.922073 0.256293
vn -0.195801 0.800602 0.566302
vn -0.197606 0.803524 0.561517
vn -0.51821 0.841016 -0.155403
vn -0.501282 0.85357 -0.141895
vn -0.214896 0.831184 0.51279
vn -0.214896 0.831184 0.51279
vn -0.55043 0.72124 0.420523
vn -0.571906 0.748707 0.335203
vn -0.418717 0.905837 -0.0643026
vn -0.397406 0.916814 -0.0390006
vn -0.202903 0.830713 0.518408
vn -0.197892 0.819467 0.537878
vn 0.668729 0.379217 0.639528
vn 0.0629998 0.491498 0.868597
vn 0.733911 0.266904 0.624609
vn -0.0619995 0.377597 0.923892
vn 0.283799 0.525298 0.802197
vn 0.189304 0.534311 0.823817
vn 0.305684 0.540772 0.78366
vn 0.309516 0.559129 0.769139
vn -0.149796 0.82568 0.543887
vn -0.148203 0.816218 0.558412
vn -0.109294 0.647066 0.75456
vn -0.110599 0.650292 0.751591
vn 0.204093 0.84087 0.501282
vn 0.234709 0.81783 0.525419
vn -0.128795 0.693273 0.709073
vn -0.128795 0.693273 0.709073
vn 0.351398 0.359398 0.864495
vn 0.362311 0.459314 0.811025
vn -0.0283002 0.899306 0.436403
vn -0.0452985 0.89637 0.440985
vn -0.115906 0.689933 0.714534
vn -0.111296 0.674676 0.729675
vn 0.859608 0.369504 0.352903
vn 0.338801 0.761403 0.552702
vn 0.900543 0.241811 0.361317
vn 0.218509 0.735931 0.640827
vn 0.569022 0.688127 0.450217
vn 0.462 0.752101 0.47
vn 0.560709 0.746713 0.357806
vn 0.561785 0.754281 0.339791
vn 0.0730987 0.988282 0.133998
vn 0.0803042 0.983151 0.164209
vn 0.198611 0.896549 0.395922
vn 0.195505 0.899122 0.391609
vn 0.421511 0.906823 0.000900023
vn 0.459588 0.887877 0.0212994
vn 0.164997 0.922485 0.348994
vn 0.164997 0.922485 0.348994
vn 0.579116 0.576616 0.576316
vn 0.623973 0.609474 0.489079
vn 0.206696 0.978381 -0.00689986
vn 0.164093 0.986355 0.0132994
vn 0.159508 0.930046 0.331016
vn 0.177102 0.91681 0.357904
vn 0.860302 -0.2005 0.468701
vn 0.443408 -0.146203 0.884316
vn 0.873967 -0.26789 0.405484
vn 0.31301 -0.231007 0.921228
vn 0.613521 -0.105304 0.782626
vn 0.552114 -0.0994026 0.827822
vn 0.653094 -0.0166998 0.757093
vn 0.663415 0.0142003 0.748117
vn 0.083803 0.886531 0.455016
vn 0.0882993 0.880793 0.465196
vn 0.211896 0.623589 0.752487
vn 0.2107 0.626501 0.750401
vn 0.511924 0.675631 0.530525
vn 0.60222 0.538218 0.58962
vn 0.19051 0.674536 0.713238
vn 0.19051 0.674536 0.713238
vn 0.647109 -0.270204 0.71291
vn 0.657803 -0.177801 0.731903
vn 0.127503 0.94342 0.306107
vn 0.143596 0.939271 0.31169
vn 0.199605 0.670218 0.714819
vn 0.204897 0.655589 0.726788
vn 0.0988958 0.984958 -0.141694
vn -0.157908 0.906648 0.391221
vn 0.181002 0.968111 -0.173202
vn -0.1209 0.817703 0.562802
vn -0.129204 0.971932 0.196607
vn -0.149992 0.956351 0.250787
vn -0.118901 0.969812 0.212903
vn -0.115501 0.970507 0.211602
vn 0.167696 0.971176 -0.169396
vn 0.210905 0.962021 -0.173304
vn 0.449595 0.87829 -0.162698
vn 0.439891 0.882782 -0.164897
vn -0.0170005 0.978128 0.207306
vn -0.0409988 0.97667 0.210794
vn 0.395893 0.901584 -0.174397
vn 0.395893 0.901584 -0.174397
vn 0.0367016 0.978343 0.203709
vn -0.0419005 0.984012 0.173102
vn 0.0670004 0.997506 0.0222001
vn 0.0649021 0.997832 0.0109004
vn 0.411106 0.895614 -0.169903
vn 0.437109 0.884218 -0.164603
vn 0.394215 0.520621 0.75733
vn -0.2127 0.3369 0.917201
vn 0.489795 0.453195 0.744792
vn -0.289394 0.162697 0.943282
vn -0.0322006 0.474409 0.879716
vn -0.113395 0.434382 0.893562
vn -0.0260005 0.491809 0.870315
vn -0.0400997 0.562396 0.825895
vn 0.0592976 0.99156 0.115295
vn 0.181801 0.962005 0.203701
vn 0.418885 0.804972 0.420185
vn 0.412598 0.811195 0.414398
vn -0.0661988 0.831285 0.55189
vn -0.0568992 0.880888 0.469893
vn 0.377689 0.843376 0.382189
vn 0.377689 0.843376 0.382189
vn 0.106603 0.339009 0.934724
vn 0.0617027 0.437419 0.897139
vn -0.0665982 0.974474 0.214394
vn -0.095902 0.991121 0.0921019
vn 0.392616 0.838335 0.378216
vn 0.410914 0.819328 0.399814
vn 0.795673 0.572281 -0.198493
vn 0.525706 0.792909 0.308104
vn 0.85684 0.467222 -0.21801
vn 0.499578 0.716568 0.486778
vn 0.603479 0.789672 0.110596
vn 0.560171 0.807958 0.18279
vn 0.593009 0.802112 0.0704011
vn 0.576221 0.81623 0.0417015
vn 0.44631 0.814619 0.370409
vn 0.455812 0.801921 0.38621
vn 0.558609 0.625411 0.544809
vn 0.554517 0.63282 0.540417
vn 0.4114 0.907 -0.09
vn 0.421007 0.902016 -0.0955017
vn 0.527505 0.678307 0.511505
vn 0.527505 0.678307 0.511505
vn 0.742781 0.651983 0.152296
vn 0.685321 0.721522 0.098703
vn 0.390716 0.913536 0.113104
vn 0.395105 0.906911 0.146302
vn 0.536902 0.675503 0.505402
vn 0.54968 0.651576 0.522781
vn 0.361889 0.32219 -0.874774
vn 0.72879 0.536092 -0.425994
vn 0.346019 0.226212 -0.910549
vn 0.852509 0.446305 -0.272103
vn 0.606761 0.537766 -0.585362
vn 0.648827 0.547823 -0.528122
vn 0.569313 0.554013 -0.607414
vn 0.518893 0.592292 -0.616392
vn 0.329107 0.935021 -0.132003
vn 0.356485 0.92716 -0.115295
vn 0.613573 0.789166 0.0272988
vn 0.604885 0.795981 0.0229994
vn 0.299697 0.790792 -0.533695
vn 0.304292 0.781279 -0.544986
vn 0.564283 0.825575 0.0033999
vn 0.564283 0.825575 0.0033999
vn 0.647284 0.364991 -0.669183
vn 0.614784 0.455188 -0.644084
vn 0.253709 0.909533 -0.329212
vn 0.250808 0.923731 -0.28951
vn 0.541196 0.840793 -0.0131999
vn 0.572318 0.820026 0.00290009
vn 0.957143 0.0917042 0.274712
vn 0.591488 0.50809 0.626088
vn 0.96164 -0.0418017 0.271111
vn 0.478083 0.480883 0.734975
vn 0.763176 0.447786 0.465886
vn 0.695063 0.507273 0.509473
vn 0.773075 0.539883 0.332989
vn 0.773757 0.54567 0.321782
vn 0.613698 0.767897 0.183599
vn 0.642766 0.737061 0.208789
vn 0.776967 0.518678 0.356785
vn 0.773308 0.526806 0.352804
vn 0.613393 0.787091 -0.0650992
vn 0.663072 0.748069 -0.0269989
vn 0.749397 0.575398 0.327599
vn 0.749397 0.575398 0.327599
vn 0.77228 0.266493 0.576685
vn 0.809826 0.325611 0.488016
vn 0.515594 0.856089 -0.0356996
vn 0.522514 0.852622 0.0039001
vn 0.753687 0.57329 0.321394
vn 0.766501 0.546601 0.3372
vn -0.0875991 0.464195 -0.881391
vn 0.456684 0.602578 -0.654477
vn -0.129193 0.38328 -0.914552
vn 0.604716 0.519814 -0.603416
vn 0.270195 0.627787 -0.729985
vn 0.324098 0.633497 -0.702597
vn 0.320999 0.566999 -0.758599
vn 0.315699 0.571298 -0.757597
vn 0.0752007 0.491705 -0.867509
vn 0.0876038 0.468821 -0.878938
vn 0.21411 0.271413 -0.938345
vn 0.211595 0.275994 -0.937579
vn 0.389807 0.417508 -0.820815
vn 0.389581 0.428079 -0.81546
vn 0.186903 0.321405 -0.928314
vn 0.186903 0.321405 -0.928314
vn 0.268095 0.495191 -0.826385
vn 0.228502 0.562905 -0.794308
vn 0.230805 0.44821 -0.863619
vn 0.201589 0.467774 -0.860552
vn 0.181998 0.311696 -0.932589
vn 0.192791 0.295286 -0.935755
vn 0.378703 0.773507 -0.508204
vn 0.477883 0.875468 0.0719974
vn 0.413294 0.71349 -0.565792
vn 0.574676 0.785866 0.22839
vn 0.410092 0.904483 -0.117198
vn 0.422297 0.904594 -0.0580996
vn 0.32889 0.933571 -0.142396
vn 0.211897 0.964485 -0.157698
vn 0.2595 0.8431 -0.471
vn 0.337107 0.804017 -0.489811
vn 0.602195 0.627395 -0.493696
vn 0.594078 0.634476 -0.494481
vn -0.0165005 0.969229 -0.245607
vn -0.00499988 0.962877 -0.269894
vn 0.5542 0.6675 -0.4973
vn 0.5542 0.6675 -0.4973
vn 0.537182 0.818972 -0.201793
vn 0.465818 0.866233 -0.180707
vn 0.0536994 0.92879 -0.366696
vn 0.075901 0.916613 -0.392505
vn 0.553081 0.661878 -0.505983
vn 0.578001 0.643202 -0.502201
vn 0.515494 -0.225497 -0.82669
vn 0.8384 0.2286 -0.4948
vn 0.489195 -0.353797 -0.797193
vn 0.918712 0.220703 -0.327504
vn 0.74062 0.122203 -0.660718
vn 0.777743 0.18241 -0.601533
vn 0.723302 0.1161 -0.680702
vn 0.702888 0.132298 -0.698888
vn 0.566672 0.62217 -0.540174
vn 0.5866 0.6088 -0.5341
vn 0.762605 0.450603 -0.464103
vn 0.756328 0.458617 -0.466517
vn 0.464277 0.41308 -0.783461
vn 0.477913 0.384011 -0.790022
vn 0.720885 0.500989 -0.47889
vn 0.720885 0.500989 -0.47889
vn 0.788224 -0.0614018 -0.612318
vn 0.737433 0.0160007 -0.67523
vn 0.443301 0.602702 -0.663502
vn 0.456312 0.616216 -0.641917
vn 0.720168 0.493978 -0.487179
vn 0.7414 0.4709 -0.4781
vn -0.161405 -0.477415 -0.863727
vn 0.366008 -0.0758016 -0.92752
vn -0.196491 -0.569075 -0.798464
vn 0.519002 -0.0675003 -0.852104
vn 0.153001 -0.189401 -0.969906
vn 0.239696 -0.114398 -0.964085
vn 0.111396 -0.140695 -0.983766
vn 0.0722999 -0.1054 -0.991798
vn 0.215907 0.386812 -0.896527
vn 0.2431 0.3623 -0.8998
vn 0.432298 0.141899 -0.890496
vn 0.429778 0.145992 -0.891054
vn -0.133999 0.235899 -0.962495
vn -0.136096 0.212794 -0.967573
vn 0.399796 0.193298 -0.895991
vn 0.399796 0.193298 -0.895991
vn 0.200109 -0.339315 -0.919142
vn 0.140198 -0.276996 -0.950588
vn -0.0117998 0.403093 -0.915083
vn 0.0310007 0.41821 -0.907821
vn 0.387408 0.199704 -0.900019
vn 0.403408 0.177604 -0.897618
vn 0.294609 -0.797224 -0.526916
vn 0.808005 -0.503903 -0.305302
vn 0.220893 -0.851874 -0.474886
vn 0.864492 -0.480395 -0.147899
vn 0.672409 -0.572707 -0.468906
vn 0.732106 -0.524704 -0.434403
vn 0.636009 -0.482407 -0.602309
vn 0.615441 -0.44993 -0.647143
vn 0.410321 0.551428 -0.726336
vn 0.480212 0.490312 -0.727318
vn 0.703925 0.237408 -0.669423
vn 0.699656 0.244185 -0.671458
vn 0.41391 0.110203 -0.903623
vn 0.421715 0.0818028 -0.903031
vn 0.667511 0.292105 -0.684911
vn 0.667511 0.292105 -0.684911
vn 0.591275 -0.730369 -0.341986
vn 0.609595 -0.669094 -0.425096
vn 0.276707 0.543313 -0.792619
vn 0.273887 0.586073 -0.762564
vn 0.664979 0.285891 -0.689978
vn 0.685506 0.258302 -0.680706
vn -0.324005 0.941314 -0.0946014
vn -0.713445 0.700344 -0.0227014
vn -0.267008 0.96223 -0.0531017
vn -0.800023 0.591217 0.102103
vn -0.601803 0.793304 -0.0922005
vn -0.635886 0.767584 -0.0803983
vn -0.610085 0.79068 -0.0511987
vn -0.609908 0.79081 -0.0513007
vn -0.431619 0.898941 -0.0749034
vn -0.429798 0.902095 -0.0386998
vn -0.426279 0.883656 0.19349
vn -0.427093 0.885185 0.184497
vn -0.609305 0.791506 0.0476004
vn -0.604903 0.794103 0.0591002
vn -0.430804 0.892108 0.136201
vn -0.430804 0.892108 0.136201
vn -0.549696 0.835093 0.0212998
vn -0.569609 0.821013 -0.0385006
vn -0.520673 0.853755 0.00149992
vn -0.501792 0.864086 -0.0394994
vn -0.423595 0.894589 0.142398
vn -0.423199 0.890098 0.1692
vn -0.00450012 0.942026 -0.335509
vn -0.184206 0.979929 0.0762023
vn 0.0620994 0.930691 -0.360497
vn -0.145793 0.956156 0.253988
vn -0.167201 0.982406 -0.0832005
vn -0.180804 0.982722 -0.0396009
vn -0.114301 0.992708 -0.0383003
vn -0.1155 0.992502 -0.0400001
vn -0.0238003 0.974413 -0.223503
vn 0.00029999 0.977466 -0.211093
vn 0.175195 0.980273 -0.0914975
vn 0.167799 0.981097 -0.0963997
vn 0.0155001 0.999107 0.0393003
vn 0.0206995 0.998977 0.0401991
vn 0.127901 0.984205 -0.122401
vn 0.127901 0.984205 -0.122401
vn -0.0376 0.996399 -0.0759999
vn -0.101304 0.991035 -0.0871031
vn 0.0194999 0.996096 -0.0860996
vn -0.00219996 0.992784 -0.119898
vn 0.136596 0.982671 -0.125296
vn 0.157997 0.981383 -0.109198
vn -0.142195 0.983764 0.109496
vn -0.583499 0.774498 0.244299
vn -0.0566002 0.986604 0.153001
vn -0.660008 0.633507 0.403805
vn -0.465818 0.871534 0.153106
vn -0.511899 0.841198 0.1742
vn -0.466719 0.880136 0.0868035
vn -0.471202 0.881903 -0.0147001
vn -0.202792 0.97916 0.0109996
vn -0.166496 0.982976 0.0776981
vn -0.0263986 0.925151 0.37868
vn -0.0304004 0.928213 0.370805
vn -0.419891 0.88098 -0.218095
vn -0.403491 0.890181 -0.211595
vn -0.0573975 0.946959 0.316186
vn -0.0573975 0.946959 0.316186
vn -0.367001 0.883202 0.292001
vn -0.415798 0.881795 0.222599
vn -0.328519 0.928554 -0.17281
vn -0.30712 0.938562 -0.15741
vn -0.0446009 0.945618 0.322206
vn -0.0327005 0.935915 0.350706
vn 0.040701 0.870821 -0.489912
vn 0.202407 0.978636 -0.0361013
vn 0.0664027 0.839734 -0.538922
vn 0.35459 0.927973 0.114597
vn 0.107497 0.977369 -0.182194
vn 0.126598 0.981285 -0.145098
vn 0.179202 0.966011 -0.186302
vn 0.182705 0.965528 -0.185405
vn 0.240212 0.872143 -0.426221
vn 0.269294 0.86288 -0.42769
vn 0.355592 0.84768 -0.393691
vn 0.337596 0.855189 -0.393295
vn 0.371778 0.906347 -0.200788
vn 0.394485 0.894867 -0.208792
vn 0.29279 0.87227 -0.391687
vn 0.29279 0.87227 -0.391687
vn 0.204207 0.939534 -0.27491
vn 0.159693 0.962159 -0.220791
vn 0.377888 0.867574 -0.32329
vn 0.319598 0.878095 -0.356098
vn 0.357309 0.83642 -0.41561
vn 0.376293 0.831784 -0.408092
vn -0.426402 0.171101 -0.888204
vn 0.0637997 0.347799 -0.935396
vn -0.466293 0.0801989 -0.880987
vn 0.251086 0.274085 -0.92835
vn -0.118303 0.347408 -0.930222
vn -0.0601999 0.360799 -0.930699
vn -0.0313991 0.220094 -0.974973
vn -0.0464005 0.239403 -0.969811
vn -0.137804 0.403312 -0.904627
vn -0.1346 0.405799 -0.903997
vn -0.0503999 0.2936 -0.954599
vn -0.0539015 0.302808 -0.951526
vn 0.133196 -0.0425989 -0.990174
vn 0.121495 -0.0162993 -0.992458
vn -0.0715981 0.350091 -0.933976
vn -0.0715981 0.350091 -0.933976
vn -0.1197 0.1898 -0.974499
vn -0.139202 0.266204 -0.953813
vn 0.0097999 0.140799 -0.98999
vn 0.0110997 0.138696 -0.990273
vn -0.0813957 0.337082 -0.93795
vn -0.0687994 0.312597 -0.947391
vn 0.193908 0.739932 -0.644128
vn 0.434603 0.876605 -0.206601
vn 0.211405 0.687315 -0.694915
vn 0.612605 0.789107 -0.0450004
vn 0.322702 0.881305 -0.345202
vn 0.35179 0.885275 -0.304191
vn 0.25529 0.898666 -0.356687
vn 0.145801 0.925408 -0.349803
vn 0.101902 0.802919 -0.587314
vn 0.174008 0.761535 -0.624328
vn 0.420125 0.594236 -0.685841
vn 0.405288 0.606783 -0.683781
vn -0.0648017 0.925924 -0.37211
vn -0.0610995 0.917593 -0.392797
vn 0.364914 0.639225 -0.676926
vn 0.364914 0.639225 -0.676926
vn 0.413099 0.790198 -0.452699
vn 0.380811 0.841324 -0.383611
vn -0.0387019 0.882444 -0.468823
vn -0.0267005 0.869615 -0.493008
vn 0.358996 0.635793 -0.683293
vn 0.398792 0.606787 -0.687586
vn -0.465509 0.476509 -0.745815
vn 0.0834996 0.522897 -0.848296
vn -0.529115 0.405811 -0.745221
vn 0.213898 0.426996 -0.878591
vn -0.097797 0.572182 -0.814275
vn -0.0396999 0.570699 -0.820199
vn -0.0805035 0.508422 -0.857337
vn -0.0840983 0.51429 -0.853483
vn -0.332598 0.472098 -0.816396
vn -0.3325 0.4537 -0.826801
vn -0.297497 0.248597 -0.921789
vn -0.297798 0.250799 -0.921095
vn -0.0817019 0.358308 -0.930022
vn -0.0769997 0.370098 -0.925796
vn -0.305208 0.299008 -0.904125
vn -0.305208 0.299008 -0.904125
vn -0.154097 0.450093 -0.879586
vn -0.168804 0.517413 -0.838921
vn -0.221597 0.413795 -0.882989
vn -0.233501 0.429001 -0.872603
vn -0.311793 0.287594 -0.90558
vn -0.308903 0.275202 -0.910408
vn -0.386894 -0.669889 -0.633689
vn -0.0514 -0.1436 -0.9883
vn -0.363498 -0.764196 -0.532797
vn 0.0888037 -0.0936039 -0.991641
vn -0.238403 -0.318905 -0.917313
vn -0.183599 -0.216799 -0.958796
vn -0.325301 -0.252401 -0.911303
vn -0.337993 -0.244695 -0.908782
vn -0.260517 0.326021 -0.908758
vn -0.244289 0.308986 -0.919158
vn -0.123699 0.0892994 -0.988294
vn -0.124403 0.0913021 -0.988022
vn -0.545107 0.073801 -0.835112
vn -0.548209 0.0195003 -0.836114
vn -0.144306 0.143706 -0.979043
vn -0.144306 0.143706 -0.979043
vn -0.1218 -0.434499 -0.892399
vn -0.2262 -0.427001 -0.875502
vn -0.440899 0.275599 -0.854198
vn -0.404411 0.303008 -0.862924
vn -0.154395 0.154395 -0.975871
vn -0.144904 0.131804 -0.980628
vn -0.114503 -0.971828 -0.206006
vn 0.435287 -0.794577 -0.423288
vn -0.147006 -0.982943 -0.110505
vn 0.567705 -0.743707 -0.353003
vn 0.23249 -0.873862 -0.426982
vn 0.30489 -0.838572 -0.451485
vn 0.157204 -0.85122 -0.500712
vn 0.141595 -0.844571 -0.516382
vn -0.00769968 0.145294 -0.989359
vn -0.00589978 0.142595 -0.989764
vn 0.208292 -0.181593 -0.961061
vn 0.208295 -0.181496 -0.961079
vn -0.147293 -0.308786 -0.939657
vn -0.108801 -0.501806 -0.85811
vn 0.176592 -0.126994 -0.976057
vn 0.176592 -0.126994 -0.976057
vn 0.23341 -0.938642 -0.253911
vn 0.193395 -0.919476 -0.342291
vn -0.158606 0.199208 -0.967037
vn -0.163801 0.179601 -0.970007
vn 0.17631 -0.140508 -0.974255
vn 0.182705 -0.150204 -0.971626
vn -0.473404 0.419003 -0.774806
vn 0.0806989 0.365295 -0.927387
vn -0.544198 0.358299 -0.758598
vn 0.203693 0.236392 -0.950067
vn -0.094997 0.449386 -0.888272
vn -0.0371999 0.437399 -0.898498
vn -0.0866037 0.434418 -0.896538
vn -0.0905973 0.432287 -0.897173
vn -0.538488 0.362692 -0.760583
vn -0.558401 0.335501 -0.758701
vn -0.673702 0.1022 -0.731902
vn -0.672106 0.108201 -0.732507
vn -0.156201 0.360202 -0.919704
vn -0.134606 0.380717 -0.914842
vn -0.657213 0.158203 -0.736915
vn -0.657213 0.158203 -0.736915
vn -0.178897 0.321995 -0.929685
vn -0.171701 0.398603 -0.900907
vn -0.346095 0.385395 -0.855388
vn -0.34529 0.384589 -0.856076
vn -0.662554 0.137691 -0.736249
vn -0.668917 0.116703 -0.734119
vn 0.140294 -0.377884 -0.915162
vn 0.66929 -0.0367995 -0.742089
vn 0.0947013 -0.487607 -0.867912
vn 0.794869 -0.0641975 -0.603376
vn 0.4906 -0.1053 -0.864999
vn 0.561111 -0.0620012 -0.825416
vn 0.475014 -0.0978029 -0.874526
vn 0.429517 -0.0408016 -0.902136
vn -0.268106 0.336207 -0.90282
vn -0.269496 0.212397 -0.939287
vn -0.21001 -0.134907 -0.968347
vn -0.211192 -0.129995 -0.968762
vn 0.156399 0.207299 -0.965695
vn 0.0866999 0.2479 -0.964898
vn -0.223794 -0.071998 -0.971974
vn -0.223794 -0.071998 -0.971974
vn 0.506515 -0.297109 -0.809425
vn 0.460202 -0.208001 -0.863104
vn -0.120997 0.399589 -0.908674
vn -0.1893 0.4717 -0.8612
vn -0.232489 -0.0896958 -0.968454
vn -0.225212 -0.112006 -0.96785
vn -0.810135 -0.300413 -0.503422
vn -0.344287 -0.188893 -0.919666
vn -0.825404 -0.393502 -0.404802
vn -0.182898 -0.269096 -0.945587
vn -0.541268 -0.17399 -0.822652
vn -0.466601 -0.156 -0.870602
vn -0.569595 -0.137799 -0.810292
vn -0.580765 -0.114693 -0.805951
vn -0.262896 -0.139498 -0.954686
vn -0.257008 -0.151704 -0.954428
vn -0.148808 -0.38022 -0.912847
vn -0.149998 -0.376995 -0.913989
vn -0.604089 0.116298 -0.788385
vn -0.617066 0.104394 -0.779956
vn -0.169894 -0.31939 -0.932269
vn -0.169894 -0.31939 -0.932269
vn -0.535391 -0.361594 -0.763287
vn -0.58352 -0.266209 -0.767227
vn -0.4415 0.0494 -0.8959
vn -0.429304 0.0392004 -0.902309
vn -0.176591 -0.331583 -0.926752
vn -0.168801 -0.349502 -0.921605
vn -0.968741 0.202709 0.143006
vn -0.924533 -0.180006 -0.335912
vn -0.950209 0.184802 0.250902
vn -0.854384 -0.377793 -0.356793
vn -0.97325 -0.0104005 -0.229512
vn -0.956876 -0.0672983 -0.282593
vn -0.97218 0.0322994 -0.231995
vn -0.962898 0.0930998 -0.253299
vn -0.595299 0.204299 -0.777098
vn -0.596792 0.182398 -0.78139
vn -0.607314 -0.145003 -0.781117
vn -0.607331 -0.139307 -0.78214
vn -0.834286 0.331694 -0.440393
vn -0.842987 0.328095 -0.426294
vn -0.606114 -0.0822019 -0.791119
vn -0.606114 -0.0822019 -0.791119
vn -0.994257 -0.0959959 -0.047298
vn -0.990991 -0.0325997 -0.129899
vn -0.685432 0.337816 -0.64503
vn -0.664395 0.331997 -0.669595
vn -0.609089 -0.0578989 -0.790986
vn -0.609574 -0.0839964 -0.788267
vn -0.40918 -0.83706 -0.363183
vn -0.0662005 -0.496504 -0.865507
vn -0.368813 -0.896931 -0.243909
vn 0.0854029 -0.460715 -0.88343
vn -0.270193 -0.598884 -0.753879
vn -0.218902 -0.536206 -0.815209
vn -0.408505 -0.510406 -0.756709
vn -0.412 -0.5082 -0.7563
vn -0.485794 -0.226597 -0.84419
vn -0.478699 -0.26 -0.838598
vn -0.383627 -0.533137 -0.754053
vn -0.38469 -0.530486 -0.75538
vn -0.67519 -0.103899 -0.73029
vn -0.66284 -0.193812 -0.723243
vn -0.405085 -0.475383 -0.780972
vn -0.405085 -0.475383 -0.780972
vn -0.132104 -0.733324 -0.666922
vn -0.246587 -0.707063 -0.662765
vn -0.610114 -0.0176004 -0.792118
vn -0.591793 -0.0335996 -0.80539
vn -0.409025 -0.48343 -0.773947
vn -0.401806 -0.500707 -0.766711
vn -0.755656 0.648462 0.0920946
vn -0.957109 0.170702 -0.234102
vn -0.728222 0.65922 0.187406
vn -0.97783 -0.0144004 -0.208906
vn -0.911892 0.364997 -0.187698
vn -0.926188 0.308996 -0.216097
vn -0.944087 0.304296 -0.126898
vn -0.941729 0.310109 -0.130304
vn -0.853438 0.520123 0.0334015
vn -0.863004 0.501402 0.0618003
vn -0.912002 0.327101 0.247501
vn -0.911604 0.331701 0.242801
vn -0.978966 0.201893 0.029399
vn -0.978587 0.205197 0.0161998
vn -0.906829 0.369612 0.202606
vn -0.906829 0.369612 0.202606
vn -0.935694 0.352598 -0.0122999
vn -0.914899 0.3935 -0.0900999
vn -0.929726 0.36491 0.0495014
vn -0.91501 0.402104 0.0327003
vn -0.903452 0.372021 0.213012
vn -0.906481 0.354693 0.229095
vn -0.83768 0.200095 -0.508188
vn -0.585796 -0.0563996 -0.808494
vn -0.836487 0.316995 -0.446993
vn -0.451275 -0.0857953 -0.888251
vn -0.721508 -0.0288003 -0.691807
vn -0.691803 -0.0548003 -0.720004
vn -0.738093 0.00249998 -0.674694
vn -0.725316 0.0786017 -0.683915
vn -0.870058 0.247388 -0.426379
vn -0.884976 0.210994 -0.415089
vn -0.931815 -0.00450007 -0.362906
vn -0.930693 0.00179999 -0.365797
vn -0.744046 0.274717 -0.609037
vn -0.773285 0.269595 -0.573889
vn -0.919969 0.0522982 -0.388487
vn -0.919969 0.0522982 -0.388487
vn -0.696069 0.131294 -0.705868
vn -0.704341 0.050803 -0.708041
vn -0.837249 0.280616 -0.469328
vn -0.835697 0.299099 -0.460598
vn -0.929446 0.0443974 -0.366279
vn -0.932639 0.0224009 -0.360115
vn -0.813523 -0.186205 0.550916
vn -0.924006 -0.379002 -0.0507003
vn -0.729082 -0.232894 0.643584
vn -0.851068 -0.505881 -0.140595
vn -0.94898 -0.278394 0.148097
vn -0.951404 -0.302901 0.0555003
vn -0.953341 -0.253911 0.163307
vn -0.959466 -0.230192 0.162594
vn -0.944469 0.0353988 -0.326689
vn -0.946449 0.0168009 -0.322417
vn -0.942519 -0.225705 -0.246405
vn -0.943057 -0.22079 -0.248789
vn -0.992094 0.125499 -0.000699995
vn -0.994502 0.1003 0.0301001
vn -0.946817 -0.166403 -0.275405
vn -0.946817 -0.166403 -0.275405
vn -0.873886 -0.415293 0.252696
vn -0.918495 -0.313198 0.241399
vn -0.956571 0.178195 -0.230693
vn -0.953872 0.169195 -0.247993
vn -0.94974 -0.169607 -0.263111
vn -0.947932 -0.191707 -0.254309
vn -0.366011 0.252408 0.895727
vn -0.859025 0.035301 0.510715
vn -0.269099 0.213299 0.939196
vn -0.891839 -0.111805 0.438319
vn -0.726236 0.174109 0.665033
vn -0.800949 0.134908 0.583336
vn -0.732884 0.235795 0.638186
vn -0.729261 0.292284 0.618667
vn -0.923307 0.363903 0.122801
vn -0.933001 0.330501 0.1424
vn -0.952175 0.0679982 0.297892
vn -0.952579 0.0709984 0.295893
vn -0.709947 0.61214 0.348223
vn -0.705911 0.607009 0.365006
vn -0.957381 0.119398 0.262995
vn -0.957381 0.119398 0.262995
vn -0.657101 0.0491001 0.752201
vn -0.675085 0.136597 0.724984
vn -0.806889 0.570492 0.153198
vn -0.832935 0.538123 0.129005
vn -0.955813 0.134302 0.261504
vn -0.95479 0.111699 0.275497
vn -0.2839 -0.3726 0.883499
vn -0.514777 -0.724368 0.45858
vn -0.188894 -0.359889 0.913673
vn -0.450411 -0.81912 0.355209
vn -0.527513 -0.584815 0.616215
vn -0.553289 -0.623488 0.552389
vn -0.631129 -0.467021 0.619328
vn -0.660117 -0.423911 0.620116
vn -0.967835 0.207608 -0.142105
vn -0.986688 0.127698 -0.100699
vn -0.979522 -0.193304 0.0563013
vn -0.980384 -0.189497 0.0541991
vn -0.940817 0.0772014 0.330006
vn -0.935625 0.0620016 0.347509
vn -0.990413 -0.136002 0.0242003
vn -0.990413 -0.136002 0.0242003
vn -0.3471 -0.639901 0.685601
vn -0.430793 -0.59229 0.680889
vn -0.935394 0.343898 -0.0822994
vn -0.926086 0.353095 -0.132998
vn -0.990025 -0.136803 0.0337008
vn -0.985497 -0.163199 0.0464998
vn -0.499375 0.544173 -0.674166
vn -0.2249 0.485699 -0.844699
vn -0.541302 0.592402 -0.596702
vn -0.0713975 0.524082 -0.84867
vn -0.356724 0.45133 -0.817954
vn -0.339612 0.438815 -0.831929
vn -0.37881 0.300808 -0.875224
vn -0.380281 0.310884 -0.871056
vn -0.460523 0.534427 -0.708736
vn -0.465286 0.517285 -0.718279
vn -0.484032 0.336522 -0.807753
vn -0.483619 0.341213 -0.806031
vn -0.355906 0.104002 -0.928717
vn -0.355519 0.105906 -0.92865
vn -0.479017 0.386314 -0.788228
vn -0.479017 0.386314 -0.788228
vn -0.3195 0.5798 -0.749501
vn -0.338703 0.523505 -0.781807
vn -0.416488 0.324191 -0.849375
vn -0.42389 0.372691 -0.825481
vn -0.486117 0.376714 -0.788528
vn -0.486914 0.35931 -0.796123
vn -0.0312002 0.525203 -0.850405
vn 0.260391 0.55808 -0.787872
vn -0.184398 0.567595 -0.802392
vn 0.323996 0.694891 -0.641992
vn 0.193901 0.453702 -0.869803
vn 0.212894 0.447887 -0.868374
vn 0.152106 0.404417 -0.901837
vn 0.123304 0.416513 -0.900729
vn -0.177099 0.504097 -0.845294
vn -0.153995 0.474884 -0.86647
vn -0.0121005 0.281312 -0.95954
vn -0.0151996 0.286792 -0.957872
vn -0.0147992 0.401478 -0.915749
vn -0.036099 0.380989 -0.923874
vn -0.0439995 0.337796 -0.94019
vn -0.0439995 0.337796 -0.94019
vn 0.0513011 0.650914 -0.757416
vn 0.152004 0.571614 -0.80632
vn -0.144203 0.422709 -0.894719
vn -0.180007 0.484919 -0.855834
vn -0.0456982 0.323387 -0.945163
vn -0.0318995 0.302595 -0.952585
vn -0.663797 0.559697 -0.496098
vn -0.459814 0.290009 -0.839325
vn -0.709215 0.545812 -0.44621
vn -0.42801 0.088602 -0.899421
vn -0.510199 0.425899 -0.747199
vn -0.492885 0.394788 -0.775376
vn -0.552598 0.363098 -0.750197
vn -0.552815 0.36251 -0.750321
vn -0.742294 0.370697 -0.558196
vn -0.756297 0.347199 -0.554498
vn -0.779007 0.256602 -0.572105
vn -0.771767 0.270988 -0.575275
vn -0.667113 0.185804 -0.721414
vn -0.677314 0.173204 -0.715015
vn -0.747473 0.315889 -0.584379
vn -0.747473 0.315889 -0.584379
vn -0.623614 0.365708 -0.690915
vn -0.566202 0.394001 -0.724002
vn -0.746253 0.223386 -0.627061
vn -0.739712 0.276905 -0.61331
vn -0.794399 0.2556 -0.550999
vn -0.798243 0.238213 -0.55323
vn -0.450606 0.795311 0.405506
vn -0.846512 0.493007 0.200903
vn -0.390596 0.782193 0.485396
vn -0.926886 0.293396 0.234096
vn -0.733488 0.64089 0.226396
vn -0.774916 0.597413 0.206404
vn -0.775722 0.525915 0.34881
vn -0.770074 0.544582 0.332289
vn -0.721884 0.671885 0.165696
vn -0.724784 0.669685 0.161896
vn -0.77569 0.566393 0.278396
vn -0.774245 0.574033 0.266515
vn -0.786908 0.266603 0.556506
vn -0.791815 0.290206 0.53741
vn -0.766887 0.60319 0.219196
vn -0.766887 0.60319 0.219196
vn -0.703004 0.591804 0.394402
vn -0.712895 0.627296 0.313498
vn -0.78342 0.455412 0.422911
vn -0.782564 0.463379 0.415781
vn -0.758702 0.608802 0.231801
vn -0.766291 0.586693 0.261897
vn -0.842009 0.296303 -0.450805
vn -0.761809 -0.0226003 -0.647408
vn -0.803024 0.426813 -0.415912
vn -0.609128 -0.101605 -0.786536
vn -0.845618 0.0410009 -0.532211
vn -0.841976 0.0118997 -0.539384
vn -0.881753 0.0745961 -0.465775
vn -0.877075 0.117797 -0.465687
vn -0.908758 0.357984 -0.21449
vn -0.914217 0.343106 -0.215604
vn -0.956815 0.206003 -0.205103
vn -0.951463 0.221191 -0.213992
vn -0.900645 0.251785 -0.354179
vn -0.912745 0.251912 -0.321616
vn -0.933034 0.26741 -0.240709
vn -0.933034 0.26741 -0.240709
vn -0.767907 0.225902 -0.599406
vn -0.786135 0.0861039 -0.612027
vn -0.930079 0.302393 -0.208595
vn -0.918028 0.33621 -0.210206
vn -0.948837 0.24581 -0.198208
vn -0.958333 0.214007 -0.189206
vn -0.628477 0.647377 -0.431184
vn -0.43448 0.855861 -0.280587
vn -0.802127 0.443015 -0.400413
vn -0.597566 0.753557 -0.273984
vn -0.182299 0.978995 -0.0912996
vn 0.184507 0.970738 0.153706
vn -0.119804 0.944135 0.307011
vn -0.541009 0.840913 -0.0132002
vn -0.870097 0.419098 -0.259399
vn -0.835111 0.491406 -0.247203
vn -0.288103 0.930011 0.228203
vn -0.556584 0.821977 -0.120697
vn 0.109099 0.866394 0.487297
vn 0.290408 0.955327 0.0549015
vn -0.3085 0.851799 0.423399
vn -0.305299 0.950797 0.0526998
vn 0.402091 0.837381 -0.370292
vn -0.115997 0.600484 -0.791179
vn 0.2065 0.791301 -0.575501
vn -0.0206992 0.992462 -0.120795
vn -0.0788011 0.879512 0.469307
vn 0.232005 0.272306 -0.933822
vn -0.1614 0.218499 -0.962397
vn 0.331903 0.553706 -0.763708
vn -0.0140001 0.667805 -0.744205
vn -0.614219 0.102703 -0.782424
vn -0.792707 0.544905 -0.273302
vn -0.734762 0.308784 -0.603968
vn -0.292694 0.49899 -0.815683
vn 0.276594 0.392491 -0.877181
vn 0.611801 -0.571201 0.547201
vn 0.608709 -0.571808 0.550008
vn 0.576886 -0.230995 -0.783482
vn 0.582818 -0.228807 -0.779724
vn 0.629494 -0.0585994 -0.774793
vn 0.632522 -0.057202 -0.772427
vn 0.708486 0.0573989 0.703386
vn 0.745783 -0.0346992 0.665285
vn 0.694216 -0.0617015 -0.717117
vn 0.690642 -0.0595037 -0.720744
vn 0.644202 0.264401 0.717702
vn 0.657682 0.211894 0.72288
vn 0.623487 -0.520389 -0.583488
vn 0.624913 -0.51741 -0.584612
vn 0.680223 -0.30151 -0.668123
vn 0.578581 -0.578381 -0.575081
vn 0.578267 -0.551768 -0.600965
vn 0.578613 -0.578913 -0.574513
vn 0.578267 -0.551768 -0.600965
vn 0.67971 -0.307504 -0.66591
vn 0.681502 -0.1018 -0.724702
vn 0.680721 -0.0945029 -0.726422
vn 0.476709 0.367807 -0.798415
vn 0.471793 0.373294 -0.798788
vn 0.451894 0.388795 -0.802889
vn 0.451022 0.390319 -0.802639
vn 0.458902 0.376002 -0.805004
vn 0.458902 0.376002 -0.805004
vn -0.734059 -0.035398 -0.678162
vn -0.732791 -0.0299996 -0.679792
vn -0.755295 -0.200399 -0.623996
vn -0.730204 0.00580004 -0.683204
vn -0.745404 -0.0285002 -0.666004
vn -0.730691 0.00479994 -0.682692
vn -0.745404 -0.0285002 -0.666004
vn -0.75436 -0.177291 -0.632067
vn -0.75631 -0.244003 -0.607008
vn -0.751838 -0.256213 -0.607531
vn -0.774253 -0.324022 -0.543637
vn -0.773263 -0.325484 -0.544174
vn -0.755599 -0.350299 -0.553499
vn -0.755337 -0.350817 -0.553527
vn -0.756613 -0.348406 -0.553309
vn -0.756613 -0.348406 -0.553309
vn 0.308502 0.822805 0.477303
vn 0.320989 0.831073 0.454185
vn -0.620591 0.778588 0.0930986
vn -0.508377 0.854562 -0.106195
vn 0.314707 0.826918 0.46601
vn -0.139596 0.929974 0.34009
vn 0.105805 0.936646 0.333916
vn -0.276802 0.899407 0.338302
vn -0.142496 0.98667 0.0785976
vn -0.439895 0.85539 0.273497
vn -0.286893 0.957177 -0.0387991
vn -0.566014 0.82432 -0.0112003
vn -0.568189 0.805484 0.168397
vn -0.427986 0.897771 -0.104097
vn 0.0812001 0.915301 0.3945
vn -0.0610992 0.980687 0.185797
vn -0.0966019 0.959119 0.266005
vn -0.206709 0.95444 0.215209
vn -0.366912 0.922431 0.120404
vn -0.50812 0.860834 0.0279011
vn 0.124296 0.91627 0.380788
vn 0.408492 0.912682 -0.0120998
vn 0.409303 0.912008 -0.0267002
vn -0.645392 0.761891 0.0546993
vn -0.628179 0.758775 -0.172194
vn 0.408891 0.912379 -0.0192996
vn -0.160194 0.986665 0.028799
vn 0.128605 0.989035 -0.0726025
vn -0.303005 0.948615 0.0912014
vn -0.288101 0.934804 -0.207701
vn -0.428888 0.896475 0.111297
vn -0.413208 0.879817 -0.234905
vn -0.640709 0.765211 -0.0628009
vn -0.561815 0.822622 0.0875024
vn -0.54527 0.810355 -0.214488
vn 0.137204 0.990428 -0.0151004
vn -0.158994 0.97626 -0.147094
vn -0.147401 0.987309 -0.0591006
vn -0.293805 0.954018 -0.0594011
vn -0.424595 0.903189 -0.0629992
vn -0.56689 0.821186 -0.0654988
vn 0.174803 0.983815 -0.0394006
vn 0.165195 0.838174 -0.519784
vn 0.153998 0.830188 -0.535792
vn -0.641508 0.741309 0.197302
vn -0.724324 0.685423 0.0745025
vn 0.1599 0.834499 -0.527299
vn -0.189493 0.945867 -0.263491
vn -0.0763985 0.888082 -0.453291
vn -0.255805 0.952018 -0.168003
vn -0.382405 0.873212 -0.302104
vn -0.384511 0.922326 -0.0383011
vn -0.540279 0.821769 -0.181093
vn -0.684788 0.715788 0.136798
vn -0.55599 0.820785 0.131098
vn -0.693225 0.720526 -0.0168006
vn -0.0162006 0.908433 -0.417715
vn -0.292589 0.887465 -0.356086
vn -0.230509 0.919638 -0.318013
vn -0.314894 0.918283 -0.239996
vn -0.470802 0.876404 -0.1013
vn -0.647523 0.758627 0.0721026
vn -0.0131998 0.893186 -0.449493
vn -0.295494 0.609588 -0.735585
vn -0.313413 0.596824 -0.73863
vn -0.538696 0.814394 0.215798
vn -0.719209 0.667709 0.192102
vn -0.303813 0.603725 -0.737031
vn -0.481491 0.819685 -0.310294
vn -0.476393 0.692389 -0.541892
vn -0.46791 0.867719 -0.167704
vn -0.707267 0.682368 -0.184791
vn -0.47359 0.880081 -0.0341993
vn -0.749745 0.66014 -0.0458028
vn -0.642986 0.738183 0.204095
vn -0.507885 0.853875 0.113797
vn -0.746362 0.658167 0.098795
vn -0.410484 0.720371 -0.559078
vn -0.628318 0.712121 -0.313209
vn -0.549786 0.77008 -0.323592
vn -0.590405 0.785807 -0.184202
vn -0.620397 0.782896 -0.0466998
vn -0.638467 0.761161 0.113994
vn -0.424591 0.697385 -0.577388
vn -0.532813 0.433411 -0.726818
vn -0.551602 0.426701 -0.716702
vn -0.159799 0.963697 0.213899
vn -0.2388 0.916199 0.321799
vn -0.542618 0.429914 -0.721623
vn -0.455413 0.811924 -0.365211
vn -0.569888 0.618688 -0.540789
vn -0.366891 0.896378 -0.248794
vn -0.548693 0.82609 -0.128498
vn -0.233007 0.971728 -0.0381011
vn -0.445891 0.885182 0.132797
vn -0.207798 0.937391 0.279497
vn -0.126 0.977199 0.1709
vn -0.306294 0.895682 0.322394
vn -0.525922 0.645427 -0.553923
vn -0.568336 0.763249 -0.30732
vn -0.516005 0.782308 -0.348903
vn -0.461821 0.863639 -0.202109
vn -0.342093 0.93848 0.047199
vn -0.210199 0.945497 0.248699
vn -0.549796 0.601396 -0.579696
vn -0.995719 0.0681013 0.0625012
vn -0.995695 0.0631997 0.0677997
vn -0.275712 0.958341 0.0746032
vn -0.284102 0.914706 0.287402
vn -0.995713 0.0657009 0.0651009
vn -0.854494 0.513296 0.0797994
vn -0.953078 0.271994 0.132897
vn -0.69691 0.71591 0.0423006
vn -0.680096 0.671196 0.294898
vn -0.511903 0.858505 0.0304002
vn -0.494088 0.803281 0.332592
vn -0.281597 0.942192 0.181598
vn -0.366886 0.928964 0.0491981
vn -0.371681 0.870956 0.321384
vn -0.956008 0.278902 0.0909007
vn -0.844323 0.489213 0.218606
vn -0.859668 0.488582 0.149194
vn -0.704787 0.689387 0.167397
vn -0.505296 0.841793 0.189898
vn -0.36121 0.913724 0.186105
vn -0.964191 0.243798 0.104399
vn -0.789528 0.151105 0.594821
vn -0.774198 0.1533 0.614098
vn -0.460518 0.887636 0.0051002
vn -0.36359 0.922274 0.131196
vn -0.781381 0.152296 0.605185
vn -0.720698 0.604598 0.339199
vn -0.730909 0.393505 0.557607
vn -0.67979 0.70609 0.198297
vn -0.524523 0.750933 0.401218
vn -0.605076 0.790869 0.0916964
vn -0.437793 0.842687 0.313395
vn -0.413306 0.908012 0.0685009
vn -0.511218 0.85903 0.0269009
vn -0.373703 0.905508 0.201002
vn -0.768525 0.400813 0.498716
vn -0.616286 0.636686 0.46349
vn -0.674346 0.613242 0.411328
vn -0.611528 0.727233 0.311714
vn -0.523306 0.829509 0.195102
vn -0.444185 0.88907 0.110696
vn -0.756955 0.365978 0.541368
vn -0.341196 0.394095 0.85339
vn -0.317 0.4048 0.857699
vn -0.452405 0.88971 -0.0612007
vn -0.260808 0.96483 0.032901
vn -0.329387 0.399385 0.855567
vn -0.53467 0.754158 0.381279
vn -0.367708 0.655615 0.659515
vn -0.591368 0.764759 0.255786
vn -0.366192 0.864981 0.343092
vn -0.589921 0.792228 0.156105
vn -0.325489 0.906269 0.269691
vn -0.348784 0.937157 -0.00929957
vn -0.523393 0.851689 0.0261996
vn -0.273106 0.953022 0.131003
vn -0.433414 0.615119 0.658621
vn -0.375997 0.827793 0.416396
vn -0.444987 0.794676 0.412888
vn -0.484213 0.821322 0.301608
vn -0.463722 0.860241 0.21201
vn -0.393416 0.916638 0.0707029
vn -0.393416 0.603525 0.693528
vn -0.0635 0.5362 0.841699
vn -0.0444985 0.547881 0.835372
vn -0.594699 0.774999 -0.2138
vn -0.496504 0.814507 -0.300103
vn -0.0536985 0.542285 0.838477
vn -0.380598 0.818896 0.429598
vn -0.173393 0.744968 0.644172
vn -0.487487 0.825378 0.284793
vn -0.300906 0.933919 0.193004
vn -0.594381 0.802774 0.0475985
vn -0.373884 0.923461 -0.0861964
vn -0.536278 0.800768 -0.266789
vn -0.631602 0.754203 -0.179601
vn -0.441712 0.848923 -0.290208
vn -0.224192 0.723976 0.652378
vn -0.262188 0.884158 0.386682
vn -0.317392 0.84858 0.42329
vn -0.39639 0.882879 0.251794
vn -0.490912 0.870921 -0.0224005
vn -0.545389 0.803684 -0.237995
vn -0.174502 0.704607 0.687807
vn -0.661569 0.648469 0.376582
vn -0.515104 0.853607 0.0776007
vn -0.78978 0.611685 -0.0456989
vn -0.50572 0.807732 -0.303012
vn -0.173508 0.982645 -0.065603
vn -0.278307 0.888022 0.366009
vn -0.1216 0.989301 0.0806001
vn -0.0752011 0.783512 0.616809
vn -0.0642977 0.997865 0.0114996
vn 0.0463009 0.687914 0.724314
vn -0.151602 0.878213 0.453607
vn -0.142495 0.85087 0.505682
vn -0.103098 0.87738 0.468589
vn -0.1047 0.878197 0.466699
vn -0.111998 0.968479 0.222495
vn -0.0742004 0.972105 0.222501
vn 0.185809 0.952746 0.240312
vn 0.178701 0.954107 0.240302
vn 0.0157998 0.884489 0.466294
vn 0.0160005 0.884527 0.466214
vn 0.127898 0.962486 0.239297
vn 0.127898 0.962486 0.239297
vn -0.0100996 0.917466 0.397685
vn -0.0911978 0.912278 0.39929
vn -0.0427011 0.939525 0.339809
vn -0.0797028 0.944933 0.317411
vn 0.134298 0.963689 0.230797
vn 0.157101 0.959703 0.233001
vn 0.286484 0.232887 0.929349
vn -0.249096 -0.141498 0.958086
vn 0.404899 0.2001 0.892198
vn -0.274801 -0.326401 0.904404
vn -0.120399 0.0473997 0.991593
vn -0.191796 -0.0101998 0.981382
vn -0.152898 0.110999 0.981989
vn -0.184403 0.182203 0.965815
vn -0.146704 0.81642 0.558513
vn -0.0733022 0.798124 0.598018
vn 0.21129 0.63987 0.738866
vn 0.204594 0.64478 0.736478
vn -0.277805 0.522809 0.805913
vn -0.277788 0.554477 0.784467
vn 0.157693 0.677768 0.718167
vn 0.157693 0.677768 0.718167
vn 0.064202 -0.0761024 0.995031
vn -0.00720009 0.0180002 0.999812
vn -0.289607 0.744518 0.601515
vn -0.297405 0.781114 0.54901
vn 0.169298 0.679693 0.713692
vn 0.190495 0.662884 0.724083
vn 0.609799 0.788699 0.0780999
vn 0.316403 0.702206 0.637806
vn 0.701341 0.712742 0.0109006
vn 0.323004 0.554406 0.767009
vn 0.384086 0.80527 0.451683
vn 0.337406 0.780214 0.52671
vn 0.364386 0.831368 0.419584
vn 0.345993 0.847282 0.402992
vn 0.235298 0.674793 0.699493
vn 0.246991 0.662175 0.707474
vn 0.412599 0.463799 0.783998
vn 0.407811 0.469313 0.783221
vn 0.144208 0.93685 0.318617
vn 0.159693 0.937761 0.308387
vn 0.364116 0.516922 0.774733
vn 0.364116 0.516922 0.774733
vn 0.558403 0.698004 0.448303
vn 0.485795 0.770992 0.411795
vn 0.136898 0.85089 0.507194
vn 0.143097 0.836983 0.528189
vn 0.376186 0.516881 0.768972
vn 0.394 0.4952 0.7743
vn 0.595918 0.701421 -0.391012
vn 0.539631 0.814246 0.214012
vn 0.656391 0.598192 -0.459693
vn 0.596519 0.716723 0.361211
vn 0.529691 0.848185 -0.00319994
vn 0.513709 0.853315 0.0892015
vn 0.488575 0.872056 -0.0284986
vn 0.461014 0.886427 -0.0414012
vn 0.077598 0.952776 0.293593
vn 0.112997 0.945077 0.306693
vn 0.385792 0.842582 0.375792
vn 0.378411 0.846225 0.375111
vn 0.1205 0.991503 -0.0490002
vn 0.153102 0.985916 -0.0673011
vn 0.326206 0.870216 0.369207
vn 0.326206 0.870216 0.369207
vn 0.686741 0.726343 -0.0285017
vn 0.606701 0.792501 -0.0621001
vn -0.00600026 0.992743 0.120105
vn -0.00859998 0.987498 0.1574
vn 0.3145 0.878099 0.3606
vn 0.346312 0.86373 0.366113
vn 0.929065 0.26549 -0.25759
vn 0.898586 0.240996 0.366694
vn 0.927466 0.179893 -0.327788
vn 0.871097 0.0920997 0.482398
vn 0.923149 0.348181 0.162991
vn 0.905123 0.340409 0.254706
vn 0.868242 0.476123 0.139507
vn 0.846284 0.51769 0.125698
vn 0.412086 0.764774 0.495283
vn 0.436228 0.744747 0.505032
vn 0.653905 0.503504 0.564705
vn 0.649712 0.509009 0.56461
vn 0.500102 0.856304 0.129001
vn 0.548218 0.829228 0.108804
vn 0.60842 0.559819 0.562519
vn 0.60842 0.559819 0.562519
vn 0.985807 0.150001 0.0754005
vn 0.961029 0.258608 0.0977029
vn 0.315788 0.894667 0.315988
vn 0.314405 0.888514 0.334205
vn 0.6154 0.5586 0.5561
vn 0.632902 0.536201 0.558501
vn -0.362702 0.871405 -0.330302
vn 0.0929996 0.993396 -0.0671997
vn -0.379012 0.834326 -0.400313
vn 0.267489 0.960761 -0.073397
vn -0.0864027 0.989831 -0.113003
vn -0.0385994 0.995185 -0.0900986
vn -0.0301994 0.985681 -0.165897
vn -0.0333982 0.985846 -0.164291
vn -0.233495 0.92748 -0.291994
vn -0.214088 0.923747 -0.317582
vn -0.0572984 0.881876 -0.467987
vn -0.0633005 0.884407 -0.462404
vn 0.0662002 0.954704 -0.290101
vn 0.0655024 0.955535 -0.287511
vn -0.0956018 0.897317 -0.430908
vn -0.0956018 0.897317 -0.430908
vn -0.0678001 0.963602 -0.258601
vn -0.102204 0.975939 -0.192608
vn -0.0774022 0.946227 -0.314109
vn -0.120197 0.947378 -0.296693
vn -0.0995991 0.893492 -0.437896
vn -0.0804011 0.887312 -0.454106
vn 0.126096 0.986067 -0.108496
vn 0.231695 0.860882 0.45299
vn 0.175408 0.966045 -0.189709
vn 0.362581 0.745562 0.559171
vn 0.143492 0.946946 0.287584
vn 0.158905 0.924227 0.34721
vn 0.0554995 0.958191 0.280697
vn -0.0581991 0.958585 0.278796
vn 0.0015 0.998698 -0.0509999
vn 0.0783969 0.993561 -0.0817968
vn 0.385888 0.907871 -0.163895
vn 0.378505 0.911312 -0.162002
vn -0.286908 0.936825 0.200105
vn -0.276517 0.944359 0.178111
vn 0.329295 0.932285 -0.149698
vn 0.329295 0.932285 -0.149698
vn 0.2915 0.936899 0.193
vn 0.207509 0.95294 0.221009
vn -0.216602 0.973107 0.0784006
vn -0.195003 0.979413 0.0522007
vn 0.33169 0.929671 -0.160295
vn 0.356915 0.919538 -0.164507
vn 0.508705 0.273903 -0.816208
vn 0.724237 0.603031 -0.334417
vn 0.518399 0.1388 -0.843799
vn 0.814372 0.546781 -0.194493
vn 0.641373 0.552077 -0.532778
vn 0.665814 0.596113 -0.44871
vn 0.625205 0.555805 -0.547905
vn 0.604685 0.570586 -0.555686
vn 0.35359 0.912074 -0.207594
vn 0.372998 0.904195 -0.208099
vn 0.59242 0.776326 -0.215307
vn 0.586415 0.78112 -0.214405
vn 0.294484 0.806757 -0.512272
vn 0.317302 0.784704 -0.532503
vn 0.538803 0.816705 -0.206601
vn 0.538803 0.816705 -0.206601
vn 0.740301 0.389 -0.548301
vn 0.665112 0.467109 -0.582611
vn 0.231198 0.918392 -0.321097
vn 0.238608 0.922731 -0.30271
vn 0.541711 0.812017 -0.217204
vn 0.564716 0.795723 -0.218906
vn 0.221097 0.152298 -0.963287
vn 0.350788 0.708476 -0.61238
vn 0.25659 0.0105996 -0.966462
vn 0.445105 0.735708 -0.510505
vn 0.258901 0.555901 -0.789902
vn 0.268905 0.651912 -0.709014
vn 0.161496 0.598886 -0.784382
vn 0.140007 0.603029 -0.785337
vn -0.0750977 0.916472 -0.392988
vn -0.0417014 0.914331 -0.402814
vn 0.183295 0.841275 -0.508585
vn 0.176597 0.844985 -0.504791
vn -0.203099 0.722197 -0.661197
vn -0.184789 0.700159 -0.68966
vn 0.135098 0.866586 -0.480392
vn 0.135098 0.866586 -0.480392
vn 0.404507 0.472009 -0.783314
vn 0.310297 0.465995 -0.828592
vn -0.212705 0.844321 -0.491812
vn -0.1895 0.870199 -0.4548
vn 0.114603 0.87292 -0.474211
vn 0.147304 0.857921 -0.492212
vn 0.463126 -0.397322 -0.792244
vn 0.872598 -0.1249 -0.472199
vn 0.410993 -0.484892 -0.771987
vn 0.930594 -0.157999 -0.330198
vn 0.755279 -0.163496 -0.634683
vn 0.805329 -0.123504 -0.579821
vn 0.715527 -0.0918035 -0.692526
vn 0.700093 -0.0670993 -0.710892
vn 0.242005 0.87822 -0.412509
vn 0.261492 0.869572 -0.418887
vn 0.57751 0.655511 -0.486608
vn 0.573097 0.659897 -0.485897
vn 0.348902 0.566303 -0.746705
vn 0.429899 0.426299 -0.795899
vn 0.52877 0.70166 -0.477573
vn 0.52877 0.70166 -0.477573
vn 0.725416 -0.346708 -0.594613
vn 0.720619 -0.258807 -0.643217
vn 0.0939015 0.887414 -0.451307
vn 0.0974 0.8823 -0.4605
vn 0.529409 0.696612 -0.484208
vn 0.548218 0.680122 -0.486716
vn -0.333418 0.861246 -0.38352
vn 0.193707 0.959336 -0.205308
vn -0.364302 0.819004 -0.443302
vn 0.372899 0.898297 -0.232399
vn 0.00329992 0.974677 -0.223595
vn 0.0539004 0.976107 -0.210501
vn 0.0152001 0.971804 -0.235301
vn 0.0141001 0.971309 -0.237402
vn -0.360396 0.82569 -0.433995
vn -0.365397 0.804594 -0.468096
vn -0.357991 0.663684 -0.656784
vn -0.360009 0.669717 -0.649517
vn 0.00340004 0.94741 -0.320003
vn 0.00680005 0.952007 -0.306002
vn -0.36928 0.698062 -0.613467
vn -0.36928 0.698062 -0.613467
vn -0.0128005 0.928539 -0.371015
vn -0.0272001 0.953802 -0.299201
vn -0.174801 0.908904 -0.378601
vn -0.191894 0.90757 -0.373488
vn -0.364804 0.688408 -0.626907
vn -0.360009 0.672518 -0.646617
vn 0.598226 0.507022 -0.620527
vn 0.825375 0.562083 -0.0530984
vn 0.598902 0.415001 -0.684902
vn 0.903001 0.4232 0.0741001
vn 0.744695 0.620096 -0.246798
vn 0.775105 0.610204 -0.163901
vn 0.737537 0.625632 -0.254213
vn 0.674561 0.69156 -0.258285
vn -0.0926047 0.921646 -0.376819
vn -0.00450003 0.869505 -0.493903
vn 0.213806 0.701521 -0.67982
vn 0.205592 0.709572 -0.673973
vn 0.363098 0.888495 -0.280599
vn 0.264496 0.918386 -0.294295
vn 0.170907 0.741931 -0.648327
vn 0.170907 0.741931 -0.648327
vn 0.819794 0.459097 -0.342298
vn 0.770079 0.556285 -0.312291
vn 0.0164001 0.959303 -0.281901
vn -0.106105 0.963849 -0.244412
vn 0.166205 0.733622 -0.65892
vn 0.193292 0.71217 -0.674872
vn -0.366684 0.268488 -0.890762
vn 0.100598 0.643288 -0.758986
vn -0.371801 0.1419 -0.917403
vn 0.291301 0.611102 -0.736002
vn -0.088998 0.585487 -0.805782
vn -0.0212992 0.625577 -0.779872
vn -0.128203 0.591812 -0.795816
vn -0.159205 0.605418 -0.779823
vn 0.161201 0.695806 -0.699906
vn 0.181209 0.682533 -0.708034
vn 0.365208 0.519611 -0.772417
vn 0.358315 0.528322 -0.769732
vn -0.290808 0.71192 -0.639218
vn -0.295792 0.704081 -0.645583
vn 0.322109 0.572316 -0.754122
vn 0.322109 0.572316 -0.754122
vn -0.0347011 0.420714 -0.90653
vn -0.0979977 0.491089 -0.86558
vn -0.102004 0.756728 -0.645723
vn -0.0603966 0.754458 -0.653564
vn 0.315902 0.566904 -0.760806
vn 0.340212 0.541018 -0.769126
vn -0.947882 0.0430992 -0.315694
vn -0.577812 0.209904 -0.788716
vn -0.963567 -0.058498 -0.260991
vn -0.421918 0.112405 -0.899639
vn -0.730592 0.221198 -0.645993
vn -0.675708 0.231703 -0.699809
vn -0.74911 0.248403 -0.614109
vn -0.758105 0.292602 -0.582804
vn -0.329707 0.753716 -0.568512
vn -0.313895 0.741187 -0.59339
vn -0.170398 0.567295 -0.805693
vn -0.175406 0.57542 -0.798827
vn -0.68773 0.569025 -0.45082
vn -0.705462 0.54717 -0.450476
vn -0.197196 0.610988 -0.766686
vn -0.197196 0.610988 -0.766686
vn -0.770183 0.0284994 -0.637186
vn -0.772493 0.126999 -0.622194
vn -0.508211 0.721216 -0.470711
vn -0.474324 0.740037 -0.476824
vn -0.213901 0.627804 -0.748404
vn -0.196405 0.602315 -0.773719
vn 0.198492 -0.173293 -0.964661
vn 0.469806 0.415805 -0.77871
vn 0.224198 -0.315697 -0.921993
vn 0.583305 0.442704 -0.681006
vn 0.319009 0.274508 -0.907126
vn 0.352313 0.363913 -0.862231
vn 0.169998 0.339297 -0.925191
vn 0.158005 0.342512 -0.926132
vn -0.0154005 0.574119 -0.818627
vn 0.0144998 0.540392 -0.841288
vn 0.196708 0.322114 -0.926039
vn 0.191208 0.330213 -0.924337
vn -0.258996 0.548992 -0.794688
vn -0.217696 0.50439 -0.835583
vn 0.156901 0.379703 -0.911706
vn 0.156901 0.379703 -0.911706
vn 0.470885 0.118696 -0.874173
vn 0.363293 0.136097 -0.921681
vn -0.23951 0.645728 -0.725031
vn -0.196704 0.647415 -0.736316
vn 0.151691 0.374477 -0.914744
vn 0.172603 0.347606 -0.921617
vn -0.945951 0.321783 0.0403979
vn -0.791477 0.317791 -0.522085
vn -0.962327 0.247207 0.113203
vn -0.742335 0.202709 -0.63863
vn -0.855465 0.388084 -0.342886
vn -0.830703 0.382401 -0.404601
vn -0.875882 0.307694 -0.371692
vn -0.874707 0.317002 -0.366603
vn -0.950477 0.289993 -0.111797
vn -0.956023 0.270606 -0.113103
vn -0.98791 0.0262003 -0.152801
vn -0.987897 0.0266999 -0.152799
vn -0.918168 0.126696 -0.375387
vn -0.912421 0.146303 -0.382209
vn -0.985724 0.082802 -0.146604
vn -0.985724 0.082802 -0.146604
vn -0.920643 0.243311 -0.305314
vn -0.902326 0.326609 -0.281308
vn -0.94951 0.211202 -0.232002
vn -0.948635 0.224208 -0.223208
vn -0.987808 0.0695006 -0.139301
vn -0.988222 0.0585013 -0.141403
vn -0.668533 0.532027 -0.519626
vn -0.133905 0.691225 -0.710125
vn -0.719277 0.454085 -0.525783
vn 0.0261007 0.609416 -0.792421
vn -0.314712 0.705928 -0.634525
vn -0.260697 0.712091 -0.651892
vn -0.339603 0.751807 -0.565205
vn -0.350811 0.808025 -0.473315
vn -0.637074 0.629174 -0.445282
vn -0.651879 0.578681 -0.490084
vn -0.652113 0.329207 -0.682914
vn -0.652893 0.334897 -0.679393
vn -0.423203 0.866506 -0.264702
vn -0.441188 0.856277 -0.268593
vn -0.657622 0.380113 -0.650421
vn -0.657622 0.380113 -0.650421
vn -0.385186 0.579779 -0.717974
vn -0.377693 0.643589 -0.665688
vn -0.534979 0.790569 -0.297989
vn -0.556384 0.771378 -0.308891
vn -0.664415 0.369708 -0.649514
vn -0.661109 0.351405 -0.662909
vn -0.799381 -0.533787 -0.275793
vn -0.596907 -0.144402 -0.789209
vn -0.733931 -0.646428 -0.208509
vn -0.439506 -0.148302 -0.885912
vn -0.73607 -0.25119 -0.628574
vn -0.694393 -0.187298 -0.694793
vn -0.756018 -0.249306 -0.605214
vn -0.768891 -0.236097 -0.594193
vn -0.692531 0.322214 -0.645429
vn -0.688023 0.30941 -0.656422
vn -0.607763 0.111493 -0.786253
vn -0.609676 0.116995 -0.783969
vn -0.886052 0.117394 -0.448476
vn -0.889816 0.0640012 -0.451808
vn -0.626918 0.170405 -0.760221
vn -0.626918 0.170405 -0.760221
vn -0.643806 -0.424704 -0.636506
vn -0.726601 -0.3549 -0.5883
vn -0.796806 0.324502 -0.509704
vn -0.785073 0.332989 -0.522282
vn -0.632204 0.157601 -0.758604
vn -0.623993 0.137198 -0.769291
vn -0.724101 -0.554301 0.410401
vn -0.91327 -0.364488 -0.181894
vn -0.633936 -0.619535 0.462926
vn -0.859179 -0.393391 -0.327192
vn -0.909203 -0.411201 0.0653002
vn -0.931304 -0.361502 -0.0446002
vn -0.934513 -0.345605 0.0851012
vn -0.94489 -0.310397 0.104099
vn -0.969797 0.1373 -0.201599
vn -0.970424 0.114903 -0.212305
vn -0.935436 -0.163306 -0.313512
vn -0.935243 -0.16409 -0.313681
vn -0.980002 0.1004 0.1718
vn -0.980112 0.0689008 0.186102
vn -0.947723 -0.105903 -0.301007
vn -0.947723 -0.105903 -0.301007
vn -0.835325 -0.548516 0.0369011
vn -0.870731 -0.482117 0.0969035
vn -0.973482 0.228696 -0.0055999
vn -0.972503 0.230201 -0.0353001
vn -0.950574 -0.102497 -0.293092
vn -0.947689 -0.116699 -0.297097
vn -0.35639 -0.931575 0.071798
vn -0.245303 -0.818309 -0.519805
vn -0.289788 -0.94586 0.146194
vn -0.100799 -0.79059 -0.603992
vn -0.380999 -0.858997 -0.341999
vn -0.362695 -0.830888 -0.421994
vn -0.531119 -0.783228 -0.323212
vn -0.574822 -0.756829 -0.311112
vn -0.849786 0.260796 -0.458093
vn -0.847485 0.197796 -0.492591
vn -0.766098 -0.1196 -0.631498
vn -0.767133 -0.117005 -0.630727
vn -0.940698 -0.1834 -0.285399
vn -0.929707 -0.238202 -0.280902
vn -0.787625 -0.0580018 -0.613419
vn -0.787625 -0.0580018 -0.613419
vn -0.213712 -0.945853 -0.244314
vn -0.309605 -0.912315 -0.268004
vn -0.898863 0.298888 -0.320487
vn -0.881326 0.33581 -0.33241
vn -0.789185 -0.0696987 -0.610188
vn -0.780488 -0.0924986 -0.61829
vn -0.256403 0.966513 -0.0105001
vn -0.120301 0.905605 0.406702
vn -0.223599 0.971996 -0.0722997
vn 0.0275994 0.860981 0.507889
vn -0.213406 0.936127 0.279508
vn -0.195006 0.927128 0.32001
vn -0.172199 0.943295 0.283799
vn -0.172801 0.943305 0.283401
vn -0.224393 0.97007 0.0927972
vn -0.190801 0.977907 0.0854006
vn 0.0326012 0.997836 0.0571021
vn 0.0233002 0.99801 0.0586006
vn -0.0771004 0.960105 0.268801
vn -0.067998 0.962371 0.263092
vn -0.0228992 0.997564 0.0658976
vn -0.0228992 0.997564 0.0658976
vn -0.112701 0.971507 0.208501
vn -0.165996 0.956376 0.240394
vn -0.138702 0.974713 0.175202
vn -0.179807 0.970436 0.161006
vn -0.0184008 0.998141 0.0581024
vn 0.00860014 0.998416 0.0556009
vn -0.503291 0.824985 -0.257095
vn -0.112801 0.979906 -0.164501
vn -0.528388 0.791982 -0.305893
vn 0.0577986 0.975277 -0.213295
vn -0.258403 0.952812 -0.159302
vn -0.22029 0.963058 -0.154893
vn -0.224203 0.950913 -0.213303
vn -0.224003 0.950915 -0.213503
vn -0.400898 0.878395 -0.260199
vn -0.389417 0.875038 -0.287512
vn -0.288096 0.843788 -0.452794
vn -0.29359 0.846571 -0.443985
vn -0.159893 0.929061 -0.333586
vn -0.158798 0.925891 -0.342797
vn -0.315587 0.856664 -0.408083
vn -0.315587 0.856664 -0.408083
vn -0.272598 0.921392 -0.276998
vn -0.269607 0.937923 -0.218205
vn -0.272687 0.905158 -0.326085
vn -0.310684 0.903254 -0.295985
vn -0.31981 0.852726 -0.413013
vn -0.303283 0.846853 -0.436876
vn -0.0818972 0.974866 -0.207193
vn 0.112407 0.968059 0.224114
vn -0.0472007 0.957214 -0.285504
vn 0.302805 0.897615 0.320305
vn -0.00159999 0.994996 0.0998996
vn 0.0279009 0.988533 0.148405
vn -0.0649979 0.992068 0.107597
vn -0.162495 0.978773 0.124897
vn -0.174892 0.974954 -0.137394
vn -0.106596 0.977168 -0.183794
vn 0.174094 0.930668 -0.321789
vn 0.163596 0.934178 -0.317093
vn -0.3584 0.9271 0.1097
vn -0.354013 0.931034 0.0886032
vn 0.112195 0.949357 -0.293487
vn 0.112195 0.949357 -0.293487
vn 0.120398 0.992684 -0.00909985
vn 0.0632994 0.996691 0.0509995
vn -0.328103 0.944608 0.00800007
vn -0.315399 0.948796 -0.0175999
vn 0.114499 0.945895 -0.303598
vn 0.148295 0.936866 -0.316688
vn -0.640709 0.72511 -0.252404
vn -0.236203 0.842812 -0.483607
vn -0.685622 0.680322 -0.259008
vn -0.0965974 0.779679 -0.618684
vn -0.368609 0.84742 -0.382109
vn -0.336384 0.850959 -0.40338
vn -0.37608 0.815357 -0.440177
vn -0.37549 0.814378 -0.442488
vn -0.594771 0.674368 -0.437579
vn -0.596617 0.659618 -0.457113
vn -0.568198 0.625498 -0.534698
vn -0.567672 0.635968 -0.522774
vn -0.394193 0.703387 -0.591489
vn -0.401301 0.686201 -0.606701
vn -0.565301 0.666001 -0.486701
vn -0.565301 0.666001 -0.486701
vn -0.451616 0.772327 -0.446715
vn -0.410216 0.811831 -0.415516
vn -0.50712 0.649525 -0.566522
vn -0.531724 0.66753 -0.521223
vn -0.587287 0.609986 -0.531988
vn -0.581785 0.602485 -0.546386
vn -0.883136 0.146306 0.445718
vn -0.988342 0.145006 -0.046402
vn -0.854589 0.0682991 0.514794
vn -0.981924 0.0159004 -0.188605
vn -0.970522 0.206305 0.124603
vn -0.977759 0.201292 0.0588975
vn -0.995179 0.0432991 0.0879982
vn -0.992299 0.0774 0.0967
vn -0.955908 0.271302 0.112401
vn -0.955925 0.272507 0.109303
vn -0.988471 0.129596 0.0782977
vn -0.987522 0.136803 0.0780018
vn -0.962216 -0.270505 0.0311005
vn -0.972552 -0.230189 0.0339983
vn -0.978309 0.192902 0.0755007
vn -0.978309 0.192902 0.0755007
vn -0.984742 0.0446019 0.168207
vn -0.976992 0.130099 0.168999
vn -0.99604 -0.0321013 0.0829034
vn -0.995148 -0.0593029 0.0785038
vn -0.97967 0.179795 0.0889973
vn -0.983921 0.155703 0.0875018
vn -0.779222 0.534615 -0.327109
vn -0.396411 0.657818 -0.640417
vn -0.823692 0.468595 -0.319297
vn -0.240696 0.55569 -0.795785
vn -0.524671 0.672663 -0.521771
vn -0.487184 0.675178 -0.553882
vn -0.532791 0.708489 -0.462793
vn -0.523292 0.762189 -0.381095
vn -0.733303 0.620603 -0.277701
vn -0.761261 0.566971 -0.314684
vn -0.817912 0.319605 -0.478407
vn -0.817021 0.331609 -0.471712
vn -0.533202 0.823702 -0.192901
vn -0.54759 0.814586 -0.191297
vn -0.811634 0.379016 -0.444519
vn -0.811634 0.379016 -0.444519
vn -0.610598 0.547398 -0.572298
vn -0.562202 0.612202 -0.556002
vn -0.619697 0.761496 -0.189999
vn -0.638692 0.744891 -0.192898
vn -0.817312 0.371305 -0.440606
vn -0.819696 0.339698 -0.461198
vn -0.800348 0.479929 0.359321
vn -0.935661 0.328086 -0.129995
vn -0.7848 0.4332 0.4432
vn -0.959273 0.185895 -0.212694
vn -0.898691 0.438396 0.0127999
vn -0.908711 0.415205 -0.0430005
vn -0.931852 0.362281 0.020099
vn -0.928481 0.370792 0.0208996
vn -0.873273 0.417187 0.251692
vn -0.880192 0.397396 0.259498
vn -0.935167 0.171194 0.310089
vn -0.935068 0.172094 0.309889
vn -0.975625 0.203305 0.0826021
vn -0.973566 0.216992 0.0712975
vn -0.927722 0.224905 0.297907
vn -0.927722 0.224905 0.297907
vn -0.938286 0.327395 0.111498
vn -0.911188 0.401495 0.0923988
vn -0.931988 0.313896 0.181298
vn -0.925213 0.331405 0.184803
vn -0.926789 0.214798 0.308096
vn -0.928918 0.202504 0.310006
vn -0.450195 -0.623093 0.639593
vn -0.927875 -0.301592 0.219294
vn -0.330411 -0.700623 0.632421
vn -0.949998 -0.299599 0.0879998
vn -0.804525 -0.397912 0.440914
vn -0.873808 -0.322203 0.364203
vn -0.811997 -0.298599 0.501498
vn -0.811791 -0.296297 0.503194
vn -0.940071 0.233493 0.248492
vn -0.946303 0.213901 0.242401
vn -0.974963 -0.0511981 0.216392
vn -0.974867 -0.0529982 0.216393
vn -0.807026 0.100403 0.581918
vn -0.794356 0.0394978 0.606167
vn -0.976455 0.00749966 0.21559
vn -0.976455 0.00749966 0.21559
vn -0.774788 -0.523892 0.353894
vn -0.739216 -0.492911 0.45891
vn -0.871796 0.258199 0.416298
vn -0.882624 0.267407 0.386611
vn -0.975173 0.0181995 0.220694
vn -0.975409 0 0.220402
vn 0.00220007 -0.901529 0.432714
vn -0.267806 -0.961223 -0.0658016
vn 0.0980053 -0.886248 0.452724
vn -0.222409 -0.95294 -0.206009
vn -0.239495 -0.96078 0.139797
vn -0.277602 -0.958406 0.0663004
vn -0.311914 -0.927641 0.205409
vn -0.322897 -0.921691 0.214998
vn -0.994549 -0.0483024 0.0924046
vn -0.994954 -0.0294986 0.0958956
vn -0.91007 -0.414386 0.00749975
vn -0.907689 -0.419595 0.00639992
vn -0.840837 -0.406418 0.357516
vn -0.707728 -0.599424 0.373915
vn -0.933717 -0.357507 0.0190004
vn -0.933717 -0.357507 0.0190004
vn -0.0715002 -0.989803 0.1232
vn -0.150995 -0.973668 0.170794
vn -0.976132 0.0761025 0.203407
vn -0.973565 0.0436984 0.224192
vn -0.926716 -0.375106 0.0222004
vn -0.926716 -0.375106 0.0222004
vn -0.817696 0.420998 0.392598
vn -0.984091 0.165699 -0.0640994
vn -0.788695 0.389697 0.475497
vn -0.991416 -0.00950015 -0.130402
vn -0.94974 0.307313 0.0596025
vn -0.9621 0.2725 0.0104
vn -0.956571 0.286091 0.0558983
vn -0.956605 0.285102 0.0602003
vn -0.793186 0.395593 0.462992
vn -0.78215 0.367423 0.503232
vn -0.7072 0.1853 0.6823
vn -0.710569 0.194292 0.676271
vn -0.961563 0.232491 0.146094
vn -0.961843 0.246511 0.118705
vn -0.724931 0.23601 0.647128
vn -0.724931 0.23601 0.647128
vn -0.959622 0.207605 0.189804
vn -0.950659 0.275888 0.141894
vn -0.897243 0.326616 0.297114
vn -0.894019 0.333207 0.299506
vn -0.720992 0.220597 0.656892
vn -0.711896 0.195599 0.674496
vn -0.815153 -0.566468 0.120993
vn -0.770115 -0.398008 -0.49851
vn -0.736107 -0.648706 0.193202
vn -0.643882 -0.442788 -0.623983
vn -0.860614 -0.425107 -0.280405
vn -0.839514 -0.394506 -0.373606
vn -0.871291 -0.408496 -0.271997
vn -0.903018 -0.350007 -0.249105
vn -0.934798 0.2515 0.2508
vn -0.946272 0.115897 0.301891
vn -0.900671 -0.237592 0.363788
vn -0.901713 -0.234203 0.363405
vn -0.996689 -0.0263997 -0.0768992
vn -0.998955 0.0361984 -0.0278987
vn -0.917765 -0.174793 0.356587
vn -0.917765 -0.174793 0.356587
vn -0.758414 -0.595511 -0.264905
vn -0.830287 -0.508792 -0.227496
vn -0.961317 0.257305 0.0983018
vn -0.921884 0.364794 0.130598
vn -0.909789 -0.188898 0.369596
vn -0.904691 -0.211098 0.370096
vn -0.38999 -0.124397 0.912378
vn -0.835017 -0.239405 0.49541
vn -0.269489 -0.193992 0.943262
vn -0.847538 -0.371417 0.379117
vn -0.734008 -0.143502 0.663807
vn -0.792655 -0.159391 0.588466
vn -0.734104 -0.100201 0.671604
vn -0.735009 -0.0712009 0.674308
vn -0.883464 -0.225091 0.410883
vn -0.881082 -0.236495 0.409591
vn -0.791879 -0.478688 0.37919
vn -0.792332 -0.477919 0.379215
vn -0.767188 0.166297 0.61949
vn -0.757636 0.161308 0.63243
vn -0.823226 -0.420413 0.381512
vn -0.823226 -0.420413 0.381512
vn -0.634532 -0.316916 0.704935
vn -0.659198 -0.209499 0.722197
vn -0.863413 0.0264004 0.503807
vn -0.866886 0.0145998 0.498292
vn -0.813999 -0.4302 0.3903
vn -0.806966 -0.444581 0.388784
vn 0.167992 0.560174 0.811162
vn -0.243905 0.0707014 0.967219
vn 0.2765 0.555499 0.784199
vn -0.223996 -0.160497 0.961284
vn -0.172606 0.272209 0.946631
vn -0.210804 0.201104 0.956618
vn -0.179602 0.313904 0.932313
vn -0.217801 0.373002 0.901905
vn -0.775403 0.257001 0.576802
vn -0.775025 0.226307 0.590019
vn -0.702793 -0.0890991 0.705793
vn -0.706109 -0.081401 0.703409
vn -0.457593 0.527092 0.716089
vn -0.446808 0.528809 0.721612
vn -0.727303 -0.0290001 0.685703
vn -0.727303 -0.0290001 0.685703
vn 0.0452997 0.243298 0.968893
vn -0.0626969 0.277586 0.958653
vn -0.664588 0.443592 0.601289
vn -0.697698 0.418699 0.581299
vn -0.733879 -9.99971e-05 0.67928
vn -0.722694 -0.0326997 0.690394
vn -0.156 -0.723002 0.673002
vn -0.723998 -0.606398 0.328799
vn -0.030502 -0.769149 0.638341
vn -0.756943 -0.623736 0.194911
vn -0.579431 -0.617333 0.532128
vn -0.65788 -0.585182 0.474085
vn -0.5995 -0.4889 0.6337
vn -0.599501 -0.493401 0.630201
vn -0.749321 -0.216206 0.625918
vn -0.735471 -0.25169 0.629075
vn -0.59328 -0.521683 0.613079
vn -0.594293 -0.520394 0.613193
vn -0.661716 -0.0143003 0.749618
vn -0.634005 -0.107601 0.765806
vn -0.631168 -0.467577 0.618869
vn -0.631168 -0.467577 0.618869
vn -0.488901 -0.759901 0.4284
vn -0.470001 -0.704702 0.531502
vn -0.742686 0.0356993 0.668687
vn -0.751874 0.0130995 0.659177
vn -0.622405 -0.472604 0.623905
vn -0.61259 -0.488092 0.62169
vn 0.00300008 0.894623 0.446812
vn -0.214109 0.451818 0.866035
vn 0.0922038 0.910137 0.403917
vn -0.147903 0.276306 0.949621
vn -0.210302 0.633507 0.744608
vn -0.225189 0.58217 0.78126
vn -0.1338 0.600699 0.788199
vn -0.1373 0.6037 0.7853
vn -0.0221995 0.803281 0.595186
vn 0.0111997 0.794177 0.607583
vn 0.239087 0.679463 0.693662
vn 0.231212 0.684136 0.691736
vn 0.0464024 0.541928 0.839143
vn 0.0381007 0.542309 0.839315
vn 0.182898 0.711093 0.678893
vn 0.182898 0.711093 0.678893
vn -0.0294002 0.662704 0.748304
vn -0.117894 0.677767 0.725764
vn 0.0349006 0.683611 0.729012
vn 0.00599965 0.714158 0.699959
vn 0.191198 0.714792 0.672693
vn 0.214906 0.70002 0.681019
vn -0.500015 0.390411 0.773023
vn -0.746274 -0.00909968 0.665577
vn -0.463594 0.511793 0.72329
vn -0.825184 -0.100298 0.555889
vn -0.640084 0.081398 0.763981
vn -0.660395 0.0391997 0.749894
vn -0.626088 0.114598 0.771285
vn -0.655101 0.1929 0.730501
vn -0.429316 0.461017 0.776628
vn -0.406607 0.427307 0.807514
vn -0.307611 0.238509 0.921134
vn -0.314502 0.247201 0.916504
vn -0.622586 0.404691 0.669785
vn -0.578492 0.419094 0.699791
vn -0.347291 0.288493 0.892278
vn -0.347291 0.288493 0.892278
vn -0.677593 0.245098 0.693393
vn -0.674166 0.147193 0.723764
vn -0.47908 0.470581 0.74097
vn -0.473489 0.492289 0.730383
vn -0.324504 0.291304 0.899911
vn -0.309693 0.264594 0.91328
vn 0.651203 0.187001 0.735503
vn 0.0894033 -0.0780029 0.992936
vn 0.741218 0.130203 0.658516
vn 0.0189995 -0.247994 0.968575
vn 0.270192 0.0669981 0.960473
vn 0.183006 0.0234008 0.982833
vn 0.282599 0.0921997 0.954797
vn 0.276008 0.125503 0.952926
vn -0.281589 0.294989 0.913066
vn -0.270311 0.271711 0.923637
vn -0.141194 0.0403983 0.989157
vn -0.146899 0.0478996 0.987991
vn 0.0405021 0.461824 0.886046
vn 0.068802 0.447713 0.891526
vn -0.1843 0.0977002 0.978002
vn -0.1843 0.0977002 0.978002
vn 0.4123 -0.0707 0.908301
vn 0.367896 0.0379996 0.92909
vn -0.208499 0.462798 0.861595
vn -0.231503 0.443206 0.866011
vn -0.173196 0.101197 0.979675
vn -0.155307 0.0733032 0.985143
vn 0.843211 0.524607 0.117402
vn 0.565105 0.425204 0.707006
vn 0.885102 0.463701 0.0397001
vn 0.526685 0.270492 0.805877
vn 0.672238 0.53833 0.508229
vn 0.608617 0.511114 0.606917
vn 0.634794 0.589695 0.499296
vn 0.59939 0.642889 0.476892
vn 0.104001 0.698406 0.708106
vn 0.135 0.6702 0.7298
vn 0.351895 0.446493 0.822687
vn 0.346385 0.45228 0.821864
vn 0.258108 0.887727 0.381211
vn 0.273695 0.884684 0.377393
vn 0.303889 0.495081 0.813969
vn 0.303889 0.495081 0.813969
vn 0.782694 0.406997 0.470896
vn 0.729905 0.489403 0.477203
vn 0.0828016 0.853417 0.51461
vn 0.0665983 0.827578 0.557386
vn 0.296389 0.511781 0.80637
vn 0.321293 0.485289 0.813182
vn 0.961582 -0.110498 0.251295
vn 0.627001 -0.45 0.635901
vn 0.978968 -0.122296 0.163295
vn 0.534187 -0.577585 0.617284
vn 0.755116 -0.290506 0.587713
vn 0.705929 -0.326913 0.628325
vn 0.751604 -0.141301 0.644303
vn 0.746685 -0.0796984 0.660386
vn -0.130307 0.513326 0.848243
vn -0.0619998 0.439099 0.896297
vn 0.163105 0.144104 0.976028
vn 0.157696 0.150996 0.975875
vn 0.387183 0.45438 0.802265
vn 0.388798 0.453298 0.802096
vn 0.117703 0.201806 0.972327
vn 0.117703 0.201806 0.972327
vn 0.829414 -0.372506 0.416307
vn 0.813525 -0.312209 0.490615
vn -0.0935988 0.644692 0.758691
vn -0.153492 0.640267 0.752661
vn 0.125201 0.206002 0.970509
vn 0.148194 0.173292 0.973657
vn -0.739801 0.569801 0.357801
vn -0.906806 0.390003 0.160001
vn -0.6717 0.6429 0.3681
vn -0.926651 0.37588 0.00559971
vn -0.869319 0.407009 0.280406
vn -0.882155 0.385024 0.271217
vn -0.896878 0.257494 0.359591
vn -0.894719 0.268506 0.356908
vn -0.773578 0.541185 0.329691
vn -0.781141 0.521227 0.343718
vn -0.834573 0.338689 0.434486
vn -0.833599 0.344599 0.431699
vn -0.909771 0.0465985 0.412487
vn -0.910165 0.0485982 0.411384
vn -0.824885 0.389193 0.409993
vn -0.824885 0.389193 0.409993
vn -0.822932 0.531921 0.199608
vn -0.849371 0.473684 0.232792
vn -0.876508 0.290303 0.384003
vn -0.859792 0.353197 0.368796
vn -0.822914 0.383507 0.419207
vn -0.827845 0.362176 0.428371
vn -0.93344 0.356715 -0.0380016
vn -0.894766 0.318188 -0.313288
vn -0.882687 0.462193 0.0850987
vn -0.782792 0.450395 -0.429396
vn -0.954285 0.219297 -0.203097
vn -0.9521 0.2105 -0.2218
vn -0.972726 0.180405 -0.145804
vn -0.97175 0.19919 -0.126593
vn -0.91564 0.388017 0.105105
vn -0.929499 0.3554 0.0985999
vn -0.993197 0.1055 0.0492998
vn -0.993106 0.106301 0.0494003
vn -0.973917 0.226804 0.00680012
vn -0.976334 0.214107 0.0305011
vn -0.983701 0.1709 0.0559001
vn -0.983701 0.1709 0.0559001
vn -0.864814 0.473008 -0.168403
vn -0.910055 0.357521 -0.209713
vn -0.948396 0.297099 0.1108
vn -0.922412 0.368405 0.115902
vn -0.98654 0.151306 0.0620025
vn -0.988968 0.135696 0.0593981
vn -0.560385 0.674682 0.480387
vn -0.855645 0.287715 0.430223
vn -0.509969 0.686459 0.518369
vn -0.875543 0.060603 0.479324
vn -0.793289 0.442594 0.418094
vn -0.812072 0.406086 0.419086
vn -0.781141 0.400321 0.479125
vn -0.78114 0.39622 0.482525
vn -0.588595 0.510696 0.626695
vn -0.57816 0.489666 0.652655
vn -0.577395 0.405597 0.708594
vn -0.585602 0.420002 0.693303
vn -0.71839 0.272396 0.640091
vn -0.701934 0.258613 0.663632
vn -0.603205 0.452204 0.657005
vn -0.603205 0.452204 0.657005
vn -0.711694 0.452196 0.537596
vn -0.76279 0.434194 0.479194
vn -0.627582 0.34329 0.69878
vn -0.623989 0.411693 0.664189
vn -0.556879 0.417784 0.717873
vn -0.555192 0.397494 0.730589
vn 0.252185 0.964441 0.0790952
vn 0.149506 0.804932 0.574223
vn 0.326494 0.944981 0.0202996
vn 0.23311 0.650629 0.722732
vn 0.134306 0.902043 0.41022
vn 0.127102 0.875017 0.467109
vn 0.282685 0.834156 0.473575
vn 0.264495 0.844883 0.46499
vn 0.0678994 0.915392 0.396796
vn 0.0649005 0.913907 0.400703
vn 0.205197 0.859088 0.468894
vn 0.190801 0.863804 0.466302
vn 0.5468 0.631799 0.549399
vn 0.527806 0.648507 0.548506
vn 0.137905 0.87943 0.455615
vn 0.137905 0.87943 0.455615
vn 0.305904 0.873111 0.379605
vn 0.220297 0.892586 0.393394
vn 0.381226 0.778352 0.498833
vn 0.363212 0.790327 0.493417
vn 0.148198 0.883689 0.443994
vn 0.184196 0.871081 0.45529
vn -0.463088 0.498287 0.73298
vn -0.59029 0.114098 0.799087
vn -0.45489 0.612586 0.646385
vn -0.718299 -0.0461999 0.694199
vn -0.493515 0.222007 0.840926
vn -0.491304 0.191802 0.849607
vn -0.430721 0.279414 0.858142
vn -0.441003 0.326002 0.836205
vn -0.235006 0.623916 0.745319
vn -0.232704 0.609811 0.757614
vn -0.19039 0.491075 0.850057
vn -0.2055 0.504999 0.838299
vn -0.357516 0.487722 0.796436
vn -0.317793 0.500689 0.805182
vn -0.242012 0.538026 0.807439
vn -0.242012 0.538026 0.807439
vn -0.594022 0.380214 0.708926
vn -0.584106 0.228302 0.778908
vn -0.216299 0.576297 0.788096
vn -0.2261 0.6072 0.7617
vn -0.1947 0.532399 0.823798
vn -0.175901 0.501804 0.846907
vn -0.515928 0.754942 0.404822
vn -0.418397 0.895893 0.149399
vn -0.442502 0.630902 0.637302
vn -0.384194 0.864086 0.325195
vn -0.267006 0.952723 -0.145004
vn -0.0577003 0.871604 -0.486802
vn 0.104297 0.964076 -0.244294
vn -0.155395 0.960969 0.228893
vn -0.29351 0.659722 0.691823
vn -0.29631 0.717825 0.630022
vn 0.0538983 0.995369 -0.0795975
vn -0.251493 0.937376 0.240994
vn 0.278497 0.856991 -0.433596
vn -0.162901 0.809406 -0.564204
vn 0.247509 0.966736 -0.0645024
vn -0.102295 0.993456 -0.0507978
vn -0.547796 0.605896 -0.576896
vn -0.880986 0.472993 0.0118998
vn -0.717604 0.588903 -0.371802
vn -0.321286 0.904861 -0.279288
vn 0.269499 0.923995 -0.271299
vn -0.985237 0.0193007 -0.170106
vn -0.974896 0.0889997 0.204099
vn -0.879481 0.291794 -0.375992
vn -0.848636 0.520522 -0.094204
vn -0.759116 0.157903 0.631513
vn -0.335416 0.748136 0.572528
vn -0.61788 0.442586 0.649879
vn -0.878395 0.426897 0.214899
vn -0.95635 0.134393 -0.259486
vn 0.682028 -0.119905 -0.72143
vn 0.682784 -0.133697 -0.718283
vn -0.75103 -0.26621 -0.604224
vn -0.753537 -0.269713 -0.59953
vn -0.777002 -0.262401 -0.572201
vn -0.771751 -0.254817 -0.582639
vn 0.651929 0.00840037 -0.758234
vn 0.649714 0.0157003 -0.760017
vn -0.792626 -0.282109 -0.540517
vn -0.795476 -0.283491 -0.535584
vn 0.563983 0.233193 -0.792177
vn 0.563794 0.233598 -0.792192
vn 0.985947 -0.142192 0.0876953
vn 0.985947 -0.142192 0.0876953
vn 0.992908 -0.0609005 0.102101
vn 0.992948 -0.0600968 0.102195
vn 0.968106 0.234201 0.0890005
vn 0.984393 0.157999 0.0774995
vn 0.742494 0.260098 0.617295
vn 0.740891 0.263697 0.617693
vn 0.762312 0.253004 0.595709
vn 0.764176 0.250492 0.594381
vn 0.799911 0.198303 0.566408
vn 0.799911 0.198303 0.566408
vn 0.0718022 -0.0194006 -0.99723
vn 0.0718022 -0.0194006 -0.99723
vn 0.116901 0.00810009 -0.993111
vn 0.120803 0.0105002 -0.992621
vn 0.153605 -0.00220007 -0.98813
vn 0.153101 -0.00270002 -0.988207
vn 0.341299 0.664098 -0.665198
vn 0.343596 0.659793 -0.668293
vn 0.310991 0.71558 -0.625483
vn 0.309095 0.719089 -0.622391
vn 0.315996 0.706192 -0.633593
vn 0.315996 0.706192 -0.633593
vn -0.53711 -0.0722014 0.840416
vn -0.514104 -0.0695006 0.854907
vn -0.756094 0.639095 0.140999
vn -0.626181 0.715578 0.30959
vn -0.525777 -0.0708969 0.847663
vn -0.630023 0.330312 0.702826
vn -0.500987 0.198095 0.842479
vn -0.758892 0.306097 0.574794
vn -0.51878 0.452282 0.725471
vn -0.827619 0.388709 0.404909
vn -0.588909 0.547708 0.594309
vn -0.690035 0.684935 0.233912
vn -0.807487 0.541791 0.233296
vn -0.621788 0.657587 0.425392
vn -0.560388 0.182896 0.807783
vn -0.473899 0.3986 0.785199
vn -0.547805 0.366804 0.751907
vn -0.640879 0.382987 0.665278
vn -0.718589 0.471393 0.511292
vn -0.72032 0.613317 0.324009
vn -0.533597 0.155099 0.831396
vn -0.0616987 0.0836983 0.994579
vn -0.0467976 0.0887955 0.99495
vn -0.438596 0.853592 0.281097
vn -0.213896 0.932383 0.291395
vn -0.0543995 0.0861993 0.994792
vn -0.306797 0.562195 0.767993
vn -0.114805 0.375117 0.919841
vn -0.401395 0.629393 0.665392
vn -0.110406 0.738243 0.665438
vn -0.450801 0.707701 0.544001
vn -0.116501 0.831806 0.542704
vn -0.322113 0.901636 0.288611
vn -0.455491 0.802784 0.384792
vn -0.164796 0.90578 0.390391
vn -0.168296 0.342891 0.924176
vn -0.135002 0.632611 0.762613
vn -0.219601 0.591003 0.776203
vn -0.257998 0.688894 0.677394
vn -0.286795 0.779287 0.55719
vn -0.312988 0.866267 0.389385
vn -0.131303 0.321908 0.937622
vn 0.382194 0.462892 0.799787
vn 0.396106 0.474807 0.785912
vn -0.572973 0.766064 0.291286
vn -0.469792 0.859986 0.199297
vn 0.388901 0.468601 0.793202
vn -0.0235 0.703001 0.710801
vn 0.225502 0.657405 0.719005
vn -0.143601 0.719006 0.680006
vn -0.0305999 0.840596 0.540797
vn -0.311005 0.752211 0.580909
vn -0.190405 0.890322 0.41361
vn -0.524706 0.81451 0.247503
vn -0.503725 0.765038 0.40122
vn -0.380779 0.89195 0.243786
vn 0.199306 0.608117 0.768421
vn 0.0512998 0.796697 0.602198
vn 0.0254 0.747301 0.664001
vn -0.0817014 0.781913 0.61801
vn -0.260789 0.827166 0.49778
vn -0.460307 0.834413 0.303105
vn 0.23851 0.610026 0.755633
vn 0.481901 0.807402 0.340401
vn 0.481183 0.816171 0.319889
vn -0.574686 0.709882 0.40719
vn -0.575403 0.795804 0.188701
vn 0.481585 0.811575 0.33079
vn -0.0473997 0.896894 0.439697
vn 0.215697 0.921387 0.323296
vn -0.195394 0.848973 0.490985
vn -0.208901 0.956805 0.202201
vn -0.331095 0.800988 0.498793
vn -0.350894 0.922085 0.163197
vn -0.57903 0.76064 0.293515
vn -0.478214 0.749722 0.457414
vn -0.489898 0.856196 0.164099
vn 0.241395 0.891481 0.383392
vn -0.0635987 0.96168 0.266695
vn -0.0430979 0.933155 0.356883
vn -0.198599 0.914496 0.352499
vn -0.343117 0.876942 0.336516
vn -0.498168 0.809548 0.31058
vn 0.265395 0.896882 0.353793
vn 0.427412 0.901526 0.0676019
vn 0.413004 0.909209 0.0526005
vn -0.484489 0.475189 0.734483
vn -0.599434 0.469126 0.648537
vn 0.420179 0.905456 0.0599971
vn 0.0213004 0.895819 0.443909
vn 0.19011 0.957749 0.215811
vn -0.0843009 0.818209 0.568706
vn -0.250385 0.876447 0.411275
vn -0.263702 0.656205 0.707005
vn -0.47998 0.70957 0.515878
vn -0.555495 0.472696 0.684094
vn -0.435225 0.473027 0.766044
vn -0.617405 0.514104 0.595405
vn 0.220599 0.941197 0.255899
vn -0.0662996 0.936994 0.342998
vn -0.00900016 0.922117 0.386807
vn -0.155995 0.857374 0.490485
vn -0.3796 0.6863 0.6204
vn -0.528825 0.491923 0.691633
vn 0.244504 0.947317 0.206904
vn -0.400984 0.795968 -0.453482
vn -0.404994 0.791689 -0.457393
vn -0.364612 0.611621 0.702124
vn -0.592036 0.488429 0.641039
vn -0.402804 0.794007 -0.455304
vn -0.461473 0.87575 0.141792
vn -0.519315 0.827224 -0.214506
vn -0.376912 0.812725 0.444314
vn -0.67991 0.651009 0.337505
vn -0.324209 0.724121 0.608718
vn -0.678212 0.53451 0.504309
vn -0.484002 0.554202 0.677202
vn -0.335697 0.659794 0.672294
vn -0.644335 0.497927 0.580432
vn -0.467204 0.855408 -0.223602
vn -0.627214 0.773618 0.090102
vn -0.552093 0.828889 0.0901989
vn -0.539986 0.74738 0.38709
vn -0.515096 0.639695 0.570496
vn -0.491526 0.586631 0.643634
vn -0.480893 0.838788 -0.255296
vn -0.8526 0.4515 -0.2631
vn -0.865476 0.432488 -0.252793
vn -0.371301 0.783601 0.498101
vn -0.459205 0.679408 0.572307
vn -0.859405 0.441603 -0.257702
vn -0.728 0.6808 0.0808
vn -0.852198 0.520599 -0.0522999
vn -0.635681 0.754977 0.160995
vn -0.750007 0.594805 0.289303
vn -0.534304 0.795006 0.287202
vn -0.662824 0.620422 0.419215
vn -0.415883 0.73447 0.536278
vn -0.427211 0.79432 0.431911
vn -0.538896 0.653695 0.531296
vn -0.818121 0.570015 -0.075902
vn -0.798279 0.578385 0.167996
vn -0.768574 0.628879 0.117496
vn -0.704396 0.675696 0.217399
vn -0.598018 0.715321 0.361511
vn -0.483788 0.727983 0.485788
vn -0.840395 0.534897 -0.0872995
vn -0.981276 0.101497 0.163696
vn -0.979136 0.0860032 0.184107
vn -0.296309 0.799224 0.522916
vn -0.341605 0.642309 0.686109
vn -0.980279 0.093698 0.173996
vn -0.726302 0.593301 0.347101
vn -0.885394 0.304298 0.351398
vn -0.638299 0.695799 0.329299
vn -0.664266 0.534773 0.522273
vn -0.545405 0.756207 0.361503
vn -0.587998 0.558498 0.585098
vn -0.322516 0.720637 0.613731
vn -0.403416 0.795231 0.452618
vn -0.444412 0.602416 0.663018
vn -0.892386 0.344495 0.291496
vn -0.723083 0.490288 0.486589
vn -0.733881 0.529186 0.425889
vn -0.657505 0.619805 0.428403
vn -0.57167 0.666165 0.478975
vn -0.417686 0.705877 0.572081
vn -0.907001 0.2934 0.3021
vn -0.910123 -0.0457011 0.41181
vn -0.901128 -0.0529017 0.430313
vn -0.167907 0.925236 0.340213
vn -0.0586984 0.902775 0.426088
vn -0.905386 -0.0494993 0.421694
vn -0.718995 0.493197 0.489697
vn -0.824379 0.202995 0.528387
vn -0.62357 0.644769 0.442079
vn -0.504505 0.584906 0.635106
vn -0.43198 0.823262 0.368283
vn -0.257812 0.764034 0.591426
vn -0.100905 0.913546 0.39402
vn -0.209909 0.929841 0.302213
vn -0.0581996 0.871295 0.487297
vn -0.8392 0.24 0.488
vn -0.658871 0.44438 0.606973
vn -0.700417 0.456911 0.548314
vn -0.578005 0.611805 0.540005
vn -0.34359 0.806477 0.481186
vn -0.134103 0.910221 0.391809
vn -0.850819 0.174004 0.495811
vn -0.71898 0.666381 0.197494
vn -0.43471 0.774518 0.45951
vn -0.370009 0.924023 0.0963024
vn -0.0558002 0.905203 0.421301
vn -0.223508 0.620322 0.751827
vn -0.643619 0.468214 0.605418
vn -0.348893 0.515289 0.782784
vn -0.77608 0.159296 0.610184
vn -0.266104 0.503308 0.822113
vn -0.808002 -0.0211001 0.588802
vn -0.681322 0.324911 0.655922
vn -0.717024 0.284109 0.636521
vn -0.678009 0.280304 0.679509
vn -0.677195 0.282298 0.679495
vn -0.47807 0.435673 0.762652
vn -0.4655 0.4047 0.7871
vn -0.390794 0.178597 0.902986
vn -0.393303 0.184501 0.900706
vn -0.638512 0.189904 0.745814
vn -0.638073 0.189592 0.746269
vn -0.411614 0.230108 0.88183
vn -0.411614 0.230108 0.88183
vn -0.584911 0.262005 0.767615
vn -0.614114 0.321607 0.720717
vn -0.556614 0.314308 0.76902
vn -0.549072 0.359382 0.754562
vn -0.401692 0.228995 0.886682
vn -0.395308 0.208304 0.894618
vn -0.814596 -0.467598 0.343198
vn -0.945415 -0.239104 -0.221404
vn -0.736663 -0.561572 0.376781
vn -0.878531 -0.28111 -0.386214
vn -0.963917 -0.266205 0.000300005
vn -0.969265 -0.232092 -0.0815971
vn -0.977725 -0.206605 0.0370009
vn -0.985604 -0.152401 0.0732003
vn -0.757011 0.252104 0.602809
vn -0.763319 0.170504 0.623115
vn -0.756796 -0.171699 0.630697
vn -0.757577 -0.166395 0.631181
vn -0.945336 0.128505 0.299711
vn -0.935815 0.146502 0.320605
vn -0.764513 -0.108502 0.635411
vn -0.764513 -0.108502 0.635411
vn -0.88978 -0.45579 -0.0233995
vn -0.92952 -0.367508 0.0305007
vn -0.824228 0.313111 0.471816
vn -0.788995 0.357898 0.499397
vn -0.757218 -0.116903 0.642615
vn -0.755871 -0.139095 0.639775
vn -0.0536001 -0.1722 0.983603
vn -0.650493 -0.192198 0.734792
vn 0.0597997 -0.252699 0.965695
vn -0.726346 -0.304419 0.616239
vn -0.485507 -0.130002 0.864513
vn -0.562085 -0.131997 0.816478
vn -0.468015 -0.0880028 0.879328
vn -0.462795 -0.0605994 0.884391
vn -0.722759 -0.163991 0.671362
vn -0.722992 -0.177398 0.667692
vn -0.6938 -0.4151 0.5885
vn -0.694606 -0.412604 0.589305
vn -0.473797 0.171899 0.863694
vn -0.45971 0.164404 0.872719
vn -0.711882 -0.354291 0.606385
vn -0.711882 -0.354291 0.606385
vn -0.397013 -0.31041 0.863728
vn -0.396598 -0.206799 0.894396
vn -0.626677 0.0636977 0.776672
vn -0.6377 0.0478 0.7688
vn -0.702303 -0.364801 0.611302
vn -0.698312 -0.382206 0.60521
vn 0.427479 -0.0112994 0.903955
vn -0.215794 -0.159796 0.963275
vn 0.535378 -0.0783968 0.840966
vn -0.311404 -0.300504 0.901512
vn -0.0181997 -0.0499992 0.998583
vn -0.110903 -0.070502 0.991327
vn -0.00900012 0.00960013 0.999913
vn -0.00889954 0.0426978 0.999048
vn -0.477022 0.244011 0.844339
vn -0.475473 0.206088 0.855251
vn -0.424214 -0.0843028 0.901629
vn -0.426206 -0.0785012 0.901213
vn -0.142494 0.374384 0.91626
vn -0.110297 0.351489 0.929672
vn -0.44409 -0.0232995 0.895679
vn -0.44409 -0.0232995 0.895679
vn 0.0937955 -0.21879 0.971254
vn 0.0888992 -0.108699 0.990092
vn -0.348517 0.40572 0.844942
vn -0.386181 0.387981 0.83686
vn -0.441589 -0.00839979 0.897178
vn -0.43359 -0.0386991 0.900279
vn 0.492421 -0.522022 0.69643
vn -0.115301 -0.747303 0.654403
vn 0.580015 -0.529413 0.619116
vn -0.196305 -0.82802 0.525212
vn 0.0644962 -0.643463 0.762756
vn -0.0256007 -0.665318 0.746121
vn 0.0424004 -0.530205 0.846808
vn 0.039699 -0.496588 0.867078
vn -0.505513 -0.187405 0.842221
vn -0.502588 -0.212195 0.83808
vn -0.431808 -0.506809 0.746114
vn -0.43248 -0.505276 0.746765
vn -0.158898 -0.0702992 0.984789
vn -0.110406 -0.119706 0.986651
vn -0.456085 -0.448985 0.768374
vn -0.456085 -0.448985 0.768374
vn 0.2035 -0.750299 0.628999
vn 0.170494 -0.683276 0.709975
vn -0.404001 0.0169 0.914602
vn -0.41788 0.00919955 0.908456
vn -0.446532 -0.456333 0.769655
vn -0.440902 -0.472202 0.763303
vn 0.0003 0.834901 0.5504
vn -0.132298 0.402995 0.905589
vn 0.076597 0.859667 0.50508
vn -0.0600982 0.248092 0.96687
vn -0.147499 0.574796 0.804894
vn -0.157003 0.52481 0.836615
vn -0.0742023 0.547017 0.833826
vn -0.0789993 0.550495 0.831092
vn -0.000500014 0.741621 0.670819
vn 0.0260995 0.736085 0.676386
vn 0.243001 0.648703 0.721204
vn 0.237609 0.651225 0.720728
vn 0.0938033 0.506318 0.85723
vn 0.0847017 0.50591 0.858417
vn 0.190408 0.672027 0.715629
vn 0.190408 0.672027 0.715629
vn 0.00859985 0.59969 0.800186
vn -0.0699005 0.616805 0.784006
vn 0.0628031 0.636231 0.768938
vn 0.039401 0.656817 0.75302
vn 0.199697 0.674989 0.710289
vn 0.218406 0.665618 0.713619
vn -0.0794024 0.392712 0.916227
vn -0.549602 0.0144 0.835303
vn 0.0240005 0.377207 0.925818
vn -0.574727 -0.178509 0.798638
vn -0.447805 0.190002 0.87371
vn -0.492382 0.142895 0.858569
vn -0.47328 0.268288 0.839064
vn -0.5105 0.363 0.7795
vn -0.179093 0.474281 0.861965
vn -0.126302 0.426308 0.895717
vn 0.0824024 0.164505 0.982928
vn 0.0789001 0.1693 0.982401
vn -0.506209 0.57201 0.645412
vn -0.484823 0.576828 0.657432
vn 0.0441008 0.215904 0.975418
vn 0.0441008 0.215904 0.975418
vn -0.303309 0.108203 0.946729
vn -0.356988 0.177094 0.917168
vn -0.375797 0.586496 0.717495
vn -0.3457 0.5837 0.734701
vn 0.0574002 0.215101 0.974904
vn 0.0695966 0.195891 0.978153
vn 0.885269 0.0384986 0.463484
vn 0.431396 -0.184998 0.882991
vn 0.934612 -0.0161002 0.355305
vn 0.336195 -0.335295 0.880086
vn 0.60649 -0.060499 0.792786
vn 0.529595 -0.0924991 0.843192
vn 0.619417 -0.0317009 0.784422
vn 0.617625 -0.00810032 0.786431
vn 0.1161 0.209 0.970999
vn 0.123199 0.193199 0.973394
vn 0.233109 -0.0444017 0.971437
vn 0.230812 -0.0406021 0.972151
vn 0.421589 0.339391 0.840878
vn 0.458493 0.315295 0.830887
vn 0.198311 0.0130007 0.980053
vn 0.198311 0.0130007 0.980053
vn 0.687778 -0.202594 0.697078
vn 0.6794 -0.0934 0.7278
vn 0.185203 0.362706 0.913315
vn 0.171602 0.353105 0.919712
vn 0.212194 0.0104997 0.977171
vn 0.222096 -0.00909984 0.974982
vn 0.941228 0.264708 0.209806
vn 0.56262 0.28421 0.776327
vn 0.977439 0.177807 0.114005
vn 0.488304 0.178101 0.854306
vn 0.727711 0.356905 0.585709
vn 0.640587 0.362593 0.676886
vn 0.684205 0.456303 0.568904
vn 0.678021 0.473615 0.562118
vn 0.156702 0.647007 0.746208
vn 0.17539 0.625864 0.759956
vn 0.375304 0.445704 0.812708
vn 0.370693 0.449591 0.812684
vn 0.416617 0.764232 0.492321
vn 0.458892 0.747487 0.480292
vn 0.326311 0.485716 0.810926
vn 0.326311 0.485716 0.810926
vn 0.784716 0.198204 0.587312
vn 0.790915 0.289506 0.53911
vn 0.220202 0.765008 0.605206
vn 0.189897 0.746689 0.637491
vn 0.314203 0.501305 0.806207
vn 0.3408 0.4791 0.8089
vn 0.969176 -0.220995 -0.108897
vn 0.761922 -0.556516 0.331309
vn 0.953301 -0.2256 -0.2008
vn 0.655211 -0.675411 0.338406
vn 0.876601 -0.4175 0.2393
vn 0.83937 -0.458284 0.29229
vn 0.905284 -0.326894 0.271295
vn 0.912111 -0.296203 0.283403
vn 0.294587 0.370783 0.88076
vn 0.302697 0.361197 0.881993
vn 0.524069 0.0235986 0.851349
vn 0.522201 0.0268 0.852401
vn 0.70821 0.281604 0.647409
vn 0.809852 0.16799 0.562067
vn 0.490289 0.0799982 0.867881
vn 0.490289 0.0799982 0.867881
vn 0.872766 -0.483181 0.0693973
vn 0.893533 -0.425916 0.142105
vn 0.275296 0.518593 0.809489
vn 0.292196 0.516192 0.805088
vn 0.499104 0.0782006 0.863006
vn 0.508298 0.0612998 0.858997
vn 0.0668013 0.828016 0.556711
vn 0.048903 0.363122 0.930457
vn 0.128103 0.857423 0.498413
vn 0.149907 0.19861 0.968546
vn -0.00259989 0.542478 0.840066
vn 0.000200001 0.491101 0.871102
vn 0.0134998 0.533192 0.845887
vn 0.0160006 0.535421 0.844434
vn 0.117699 0.853696 0.507297
vn 0.155097 0.860882 0.48459
vn 0.373913 0.85583 0.357413
vn 0.364406 0.857913 0.362206
vn 0.104299 0.569294 0.815491
vn 0.0837986 0.559791 0.824386
vn 0.320983 0.866153 0.383079
vn 0.320983 0.866153 0.383079
vn 0.151692 0.585768 0.796157
vn 0.0677991 0.588992 0.80529
vn 0.1055 0.723798 0.681899
vn 0.0988998 0.730699 0.675499
vn 0.336596 0.862889 0.376995
vn 0.362014 0.858033 0.364314
vn 0.688557 -0.0063996 0.725154
vn 0.194696 -0.399591 0.895779
vn 0.768122 -0.0222006 0.639918
vn 0.1293 -0.5621 0.8169
vn 0.348685 -0.22929 0.90876
vn 0.278888 -0.288188 0.916062
vn 0.351017 -0.20901 0.912744
vn 0.322391 -0.133296 0.937175
vn 0.136502 0.65781 0.740711
vn 0.283379 0.611756 0.738547
vn 0.582699 0.421399 0.694899
vn 0.574776 0.427982 0.69747
vn 0.195697 0.229696 0.953385
vn 0.172297 0.320394 0.931483
vn 0.530901 0.462801 0.709901
vn 0.530901 0.462801 0.709901
vn 0.492886 -0.326091 0.806677
vn 0.439992 -0.242696 0.864584
vn 0.0618001 0.549201 0.833402
vn -0.0144992 0.631967 0.77486
vn 0.542687 0.465589 0.699083
vn 0.567595 0.442796 0.694094
vn 0.663804 0.747804 0.0124001
vn 0.633583 0.512386 0.579684
vn 0.707722 0.700422 -0.0924029
vn 0.680466 0.335883 0.651267
vn 0.623272 0.656771 0.424481
vn 0.614075 0.612476 0.49778
vn 0.5976 0.6888 0.4104
vn 0.571074 0.712967 0.406881
vn 0.587601 0.467401 0.660501
vn 0.602286 0.45069 0.658885
vn 0.75482 0.248307 0.607116
vn 0.749525 0.255408 0.61072
vn 0.369999 0.819997 0.436698
vn 0.376313 0.822428 0.426615
vn 0.714731 0.299713 0.631927
vn 0.714731 0.299713 0.631927
vn 0.76241 0.566908 0.312004
vn 0.690506 0.636505 0.343603
vn 0.434804 0.689206 0.579605
vn 0.452217 0.664325 0.595123
vn 0.720602 0.304101 0.623102
vn 0.738601 0.279 0.6137
vn -0.0179996 0.887379 -0.460689
vn 0.508117 0.850029 -0.138805
vn -0.0505021 0.836834 -0.545122
vn 0.680887 0.718786 -0.140497
vn 0.331599 0.921497 -0.202199
vn 0.393784 0.903064 -0.171493
vn 0.289003 0.93761 -0.193302
vn 0.24079 0.957861 -0.156594
vn 0.278805 0.845716 0.455008
vn 0.310408 0.836423 0.451712
vn 0.598208 0.71241 0.366905
vn 0.588819 0.717824 0.371512
vn 0.0819984 0.991181 0.104098
vn 0.0812028 0.992734 0.088803
vn 0.54482 0.741227 0.392114
vn 0.54482 0.741227 0.392114
vn 0.328004 0.86091 -0.388905
vn 0.311912 0.901534 -0.299911
vn 0.128293 0.933951 0.333582
vn 0.142407 0.918045 0.370018
vn 0.517502 0.756803 0.399301
vn 0.551702 0.739603 0.385502
vn 0.988137 0.139605 -0.0640024
vn 0.81396 0.120094 0.568372
vn 0.986011 0.0467005 -0.160002
vn 0.754407 0.00110001 0.656406
vn 0.902506 0.223901 0.367902
vn 0.860404 0.221201 0.459102
vn 0.860198 0.378099 0.342199
vn 0.856431 0.389614 0.338712
vn 0.661727 0.597024 0.453519
vn 0.697474 0.566179 0.439284
vn 0.872804 0.348502 0.341702
vn 0.868109 0.356003 0.345903
vn 0.56009 0.770087 0.305395
vn 0.619604 0.730405 0.287402
vn 0.837716 0.401008 0.370707
vn 0.837716 0.401008 0.370707
vn 0.949873 0.0242993 0.311691
vn 0.949746 0.133592 0.283084
vn 0.485501 0.775601 0.403401
vn 0.507922 0.749533 0.424518
vn 0.839011 0.404606 0.363805
vn 0.856216 0.378507 0.351606
vn -0.425199 0.877097 -0.223399
vn 0.1688 0.973498 -0.1543
vn -0.479621 0.829036 -0.287512
vn 0.321602 0.919606 -0.225602
vn -0.0312996 0.991486 -0.126398
vn 0.0293003 0.99211 -0.121901
vn 0.00110004 0.979135 -0.203207
vn -0.00310005 0.980217 -0.197903
vn -0.270201 0.930502 -0.247301
vn -0.264406 0.924519 -0.274506
vn -0.180507 0.852933 -0.489819
vn -0.182305 0.855123 -0.485313
vn 0.0329989 0.928968 -0.368687
vn 0.0352998 0.933093 -0.357897
vn -0.199405 0.875522 -0.440111
vn -0.199405 0.875522 -0.440111
vn -0.0775019 0.956923 -0.279807
vn -0.0979966 0.974966 -0.199593
vn -0.128399 0.937096 -0.324599
vn -0.153096 0.941673 -0.299691
vn -0.206092 0.869965 -0.447982
vn -0.198095 0.862978 -0.464788
vn 0.163906 0.982935 0.083503
vn 0.495987 0.710781 0.498787
vn 0.169599 0.985492 -0.00639995
vn 0.645202 0.571102 0.507501
vn 0.357616 0.835238 0.417719
vn 0.392989 0.800678 0.452188
vn 0.274296 0.851287 0.447293
vn 0.162601 0.852903 0.496102
vn 0.0729021 0.978328 0.193805
vn 0.134595 0.982363 0.129795
vn 0.368186 0.926365 -0.079297
vn 0.360692 0.929879 -0.0722983
vn -0.0815018 0.853119 0.515311
vn -0.0811989 0.867088 0.491493
vn 0.324409 0.945125 -0.038701
vn 0.324409 0.945125 -0.038701
vn 0.435612 0.860823 0.263107
vn 0.380913 0.862829 0.332311
vn -0.0687007 0.919809 0.386304
vn -0.0595007 0.933311 0.354104
vn 0.319704 0.946311 -0.0478006
vn 0.343297 0.936891 -0.0661994
vn 0.122307 0.501027 -0.856746
vn 0.568918 0.700522 -0.430814
vn 0.106001 0.382605 -0.917811
vn 0.710509 0.608508 -0.353405
vn 0.407894 0.704489 -0.580791
vn 0.468112 0.719719 -0.512714
vn 0.383593 0.708387 -0.592489
vn 0.35821 0.726419 -0.586516
vn 0.316594 0.943083 -0.101798
vn 0.336896 0.934688 -0.113399
vn 0.520214 0.821522 -0.233406
vn 0.513798 0.827197 -0.227499
vn 0.116103 0.921222 -0.371309
vn 0.124699 0.907994 -0.399997
vn 0.477985 0.856473 -0.194894
vn 0.477985 0.856473 -0.194894
vn 0.464619 0.553223 -0.691429
vn 0.39529 0.636184 -0.662583
vn 0.152897 0.975884 -0.155797
vn 0.174101 0.975207 -0.136601
vn 0.473708 0.856514 -0.204903
vn 0.495976 0.83956 -0.221689
vn -0.518586 0.166396 -0.838678
vn -0.0500015 0.634719 -0.771123
vn -0.526971 0.0492973 -0.848453
vn 0.120598 0.63229 -0.765288
vn -0.265497 0.524294 -0.80909
vn -0.181394 0.59738 -0.781174
vn -0.307285 0.557572 -0.771161
vn -0.345005 0.578009 -0.739511
vn -0.157599 0.909995 -0.383498
vn -0.135104 0.901426 -0.411312
vn 0.0333986 0.785567 -0.617874
vn 0.0308984 0.788259 -0.614568
vn -0.508798 0.752097 -0.418898
vn -0.513678 0.738068 -0.437481
vn 0.00330007 0.817717 -0.575612
vn 0.00330007 0.817717 -0.575612
vn -0.207096 0.395793 -0.894684
vn -0.272305 0.445407 -0.852914
vn -0.372097 0.874293 -0.311698
vn -0.329602 0.891705 -0.310202
vn -0.00940023 0.82172 -0.569814
vn 0.00530003 0.808405 -0.588603
vn 0.0238992 -0.161595 -0.986568
vn 0.593003 0.0420002 -0.804104
vn -0.0239003 -0.253603 -0.967013
vn 0.70989 -0.0270996 -0.703791
vn 0.39989 0.0617985 -0.914477
vn 0.470187 0.0898976 -0.877976
vn 0.315211 0.203107 -0.927033
vn 0.279193 0.249793 -0.927176
vn 0.0952002 0.970502 -0.221501
vn 0.156302 0.945213 -0.286604
vn 0.375012 0.783726 -0.495116
vn 0.370488 0.788774 -0.490484
vn 0.0101 0.766302 -0.642401
vn 0.0164008 0.747436 -0.664132
vn 0.337387 0.823669 -0.455783
vn 0.337387 0.823669 -0.455783
vn 0.372413 -0.154405 -0.915132
vn 0.357189 -0.0521985 -0.932572
vn -0.0540999 0.972298 -0.227399
vn -0.042699 0.983177 -0.177596
vn 0.332809 0.821722 -0.462613
vn 0.354306 0.801213 -0.482208
vn -0.300696 0.656091 0.69219
vn -0.634601 0.3345 0.696701
vn -0.231005 0.659515 0.715316
vn -0.666025 0.153206 0.730027
vn -0.558015 0.475313 0.680218
vn -0.585215 0.440311 0.680918
vn -0.548787 0.44499 0.707684
vn -0.548777 0.445182 0.707571
vn -0.392194 0.584892 0.70999
vn -0.37558 0.56447 0.73506
vn -0.277703 0.403304 0.87191
vn -0.281999 0.409999 0.867397
vn -0.507613 0.38251 0.77202
vn -0.49878 0.378185 0.779868
vn -0.305011 0.444917 0.842032
vn -0.305011 0.444917 0.842032
vn -0.462515 0.446415 0.766025
vn -0.505698 0.469299 0.723898
vn -0.443515 0.480116 0.756825
vn -0.442682 0.518779 0.73137
vn -0.29569 0.444685 0.845472
vn -0.284609 0.424313 0.859626
vn -0.108402 0.894218 0.434309
vn -0.101798 0.61109 0.784988
vn -0.0583992 0.919387 0.388995
vn 0.00530003 0.490003 0.871705
vn -0.151704 0.719317 0.677916
vn -0.146204 0.688117 0.710718
vn -0.0847033 0.711828 0.697228
vn -0.0864952 0.71246 0.696361
vn -0.0789028 0.840829 0.535519
vn -0.0516982 0.84137 0.537981
vn 0.156793 0.812365 0.561676
vn 0.148098 0.81419 0.561393
vn 0.0656015 0.700616 0.710516
vn 0.0706976 0.701276 0.709376
vn 0.1012 0.822698 0.559399
vn 0.1012 0.822698 0.559399
vn -0.0300989 0.758673 0.650777
vn -0.0929016 0.745312 0.660211
vn 0.0177 0.779702 0.625901
vn -0.0159999 0.793395 0.608496
vn 0.107804 0.825629 0.553819
vn 0.133899 0.819991 0.556494
vn -0.0496995 0.603394 0.795893
vn -0.403908 0.250905 0.879718
vn 0.0463013 0.599916 0.798722
vn -0.413179 0.0268986 0.910253
vn -0.330693 0.410091 0.849981
vn -0.365103 0.362703 0.857407
vn -0.358506 0.458607 0.813113
vn -0.404119 0.523724 0.749934
vn -0.145504 0.647416 0.748118
vn -0.0849959 0.61687 0.782462
vn 0.164201 0.418804 0.893108
vn 0.157498 0.424995 0.891389
vn -0.440911 0.666617 0.601015
vn -0.42289 0.673484 0.606286
vn 0.111096 0.466585 0.877471
vn 0.111096 0.466585 0.877471
vn -0.183198 0.355395 0.916588
vn -0.256295 0.385993 0.886184
vn -0.337388 0.695875 0.633977
vn -0.311215 0.698834 0.644031
vn 0.125097 0.46509 0.87638
vn 0.147305 0.442815 0.88443
vn -0.133195 0.953464 0.27049
vn 0.204202 0.782807 0.587805
vn -0.131 0.969102 0.209
vn 0.403011 0.689318 0.602016
vn 0.0577989 0.850684 0.52249
vn 0.0905009 0.834708 0.543205
vn 0.120999 0.863796 0.489098
vn 0.124495 0.863762 0.488279
vn 0.0748008 0.96561 0.249003
vn 0.100301 0.96741 0.232502
vn 0.192507 0.957136 0.216408
vn 0.176403 0.957618 0.227704
vn 0.288417 0.880153 0.377023
vn 0.305408 0.882924 0.35661
vn 0.136894 0.957258 0.254789
vn 0.136894 0.957258 0.254789
vn 0.106506 0.907949 0.405322
vn 0.0890006 0.878006 0.470303
vn 0.242305 0.932219 0.268805
vn 0.176209 0.945648 0.273314
vn 0.184599 0.963497 0.193899
vn 0.204801 0.960304 0.189401
vn -0.747082 0.581486 -0.322092
vn -0.313579 0.867043 -0.387175
vn -0.783723 0.500714 -0.367511
vn -0.142599 0.858093 -0.493296
vn -0.477405 0.816009 -0.325904
vn -0.42421 0.841119 -0.335508
vn -0.421093 0.775387 -0.470592
vn -0.431987 0.782176 -0.448986
vn -0.482696 0.834893 -0.264498
vn -0.479414 0.837125 -0.263408
vn -0.427503 0.810406 -0.400603
vn -0.429 0.8142 -0.3912
vn -0.286607 0.638216 -0.714518
vn -0.297304 0.655609 -0.694109
vn -0.436211 0.832521 -0.341509
vn -0.436211 0.832521 -0.341509
vn -0.502385 0.730178 -0.463086
vn -0.508996 0.766994 -0.390697
vn -0.392515 0.738428 -0.548321
vn -0.391506 0.737411 -0.550408
vn -0.4473 0.8231 -0.3499
vn -0.440502 0.814803 -0.376901
vn -0.0615014 0.997622 0.0311007
vn 0.342286 0.878764 0.332586
vn -0.0683005 0.996707 -0.0437003
vn 0.567705 0.758407 0.320203
vn 0.183595 0.941776 0.281693
vn 0.227092 0.925966 0.301689
vn 0.118004 0.944134 0.307711
vn 0.0220002 0.93051 0.365604
vn -0.119906 0.982749 0.140807
vn -0.0708036 0.99535 0.0653033
vn 0.122205 0.978044 -0.168808
vn 0.110003 0.981928 -0.154004
vn -0.179098 0.890291 0.418696
vn -0.184494 0.898471 0.398387
vn 0.0772032 0.990441 -0.114305
vn 0.0772032 0.990441 -0.114305
vn 0.218599 0.968396 0.120099
vn 0.219296 0.952681 0.210496
vn -0.196604 0.927617 0.317606
vn -0.195998 0.93699 0.289197
vn 0.0690999 0.990499 -0.1189
vn 0.102498 0.982678 -0.154397
vn -0.713414 0.700714 -0.00630013
vn -0.253596 0.942886 -0.215997
vn -0.77366 0.632667 -0.0343982
vn -0.150795 0.926971 -0.343489
vn -0.403079 0.909453 -0.102095
vn -0.352694 0.927285 -0.125498
vn -0.407406 0.895413 -0.179603
vn -0.408796 0.896291 -0.171898
vn -0.621511 0.777314 -0.0975018
vn -0.626386 0.770683 -0.116997
vn -0.640614 0.692615 -0.331507
vn -0.640594 0.693593 -0.329497
vn -0.443599 0.833298 -0.329899
vn -0.437112 0.840323 -0.320609
vn -0.638701 0.715601 -0.2828
vn -0.638701 0.715601 -0.2828
vn -0.485604 0.848407 -0.210702
vn -0.47988 0.867164 -0.133195
vn -0.549778 0.806768 -0.216492
vn -0.555891 0.807988 -0.195297
vn -0.645693 0.706592 -0.289497
vn -0.645469 0.701466 -0.302185
vn -0.636435 -0.17871 -0.750342
vn -0.457606 0.516007 -0.724109
vn -0.576999 -0.305399 -0.757498
vn -0.329512 0.590721 -0.736526
vn -0.605117 0.295109 -0.739421
vn -0.568612 0.409709 -0.713315
vn -0.679402 0.316701 -0.661902
vn -0.689687 0.317294 -0.650888
vn -0.598897 0.749796 -0.281298
vn -0.589012 0.748315 -0.305106
vn -0.515272 0.665364 -0.540171
vn -0.515797 0.666396 -0.538396
vn -0.836869 0.446283 -0.316988
vn -0.842034 0.406917 -0.354114
vn -0.528299 0.693398 -0.489999
vn -0.528299 0.693398 -0.489999
vn -0.492781 0.226091 -0.840268
vn -0.580694 0.193498 -0.790792
vn -0.742623 0.631419 -0.223207
vn -0.711998 0.666298 -0.221599
vn -0.535906 0.696408 -0.477305
vn -0.529915 0.68562 -0.499114
vn -0.223392 -0.599878 -0.768272
vn 0.194604 -0.189404 -0.962422
vn -0.214192 -0.677574 -0.703573
vn 0.345896 -0.163098 -0.923989
vn 0.00560016 -0.297109 -0.954827
vn 0.0626976 -0.237091 -0.969462
vn -0.0924984 -0.253195 -0.962983
vn -0.112898 -0.242396 -0.963586
vn -0.408015 0.736727 -0.53922
vn -0.406612 0.735522 -0.541916
vn -0.211199 0.538698 -0.815597
vn -0.211301 0.538802 -0.815503
vn -0.530908 0.340505 -0.776011
vn -0.469191 0.158897 -0.868684
vn -0.244393 0.579483 -0.777478
vn -0.244393 0.579483 -0.777478
vn 0.075201 -0.454606 -0.887512
vn 0.00309985 -0.394581 -0.918856
vn -0.534472 0.722063 -0.439277
vn -0.541084 0.708478 -0.453086
vn -0.244295 0.568488 -0.785583
vn -0.237795 0.561487 -0.792582
vn -0.734567 0.67567 -0.0622972
vn -0.294285 0.878955 -0.375281
vn -0.794579 0.602984 -0.0710981
vn -0.196102 0.832408 -0.518305
vn -0.435294 0.868888 -0.235697
vn -0.387207 0.881816 -0.269205
vn -0.431495 0.86559 -0.254097
vn -0.435491 0.863381 -0.254795
vn -0.790028 0.608922 -0.0712025
vn -0.808371 0.582879 -0.082397
vn -0.910713 0.367105 -0.189303
vn -0.90927 0.372288 -0.186094
vn -0.507198 0.808596 -0.298199
vn -0.484705 0.826008 -0.287703
vn -0.895765 0.415084 -0.159094
vn -0.895765 0.415084 -0.159094
vn -0.533301 0.781501 -0.3238
vn -0.512197 0.820296 -0.254499
vn -0.652917 0.736119 -0.178405
vn -0.652499 0.736199 -0.1796
vn -0.901058 0.398482 -0.171192
vn -0.906715 0.380306 -0.182303
vn -0.261302 0.349902 -0.899606
vn 0.303807 0.623114 -0.720716
vn -0.287303 0.228402 -0.930209
vn 0.474289 0.547287 -0.689584
vn 0.0882009 0.605806 -0.790708
vn 0.170193 0.630175 -0.757571
vn 0.0703008 0.613307 -0.786709
vn 0.0195007 0.660324 -0.750727
vn -0.603115 0.751318 -0.267906
vn -0.623702 0.684902 -0.376701
vn -0.59371 0.468108 -0.654511
vn -0.594709 0.471707 -0.65101
vn -0.246604 0.809112 -0.533408
vn -0.308387 0.819765 -0.482579
vn -0.605511 0.51231 -0.609011
vn -0.605511 0.51231 -0.609011
vn 0.118704 0.435913 -0.892126
vn 0.0575996 0.522496 -0.850694
vn -0.46918 0.839164 -0.275088
vn -0.509384 0.843074 -0.172495
vn -0.612598 0.494998 -0.616198
vn -0.606516 0.480412 -0.633516
vn -0.955485 -0.105598 -0.275496
vn -0.697937 0.363019 -0.617333
vn -0.932182 -0.239995 -0.270995
vn -0.564385 0.36369 -0.74108
vn -0.837081 0.260294 -0.481189
vn -0.788094 0.323498 -0.523696
vn -0.856507 0.271102 -0.439204
vn -0.864088 0.282196 -0.416794
vn -0.636381 0.442287 -0.631982
vn -0.631337 0.434825 -0.642138
vn -0.523908 0.271304 -0.807412
vn -0.525284 0.274091 -0.805575
vn -0.869994 0.431597 -0.238398
vn -0.878711 0.414305 -0.237103
vn -0.548898 0.322199 -0.771297
vn -0.548898 0.322199 -0.771297
vn -0.813967 0.0881964 -0.574177
vn -0.856072 0.147095 -0.495484
vn -0.768302 0.494602 -0.406301
vn -0.760195 0.494497 -0.421397
vn -0.553105 0.308203 -0.774007
vn -0.544606 0.293903 -0.785509
vn -0.816767 -0.197592 0.542078
vn -0.986677 -0.155696 -0.0471989
vn -0.756218 -0.274807 0.593814
vn -0.938342 -0.266912 -0.21971
vn -0.981368 -0.114096 0.154595
vn -0.990263 -0.116896 0.0755972
vn -0.979913 -0.0813011 0.182102
vn -0.978021 -0.0214005 0.207404
vn -0.854194 0.490296 -0.173099
vn -0.858058 0.476877 -0.190591
vn -0.879199 0.2374 -0.413099
vn -0.87939 0.242197 -0.409895
vn -0.929207 0.304302 0.209702
vn -0.931459 0.290487 0.21909
vn -0.879928 0.289509 -0.376712
vn -0.879928 0.289509 -0.376712
vn -0.928736 -0.298111 0.220408
vn -0.957424 -0.198505 0.209605
vn -0.87733 0.478716 0.0335012
vn -0.868475 0.495686 0.00679981
vn -0.881748 0.306217 -0.35882
vn -0.882032 0.28541 -0.374914
vn -0.551615 -0.478613 -0.683118
vn -0.433291 0.178596 -0.883381
vn -0.467996 -0.587696 -0.659995
vn -0.301206 0.255405 -0.918718
vn -0.576932 -0.0201011 -0.816545
vn -0.553199 0.0778999 -0.829399
vn -0.700998 0.00959998 -0.713098
vn -0.703864 0.0100995 -0.710263
vn -0.797197 0.250499 -0.549298
vn -0.7896 0.2247 -0.571
vn -0.678029 -0.00200009 -0.735032
vn -0.679384 0.000499988 -0.733783
vn -0.91868 0.216795 -0.330193
vn -0.907723 0.150604 -0.39161
vn -0.706522 0.0514016 -0.705822
vn -0.706522 0.0514016 -0.705822
vn -0.420097 -0.136899 -0.897094
vn -0.521802 -0.150401 -0.839704
vn -0.881708 0.335803 -0.331403
vn -0.871088 0.337495 -0.356795
vn -0.70759 0.0399994 -0.70549
vn -0.698641 0.0248015 -0.715042
vn -0.627695 0.212498 0.748894
vn -0.962139 0.023901 0.271511
vn -0.563197 0.166399 0.809395
vn -0.977212 -0.131402 0.166702
vn -0.894984 0.146397 0.421392
vn -0.921681 0.120398 0.368793
vn -0.901517 0.0552011 0.429208
vn -0.90059 0.0621993 0.430195
vn -0.745419 0.131903 0.653416
vn -0.743199 0.0976999 0.661899
vn -0.717782 -0.159796 0.677683
vn -0.719168 -0.153493 0.67767
vn -0.872757 -0.127994 0.471077
vn -0.877734 -0.117105 0.464618
vn -0.730012 -0.0991016 0.676211
vn -0.730012 -0.0991016 0.676211
vn -0.84509 0.0187998 0.534294
vn -0.856658 0.103595 0.505376
vn -0.813825 -0.0103003 0.581018
vn -0.806044 0.0312017 0.591032
vn -0.722568 -0.103095 0.683569
vn -0.719324 -0.126704 0.683022
vn -0.964774 0.251893 0.075898
vn -0.867687 0.324495 -0.376594
vn -0.934434 0.297411 0.195907
vn -0.778874 0.389487 -0.491584
vn -0.942427 0.234407 -0.238507
vn -0.927881 0.241395 -0.284194
vn -0.94941 0.241702 -0.200502
vn -0.938881 0.305894 -0.157897
vn -0.959048 0.225111 0.171909
vn -0.969289 0.187698 0.158898
vn -0.998173 -0.0134996 0.0588984
vn -0.998115 -0.0068001 0.0610009
vn -0.918244 0.394719 0.0320015
vn -0.930629 0.360911 0.0606019
vn -0.995873 0.0468987 0.0776979
vn -0.995873 0.0468987 0.0776979
vn -0.91936 0.365684 -0.145094
vn -0.930637 0.306712 -0.199608
vn -0.945604 0.285201 0.156501
vn -0.939942 0.293413 0.174408
vn -0.995665 0.0245991 0.0896969
vn -0.996827 0.00390011 0.0795022
vn -0.521684 -0.699379 0.488585
vn -0.876178 -0.481988 0.00039999
vn -0.4085 -0.770401 0.4895
vn -0.851097 -0.497098 -0.168899
vn -0.813724 -0.543216 0.206806
vn -0.854835 -0.502221 0.130505
vn -0.810591 -0.536394 0.234997
vn -0.815685 -0.52029 0.252895
vn -0.993417 -0.0112002 0.114002
vn -0.994133 -0.0279009 0.104503
vn -0.967948 -0.250713 -0.0148007
vn -0.969233 -0.245808 -0.0129004
vn -0.899804 -0.167401 0.402902
vn -0.890231 -0.205907 0.406314
vn -0.981669 -0.190394 0.00869973
vn -0.981669 -0.190394 0.00869973
vn -0.707282 -0.689482 0.156096
vn -0.748874 -0.620179 0.233592
vn -0.959991 0.0272997 0.278697
vn -0.964947 0.0326016 0.260413
vn -0.97939 -0.201398 0.0152998
vn -0.974918 -0.222504 0.0052001
vn 0.0431996 -0.486895 0.872391
vn -0.571792 -0.525393 0.630092
vn 0.147905 -0.517619 0.842731
vn -0.636587 -0.593888 0.49199
vn -0.38251 -0.489513 0.783621
vn -0.485512 -0.484912 0.727419
vn -0.397394 -0.429393 0.810987
vn -0.400116 -0.375215 0.836134
vn -0.77793 -0.0563021 0.625824
vn -0.779929 -0.0956036 0.618523
vn -0.74286 -0.389779 0.544271
vn -0.743969 -0.386384 0.545177
vn -0.482199 0.0340999 0.875398
vn -0.471903 0.0208001 0.881405
vn -0.760112 -0.331605 0.558809
vn -0.760112 -0.331605 0.558809
vn -0.288197 -0.617594 0.731793
vn -0.312613 -0.541622 0.780332
vn -0.652097 0.103799 0.750996
vn -0.686885 0.089098 0.721284
vn -0.75879 -0.319496 0.567592
vn -0.752903 -0.344601 0.560702
vn 0.0909023 -0.909023 0.40671
vn -0.306499 -0.951096 -0.0383998
vn 0.190305 -0.894423 0.404711
vn -0.293592 -0.936575 -0.191395
vn -0.248405 -0.95462 0.164303
vn -0.2994 -0.948399 0.1044
vn -0.337283 -0.898554 0.280786
vn -0.361888 -0.875472 0.32029
vn -0.932808 -0.0111001 0.360203
vn -0.93582 -0.100302 0.337907
vn -0.876213 -0.430906 0.215803
vn -0.877764 -0.426983 0.217291
vn -0.719029 -0.400716 0.567823
vn -0.707624 -0.421614 0.567019
vn -0.897288 -0.371795 0.237997
vn -0.897288 -0.371795 0.237997
vn -0.0574032 -0.991855 0.113706
vn -0.134005 -0.976237 0.170306
vn -0.873902 0.0574001 0.482701
vn -0.885896 0.0989995 0.453198
vn -0.893086 -0.378294 0.243496
vn -0.884597 -0.404498 0.232099
vn -0.712518 0.694818 0.0977025
vn -0.534511 0.833317 -0.141003
vn -0.717208 0.669107 0.194702
vn -0.394901 0.903602 -0.166
vn -0.644896 0.756995 -0.105199
vn -0.635476 0.761371 -0.128395
vn -0.693822 0.679222 -0.239308
vn -0.693115 0.683415 -0.229205
vn -0.691694 0.719993 0.0562995
vn -0.700524 0.712524 0.0397013
vn -0.760718 0.634415 -0.137203
vn -0.759441 0.636835 -0.133007
vn -0.701902 0.577302 -0.417201
vn -0.70147 0.578776 -0.415882
vn -0.746368 0.659172 -0.0917961
vn -0.746368 0.659172 -0.0917961
vn -0.578285 0.815678 0.0159996
vn -0.611078 0.790672 -0.0376987
vn -0.716684 0.669785 -0.194296
vn -0.711993 0.687493 -0.142899
vn -0.753294 0.650595 -0.0962993
vn -0.757714 0.642712 -0.113102
vn -0.358991 0.915977 -0.179196
vn -0.0662978 0.975667 -0.208993
vn -0.477404 0.875907 -0.0698006
vn 0.0563005 0.997608 -0.0401003
vn -0.164305 0.93543 -0.31301
vn -0.146593 0.935258 -0.322185
vn -0.217311 0.909446 -0.354518
vn -0.242602 0.910007 -0.336202
vn -0.490609 0.859415 -0.143903
vn -0.479295 0.857892 -0.185198
vn -0.395008 0.814716 -0.424508
vn -0.396916 0.816834 -0.418617
vn -0.375314 0.872733 -0.312212
vn -0.398713 0.857628 -0.324811
vn -0.414101 0.834803 -0.362801
vn -0.414101 0.834803 -0.362801
vn -0.241204 0.968716 -0.0584009
vn -0.172302 0.969011 -0.177002
vn -0.483793 0.840887 -0.242596
vn -0.498201 0.851602 -0.163
vn -0.418219 0.827137 -0.375417
vn -0.409511 0.820422 -0.39901
vn -0.788674 0.549082 0.276591
vn -0.753263 0.627369 -0.19749
vn -0.810044 0.495327 0.313817
vn -0.75612 0.528614 -0.38581
vn -0.756501 0.653401 -0.0278
vn -0.753393 0.653494 -0.0730994
vn -0.798602 0.598901 -0.0596001
vn -0.798846 0.598535 -0.0600035
vn -0.892351 0.431976 0.130793
vn -0.904474 0.408888 0.121397
vn -0.935567 0.348888 0.0546981
vn -0.929716 0.363306 0.0603011
vn -0.89739 0.422596 -0.126899
vn -0.90453 0.406713 -0.128104
vn -0.909773 0.407788 0.0775977
vn -0.909773 0.407788 0.0775977
vn -0.838889 0.544293 0.00329996
vn -0.799165 0.600874 -0.0168993
vn -0.92948 0.368592 -0.0143997
vn -0.915963 0.400184 0.0293988
vn -0.940946 0.330681 0.0725959
vn -0.946003 0.318501 0.0603002
vn -0.21589 0.197391 0.956257
vn -0.671327 0.00690027 0.741129
vn -0.128997 0.152297 0.97988
vn -0.738088 -0.179497 0.65039
vn -0.55269 0.126798 0.823685
vn -0.600199 0.0973998 0.793898
vn -0.544993 -0.0457994 0.837189
vn -0.545973 -0.020199 0.837559
vn -0.56591 0.191103 0.802014
vn -0.570175 0.191192 0.798965
vn -0.572387 0.0286993 0.819481
vn -0.575686 0.042199 0.816581
vn -0.479091 -0.368893 0.796486
vn -0.490614 -0.340909 0.801922
vn -0.58742 0.0955032 0.803627
vn -0.58742 0.0955032 0.803627
vn -0.457687 -0.00829976 0.889075
vn -0.49859 0.0664987 0.864283
vn -0.524194 -0.145998 0.838991
vn -0.526009 -0.135502 0.839615
vn -0.574516 0.0936027 0.813123
vn -0.569889 0.0563989 0.819784
vn -0.941787 0.283396 0.180898
vn -0.9607 0.1999 -0.1926
vn -0.887316 0.365506 0.281205
vn -0.881504 0.271801 -0.386102
vn -0.987532 0.150205 -0.0471015
vn -0.988181 0.134797 -0.0729986
vn -0.991978 0.122597 0.0307993
vn -0.986156 0.154893 0.0591974
vn -0.903382 0.159197 0.398192
vn -0.909356 0.147793 0.388881
vn -0.948719 0.0309006 0.314606
vn -0.946922 0.0490011 0.317707
vn -0.957083 0.174097 0.231696
vn -0.954753 0.150193 0.256687
vn -0.939505 0.104201 0.326302
vn -0.939505 0.104201 0.326302
vn -0.937742 0.347115 0.0123005
vn -0.964487 0.249497 -0.0866988
vn -0.922366 0.109796 0.370386
vn -0.910821 0.138403 0.388909
vn -0.937217 0.0573011 0.344006
vn -0.943304 0.0261001 0.330902
vn -0.726715 0.580112 0.367907
vn -0.4807 0.6848 0.5477
vn -0.879543 0.367518 0.302215
vn -0.630203 0.564203 0.533403
vn -0.168904 0.718116 0.675115
vn 0.265615 0.650836 0.711239
vn 0.0503013 0.454112 0.889524
vn -0.468602 0.474902 0.744903
vn -0.884403 0.242301 0.398901
vn -0.84499 0.295697 0.445595
vn -0.135792 0.450575 0.882351
vn -0.527584 0.525984 0.66708
vn 0.330181 0.342081 0.879751
vn 0.32099 0.730576 0.602681
vn -0.0771014 0.263705 0.961517
vn -0.2229 0.573499 0.788299
vn 0.244007 0.946828 0.209706
vn -0.409221 0.910347 -0.0617032
vn -0.0201009 0.994045 0.107105
vn -0.0332983 0.788861 0.613669
vn 0.152104 0.314108 0.937124
vn -0.162402 0.85531 -0.492006
vn -0.534396 0.732294 -0.422097
vn 0.00840036 0.975642 -0.219209
vn -0.29459 0.955469 -0.0171994
vn -0.877212 0.415405 -0.240703
vn -0.815212 0.362105 0.452006
vn -0.906496 0.418498 0.0558997
vn -0.583828 0.806738 -0.0912043
vn -0.0941971 0.917471 -0.386488
vn 0.99561 0.0360004 0.0864009
vn 0.995348 0.0341017 0.0901044
vn 0.142905 0.00140005 -0.989735
vn 0.146805 0.00760028 -0.989136
vn 0.25061 0.198408 -0.947538
vn 0.246192 0.186694 -0.95107
vn 0.834481 0.390691 0.388591
vn 0.905276 0.36409 0.218894
vn 0.342212 0.441516 -0.82943
vn 0.360186 0.486681 -0.795869
vn 0.776503 0.263001 0.572602
vn 0.780424 0.33691 0.526716
usemtl flower_blooms
s off
f 11/11/11 2/2/2 4/4/4
f 11/11/11 4/4/4 12/12/12
f 63/63/63 61/61/61 6/6/6
f 63/63/63 6/6/6 13/13/13
f 13/13/13 6/6/6 8/8/8
f 13/13/13 8/8/8 14/14/14
f 14/14/14 8/8/8 10/10/10
f 14/14/14 10/10/10 15/15/15
f 7/7/7 14/14/14 15/15/15
f 7/7/7 15/15/15 9/9/9
f 5/5/5 13/13/13 14/14/14
f 5/5/5 14/14/14 7/7/7
f 62/62/62 63/63/63 13/13/13
f 62/62/62 13/13/13 5/5/5
f 1/1/1 11/11/11 12/12/12
f 1/1/1 12/12/12 3/3/3
f 11/11/11 1/1/1 16/16/16
f 11/11/11 16/16/16 18/18/18
f 2/2/2 11/11/11 18/18/18
f 2/2/2 18/18/18 17/17/17
f 18/18/18 16/16/16 19/19/19
f 18/18/18 19/19/19 21/21/21
f 17/17/17 18/18/18 21/21/21
f 17/17/17 21/21/21 20/20/20
f 15/15/15 10/10/10 23/23/23
f 15/15/15 23/23/23 24/24/24
f 9/9/9 15/15/15 24/24/24
f 9/9/9 24/24/24 22/22/22
f 24/24/24 23/23/23 26/26/26
f 24/24/24 26/26/26 27/27/27
f 22/22/22 24/24/24 27/27/27
f 22/22/22 27/27/27 25/25/25
f 27/27/27 26/26/26 29/29/29
f 27/27/27 29/29/29 30/30/30
f 25/25/25 27/27/27 30/30/30
f 25/25/25 30/30/30 28/28/28
f 52/52/52 51/51/51 32/32/32
f 52/52/52 32/32/32 33/33/33
f 53/53/53 52/52/52 33/33/33
f 53/53/53 33/33/33 31/31/31
f 59/59/59 44/44/44 35/35/35
f 59/59/59 35/35/35 54/54/54
f 54/54/54 35/35/35 37/37/37
f 54/54/54 37/37/37 55/55/55
f 58/58/58 42/42/42 38/38/38
f 58/58/58 38/38/38 56/56/56
f 56/56/56 38/38/38 40/40/40
f 56/56/56 40/40/40 57/57/57
f 51/51/51 29/29/29 42/42/42
f 51/51/51 42/42/42 58/58/58
f 53/53/53 31/31/31 44/44/44
f 53/53/53 44/44/44 59/59/59
f 55/55/55 37/37/37 47/47/47
f 55/55/55 47/47/47 60/60/60
f 44/44/44 31/31/31 49/49/49
f 44/44/44 49/49/49 50/50/50
f 31/31/31 33/33/33 48/48/48
f 31/31/31 48/48/48 49/49/49
f 36/36/36 55/55/55 60/60/60
f 36/36/36 60/60/60 46/46/46
f 28/28/28 53/53/53 59/59/59
f 28/28/28 59/59/59 45/45/45
f 32/32/32 51/51/51 58/58/58
f 32/32/32 58/58/58 43/43/43
f 39/39/39 56/56/56 57/57/57
f 39/39/39 57/57/57 41/41/41
f 43/43/43 58/58/58 56/56/56
f 43/43/43 56/56/56 39/39/39
f 34/34/34 54/54/54 55/55/55
f 34/34/34 55/55/55 36/36/36
f 45/45/45 59/59/59 54/54/54
f 45/45/45 54/54/54 34/34/34
f 28/28/28 30/30/30 52/52/52
f 28/28/28 52/52/52 53/53/53
f 30/30/30 29/29/29 51/51/51
f 30/30/30 51/51/51 52/52/52
f 3/3/3 12/12/12 63/63/63
f 3/3/3 63/63/63 62/62/62
f 12/12/12 4/4/4 61/61/61
f 12/12/12 61/61/61 63/63/63
f 65/65/65 64/64/64 67/67/67
f 65/65/65 67/67/67 69/69/69
f 64/64/64 65/65/65 87/87/87
f 64/64/64 87/87/87 66/66/66
f 69/69/69 67/67/67 68/68/68
f 69/69/69 68/68/68 70/70/70
f 71/71/71 69/69/69 70/70/70
f 71/71/71 70/70/70 73/73/73
f 72/72/72 65/65/65 69/69/69
f 72/72/72 69/69/69 71/71/71
f 73/73/73 70/70/70 76/76/76
f 73/73/73 76/76/76 74/74/74
f 74/74/74 76/76/76 77/77/77
f 74/74/74 77/77/77 75/75/75
f 76/76/76 78/78/78 79/79/79
f 76/76/76 79/79/79 77/77/77
f 70/70/70 68/68/68 78/78/78
f 70/70/70 78/78/78 76/76/76
f 77/77/77 79/79/79 80/80/80
f 77/77/77 80/80/80 81/81/81
f 81/81/81 80/80/80 82/82/82
f 81/81/81 82/82/82 83/83/83
f 85/85/85 81/81/81 83/83/83
f 85/85/85 83/83/83 84/84/84
f 75/75/75 77/77/77 81/81/81
f 75/75/75 81/81/81 85/85/85
f 65/65/65 72/72/72 86/86/86
f 65/65/65 86/86/86 87/87/87
f 87/87/87 86/86/86 89/89/89
f 87/87/87 89/89/89 92/92/92
f 89/89/89 86/86/86 88/88/88
f 89/89/89 88/88/88 91/91/91
f 90/90/90 89/89/89 91/91/91
f 90/90/90 91/91/91 108/108/108
f 92/92/92 89/89/89 90/90/90
f 92/92/92 90/90/90 93/93/93
f 66/66/66 87/87/87 92/92/92
f 66/66/66 92/92/92 94/94/94
f 94/94/94 92/92/92 93/93/93
f 94/94/94 93/93/93 95/95/95
f 66/66/66 94/94/94 96/96/96
f 66/66/66 96/96/96 97/97/97
f 94/94/94 95/95/95 98/98/98
f 94/94/94 98/98/98 96/96/96
f 97/97/97 96/96/96 99/99/99
f 97/97/97 99/99/99 100/100/100
f 96/96/96 98/98/98 101/101/101
f 96/96/96 101/101/101 99/99/99
f 100/100/100 99/99/99 102/102/102
f 100/100/100 102/102/102 103/103/103
f 99/99/99 101/101/101 104/104/104
f 99/99/99 104/104/104 102/102/102
f 103/103/103 102/102/102 105/105/105
f 103/103/103 105/105/105 106/106/106
f 102/102/102 104/104/104 107/107/107
f 102/102/102 107/107/107 105/105/105
f 108/108/108 91/91/91 109/109/109
f 108/108/108 109/109/109 110/110/110
f 91/91/91 88/88/88 111/111/111
f 91/91/91 111/111/111 109/109/109
f 110/110/110 109/109/109 112/112/112
f 110/110/110 112/112/112 113/113/113
f 109/109/109 111/111/111 114/114/114
f 109/109/109 114/114/114 112/112/112
f 116/116/116 115/115/115 118/118/118
f 116/116/116 118/118/118 119/119/119
f 115/115/115 116/116/116 153/153/153
f 115/115/115 153/153/153 117/117/117
f 119/119/119 118/118/118 120/120/120
f 119/119/119 120/120/120 121/121/121
f 121/121/121 120/120/120 122/122/122
f 121/121/121 122/122/122 123/123/123
f 123/123/123 122/122/122 124/124/124
f 123/123/123 124/124/124 125/125/125
f 125/125/125 124/124/124 126/126/126
f 125/125/125 126/126/126 127/127/127
f 127/127/127 126/126/126 128/128/128
f 127/127/127 128/128/128 129/129/129
f 129/129/129 128/128/128 130/130/130
f 129/129/129 130/130/130 131/131/131
f 131/131/131 130/130/130 132/132/132
f 131/131/131 132/132/132 134/134/134
f 134/134/134 132/132/132 133/133/133
f 134/134/134 133/133/133 135/135/135
f 136/136/136 134/134/134 135/135/135
f 136/136/136 135/135/135 138/138/138
f 137/137/137 131/131/131 134/134/134
f 137/137/137 134/134/134 136/136/136
f 138/138/138 135/135/135 141/141/141
f 138/138/138 141/141/141 139/139/139
f 139/139/139 141/141/141 142/142/142
f 139/139/139 142/142/142 140/140/140
f 141/141/141 143/143/143 144/144/144
f 141/141/141 144/144/144 142/142/142
f 135/135/135 133/133/133 143/143/143
f 135/135/135 143/143/143 141/141/141
f 145/145/145 129/129/129 131/131/131
f 145/145/145 131/131/131 137/137/137
f 146/146/146 127/127/127 129/129/129
f 146/146/146 129/129/129 145/145/145
f 147/147/147 125/125/125 127/127/127
f 147/147/147 127/127/127 146/146/146
f 148/148/148 123/123/123 125/125/125
f 148/148/148 125/125/125 147/147/147
f 149/149/149 121/121/121 123/123/123
f 149/149/149 123/123/123 148/148/148
f 150/150/150 119/119/119 121/121/121
f 150/150/150 121/121/121 149/149/149
f 151/151/151 116/116/116 119/119/119
f 151/151/151 119/119/119 150/150/150
f 116/116/116 151/151/151 152/152/152
f 116/116/116 152/152/152 153/153/153
f 153/153/153 152/152/152 155/155/155
f 153/153/153 155/155/155 158/158/158
f 155/155/155 152/152/152 154/154/154
f 155/155/155 154/154/154 157/157/157
f 156/156/156 155/155/155 157/157/157
f 156/156/156 157/157/157 174/174/174
f 158/158/158 155/155/155 156/156/156
f 158/158/158 156/156/156 159/159/159
f 117/117/117 153/153/153 158/158/158
f 117/117/117 158/158/158 160/160/160
f 160/160/160 158/158/158 159/159/159
f 160/160/160 159/159/159 161/161/161
f 117/117/117 160/160/160 162/162/162
f 117/117/117 162/162/162 163/163/163
f 160/160/160 161/161/161 164/164/164
f 160/160/160 164/164/164 162/162/162
f 163/163/163 162/162/162 165/165/165
f 163/163/163 165/165/165 166/166/166
f 162/162/162 164/164/164 167/167/167
f 162/162/162 167/167/167 165/165/165
f 166/166/166 165/165/165 168/168/168
f 166/166/166 168/168/168 169/169/169
f 165/165/165 167/167/167 170/170/170
f 165/165/165 170/170/170 168/168/168
f 169/169/169 168/168/168 171/171/171
f 169/169/169 171/171/171 172/172/172
f 168/168/168 170/170/170 173/173/173
f 168/168/168 173/173/173 171/171/171
f 174/174/174 157/157/157 175/175/175
f 174/174/174 175/175/175 177/177/177
f 157/157/157 154/154/154 178/178/178
f 157/157/157 178/178/178 175/175/175
f 177/177/177 175/175/175 176/176/176
f 177/177/177 176/176/176 183/183/183
f 175/175/175 178/178/178 179/179/179
f 175/175/175 179/179/179 176/176/176
f 176/176/176 179/179/179 180/180/180
f 176/176/176 180/180/180 181/181/181
f 183/183/183 176/176/176 181/181/181
f 183/183/183 181/181/181 182/182/182
f 185/185/185 184/184/184 187/187/187
f 185/185/185 187/187/187 188/188/188
f 184/184/184 185/185/185 216/216/216
f 184/184/184 216/216/216 186/186/186
f 188/188/188 187/187/187 189/189/189
f 188/188/188 189/189/189 190/190/190
f 190/190/190 189/189/189 191/191/191
f 190/190/190 191/191/191 192/192/192
f 192/192/192 191/191/191 193/193/193
f 192/192/192 193/193/193 194/194/194
f 194/194/194 193/193/193 195/195/195
f 194/194/194 195/195/195 196/196/196
f 196/196/196 195/195/195 197/197/197
f 196/196/196 197/197/197 198/198/198
f 198/198/198 197/197/197 199/199/199
f 198/198/198 199/199/199 200/200/200
f 200/200/200 199/199/199 201/201/201
f 200/200/200 201/201/201 203/203/203
f 203/203/203 201/201/201 202/202/202
f 203/203/203 202/202/202 204/204/204
f 205/205/205 203/203/203 204/204/204
f 205/205/205 204/204/204 207/207/207
f 206/206/206 200/200/200 203/203/203
f 206/206/206 203/203/203 205/205/205
f 208/208/208 198/198/198 200/200/200
f 208/208/208 200/200/200 206/206/206
f 209/209/209 196/196/196 198/198/198
f 209/209/209 198/198/198 208/208/208
f 210/210/210 194/194/194 196/196/196
f 210/210/210 196/196/196 209/209/209
f 211/211/211 192/192/192 194/194/194
f 211/211/211 194/194/194 210/210/210
f 212/212/212 190/190/190 192/192/192
f 212/212/212 192/192/192 211/211/211
f 213/213/213 188/188/188 190/190/190
f 213/213/213 190/190/190 212/212/212
f 214/214/214 185/185/185 188/188/188
f 214/214/214 188/188/188 213/213/213
f 185/185/185 214/214/214 215/215/215
f 185/185/185 215/215/215 216/216/216
f 216/216/216 215/215/215 218/218/218
f 216/216/216 218/218/218 221/221/221
f 218/218/218 215/215/215 217/217/217
f 218/218/218 217/217/217 220/220/220
f 219/219/219 218/218/218 220/220/220
f 219/219/219 220/220/220 237/237/237
f 221/221/221 218/218/218 219/219/219
f 221/221/221 219/219/219 222/222/222
f 186/186/186 216/216/216 221/221/221
f 186/186/186 221/221/221 223/223/223
f 223/223/223 221/221/221 222/222/222
f 223/223/223 222/222/222 224/224/224
f 186/186/186 223/223/223 225/225/225
f 186/186/186 225/225/225 226/226/226
f 223/223/223 224/224/224 227/227/227
f 223/223/223 227/227/227 225/225/225
f 226/226/226 225/225/225 228/228/228
f 226/226/226 228/228/228 229/229/229
f 225/225/225 227/227/227 230/230/230
f 225/225/225 230/230/230 228/228/228
f 229/229/229 228/228/228 231/231/231
f 229/229/229 231/231/231 232/232/232
f 228/228/228 230/230/230 233/233/233
f 228/228/228 233/233/233 231/231/231
f 232/232/232 231/231/231 234/234/234
f 232/232/232 234/234/234 235/235/235
f 231/231/231 233/233/233 236/236/236
f 231/231/231 236/236/236 234/234/234
f 237/237/237 220/220/220 238/238/238
f 237/237/237 238/238/238 239/239/239
f 220/220/220 217/217/217 240/240/240
f 220/220/220 240/240/240 238/238/238
f 239/239/239 238/238/238 242/242/242
f 238/238/238 241/241/241 242/242/242
f 238/238/238 240/240/240 243/243/243
f 238/238/238 243/243/243 241/241/241
f 245/245/245 244/244/244 247/247/247
f 245/245/245 247/247/247 248/248/248
f 244/244/244 245/245/245 276/276/276
f 244/244/244 276/276/276 246/246/246
f 248/248/248 247/247/247 249/249/249
f 248/248/248 249/249/249 250/250/250
f 250/250/250 249/249/249 251/251/251
f 250/250/250 251/251/251 252/252/252
f 252/252/252 251/251/251 253/253/253
f 252/252/252 253/253/253 254/254/254
f 254/254/254 253/253/253 255/255/255
f 254/254/254 255/255/255 256/256/256
f 256/256/256 255/255/255 257/257/257
f 256/256/256 257/257/257 258/258/258
f 258/258/258 257/257/257 259/259/259
f 258/258/258 259/259/259 260/260/260
f 260/260/260 259/259/259 261/261/261
f 260/260/260 261/261/261 263/263/263
f 263/263/263 261/261/261 262/262/262
f 263/263/263 262/262/262 264/264/264
f 265/265/265 263/263/263 264/264/264
f 265/265/265 264/264/264 267/267/267
f 266/266/266 260/260/260 263/263/263
f 266/266/266 263/263/263 265/265/265
f 268/268/268 258/258/258 260/260/260
f 268/268/268 260/260/260 266/266/266
f 269/269/269 256/256/256 258/258/258
f 269/269/269 258/258/258 268/268/268
f 270/270/270 254/254/254 256/256/256
f 270/270/270 256/256/256 269/269/269
f 271/271/271 252/252/252 254/254/254
f 271/271/271 254/254/254 270/270/270
f 272/272/272 250/250/250 252/252/252
f 272/272/272 252/252/252 271/271/271
f 273/273/273 248/248/248 250/250/250
f 273/273/273 250/250/250 272/272/272
f 274/274/274 245/245/245 248/248/248
f 274/274/274 248/248/248 273/273/273
f 245/245/245 274/274/274 275/275/275
f 245/245/245 275/275/275 276/276/276
f 276/276/276 275/275/275 278/278/278
f 276/276/276 278/278/278 280/280/280
f 278/278/278 275/275/275 277/277/277
f 278/278/278 277/277/277 281/281/281
f 279/279/279 278/278/278 281/281/281
f 279/279/279 281/281/281 283/283/283
f 280/280/280 278/278/278 279/279/279
f 280/280/280 279/279/279 289/289/289
f 283/283/283 281/281/281 282/282/282
f 283/283/283 282/282/282 284/284/284
f 281/281/281 277/277/277 311/311/311
f 281/281/281 311/311/311 282/282/282
f 279/279/279 283/283/283 285/285/285
f 279/279/279 285/285/285 286/286/286
f 289/289/289 279/279/279 286/286/286
f 289/289/289 286/286/286 287/287/287
f 290/290/290 289/289/289 287/287/287
f 290/290/290 287/287/287 288/288/288
f 292/292/292 280/280/280 289/289/289
f 292/292/292 289/289/289 290/290/290
f 291/291/291 290/290/290 288/288/288
f 291/291/291 288/288/288 304/304/304
f 292/292/292 290/290/290 291/291/291
f 292/292/292 291/291/291 293/293/293
f 246/246/246 276/276/276 280/280/280
f 246/246/246 280/280/280 292/292/292
f 246/246/246 292/292/292 293/293/293
f 246/246/246 293/293/293 294/294/294
f 294/294/294 293/293/293 295/295/295
f 294/294/294 295/295/295 296/296/296
f 293/293/293 291/291/291 297/297/297
f 293/293/293 297/297/297 295/295/295
f 296/296/296 295/295/295 298/298/298
f 296/296/296 298/298/298 299/299/299
f 295/295/295 297/297/297 300/300/300
f 295/295/295 300/300/300 298/298/298
f 299/299/299 298/298/298 301/301/301
f 299/299/299 301/301/301 302/302/302
f 298/298/298 300/300/300 303/303/303
f 298/298/298 303/303/303 301/301/301
f 284/284/284 282/282/282 306/306/306
f 284/284/284 306/306/306 305/305/305
f 305/305/305 306/306/306 308/308/308
f 305/305/305 308/308/308 307/307/307
f 306/306/306 310/310/310 309/309/309
f 306/306/306 309/309/309 308/308/308
f 282/282/282 311/311/311 310/310/310
f 282/282/282 310/310/310 306/306/306
f 313/313/313 312/312/312 315/315/315
f 313/313/313 315/315/315 316/316/316
f 312/312/312 313/313/313 326/326/326
f 312/312/312 326/326/326 314/314/314
f 316/316/316 315/315/315 317/317/317
f 316/316/316 317/317/317 318/318/318
f 318/318/318 317/317/317 319/319/319
f 318/318/318 319/319/319 320/320/320
f 322/322/322 318/318/318 320/320/320
f 322/322/322 320/320/320 321/321/321
f 323/323/323 316/316/316 318/318/318
f 323/323/323 318/318/318 322/322/322
f 324/324/324 313/313/313 316/316/316
f 324/324/324 316/316/316 323/323/323
f 313/313/313 324/324/324 325/325/325
f 313/313/313 325/325/325 326/326/326
f 326/326/326 325/325/325 328/328/328
f 326/326/326 328/328/328 330/330/330
f 328/328/328 325/325/325 327/327/327
f 328/328/328 327/327/327 331/331/331
f 329/329/329 328/328/328 331/331/331
f 329/329/329 331/331/331 333/333/333
f 330/330/330 328/328/328 329/329/329
f 330/330/330 329/329/329 339/339/339
f 333/333/333 331/331/331 332/332/332
f 333/333/333 332/332/332 334/334/334
f 331/331/331 327/327/327 361/361/361
f 331/331/331 361/361/361 332/332/332
f 329/329/329 333/333/333 335/335/335
f 329/329/329 335/335/335 336/336/336
f 339/339/339 329/329/329 336/336/336
f 339/339/339 336/336/336 337/337/337
f 340/340/340 339/339/339 337/337/337
f 340/340/340 337/337/337 338/338/338
f 342/342/342 330/330/330 339/339/339
f 342/342/342 339/339/339 340/340/340
f 341/341/341 340/340/340 338/338/338
f 341/341/341 338/338/338 354/354/354
f 342/342/342 340/340/340 341/341/341
f 342/342/342 341/341/341 343/343/343
f 314/314/314 326/326/326 330/330/330
f 314/314/314 330/330/330 342/342/342
f 314/314/314 342/342/342 343/343/343
f 314/314/314 343/343/343 344/344/344
f 344/344/344 343/343/343 345/345/345
f 344/344/344 345/345/345 346/346/346
f 343/343/343 341/341/341 347/347/347
f 343/343/343 347/347/347 345/345/345
f 346/346/346 345/345/345 348/348/348
f 346/346/346 348/348/348 349/349/349
f 345/345/345 347/347/347 350/350/350
f 345/345/345 350/350/350 348/348/348
f 349/349/349 348/348/348 351/351/351
f 349/349/349 351/351/351 352/352/352
f 348/348/348 350/350/350 353/353/353
f 348/348/348 353/353/353 351/351/351
f 334/334/334 332/332/332 356/356/356
f 334/334/334 356/356/356 355/355/355
f 355/355/355 356/356/356 358/358/358
f 355/355/355 358/358/358 357/357/357
f 356/356/356 360/360/360 359/359/359
f 356/356/356 359/359/359 358/358/358
f 332/332/332 361/361/361 360/360/360
f 332/332/332 360/360/360 356/356/356
f 363/363/363 362/362/362 365/365/365
f 363/363/363 365/365/365 366/366/366
f 362/362/362 363/363/363 394/394/394
f 362/362/362 394/394/394 364/364/364
f 366/366/366 365/365/365 367/367/367
f 366/366/366 367/367/367 368/368/368
f 368/368/368 367/367/367 369/369/369
f 368/368/368 369/369/369 370/370/370
f 370/370/370 369/369/369 371/371/371
f 370/370/370 371/371/371 372/372/372
f 372/372/372 371/371/371 373/373/373
f 372/372/372 373/373/373 374/374/374
f 374/374/374 373/373/373 375/375/375
f 374/374/374 375/375/375 376/376/376
f 376/376/376 375/375/375 377/377/377
f 376/376/376 377/377/377 378/378/378
f 378/378/378 377/377/377 379/379/379
f 378/378/378 379/379/379 381/381/381
f 381/381/381 379/379/379 380/380/380
f 381/381/381 380/380/380 382/382/382
f 383/383/383 381/381/381 382/382/382
f 383/383/383 382/382/382 385/385/385
f 384/384/384 378/378/378 381/381/381
f 384/384/384 381/381/381 383/383/383
f 386/386/386 376/376/376 378/378/378
f 386/386/386 378/378/378 384/384/384
f 387/387/387 374/374/374 376/376/376
f 387/387/387 376/376/376 386/386/386
f 388/388/388 372/372/372 374/374/374
f 388/388/388 374/374/374 387/387/387
f 389/389/389 370/370/370 372/372/372
f 389/389/389 372/372/372 388/388/388
f 390/390/390 368/368/368 370/370/370
f 390/390/390 370/370/370 389/389/389
f 391/391/391 366/366/366 368/368/368
f 391/391/391 368/368/368 390/390/390
f 392/392/392 363/363/363 366/366/366
f 392/392/392 366/366/366 391/391/391
f 363/363/363 392/392/392 393/393/393
f 363/363/363 393/393/393 394/394/394
f 394/394/394 393/393/393 396/396/396
f 394/394/394 396/396/396 399/399/399
f 396/396/396 393/393/393 395/395/395
f 396/396/396 395/395/395 398/398/398
f 397/397/397 396/396/396 398/398/398
f 397/397/397 398/398/398 415/415/415
f 399/399/399 396/396/396 397/397/397
f 399/399/399 397/397/397 400/400/400
f 364/364/364 394/394/394 399/399/399
f 364/364/364 399/399/399 401/401/401
f 401/401/401 399/399/399 400/400/400
f 401/401/401 400/400/400 402/402/402
f 364/364/364 401/401/401 403/403/403
f 364/364/364 403/403/403 404/404/404
f 401/401/401 402/402/402 405/405/405
f 401/401/401 405/405/405 403/403/403
f 404/404/404 403/403/403 406/406/406
f 404/404/404 406/406/406 407/407/407
f 403/403/403 405/405/405 408/408/408
f 403/403/403 408/408/408 406/406/406
f 407/407/407 406/406/406 409/409/409
f 407/407/407 409/409/409 410/410/410
f 406/406/406 408/408/408 411/411/411
f 406/406/406 411/411/411 409/409/409
f 410/410/410 409/409/409 412/412/412
f 410/410/410 412/412/412 413/413/413
f 409/409/409 411/411/411 414/414/414
f 409/409/409 414/414/414 412/412/412
f 415/415/415 398/398/398 416/416/416
f 415/415/415 416/416/416 417/417/417
f 398/398/398 395/395/395 418/418/418
f 398/398/398 418/418/418 416/416/416
f 417/417/417 416/416/416 420/420/420
f 416/416/416 419/419/419 420/420/420
f 416/416/416 418/418/418 421/421/421
f 416/416/416 421/421/421 419/419/419
f 440/440/440 441/441/441 425/425/425
f 440/440/440 425/425/425 423/423/423
f 441/441/441 442/442/442 427/427/427
f 441/441/441 427/427/427 425/425/425
f 442/442/442 443/443/443 429/429/429
f 442/442/442 429/429/429 427/427/427
f 443/443/443 444/444/444 431/431/431
f 443/443/443 431/431/431 429/429/429
f 430/430/430 432/432/432 444/444/444
f 432/432/432 433/433/433 431/431/431
f 432/432/432 431/431/431 444/444/444
f 445/445/445 446/446/446 436/436/436
f 445/445/445 436/436/436 434/434/434
f 447/447/447 448/448/448 439/439/439
f 447/447/447 439/439/439 433/433/433
f 428/428/428 430/430/430 444/444/444
f 428/428/428 444/444/444 443/443/443
f 426/426/426 428/428/428 443/443/443
f 426/426/426 443/443/443 442/442/442
f 424/424/424 426/426/426 442/442/442
f 424/424/424 442/442/442 441/441/441
f 422/422/422 424/424/424 441/441/441
f 422/422/422 441/441/441 440/440/440
f 445/445/445 434/434/434 437/437/437
f 445/445/445 437/437/437 447/447/447
f 432/432/432 445/445/445 447/447/447
f 432/432/432 447/447/447 433/433/433
f 437/437/437 438/438/438 448/448/448
f 437/437/437 448/448/448 447/447/447
f 432/432/432 435/435/435 446/446/446
f 432/432/432 446/446/446 445/445/445
f 450/450/450 449/449/449 452/452/452
f 450/450/450 452/452/452 454/454/454
f 449/449/449 450/450/450 472/472/472
f 449/449/449 472/472/472 451/451/451
f 454/454/454 452/452/452 453/453/453
f 454/454/454 453/453/453 455/455/455
f 456/456/456 454/454/454 455/455/455
f 456/456/456 455/455/455 458/458/458
f 457/457/457 450/450/450 454/454/454
f 457/457/457 454/454/454 456/456/456
f 458/458/458 455/455/455 461/461/461
f 458/458/458 461/461/461 459/459/459
f 459/459/459 461/461/461 462/462/462
f 459/459/459 462/462/462 460/460/460
f 461/461/461 463/463/463 464/464/464
f 461/461/461 464/464/464 462/462/462
f 455/455/455 453/453/453 463/463/463
f 455/455/455 463/463/463 461/461/461
f 462/462/462 464/464/464 465/465/465
f 462/462/462 465/465/465 466/466/466
f 466/466/466 465/465/465 467/467/467
f 466/466/466 467/467/467 468/468/468
f 470/470/470 466/466/466 468/468/468
f 470/470/470 468/468/468 469/469/469
f 460/460/460 462/462/462 466/466/466
f 460/460/460 466/466/466 470/470/470
f 450/450/450 457/457/457 471/471/471
f 450/450/450 471/471/471 472/472/472
f 472/472/472 471/471/471 474/474/474
f 472/472/472 474/474/474 477/477/477
f 474/474/474 471/471/471 473/473/473
f 474/474/474 473/473/473 476/476/476
f 475/475/475 474/474/474 476/476/476
f 475/475/475 476/476/476 493/493/493
f 477/477/477 474/474/474 475/475/475
f 477/477/477 475/475/475 478/478/478
f 451/451/451 472/472/472 477/477/477
f 451/451/451 477/477/477 479/479/479
f 479/479/479 477/477/477 478/478/478
f 479/479/479 478/478/478 480/480/480
f 451/451/451 479/479/479 481/481/481
f 451/451/451 481/481/481 482/482/482
f 479/479/479 480/480/480 483/483/483
f 479/479/479 483/483/483 481/481/481
f 482/482/482 481/481/481 484/484/484
f 482/482/482 484/484/484 485/485/485
f 481/481/481 483/483/483 486/486/486
f 481/481/481 486/486/486 484/484/484
f 485/485/485 484/484/484 487/487/487
f 485/485/485 487/487/487 488/488/488
f 484/484/484 486/486/486 489/489/489
f 484/484/484 489/489/489 487/487/487
f 488/488/488 487/487/487 490/490/490
f 488/488/488 490/490/490 491/491/491
f 487/487/487 489/489/489 492/492/492
f 487/487/487 492/492/492 490/490/490
f 493/493/493 476/476/476 494/494/494
f 493/493/493 494/494/494 495/495/495
f 476/476/476 473/473/473 496/496/496
f 476/476/476 496/496/496 494/494/494
f 495/495/495 494/494/494 497/497/497
f 495/495/495 497/497/497 498/498/498
f 494/494/494 496/496/496 499/499/499
f 494/494/494 499/499/499 497/497/497
f 518/518/518 519/519/519 503/503/503
f 518/518/518 503/503/503 501/501/501
f 519/519/519 520/520/520 505/505/505
f 519/519/519 505/505/505 503/503/503
f 529/529/529 521/521/521 507/507/507
f 529/529/529 507/507/507 528/528/528
f 532/532/532 522/522/522 509/509/509
f 532/532/532 509/509/509 531/531/531
f 508/508/508 510/510/510 522/522/522
f 510/510/510 511/511/511 509/509/509
f 510/510/510 509/509/509 522/522/522
f 523/523/523 524/524/524 514/514/514
f 523/523/523 514/514/514 512/512/512
f 525/525/525 526/526/526 517/517/517
f 525/525/525 517/517/517 511/511/511
f 530/530/530 508/508/508 522/522/522
f 530/530/530 522/522/522 532/532/532
f 527/527/527 506/506/506 521/521/521
f 527/527/527 521/521/521 529/529/529
f 502/502/502 504/504/504 520/520/520
f 502/502/502 520/520/520 519/519/519
f 500/500/500 502/502/502 519/519/519
f 500/500/500 519/519/519 518/518/518
f 523/523/523 512/512/512 515/515/515
f 523/523/523 515/515/515 525/525/525
f 510/510/510 523/523/523 525/525/525
f 510/510/510 525/525/525 511/511/511
f 515/515/515 516/516/516 526/526/526
f 515/515/515 526/526/526 525/525/525
f 510/510/510 513/513/513 524/524/524
f 510/510/510 524/524/524 523/523/523
f 504/504/504 527/527/527 529/529/529
f 504/504/504 529/529/529 520/520/520
f 520/520/520 529/529/529 528/528/528
f 520/520/520 528/528/528 505/505/505
f 506/506/506 530/530/530 532/532/532
f 506/506/506 532/532/532 521/521/521
f 521/521/521 532/532/532 531/531/531
f 521/521/521 531/531/531 507/507/507
f 538/538/538 536/536/536 533/533/533
f 538/538/538 533/533/533 534/534/534
f 534/534/534 533/533/533 535/535/535
f 534/534/534 535/535/535 540/540/540
f 539/539/539 537/537/537 536/536/536
f 539/539/539 536/536/536 538/538/538
f 1759/1759/1759 1758/1758/1758 541/541/541
f 1759/1759/1759 541/541/541 542/542/542
f 1769/1769/1769 1768/1768/1768 543/543/543
f 1769/1769/1769 543/543/543 544/544/544
f 544/544/544 543/543/543 545/545/545
f 544/544/544 545/545/545 546/546/546
f 546/546/546 545/545/545 547/547/547
f 546/546/546 547/547/547 548/548/548
f 554/554/554 552/552/552 549/549/549
f 554/554/554 549/549/549 550/550/550
f 550/550/550 549/549/549 551/551/551
f 550/550/550 551/551/551 556/556/556
f 555/555/555 553/553/553 552/552/552
f 555/555/555 552/552/552 554/554/554
f 1761/1761/1761 1760/1760/1760 557/557/557
f 1761/1761/1761 557/557/557 558/558/558
f 1766/1766/1766 1767/1767/1767 559/559/559
f 1766/1766/1766 559/559/559 560/560/560
f 560/560/560 559/559/559 561/561/561
f 560/560/560 561/561/561 562/562/562
f 562/562/562 561/561/561 563/563/563
f 562/562/562 563/563/563 564/564/564
f 585/585/585 581/581/581 580/580/580
f 585/585/585 580/580/580 571/571/571
f 581/581/581 582/582/582 573/573/573
f 581/581/581 573/573/573 580/580/580
f 579/579/579 570/570/570 581/581/581
f 579/579/579 581/581/581 585/585/585
f 572/572/572 574/574/574 583/583/583
f 572/572/572 583/583/583 582/582/582
f 582/582/582 583/583/583 575/575/575
f 582/582/582 575/575/575 573/573/573
f 574/574/574 577/577/577 584/584/584
f 574/574/574 584/584/584 583/583/583
f 583/583/583 584/584/584 578/578/578
f 583/583/583 578/578/578 575/575/575
f 584/584/584 577/577/577 567/567/567
f 584/584/584 567/567/567 576/576/576
f 578/578/578 584/584/584 576/576/576
f 578/578/578 576/576/576 568/568/568
f 565/565/565 579/579/579 585/585/585
f 565/565/565 585/585/585 569/569/569
f 569/569/569 585/585/585 571/571/571
f 569/569/569 571/571/571 566/566/566
f 570/570/570 572/572/572 582/582/582
f 570/570/570 582/582/582 581/581/581
f 606/606/606 602/602/602 601/601/601
f 606/606/606 601/601/601 592/592/592
f 602/602/602 603/603/603 594/594/594
f 602/602/602 594/594/594 601/601/601
f 600/600/600 591/591/591 602/602/602
f 600/600/600 602/602/602 606/606/606
f 593/593/593 595/595/595 604/604/604
f 593/593/593 604/604/604 603/603/603
f 603/603/603 604/604/604 596/596/596
f 603/603/603 596/596/596 594/594/594
f 595/595/595 598/598/598 605/605/605
f 595/595/595 605/605/605 604/604/604
f 604/604/604 605/605/605 599/599/599
f 604/604/604 599/599/599 596/596/596
f 605/605/605 598/598/598 588/588/588
f 605/605/605 588/588/588 597/597/597
f 599/599/599 605/605/605 597/597/597
f 599/599/599 597/597/597 589/589/589
f 586/586/586 600/600/600 606/606/606
f 586/586/586 606/606/606 590/590/590
f 590/590/590 606/606/606 592/592/592
f 590/590/590 592/592/592 587/587/587
f 591/591/591 593/593/593 603/603/603
f 591/591/591 603/603/603 602/602/602
f 627/627/627 623/623/623 622/622/622
f 627/627/627 622/622/622 613/613/613
f 623/623/623 624/624/624 615/615/615
f 623/623/623 615/615/615 622/622/622
f 621/621/621 612/612/612 623/623/623
f 621/621/621 623/623/623 627/627/627
f 614/614/614 616/616/616 625/625/625
f 614/614/614 625/625/625 624/624/624
f 624/624/624 625/625/625 617/617/617
f 624/624/624 617/617/617 615/615/615
f 616/616/616 619/619/619 626/626/626
f 616/616/616 626/626/626 625/625/625
f 625/625/625 626/626/626 620/620/620
f 625/625/625 620/620/620 617/617/617
f 626/626/626 619/619/619 609/609/609
f 626/626/626 609/609/609 618/618/618
f 620/620/620 626/626/626 618/618/618
f 620/620/620 618/618/618 610/610/610
f 607/607/607 621/621/621 627/627/627
f 607/607/607 627/627/627 611/611/611
f 611/611/611 627/627/627 613/613/613
f 611/611/611 613/613/613 608/608/608
f 612/612/612 614/614/614 624/624/624
f 612/612/612 624/624/624 623/623/623
f 648/648/648 644/644/644 643/643/643
f 648/648/648 643/643/643 634/634/634
f 644/644/644 645/645/645 636/636/636
f 644/644/644 636/636/636 643/643/643
f 642/642/642 633/633/633 644/644/644
f 642/642/642 644/644/644 648/648/648
f 635/635/635 637/637/637 646/646/646
f 635/635/635 646/646/646 645/645/645
f 645/645/645 646/646/646 638/638/638
f 645/645/645 638/638/638 636/636/636
f 637/637/637 640/640/640 647/647/647
f 637/637/637 647/647/647 646/646/646
f 646/646/646 647/647/647 641/641/641
f 646/646/646 641/641/641 638/638/638
f 647/647/647 640/640/640 630/630/630
f 647/647/647 630/630/630 639/639/639
f 641/641/641 647/647/647 639/639/639
f 641/641/641 639/639/639 631/631/631
f 628/628/628 642/642/642 648/648/648
f 628/628/628 648/648/648 632/632/632
f 632/632/632 648/648/648 634/634/634
f 632/632/632 634/634/634 629/629/629
f 633/633/633 635/635/635 645/645/645
f 633/633/633 645/645/645 644/644/644
f 669/669/669 665/665/665 664/664/664
f 669/669/669 664/664/664 655/655/655
f 665/665/665 666/666/666 657/657/657
f 665/665/665 657/657/657 664/664/664
f 663/663/663 654/654/654 665/665/665
f 663/663/663 665/665/665 669/669/669
f 656/656/656 658/658/658 667/667/667
f 656/656/656 667/667/667 666/666/666
f 666/666/666 667/667/667 659/659/659
f 666/666/666 659/659/659 657/657/657
f 658/658/658 661/661/661 668/668/668
f 658/658/658 668/668/668 667/667/667
f 667/667/667 668/668/668 662/662/662
f 667/667/667 662/662/662 659/659/659
f 668/668/668 661/661/661 651/651/651
f 668/668/668 651/651/651 660/660/660
f 662/662/662 668/668/668 660/660/660
f 662/662/662 660/660/660 652/652/652
f 649/649/649 663/663/663 669/669/669
f 649/649/649 669/669/669 653/653/653
f 653/653/653 669/669/669 655/655/655
f 653/653/653 655/655/655 650/650/650
f 654/654/654 656/656/656 666/666/666
f 654/654/654 666/666/666 665/665/665
f 690/690/690 686/686/686 685/685/685
f 690/690/690 685/685/685 676/676/676
f 686/686/686 687/687/687 678/678/678
f 686/686/686 678/678/678 685/685/685
f 684/684/684 675/675/675 686/686/686
f 684/684/684 686/686/686 690/690/690
f 677/677/677 679/679/679 688/688/688
f 677/677/677 688/688/688 687/687/687
f 687/687/687 688/688/688 680/680/680
f 687/687/687 680/680/680 678/678/678
f 679/679/679 682/682/682 689/689/689
f 679/679/679 689/689/689 688/688/688
f 688/688/688 689/689/689 683/683/683
f 688/688/688 683/683/683 680/680/680
f 689/689/689 682/682/682 672/672/672
f 689/689/689 672/672/672 681/681/681
f 683/683/683 689/689/689 681/681/681
f 683/683/683 681/681/681 673/673/673
f 670/670/670 684/684/684 690/690/690
f 670/670/670 690/690/690 674/674/674
f 674/674/674 690/690/690 676/676/676
f 674/674/674 676/676/676 671/671/671
f 675/675/675 677/677/677 687/687/687
f 675/675/675 687/687/687 686/686/686
f 711/711/711 707/707/707 706/706/706
f 711/711/711 706/706/706 697/697/697
f 707/707/707 708/708/708 699/699/699
f 707/707/707 699/699/699 706/706/706
f 705/705/705 696/696/696 707/707/707
f 705/705/705 707/707/707 711/711/711
f 698/698/698 700/700/700 709/709/709
f 698/698/698 709/709/709 708/708/708
f 708/708/708 709/709/709 701/701/701
f 708/708/708 701/701/701 699/699/699
f 700/700/700 703/703/703 710/710/710
f 700/700/700 710/710/710 709/709/709
f 709/709/709 710/710/710 704/704/704
f 709/709/709 704/704/704 701/701/701
f 710/710/710 703/703/703 693/693/693
f 710/710/710 693/693/693 702/702/702
f 704/704/704 710/710/710 702/702/702
f 704/704/704 702/702/702 694/694/694
f 691/691/691 705/705/705 711/711/711
f 691/691/691 711/711/711 695/695/695
f 695/695/695 711/711/711 697/697/697
f 695/695/695 697/697/697 692/692/692
f 696/696/696 698/698/698 708/708/708
f 696/696/696 708/708/708 707/707/707
f 732/732/732 728/728/728 727/727/727
f 732/732/732 727/727/727 718/718/718
f 728/728/728 729/729/729 720/720/720
f 728/728/728 720/720/720 727/727/727
f 726/726/726 717/717/717 728/728/728
f 726/726/726 728/728/728 732/732/732
f 719/719/719 721/721/721 730/730/730
f 719/719/719 730/730/730 729/729/729
f 729/729/729 730/730/730 722/722/722
f 729/729/729 722/722/722 720/720/720
f 721/721/721 724/724/724 731/731/731
f 721/721/721 731/731/731 730/730/730
f 730/730/730 731/731/731 725/725/725
f 730/730/730 725/725/725 722/722/722
f 731/731/731 724/724/724 714/714/714
f 731/731/731 714/714/714 723/723/723
f 725/725/725 731/731/731 723/723/723
f 725/725/725 723/723/723 715/715/715
f 712/712/712 726/726/726 732/732/732
f 712/712/712 732/732/732 716/716/716
f 716/716/716 732/732/732 718/718/718
f 716/716/716 718/718/718 713/713/713
f 717/717/717 719/719/719 729/729/729
f 717/717/717 729/729/729 728/728/728
f 753/753/753 749/749/749 748/748/748
f 753/753/753 748/748/748 739/739/739
f 749/749/749 750/750/750 741/741/741
f 749/749/749 741/741/741 748/748/748
f 747/747/747 738/738/738 749/749/749
f 747/747/747 749/749/749 753/753/753
f 740/740/740 742/742/742 751/751/751
f 740/740/740 751/751/751 750/750/750
f 750/750/750 751/751/751 743/743/743
f 750/750/750 743/743/743 741/741/741
f 742/742/742 745/745/745 752/752/752
f 742/742/742 752/752/752 751/751/751
f 751/751/751 752/752/752 746/746/746
f 751/751/751 746/746/746 743/743/743
f 752/752/752 745/745/745 735/735/735
f 752/752/752 735/735/735 744/744/744
f 746/746/746 752/752/752 744/744/744
f 746/746/746 744/744/744 736/736/736
f 733/733/733 747/747/747 753/753/753
f 733/733/733 753/753/753 737/737/737
f 737/737/737 753/753/753 739/739/739
f 737/737/737 739/739/739 734/734/734
f 738/738/738 740/740/740 750/750/750
f 738/738/738 750/750/750 749/749/749
f 754/754/754 755/755/755 756/756/756
f 756/756/756 755/755/755 757/757/757
f 757/757/757 755/755/755 758/758/758
f 758/758/758 755/755/755 759/759/759
f 759/759/759 755/755/755 754/754/754
f 777/777/777 761/761/761 763/763/763
f 777/777/777 763/763/763 776/776/776
f 777/777/777 760/760/760 764/764/764
f 765/765/765 764/764/764 766/766/766
f 765/765/765 766/766/766 767/767/767
f 779/779/779 778/778/778 768/768/768
f 779/779/779 768/768/768 769/769/769
f 781/781/781 780/780/780 770/770/770
f 781/781/781 770/770/770 771/771/771
f 767/767/767 766/766/766 772/772/772
f 767/767/767 772/772/772 773/773/773
f 771/771/771 770/770/770 774/774/774
f 771/771/771 774/774/774 775/775/775
f 760/760/760 777/777/777 776/776/776
f 760/760/760 776/776/776 762/762/762
f 761/761/761 777/777/777 764/764/764
f 761/761/761 764/764/764 765/765/765
f 773/773/773 772/772/772 778/778/778
f 773/773/773 778/778/778 779/779/779
f 769/769/769 768/768/768 780/780/780
f 769/769/769 780/780/780 781/781/781
f 799/799/799 783/783/783 785/785/785
f 799/799/799 785/785/785 798/798/798
f 799/799/799 782/782/782 786/786/786
f 787/787/787 786/786/786 788/788/788
f 787/787/787 788/788/788 789/789/789
f 801/801/801 800/800/800 790/790/790
f 801/801/801 790/790/790 791/791/791
f 803/803/803 802/802/802 792/792/792
f 803/803/803 792/792/792 793/793/793
f 789/789/789 788/788/788 794/794/794
f 789/789/789 794/794/794 795/795/795
f 793/793/793 792/792/792 796/796/796
f 793/793/793 796/796/796 797/797/797
f 782/782/782 799/799/799 798/798/798
f 782/782/782 798/798/798 784/784/784
f 783/783/783 799/799/799 786/786/786
f 783/783/783 786/786/786 787/787/787
f 795/795/795 794/794/794 800/800/800
f 795/795/795 800/800/800 801/801/801
f 791/791/791 790/790/790 802/802/802
f 791/791/791 802/802/802 803/803/803
f 821/821/821 805/805/805 807/807/807
f 821/821/821 807/807/807 820/820/820
f 821/821/821 804/804/804 808/808/808
f 809/809/809 808/808/808 810/810/810
f 809/809/809 810/810/810 811/811/811
f 823/823/823 822/822/822 812/812/812
f 823/823/823 812/812/812 813/813/813
f 825/825/825 824/824/824 814/814/814
f 825/825/825 814/814/814 815/815/815
f 811/811/811 810/810/810 816/816/816
f 811/811/811 816/816/816 817/817/817
f 815/815/815 814/814/814 818/818/818
f 815/815/815 818/818/818 819/819/819
f 804/804/804 821/821/821 820/820/820
f 804/804/804 820/820/820 806/806/806
f 805/805/805 821/821/821 808/808/808
f 805/805/805 808/808/808 809/809/809
f 817/817/817 816/816/816 822/822/822
f 817/817/817 822/822/822 823/823/823
f 813/813/813 812/812/812 824/824/824
f 813/813/813 824/824/824 825/825/825
f 843/843/843 827/827/827 829/829/829
f 843/843/843 829/829/829 842/842/842
f 843/843/843 826/826/826 830/830/830
f 831/831/831 830/830/830 832/832/832
f 831/831/831 832/832/832 833/833/833
f 845/845/845 844/844/844 834/834/834
f 845/845/845 834/834/834 835/835/835
f 847/847/847 846/846/846 836/836/836
f 847/847/847 836/836/836 837/837/837
f 833/833/833 832/832/832 838/838/838
f 833/833/833 838/838/838 839/839/839
f 837/837/837 836/836/836 840/840/840
f 837/837/837 840/840/840 841/841/841
f 826/826/826 843/843/843 842/842/842
f 826/826/826 842/842/842 828/828/828
f 827/827/827 843/843/843 830/830/830
f 827/827/827 830/830/830 831/831/831
f 839/839/839 838/838/838 844/844/844
f 839/839/839 844/844/844 845/845/845
f 835/835/835 834/834/834 846/846/846
f 835/835/835 846/846/846 847/847/847
f 865/865/865 849/849/849 851/851/851
f 865/865/865 851/851/851 864/864/864
f 865/865/865 848/848/848 852/852/852
f 853/853/853 852/852/852 854/854/854
f 853/853/853 854/854/854 855/855/855
f 867/867/867 866/866/866 856/856/856
f 867/867/867 856/856/856 857/857/857
f 869/869/869 868/868/868 858/858/858
f 869/869/869 858/858/858 859/859/859
f 855/855/855 854/854/854 860/860/860
f 855/855/855 860/860/860 861/861/861
f 859/859/859 858/858/858 862/862/862
f 859/859/859 862/862/862 863/863/863
f 848/848/848 865/865/865 864/864/864
f 848/848/848 864/864/864 850/850/850
f 849/849/849 865/865/865 852/852/852
f 849/849/849 852/852/852 853/853/853
f 861/861/861 860/860/860 866/866/866
f 861/861/861 866/866/866 867/867/867
f 857/857/857 856/856/856 868/868/868
f 857/857/857 868/868/868 869/869/869
f 887/887/887 871/871/871 873/873/873
f 887/887/887 873/873/873 886/886/886
f 887/887/887 870/870/870 874/874/874
f 875/875/875 874/874/874 876/876/876
f 875/875/875 876/876/876 877/877/877
f 889/889/889 888/888/888 878/878/878
f 889/889/889 878/878/878 879/879/879
f 891/891/891 890/890/890 880/880/880
f 891/891/891 880/880/880 881/881/881
f 877/877/877 876/876/876 882/882/882
f 877/877/877 882/882/882 883/883/883
f 881/881/881 880/880/880 884/884/884
f 881/881/881 884/884/884 885/885/885
f 870/870/870 887/887/887 886/886/886
f 870/870/870 886/886/886 872/872/872
f 871/871/871 887/887/887 874/874/874
f 871/871/871 874/874/874 875/875/875
f 883/883/883 882/882/882 888/888/888
f 883/883/883 888/888/888 889/889/889
f 879/879/879 878/878/878 890/890/890
f 879/879/879 890/890/890 891/891/891
f 909/909/909 893/893/893 895/895/895
f 909/909/909 895/895/895 908/908/908
f 909/909/909 892/892/892 896/896/896
f 897/897/897 896/896/896 898/898/898
f 897/897/897 898/898/898 899/899/899
f 911/911/911 910/910/910 900/900/900
f 911/911/911 900/900/900 901/901/901
f 913/913/913 912/912/912 902/902/902
f 913/913/913 902/902/902 903/903/903
f 899/899/899 898/898/898 904/904/904
f 899/899/899 904/904/904 905/905/905
f 903/903/903 902/902/902 906/906/906
f 903/903/903 906/906/906 907/907/907
f 892/892/892 909/909/909 908/908/908
f 892/892/892 908/908/908 894/894/894
f 893/893/893 909/909/909 896/896/896
f 893/893/893 896/896/896 897/897/897
f 905/905/905 904/904/904 910/910/910
f 905/905/905 910/910/910 911/911/911
f 901/901/901 900/900/900 912/912/912
f 901/901/901 912/912/912 913/913/913
f 931/931/931 915/915/915 917/917/917
f 931/931/931 917/917/917 930/930/930
f 931/931/931 914/914/914 918/918/918
f 919/919/919 918/918/918 920/920/920
f 919/919/919 920/920/920 921/921/921
f 933/933/933 932/932/932 922/922/922
f 933/933/933 922/922/922 923/923/923
f 935/935/935 934/934/934 924/924/924
f 935/935/935 924/924/924 925/925/925
f 921/921/921 920/920/920 926/926/926
f 921/921/921 926/926/926 927/927/927
f 925/925/925 924/924/924 928/928/928
f 925/925/925 928/928/928 929/929/929
f 914/914/914 931/931/931 930/930/930
f 914/914/914 930/930/930 916/916/916
f 915/915/915 931/931/931 918/918/918
f 915/915/915 918/918/918 919/919/919
f 927/927/927 926/926/926 932/932/932
f 927/927/927 932/932/932 933/933/933
f 923/923/923 922/922/922 934/934/934
f 923/923/923 934/934/934 935/935/935
f 953/953/953 937/937/937 939/939/939
f 953/953/953 939/939/939 952/952/952
f 953/953/953 936/936/936 940/940/940
f 941/941/941 940/940/940 942/942/942
f 941/941/941 942/942/942 943/943/943
f 955/955/955 954/954/954 944/944/944
f 955/955/955 944/944/944 945/945/945
f 957/957/957 956/956/956 946/946/946
f 957/957/957 946/946/946 947/947/947
f 943/943/943 942/942/942 948/948/948
f 943/943/943 948/948/948 949/949/949
f 947/947/947 946/946/946 950/950/950
f 947/947/947 950/950/950 951/951/951
f 936/936/936 953/953/953 952/952/952
f 936/936/936 952/952/952 938/938/938
f 937/937/937 953/953/953 940/940/940
f 937/937/937 940/940/940 941/941/941
f 949/949/949 948/948/948 954/954/954
f 949/949/949 954/954/954 955/955/955
f 945/945/945 944/944/944 956/956/956
f 945/945/945 956/956/956 957/957/957
f 975/975/975 959/959/959 961/961/961
f 975/975/975 961/961/961 974/974/974
f 975/975/975 958/958/958 962/962/962
f 963/963/963 962/962/962 964/964/964
f 963/963/963 964/964/964 965/965/965
f 977/977/977 976/976/976 966/966/966
f 977/977/977 966/966/966 967/967/967
f 979/979/979 978/978/978 968/968/968
f 979/979/979 968/968/968 969/969/969
f 965/965/965 964/964/964 970/970/970
f 965/965/965 970/970/970 971/971/971
f 969/969/969 968/968/968 972/972/972
f 969/969/969 972/972/972 973/973/973
f 958/958/958 975/975/975 974/974/974
f 958/958/958 974/974/974 960/960/960
f 959/959/959 975/975/975 962/962/962
f 959/959/959 962/962/962 963/963/963
f 971/971/971 970/970/970 976/976/976
f 971/971/971 976/976/976 977/977/977
f 967/967/967 966/966/966 978/978/978
f 967/967/967 978/978/978 979/979/979
f 997/997/997 981/981/981 983/983/983
f 997/997/997 983/983/983 996/996/996
f 997/997/997 980/980/980 984/984/984
f 985/985/985 984/984/984 986/986/986
f 985/985/985 986/986/986 987/987/987
f 999/999/999 998/998/998 988/988/988
f 999/999/999 988/988/988 989/989/989
f 1001/1001/1001 1000/1000/1000 990/990/990
f 1001/1001/1001 990/990/990 991/991/991
f 987/987/987 986/986/986 992/992/992
f 987/987/987 992/992/992 993/993/993
f 991/991/991 990/990/990 994/994/994
f 991/991/991 994/994/994 995/995/995
f 980/980/980 997/997/997 996/996/996
f 980/980/980 996/996/996 982/982/982
f 981/981/981 997/997/997 984/984/984
f 981/981/981 984/984/984 985/985/985
f 993/993/993 992/992/992 998/998/998
f 993/993/993 998/998/998 999/999/999
f 989/989/989 988/988/988 1000/1000/1000
f 989/989/989 1000/1000/1000 1001/1001/1001
f 1019/1019/1019 1003/1003/1003 1005/1005/1005
f 1019/1019/1019 1005/1005/1005 1018/1018/1018
f 1019/1019/1019 1002/1002/1002 1006/1006/1006
f 1007/1007/1007 1006/1006/1006 1008/1008/1008
f 1007/1007/1007 1008/1008/1008 1009/1009/1009
f 1021/1021/1021 1020/1020/1020 1010/1010/1010
f 1021/1021/1021 1010/1010/1010 1011/1011/1011
f 1023/1023/1023 1022/1022/1022 1012/1012/1012
f 1023/1023/1023 1012/1012/1012 1013/1013/1013
f 1009/1009/1009 1008/1008/1008 1014/1014/1014
f 1009/1009/1009 1014/1014/1014 1015/1015/1015
f 1013/1013/1013 1012/1012/1012 1016/1016/1016
f 1013/1013/1013 1016/1016/1016 1017/1017/1017
f 1002/1002/1002 1019/1019/1019 1018/1018/1018
f 1002/1002/1002 1018/1018/1018 1004/1004/1004
f 1003/1003/1003 1019/1019/1019 1006/1006/1006
f 1003/1003/1003 1006/1006/1006 1007/1007/1007
f 1015/1015/1015 1014/1014/1014 1020/1020/1020
f 1015/1015/1015 1020/1020/1020 1021/1021/1021
f 1011/1011/1011 1010/1010/1010 1022/1022/1022
f 1011/1011/1011 1022/1022/1022 1023/1023/1023
f 1041/1041/1041 1025/1025/1025 1027/1027/1027
f 1041/1041/1041 1027/1027/1027 1040/1040/1040
f 1041/1041/1041 1024/1024/1024 1028/1028/1028
f 1029/1029/1029 1028/1028/1028 1030/1030/1030
f 1029/1029/1029 1030/1030/1030 1031/1031/1031
f 1043/1043/1043 1042/1042/1042 1032/1032/1032
f 1043/1043/1043 1032/1032/1032 1033/1033/1033
f 1045/1045/1045 1044/1044/1044 1034/1034/1034
f 1045/1045/1045 1034/1034/1034 1035/1035/1035
f 1031/1031/1031 1030/1030/1030 1036/1036/1036
f 1031/1031/1031 1036/1036/1036 1037/1037/1037
f 1035/1035/1035 1034/1034/1034 1038/1038/1038
f 1035/1035/1035 1038/1038/1038 1039/1039/1039
f 1024/1024/1024 1041/1041/1041 1040/1040/1040
f 1024/1024/1024 1040/1040/1040 1026/1026/1026
f 1025/1025/1025 1041/1041/1041 1028/1028/1028
f 1025/1025/1025 1028/1028/1028 1029/1029/1029
f 1037/1037/1037 1036/1036/1036 1042/1042/1042
f 1037/1037/1037 1042/1042/1042 1043/1043/1043
f 1033/1033/1033 1032/1032/1032 1044/1044/1044
f 1033/1033/1033 1044/1044/1044 1045/1045/1045
f 1063/1063/1063 1047/1047/1047 1049/1049/1049
f 1063/1063/1063 1049/1049/1049 1062/1062/1062
f 1063/1063/1063 1046/1046/1046 1050/1050/1050
f 1051/1051/1051 1050/1050/1050 1052/1052/1052
f 1051/1051/1051 1052/1052/1052 1053/1053/1053
f 1065/1065/1065 1064/1064/1064 1054/1054/1054
f 1065/1065/1065 1054/1054/1054 1055/1055/1055
f 1067/1067/1067 1066/1066/1066 1056/1056/1056
f 1067/1067/1067 1056/1056/1056 1057/1057/1057
f 1053/1053/1053 1052/1052/1052 1058/1058/1058
f 1053/1053/1053 1058/1058/1058 1059/1059/1059
f 1057/1057/1057 1056/1056/1056 1060/1060/1060
f 1057/1057/1057 1060/1060/1060 1061/1061/1061
f 1046/1046/1046 1063/1063/1063 1062/1062/1062
f 1046/1046/1046 1062/1062/1062 1048/1048/1048
f 1047/1047/1047 1063/1063/1063 1050/1050/1050
f 1047/1047/1047 1050/1050/1050 1051/1051/1051
f 1059/1059/1059 1058/1058/1058 1064/1064/1064
f 1059/1059/1059 1064/1064/1064 1065/1065/1065
f 1055/1055/1055 1054/1054/1054 1066/1066/1066
f 1055/1055/1055 1066/1066/1066 1067/1067/1067
f 1085/1085/1085 1069/1069/1069 1071/1071/1071
f 1085/1085/1085 1071/1071/1071 1084/1084/1084
f 1085/1085/1085 1068/1068/1068 1072/1072/1072
f 1073/1073/1073 1072/1072/1072 1074/1074/1074
f 1073/1073/1073 1074/1074/1074 1075/1075/1075
f 1087/1087/1087 1086/1086/1086 1076/1076/1076
f 1087/1087/1087 1076/1076/1076 1077/1077/1077
f 1089/1089/1089 1088/1088/1088 1078/1078/1078
f 1089/1089/1089 1078/1078/1078 1079/1079/1079
f 1075/1075/1075 1074/1074/1074 1080/1080/1080
f 1075/1075/1075 1080/1080/1080 1081/1081/1081
f 1079/1079/1079 1078/1078/1078 1082/1082/1082
f 1079/1079/1079 1082/1082/1082 1083/1083/1083
f 1068/1068/1068 1085/1085/1085 1084/1084/1084
f 1068/1068/1068 1084/1084/1084 1070/1070/1070
f 1069/1069/1069 1085/1085/1085 1072/1072/1072
f 1069/1069/1069 1072/1072/1072 1073/1073/1073
f 1081/1081/1081 1080/1080/1080 1086/1086/1086
f 1081/1081/1081 1086/1086/1086 1087/1087/1087
f 1077/1077/1077 1076/1076/1076 1088/1088/1088
f 1077/1077/1077 1088/1088/1088 1089/1089/1089
f 1107/1107/1107 1091/1091/1091 1093/1093/1093
f 1107/1107/1107 1093/1093/1093 1106/1106/1106
f 1107/1107/1107 1090/1090/1090 1094/1094/1094
f 1095/1095/1095 1094/1094/1094 1096/1096/1096
f 1095/1095/1095 1096/1096/1096 1097/1097/1097
f 1109/1109/1109 1108/1108/1108 1098/1098/1098
f 1109/1109/1109 1098/1098/1098 1099/1099/1099
f 1111/1111/1111 1110/1110/1110 1100/1100/1100
f 1111/1111/1111 1100/1100/1100 1101/1101/1101
f 1097/1097/1097 1096/1096/1096 1102/1102/1102
f 1097/1097/1097 1102/1102/1102 1103/1103/1103
f 1101/1101/1101 1100/1100/1100 1104/1104/1104
f 1101/1101/1101 1104/1104/1104 1105/1105/1105
f 1090/1090/1090 1107/1107/1107 1106/1106/1106
f 1090/1090/1090 1106/1106/1106 1092/1092/1092
f 1091/1091/1091 1107/1107/1107 1094/1094/1094
f 1091/1091/1091 1094/1094/1094 1095/1095/1095
f 1103/1103/1103 1102/1102/1102 1108/1108/1108
f 1103/1103/1103 1108/1108/1108 1109/1109/1109
f 1099/1099/1099 1098/1098/1098 1110/1110/1110
f 1099/1099/1099 1110/1110/1110 1111/1111/1111
f 1129/1129/1129 1113/1113/1113 1115/1115/1115
f 1129/1129/1129 1115/1115/1115 1128/1128/1128
f 1129/1129/1129 1112/1112/1112 1116/1116/1116
f 1117/1117/1117 1116/1116/1116 1118/1118/1118
f 1117/1117/1117 1118/1118/1118 1119/1119/1119
f 1131/1131/1131 1130/1130/1130 1120/1120/1120
f 1131/1131/1131 1120/1120/1120 1121/1121/1121
f 1133/1133/1133 1132/1132/1132 1122/1122/1122
f 1133/1133/1133 1122/1122/1122 1123/1123/1123
f 1119/1119/1119 1118/1118/1118 1124/1124/1124
f 1119/1119/1119 1124/1124/1124 1125/1125/1125
f 1123/1123/1123 1122/1122/1122 1126/1126/1126
f 1123/1123/1123 1126/1126/1126 1127/1127/1127
f 1112/1112/1112 1129/1129/1129 1128/1128/1128
f 1112/1112/1112 1128/1128/1128 1114/1114/1114
f 1113/1113/1113 1129/1129/1129 1116/1116/1116
f 1113/1113/1113 1116/1116/1116 1117/1117/1117
f 1125/1125/1125 1124/1124/1124 1130/1130/1130
f 1125/1125/1125 1130/1130/1130 1131/1131/1131
f 1121/1121/1121 1120/1120/1120 1132/1132/1132
f 1121/1121/1121 1132/1132/1132 1133/1133/1133
f 1151/1151/1151 1135/1135/1135 1137/1137/1137
f 1151/1151/1151 1137/1137/1137 1150/1150/1150
f 1151/1151/1151 1134/1134/1134 1138/1138/1138
f 1139/1139/1139 1138/1138/1138 1140/1140/1140
f 1139/1139/1139 1140/1140/1140 1141/1141/1141
f 1153/1153/1153 1152/1152/1152 1142/1142/1142
f 1153/1153/1153 1142/1142/1142 1143/1143/1143
f 1155/1155/1155 1154/1154/1154 1144/1144/1144
f 1155/1155/1155 1144/1144/1144 1145/1145/1145
f 1141/1141/1141 1140/1140/1140 1146/1146/1146
f 1141/1141/1141 1146/1146/1146 1147/1147/1147
f 1145/1145/1145 1144/1144/1144 1148/1148/1148
f 1145/1145/1145 1148/1148/1148 1149/1149/1149
f 1134/1134/1134 1151/1151/1151 1150/1150/1150
f 1134/1134/1134 1150/1150/1150 1136/1136/1136
f 1135/1135/1135 1151/1151/1151 1138/1138/1138
f 1135/1135/1135 1138/1138/1138 1139/1139/1139
f 1147/1147/1147 1146/1146/1146 1152/1152/1152
f 1147/1147/1147 1152/1152/1152 1153/1153/1153
f 1143/1143/1143 1142/1142/1142 1154/1154/1154
f 1143/1143/1143 1154/1154/1154 1155/1155/1155
f 1173/1173/1173 1157/1157/1157 1159/1159/1159
f 1173/1173/1173 1159/1159/1159 1172/1172/1172
f 1173/1173/1173 1156/1156/1156 1160/1160/1160
f 1161/1161/1161 1160/1160/1160 1162/1162/1162
f 1161/1161/1161 1162/1162/1162 1163/1163/1163
f 1175/1175/1175 1174/1174/1174 1164/1164/1164
f 1175/1175/1175 1164/1164/1164 1165/1165/1165
f 1177/1177/1177 1176/1176/1176 1166/1166/1166
f 1177/1177/1177 1166/1166/1166 1167/1167/1167
f 1163/1163/1163 1162/1162/1162 1168/1168/1168
f 1163/1163/1163 1168/1168/1168 1169/1169/1169
f 1167/1167/1167 1166/1166/1166 1170/1170/1170
f 1167/1167/1167 1170/1170/1170 1171/1171/1171
f 1156/1156/1156 1173/1173/1173 1172/1172/1172
f 1156/1156/1156 1172/1172/1172 1158/1158/1158
f 1157/1157/1157 1173/1173/1173 1160/1160/1160
f 1157/1157/1157 1160/1160/1160 1161/1161/1161
f 1169/1169/1169 1168/1168/1168 1174/1174/1174
f 1169/1169/1169 1174/1174/1174 1175/1175/1175
f 1165/1165/1165 1164/1164/1164 1176/1176/1176
f 1165/1165/1165 1176/1176/1176 1177/1177/1177
f 1195/1195/1195 1179/1179/1179 1181/1181/1181
f 1195/1195/1195 1181/1181/1181 1194/1194/1194
f 1195/1195/1195 1178/1178/1178 1182/1182/1182
f 1183/1183/1183 1182/1182/1182 1184/1184/1184
f 1183/1183/1183 1184/1184/1184 1185/1185/1185
f 1197/1197/1197 1196/1196/1196 1186/1186/1186
f 1197/1197/1197 1186/1186/1186 1187/1187/1187
f 1199/1199/1199 1198/1198/1198 1188/1188/1188
f 1199/1199/1199 1188/1188/1188 1189/1189/1189
f 1185/1185/1185 1184/1184/1184 1190/1190/1190
f 1185/1185/1185 1190/1190/1190 1191/1191/1191
f 1189/1189/1189 1188/1188/1188 1192/1192/1192
f 1189/1189/1189 1192/1192/1192 1193/1193/1193
f 1178/1178/1178 1195/1195/1195 1194/1194/1194
f 1178/1178/1178 1194/1194/1194 1180/1180/1180
f 1179/1179/1179 1195/1195/1195 1182/1182/1182
f 1179/1179/1179 1182/1182/1182 1183/1183/1183
f 1191/1191/1191 1190/1190/1190 1196/1196/1196
f 1191/1191/1191 1196/1196/1196 1197/1197/1197
f 1187/1187/1187 1186/1186/1186 1198/1198/1198
f 1187/1187/1187 1198/1198/1198 1199/1199/1199
f 1217/1217/1217 1201/1201/1201 1203/1203/1203
f 1217/1217/1217 1203/1203/1203 1216/1216/1216
f 1217/1217/1217 1200/1200/1200 1204/1204/1204
f 1205/1205/1205 1204/1204/1204 1206/1206/1206
f 1205/1205/1205 1206/1206/1206 1207/1207/1207
f 1219/1219/1219 1218/1218/1218 1208/1208/1208
f 1219/1219/1219 1208/1208/1208 1209/1209/1209
f 1221/1221/1221 1220/1220/1220 1210/1210/1210
f 1221/1221/1221 1210/1210/1210 1211/1211/1211
f 1207/1207/1207 1206/1206/1206 1212/1212/1212
f 1207/1207/1207 1212/1212/1212 1213/1213/1213
f 1211/1211/1211 1210/1210/1210 1214/1214/1214
f 1211/1211/1211 1214/1214/1214 1215/1215/1215
f 1200/1200/1200 1217/1217/1217 1216/1216/1216
f 1200/1200/1200 1216/1216/1216 1202/1202/1202
f 1201/1201/1201 1217/1217/1217 1204/1204/1204
f 1201/1201/1201 1204/1204/1204 1205/1205/1205
f 1213/1213/1213 1212/1212/1212 1218/1218/1218
f 1213/1213/1213 1218/1218/1218 1219/1219/1219
f 1209/1209/1209 1208/1208/1208 1220/1220/1220
f 1209/1209/1209 1220/1220/1220 1221/1221/1221
f 1239/1239/1239 1223/1223/1223 1225/1225/1225
f 1239/1239/1239 1225/1225/1225 1238/1238/1238
f 1239/1239/1239 1222/1222/1222 1226/1226/1226
f 1227/1227/1227 1226/1226/1226 1228/1228/1228
f 1227/1227/1227 1228/1228/1228 1229/1229/1229
f 1241/1241/1241 1240/1240/1240 1230/1230/1230
f 1241/1241/1241 1230/1230/1230 1231/1231/1231
f 1243/1243/1243 1242/1242/1242 1232/1232/1232
f 1243/1243/1243 1232/1232/1232 1233/1233/1233
f 1229/1229/1229 1228/1228/1228 1234/1234/1234
f 1229/1229/1229 1234/1234/1234 1235/1235/1235
f 1233/1233/1233 1232/1232/1232 1236/1236/1236
f 1233/1233/1233 1236/1236/1236 1237/1237/1237
f 1222/1222/1222 1239/1239/1239 1238/1238/1238
f 1222/1222/1222 1238/1238/1238 1224/1224/1224
f 1223/1223/1223 1239/1239/1239 1226/1226/1226
f 1223/1223/1223 1226/1226/1226 1227/1227/1227
f 1235/1235/1235 1234/1234/1234 1240/1240/1240
f 1235/1235/1235 1240/1240/1240 1241/1241/1241
f 1231/1231/1231 1230/1230/1230 1242/1242/1242
f 1231/1231/1231 1242/1242/1242 1243/1243/1243
f 1261/1261/1261 1245/1245/1245 1247/1247/1247
f 1261/1261/1261 1247/1247/1247 1260/1260/1260
f 1261/1261/1261 1244/1244/1244 1248/1248/1248
f 1249/1249/1249 1248/1248/1248 1250/1250/1250
f 1249/1249/1249 1250/1250/1250 1251/1251/1251
f 1263/1263/1263 1262/1262/1262 1252/1252/1252
f 1263/1263/1263 1252/1252/1252 1253/1253/1253
f 1265/1265/1265 1264/1264/1264 1254/1254/1254
f 1265/1265/1265 1254/1254/1254 1255/1255/1255
f 1251/1251/1251 1250/1250/1250 1256/1256/1256
f 1251/1251/1251 1256/1256/1256 1257/1257/1257
f 1255/1255/1255 1254/1254/1254 1258/1258/1258
f 1255/1255/1255 1258/1258/1258 1259/1259/1259
f 1244/1244/1244 1261/1261/1261 1260/1260/1260
f 1244/1244/1244 1260/1260/1260 1246/1246/1246
f 1245/1245/1245 1261/1261/1261 1248/1248/1248
f 1245/1245/1245 1248/1248/1248 1249/1249/1249
f 1257/1257/1257 1256/1256/1256 1262/1262/1262
f 1257/1257/1257 1262/1262/1262 1263/1263/1263
f 1253/1253/1253 1252/1252/1252 1264/1264/1264
f 1253/1253/1253 1264/1264/1264 1265/1265/1265
f 1283/1283/1283 1267/1267/1267 1269/1269/1269
f 1283/1283/1283 1269/1269/1269 1282/1282/1282
f 1283/1283/1283 1266/1266/1266 1270/1270/1270
f 1271/1271/1271 1270/1270/1270 1272/1272/1272
f 1271/1271/1271 1272/1272/1272 1273/1273/1273
f 1285/1285/1285 1284/1284/1284 1274/1274/1274
f 1285/1285/1285 1274/1274/1274 1275/1275/1275
f 1287/1287/1287 1286/1286/1286 1276/1276/1276
f 1287/1287/1287 1276/1276/1276 1277/1277/1277
f 1273/1273/1273 1272/1272/1272 1278/1278/1278
f 1273/1273/1273 1278/1278/1278 1279/1279/1279
f 1277/1277/1277 1276/1276/1276 1280/1280/1280
f 1277/1277/1277 1280/1280/1280 1281/1281/1281
f 1266/1266/1266 1283/1283/1283 1282/1282/1282
f 1266/1266/1266 1282/1282/1282 1268/1268/1268
f 1267/1267/1267 1283/1283/1283 1270/1270/1270
f 1267/1267/1267 1270/1270/1270 1271/1271/1271
f 1279/1279/1279 1278/1278/1278 1284/1284/1284
f 1279/1279/1279 1284/1284/1284 1285/1285/1285
f 1275/1275/1275 1274/1274/1274 1286/1286/1286
f 1275/1275/1275 1286/1286/1286 1287/1287/1287
f 1305/1305/1305 1289/1289/1289 1291/1291/1291
f 1305/1305/1305 1291/1291/1291 1304/1304/1304
f 1305/1305/1305 1288/1288/1288 1292/1292/1292
f 1293/1293/1293 1292/1292/1292 1294/1294/1294
f 1293/1293/1293 1294/1294/1294 1295/1295/1295
f 1307/1307/1307 1306/1306/1306 1296/1296/1296
f 1307/1307/1307 1296/1296/1296 1297/1297/1297
f 1309/1309/1309 1308/1308/1308 1298/1298/1298
f 1309/1309/1309 1298/1298/1298 1299/1299/1299
f 1295/1295/1295 1294/1294/1294 1300/1300/1300
f 1295/1295/1295 1300/1300/1300 1301/1301/1301
f 1299/1299/1299 1298/1298/1298 1302/1302/1302
f 1299/1299/1299 1302/1302/1302 1303/1303/1303
f 1288/1288/1288 1305/1305/1305 1304/1304/1304
f 1288/1288/1288 1304/1304/1304 1290/1290/1290
f 1289/1289/1289 1305/1305/1305 1292/1292/1292
f 1289/1289/1289 1292/1292/1292 1293/1293/1293
f 1301/1301/1301 1300/1300/1300 1306/1306/1306
f 1301/1301/1301 1306/1306/1306 1307/1307/1307
f 1297/1297/1297 1296/1296/1296 1308/1308/1308
f 1297/1297/1297 1308/1308/1308 1309/1309/1309
f 1327/1327/1327 1311/1311/1311 1313/1313/1313
f 1327/1327/1327 1313/1313/1313 1326/1326/1326
f 1327/1327/1327 1310/1310/1310 1314/1314/1314
f 1315/1315/1315 1314/1314/1314 1316/1316/1316
f 1315/1315/1315 1316/1316/1316 1317/1317/1317
f 1329/1329/1329 1328/1328/1328 1318/1318/1318
f 1329/1329/1329 1318/1318/1318 1319/1319/1319
f 1331/1331/1331 1330/1330/1330 1320/1320/1320
f 1331/1331/1331 1320/1320/1320 1321/1321/1321
f 1317/1317/1317 1316/1316/1316 1322/1322/1322
f 1317/1317/1317 1322/1322/1322 1323/1323/1323
f 1321/1321/1321 1320/1320/1320 1324/1324/1324
f 1321/1321/1321 1324/1324/1324 1325/1325/1325
f 1310/1310/1310 1327/1327/1327 1326/1326/1326
f 1310/1310/1310 1326/1326/1326 1312/1312/1312
f 1311/1311/1311 1327/1327/1327 1314/1314/1314
f 1311/1311/1311 1314/1314/1314 1315/1315/1315
f 1323/1323/1323 1322/1322/1322 1328/1328/1328
f 1323/1323/1323 1328/1328/1328 1329/1329/1329
f 1319/1319/1319 1318/1318/1318 1330/1330/1330
f 1319/1319/1319 1330/1330/1330 1331/1331/1331
f 1349/1349/1349 1333/1333/1333 1335/1335/1335
f 1349/1349/1349 1335/1335/1335 1348/1348/1348
f 1349/1349/1349 1332/1332/1332 1336/1336/1336
f 1337/1337/1337 1336/1336/1336 1338/1338/1338
f 1337/1337/1337 1338/1338/1338 1339/1339/1339
f 1351/1351/1351 1350/1350/1350 1340/1340/1340
f 1351/1351/1351 1340/1340/1340 1341/1341/1341
f 1353/1353/1353 1352/1352/1352 1342/1342/1342
f 1353/1353/1353 1342/1342/1342 1343/1343/1343
f 1339/1339/1339 1338/1338/1338 1344/1344/1344
f 1339/1339/1339 1344/1344/1344 1345/1345/1345
f 1343/1343/1343 1342/1342/1342 1346/1346/1346
f 1343/1343/1343 1346/1346/1346 1347/1347/1347
f 1332/1332/1332 1349/1349/1349 1348/1348/1348
f 1332/1332/1332 1348/1348/1348 1334/1334/1334
f 1333/1333/1333 1349/1349/1349 1336/1336/1336
f 1333/1333/1333 1336/1336/1336 1337/1337/1337
f 1345/1345/1345 1344/1344/1344 1350/1350/1350
f 1345/1345/1345 1350/1350/1350 1351/1351/1351
f 1341/1341/1341 1340/1340/1340 1352/1352/1352
f 1341/1341/1341 1352/1352/1352 1353/1353/1353
f 1371/1371/1371 1355/1355/1355 1357/1357/1357
f 1371/1371/1371 1357/1357/1357 1370/1370/1370
f 1371/1371/1371 1354/1354/1354 1358/1358/1358
f 1359/1359/1359 1358/1358/1358 1360/1360/1360
f 1359/1359/1359 1360/1360/1360 1361/1361/1361
f 1373/1373/1373 1372/1372/1372 1362/1362/1362
f 1373/1373/1373 1362/1362/1362 1363/1363/1363
f 1375/1375/1375 1374/1374/1374 1364/1364/1364
f 1375/1375/1375 1364/1364/1364 1365/1365/1365
f 1361/1361/1361 1360/1360/1360 1366/1366/1366
f 1361/1361/1361 1366/1366/1366 1367/1367/1367
f 1365/1365/1365 1364/1364/1364 1368/1368/1368
f 1365/1365/1365 1368/1368/1368 1369/1369/1369
f 1354/1354/1354 1371/1371/1371 1370/1370/1370
f 1354/1354/1354 1370/1370/1370 1356/1356/1356
f 1355/1355/1355 1371/1371/1371 1358/1358/1358
f 1355/1355/1355 1358/1358/1358 1359/1359/1359
f 1367/1367/1367 1366/1366/1366 1372/1372/1372
f 1367/1367/1367 1372/1372/1372 1373/1373/1373
f 1363/1363/1363 1362/1362/1362 1374/1374/1374
f 1363/1363/1363 1374/1374/1374 1375/1375/1375
f 1393/1393/1393 1377/1377/1377 1379/1379/1379
f 1393/1393/1393 1379/1379/1379 1392/1392/1392
f 1393/1393/1393 1376/1376/1376 1380/1380/1380
f 1381/1381/1381 1380/1380/1380 1382/1382/1382
f 1381/1381/1381 1382/1382/1382 1383/1383/1383
f 1395/1395/1395 1394/1394/1394 1384/1384/1384
f 1395/1395/1395 1384/1384/1384 1385/1385/1385
f 1397/1397/1397 1396/1396/1396 1386/1386/1386
f 1397/1397/1397 1386/1386/1386 1387/1387/1387
f 1383/1383/1383 1382/1382/1382 1388/1388/1388
f 1383/1383/1383 1388/1388/1388 1389/1389/1389
f 1387/1387/1387 1386/1386/1386 1390/1390/1390
f 1387/1387/1387 1390/1390/1390 1391/1391/1391
f 1376/1376/1376 1393/1393/1393 1392/1392/1392
f 1376/1376/1376 1392/1392/1392 1378/1378/1378
f 1377/1377/1377 1393/1393/1393 1380/1380/1380
f 1377/1377/1377 1380/1380/1380 1381/1381/1381
f 1389/1389/1389 1388/1388/1388 1394/1394/1394
f 1389/1389/1389 1394/1394/1394 1395/1395/1395
f 1385/1385/1385 1384/1384/1384 1396/1396/1396
f 1385/1385/1385 1396/1396/1396 1397/1397/1397
f 1415/1415/1415 1399/1399/1399 1401/1401/1401
f 1415/1415/1415 1401/1401/1401 1414/1414/1414
f 1415/1415/1415 1398/1398/1398 1402/1402/1402
f 1403/1403/1403 1402/1402/1402 1404/1404/1404
f 1403/1403/1403 1404/1404/1404 1405/1405/1405
f 1417/1417/1417 1416/1416/1416 1406/1406/1406
f 1417/1417/1417 1406/1406/1406 1407/1407/1407
f 1419/1419/1419 1418/1418/1418 1408/1408/1408
f 1419/1419/1419 1408/1408/1408 1409/1409/1409
f 1405/1405/1405 1404/1404/1404 1410/1410/1410
f 1405/1405/1405 1410/1410/1410 1411/1411/1411
f 1409/1409/1409 1408/1408/1408 1412/1412/1412
f 1409/1409/1409 1412/1412/1412 1413/1413/1413
f 1398/1398/1398 1415/1415/1415 1414/1414/1414
f 1398/1398/1398 1414/1414/1414 1400/1400/1400
f 1399/1399/1399 1415/1415/1415 1402/1402/1402
f 1399/1399/1399 1402/1402/1402 1403/1403/1403
f 1411/1411/1411 1410/1410/1410 1416/1416/1416
f 1411/1411/1411 1416/1416/1416 1417/1417/1417
f 1407/1407/1407 1406/1406/1406 1418/1418/1418
f 1407/1407/1407 1418/1418/1418 1419/1419/1419
f 1437/1437/1437 1421/1421/1421 1423/1423/1423
f 1437/1437/1437 1423/1423/1423 1436/1436/1436
f 1437/1437/1437 1420/1420/1420 1424/1424/1424
f 1425/1425/1425 1424/1424/1424 1426/1426/1426
f 1425/1425/1425 1426/1426/1426 1427/1427/1427
f 1439/1439/1439 1438/1438/1438 1428/1428/1428
f 1439/1439/1439 1428/1428/1428 1429/1429/1429
f 1441/1441/1441 1440/1440/1440 1430/1430/1430
f 1441/1441/1441 1430/1430/1430 1431/1431/1431
f 1427/1427/1427 1426/1426/1426 1432/1432/1432
f 1427/1427/1427 1432/1432/1432 1433/1433/1433
f 1431/1431/1431 1430/1430/1430 1434/1434/1434
f 1431/1431/1431 1434/1434/1434 1435/1435/1435
f 1420/1420/1420 1437/1437/1437 1436/1436/1436
f 1420/1420/1420 1436/1436/1436 1422/1422/1422
f 1421/1421/1421 1437/1437/1437 1424/1424/1424
f 1421/1421/1421 1424/1424/1424 1425/1425/1425
f 1433/1433/1433 1432/1432/1432 1438/1438/1438
f 1433/1433/1433 1438/1438/1438 1439/1439/1439
f 1429/1429/1429 1428/1428/1428 1440/1440/1440
f 1429/1429/1429 1440/1440/1440 1441/1441/1441
f 1459/1459/1459 1443/1443/1443 1445/1445/1445
f 1459/1459/1459 1445/1445/1445 1458/1458/1458
f 1459/1459/1459 1442/1442/1442 1446/1446/1446
f 1447/1447/1447 1446/1446/1446 1448/1448/1448
f 1447/1447/1447 1448/1448/1448 1449/1449/1449
f 1461/1461/1461 1460/1460/1460 1450/1450/1450
f 1461/1461/1461 1450/1450/1450 1451/1451/1451
f 1463/1463/1463 1462/1462/1462 1452/1452/1452
f 1463/1463/1463 1452/1452/1452 1453/1453/1453
f 1449/1449/1449 1448/1448/1448 1454/1454/1454
f 1449/1449/1449 1454/1454/1454 1455/1455/1455
f 1453/1453/1453 1452/1452/1452 1456/1456/1456
f 1453/1453/1453 1456/1456/1456 1457/1457/1457
f 1442/1442/1442 1459/1459/1459 1458/1458/1458
f 1442/1442/1442 1458/1458/1458 1444/1444/1444
f 1443/1443/1443 1459/1459/1459 1446/1446/1446
f 1443/1443/1443 1446/1446/1446 1447/1447/1447
f 1455/1455/1455 1454/1454/1454 1460/1460/1460
f 1455/1455/1455 1460/1460/1460 1461/1461/1461
f 1451/1451/1451 1450/1450/1450 1462/1462/1462
f 1451/1451/1451 1462/1462/1462 1463/1463/1463
f 1481/1481/1481 1465/1465/1465 1467/1467/1467
f 1481/1481/1481 1467/1467/1467 1480/1480/1480
f 1481/1481/1481 1464/1464/1464 1468/1468/1468
f 1469/1469/1469 1468/1468/1468 1470/1470/1470
f 1469/1469/1469 1470/1470/1470 1471/1471/1471
f 1483/1483/1483 1482/1482/1482 1472/1472/1472
f 1483/1483/1483 1472/1472/1472 1473/1473/1473
f 1485/1485/1485 1484/1484/1484 1474/1474/1474
f 1485/1485/1485 1474/1474/1474 1475/1475/1475
f 1471/1471/1471 1470/1470/1470 1476/1476/1476
f 1471/1471/1471 1476/1476/1476 1477/1477/1477
f 1475/1475/1475 1474/1474/1474 1478/1478/1478
f 1475/1475/1475 1478/1478/1478 1479/1479/1479
f 1464/1464/1464 1481/1481/1481 1480/1480/1480
f 1464/1464/1464 1480/1480/1480 1466/1466/1466
f 1465/1465/1465 1481/1481/1481 1468/1468/1468
f 1465/1465/1465 1468/1468/1468 1469/1469/1469
f 1477/1477/1477 1476/1476/1476 1482/1482/1482
f 1477/1477/1477 1482/1482/1482 1483/1483/1483
f 1473/1473/1473 1472/1472/1472 1484/1484/1484
f 1473/1473/1473 1484/1484/1484 1485/1485/1485
f 1503/1503/1503 1487/1487/1487 1489/1489/1489
f 1503/1503/1503 1489/1489/1489 1502/1502/1502
f 1503/1503/1503 1486/1486/1486 1490/1490/1490
f 1491/1491/1491 1490/1490/1490 1492/1492/1492
f 1491/1491/1491 1492/1492/1492 1493/1493/1493
f 1505/1505/1505 1504/1504/1504 1494/1494/1494
f 1505/1505/1505 1494/1494/1494 1495/1495/1495
f 1507/1507/1507 1506/1506/1506 1496/1496/1496
f 1507/1507/1507 1496/1496/1496 1497/1497/1497
f 1493/1493/1493 1492/1492/1492 1498/1498/1498
f 1493/1493/1493 1498/1498/1498 1499/1499/1499
f 1497/1497/1497 1496/1496/1496 1500/1500/1500
f 1497/1497/1497 1500/1500/1500 1501/1501/1501
f 1486/1486/1486 1503/1503/1503 1502/1502/1502
f 1486/1486/1486 1502/1502/1502 1488/1488/1488
f 1487/1487/1487 1503/1503/1503 1490/1490/1490
f 1487/1487/1487 1490/1490/1490 1491/1491/1491
f 1499/1499/1499 1498/1498/1498 1504/1504/1504
f 1499/1499/1499 1504/1504/1504 1505/1505/1505
f 1495/1495/1495 1494/1494/1494 1506/1506/1506
f 1495/1495/1495 1506/1506/1506 1507/1507/1507
f 1525/1525/1525 1509/1509/1509 1511/1511/1511
f 1525/1525/1525 1511/1511/1511 1524/1524/1524
f 1525/1525/1525 1508/1508/1508 1512/1512/1512
f 1513/1513/1513 1512/1512/1512 1514/1514/1514
f 1513/1513/1513 1514/1514/1514 1515/1515/1515
f 1527/1527/1527 1526/1526/1526 1516/1516/1516
f 1527/1527/1527 1516/1516/1516 1517/1517/1517
f 1529/1529/1529 1528/1528/1528 1518/1518/1518
f 1529/1529/1529 1518/1518/1518 1519/1519/1519
f 1515/1515/1515 1514/1514/1514 1520/1520/1520
f 1515/1515/1515 1520/1520/1520 1521/1521/1521
f 1519/1519/1519 1518/1518/1518 1522/1522/1522
f 1519/1519/1519 1522/1522/1522 1523/1523/1523
f 1508/1508/1508 1525/1525/1525 1524/1524/1524
f 1508/1508/1508 1524/1524/1524 1510/1510/1510
f 1509/1509/1509 1525/1525/1525 1512/1512/1512
f 1509/1509/1509 1512/1512/1512 1513/1513/1513
f 1521/1521/1521 1520/1520/1520 1526/1526/1526
f 1521/1521/1521 1526/1526/1526 1527/1527/1527
f 1517/1517/1517 1516/1516/1516 1528/1528/1528
f 1517/1517/1517 1528/1528/1528 1529/1529/1529
f 1547/1547/1547 1531/1531/1531 1533/1533/1533
f 1547/1547/1547 1533/1533/1533 1546/1546/1546
f 1547/1547/1547 1530/1530/1530 1534/1534/1534
f 1535/1535/1535 1534/1534/1534 1536/1536/1536
f 1535/1535/1535 1536/1536/1536 1537/1537/1537
f 1549/1549/1549 1548/1548/1548 1538/1538/1538
f 1549/1549/1549 1538/1538/1538 1539/1539/1539
f 1551/1551/1551 1550/1550/1550 1540/1540/1540
f 1551/1551/1551 1540/1540/1540 1541/1541/1541
f 1537/1537/1537 1536/1536/1536 1542/1542/1542
f 1537/1537/1537 1542/1542/1542 1543/1543/1543
f 1541/1541/1541 1540/1540/1540 1544/1544/1544
f 1541/1541/1541 1544/1544/1544 1545/1545/1545
f 1530/1530/1530 1547/1547/1547 1546/1546/1546
f 1530/1530/1530 1546/1546/1546 1532/1532/1532
f 1531/1531/1531 1547/1547/1547 1534/1534/1534
f 1531/1531/1531 1534/1534/1534 1535/1535/1535
f 1543/1543/1543 1542/1542/1542 1548/1548/1548
f 1543/1543/1543 1548/1548/1548 1549/1549/1549
f 1539/1539/1539 1538/1538/1538 1550/1550/1550
f 1539/1539/1539 1550/1550/1550 1551/1551/1551
f 1569/1569/1569 1553/1553/1553 1555/1555/1555
f 1569/1569/1569 1555/1555/1555 1568/1568/1568
f 1569/1569/1569 1552/1552/1552 1556/1556/1556
f 1557/1557/1557 1556/1556/1556 1558/1558/1558
f 1557/1557/1557 1558/1558/1558 1559/1559/1559
f 1571/1571/1571 1570/1570/1570 1560/1560/1560
f 1571/1571/1571 1560/1560/1560 1561/1561/1561
f 1573/1573/1573 1572/1572/1572 1562/1562/1562
f 1573/1573/1573 1562/1562/1562 1563/1563/1563
f 1559/1559/1559 1558/1558/1558 1564/1564/1564
f 1559/1559/1559 1564/1564/1564 1565/1565/1565
f 1563/1563/1563 1562/1562/1562 1566/1566/1566
f 1563/1563/1563 1566/1566/1566 1567/1567/1567
f 1552/1552/1552 1569/1569/1569 1568/1568/1568
f 1552/1552/1552 1568/1568/1568 1554/1554/1554
f 1553/1553/1553 1569/1569/1569 1556/1556/1556
f 1553/1553/1553 1556/1556/1556 1557/1557/1557
f 1565/1565/1565 1564/1564/1564 1570/1570/1570
f 1565/1565/1565 1570/1570/1570 1571/1571/1571
f 1561/1561/1561 1560/1560/1560 1572/1572/1572
f 1561/1561/1561 1572/1572/1572 1573/1573/1573
f 1591/1591/1591 1575/1575/1575 1577/1577/1577
f 1591/1591/1591 1577/1577/1577 1590/1590/1590
f 1591/1591/1591 1574/1574/1574 1578/1578/1578
f 1579/1579/1579 1578/1578/1578 1580/1580/1580
f 1579/1579/1579 1580/1580/1580 1581/1581/1581
f 1593/1593/1593 1592/1592/1592 1582/1582/1582
f 1593/1593/1593 1582/1582/1582 1583/1583/1583
f 1595/1595/1595 1594/1594/1594 1584/1584/1584
f 1595/1595/1595 1584/1584/1584 1585/1585/1585
f 1581/1581/1581 1580/1580/1580 1586/1586/1586
f 1581/1581/1581 1586/1586/1586 1587/1587/1587
f 1585/1585/1585 1584/1584/1584 1588/1588/1588
f 1585/1585/1585 1588/1588/1588 1589/1589/1589
f 1574/1574/1574 1591/1591/1591 1590/1590/1590
f 1574/1574/1574 1590/1590/1590 1576/1576/1576
f 1575/1575/1575 1591/1591/1591 1578/1578/1578
f 1575/1575/1575 1578/1578/1578 1579/1579/1579
f 1587/1587/1587 1586/1586/1586 1592/1592/1592
f 1587/1587/1587 1592/1592/1592 1593/1593/1593
f 1583/1583/1583 1582/1582/1582 1594/1594/1594
f 1583/1583/1583 1594/1594/1594 1595/1595/1595
f 1613/1613/1613 1597/1597/1597 1599/1599/1599
f 1613/1613/1613 1599/1599/1599 1612/1612/1612
f 1613/1613/1613 1596/1596/1596 1600/1600/1600
f 1601/1601/1601 1600/1600/1600 1602/1602/1602
f 1601/1601/1601 1602/1602/1602 1603/1603/1603
f 1615/1615/1615 1614/1614/1614 1604/1604/1604
f 1615/1615/1615 1604/1604/1604 1605/1605/1605
f 1617/1617/1617 1616/1616/1616 1606/1606/1606
f 1617/1617/1617 1606/1606/1606 1607/1607/1607
f 1603/1603/1603 1602/1602/1602 1608/1608/1608
f 1603/1603/1603 1608/1608/1608 1609/1609/1609
f 1607/1607/1607 1606/1606/1606 1610/1610/1610
f 1607/1607/1607 1610/1610/1610 1611/1611/1611
f 1596/1596/1596 1613/1613/1613 1612/1612/1612
f 1596/1596/1596 1612/1612/1612 1598/1598/1598
f 1597/1597/1597 1613/1613/1613 1600/1600/1600
f 1597/1597/1597 1600/1600/1600 1601/1601/1601
f 1609/1609/1609 1608/1608/1608 1614/1614/1614
f 1609/1609/1609 1614/1614/1614 1615/1615/1615
f 1605/1605/1605 1604/1604/1604 1616/1616/1616
f 1605/1605/1605 1616/1616/1616 1617/1617/1617
f 1635/1635/1635 1619/1619/1619 1621/1621/1621
f 1635/1635/1635 1621/1621/1621 1634/1634/1634
f 1635/1635/1635 1618/1618/1618 1622/1622/1622
f 1623/1623/1623 1622/1622/1622 1624/1624/1624
f 1623/1623/1623 1624/1624/1624 1625/1625/1625
f 1637/1637/1637 1636/1636/1636 1626/1626/1626
f 1637/1637/1637 1626/1626/1626 1627/1627/1627
f 1639/1639/1639 1638/1638/1638 1628/1628/1628
f 1639/1639/1639 1628/1628/1628 1629/1629/1629
f 1625/1625/1625 1624/1624/1624 1630/1630/1630
f 1625/1625/1625 1630/1630/1630 1631/1631/1631
f 1629/1629/1629 1628/1628/1628 1632/1632/1632
f 1629/1629/1629 1632/1632/1632 1633/1633/1633
f 1618/1618/1618 1635/1635/1635 1634/1634/1634
f 1618/1618/1618 1634/1634/1634 1620/1620/1620
f 1619/1619/1619 1635/1635/1635 1622/1622/1622
f 1619/1619/1619 1622/1622/1622 1623/1623/1623
f 1631/1631/1631 1630/1630/1630 1636/1636/1636
f 1631/1631/1631 1636/1636/1636 1637/1637/1637
f 1627/1627/1627 1626/1626/1626 1638/1638/1638
f 1627/1627/1627 1638/1638/1638 1639/1639/1639
f 1657/1657/1657 1641/1641/1641 1643/1643/1643
f 1657/1657/1657 1643/1643/1643 1656/1656/1656
f 1657/1657/1657 1640/1640/1640 1644/1644/1644
f 1645/1645/1645 1644/1644/1644 1646/1646/1646
f 1645/1645/1645 1646/1646/1646 1647/1647/1647
f 1659/1659/1659 1658/1658/1658 1648/1648/1648
f 1659/1659/1659 1648/1648/1648 1649/1649/1649
f 1661/1661/1661 1660/1660/1660 1650/1650/1650
f 1661/1661/1661 1650/1650/1650 1651/1651/1651
f 1647/1647/1647 1646/1646/1646 1652/1652/1652
f 1647/1647/1647 1652/1652/1652 1653/1653/1653
f 1651/1651/1651 1650/1650/1650 1654/1654/1654
f 1651/1651/1651 1654/1654/1654 1655/1655/1655
f 1640/1640/1640 1657/1657/1657 1656/1656/1656
f 1640/1640/1640 1656/1656/1656 1642/1642/1642
f 1641/1641/1641 1657/1657/1657 1644/1644/1644
f 1641/1641/1641 1644/1644/1644 1645/1645/1645
f 1653/1653/1653 1652/1652/1652 1658/1658/1658
f 1653/1653/1653 1658/1658/1658 1659/1659/1659
f 1649/1649/1649 1648/1648/1648 1660/1660/1660
f 1649/1649/1649 1660/1660/1660 1661/1661/1661
f 1679/1679/1679 1663/1663/1663 1665/1665/1665
f 1679/1679/1679 1665/1665/1665 1678/1678/1678
f 1679/1679/1679 1662/1662/1662 1666/1666/1666
f 1667/1667/1667 1666/1666/1666 1668/1668/1668
f 1667/1667/1667 1668/1668/1668 1669/1669/1669
f 1681/1681/1681 1680/1680/1680 1670/1670/1670
f 1681/1681/1681 1670/1670/1670 1671/1671/1671
f 1683/1683/1683 1682/1682/1682 1672/1672/1672
f 1683/1683/1683 1672/1672/1672 1673/1673/1673
f 1669/1669/1669 1668/1668/1668 1674/1674/1674
f 1669/1669/1669 1674/1674/1674 1675/1675/1675
f 1673/1673/1673 1672/1672/1672 1676/1676/1676
f 1673/1673/1673 1676/1676/1676 1677/1677/1677
f 1662/1662/1662 1679/1679/1679 1678/1678/1678
f 1662/1662/1662 1678/1678/1678 1664/1664/1664
f 1663/1663/1663 1679/1679/1679 1666/1666/1666
f 1663/1663/1663 1666/1666/1666 1667/1667/1667
f 1675/1675/1675 1674/1674/1674 1680/1680/1680
f 1675/1675/1675 1680/1680/1680 1681/1681/1681
f 1671/1671/1671 1670/1670/1670 1682/1682/1682
f 1671/1671/1671 1682/1682/1682 1683/1683/1683
f 1701/1701/1701 1685/1685/1685 1687/1687/1687
f 1701/1701/1701 1687/1687/1687 1700/1700/1700
f 1701/1701/1701 1684/1684/1684 1688/1688/1688
f 1689/1689/1689 1688/1688/1688 1690/1690/1690
f 1689/1689/1689 1690/1690/1690 1691/1691/1691
f 1703/1703/1703 1702/1702/1702 1692/1692/1692
f 1703/1703/1703 1692/1692/1692 1693/1693/1693
f 1705/1705/1705 1704/1704/1704 1694/1694/1694
f 1705/1705/1705 1694/1694/1694 1695/1695/1695
f 1691/1691/1691 1690/1690/1690 1696/1696/1696
f 1691/1691/1691 1696/1696/1696 1697/1697/1697
f 1695/1695/1695 1694/1694/1694 1698/1698/1698
f 1695/1695/1695 1698/1698/1698 1699/1699/1699
f 1684/1684/1684 1701/1701/1701 1700/1700/1700
f 1684/1684/1684 1700/1700/1700 1686/1686/1686
f 1685/1685/1685 1701/1701/1701 1688/1688/1688
f 1685/1685/1685 1688/1688/1688 1689/1689/1689
f 1697/1697/1697 1696/1696/1696 1702/1702/1702
f 1697/1697/1697 1702/1702/1702 1703/1703/1703
f 1693/1693/1693 1692/1692/1692 1704/1704/1704
f 1693/1693/1693 1704/1704/1704 1705/1705/1705
f 1723/1723/1723 1707/1707/1707 1709/1709/1709
f 1723/1723/1723 1709/1709/1709 1722/1722/1722
f 1723/1723/1723 1706/1706/1706 1710/1710/1710
f 1711/1711/1711 1710/1710/1710 1712/1712/1712
f 1711/1711/1711 1712/1712/1712 1713/1713/1713
f 1725/1725/1725 1724/1724/1724 1714/1714/1714
f 1725/1725/1725 1714/1714/1714 1715/1715/1715
f 1727/1727/1727 1726/1726/1726 1716/1716/1716
f 1727/1727/1727 1716/1716/1716 1717/1717/1717
f 1713/1713/1713 1712/1712/1712 1718/1718/1718
f 1713/1713/1713 1718/1718/1718 1719/1719/1719
f 1717/1717/1717 1716/1716/1716 1720/1720/1720
f 1717/1717/1717 1720/1720/1720 1721/1721/1721
f 1706/1706/1706 1723/1723/1723 1722/1722/1722
f 1706/1706/1706 1722/1722/1722 1708/1708/1708
f 1707/1707/1707 1723/1723/1723 1710/1710/1710
f 1707/1707/1707 1710/1710/1710 1711/1711/1711
f 1719/1719/1719 1718/1718/1718 1724/1724/1724
f 1719/1719/1719 1724/1724/1724 1725/1725/1725
f 1715/1715/1715 1714/1714/1714 1726/1726/1726
f 1715/1715/1715 1726/1726/1726 1727/1727/1727
f 1737/1737/1737 1739/1739/1739 1735/1735/1735
f 1737/1737/1737 1735/1735/1735 1736/1736/1736
f 1739/1739/1739 1738/1738/1738 1734/1734/1734
f 1739/1739/1739 1734/1734/1734 1735/1735/1735
f 1736/1736/1736 1735/1735/1735 1731/1731/1731
f 1736/1736/1736 1731/1731/1731 1730/1730/1730
f 1735/1735/1735 1734/1734/1734 1733/1733/1733
f 1735/1735/1735 1733/1733/1733 1731/1731/1731
f 1729/1729/1729 1732/1732/1732 1738/1738/1738
f 1729/1729/1729 1738/1738/1738 1739/1739/1739
f 1728/1728/1728 1729/1729/1729 1739/1739/1739
f 1728/1728/1728 1739/1739/1739 1737/1737/1737
f 1740/1740/1740 1741/1741/1741 1747/1747/1747
f 1740/1740/1740 1747/1747/1747 1748/1748/1748
f 1741/1741/1741 1744/1744/1744 1746/1746/1746
f 1741/1741/1741 1746/1746/1746 1747/1747/1747
f 1748/1748/1748 1747/1747/1747 1743/1743/1743
f 1748/1748/1748 1743/1743/1743 1742/1742/1742
f 1747/1747/1747 1746/1746/1746 1745/1745/1745
f 1747/1747/1747 1745/1745/1745 1743/1743/1743
f 1749/1749/1749 1750/1750/1750 1756/1756/1756
f 1749/1749/1749 1756/1756/1756 1757/1757/1757
f 1750/1750/1750 1753/1753/1753 1755/1755/1755
f 1750/1750/1750 1755/1755/1755 1756/1756/1756
f 1757/1757/1757 1756/1756/1756 1752/1752/1752
f 1757/1757/1757 1752/1752/1752 1751/1751/1751
f 1756/1756/1756 1755/1755/1755 1754/1754/1754
f 1756/1756/1756 1754/1754/1754 1752/1752/1752
f 540/540/540 535/535/535 1758/1758/1758
f 540/540/540 1758/1758/1758 1759/1759/1759
f 556/556/556 551/551/551 1760/1760/1760
f 556/556/556 1760/1760/1760 1761/1761/1761
f 558/558/558 557/557/557 1762/1762/1762
f 558/558/558 1762/1762/1762 1763/1763/1763
f 542/542/542 541/541/541 1764/1764/1764
f 542/542/542 1764/1764/1764 1765/1765/1765
f 1763/1763/1763 1762/1762/1762 1767/1767/1767
f 1763/1763/1763 1767/1767/1767 1766/1766/1766
f 1765/1765/1765 1764/1764/1764 1768/1768/1768
f 1765/1765/1765 1768/1768/1768 1769/1769/1769
f 1775/1775/1775 1773/1773/1773 1770/1770/1770
f 1775/1775/1775 1770/1770/1770 1771/1771/1771
f 1771/1771/1771 1770/1770/1770 1772/1772/1772
f 1771/1771/1771 1772/1772/1772 1777/1777/1777
f 1776/1776/1776 1774/1774/1774 1773/1773/1773
f 1776/1776/1776 1773/1773/1773 1775/1775/1775
f 2996/2996/2996 2995/2995/2995 1778/1778/1778
f 2996/2996/2996 1778/1778/1778 1779/1779/1779
f 3006/3006/3006 3005/3005/3005 1780/1780/1780
f 3006/3006/3006 1780/1780/1780 1781/1781/1781
f 1781/1781/1781 1780/1780/1780 1782/1782/1782
f 1781/1781/1781 1782/1782/1782 1783/1783/1783
f 1783/1783/1783 1782/1782/1782 1784/1784/1784
f 1783/1783/1783 1784/1784/1784 1785/1785/1785
f 1791/1791/1791 1789/1789/1789 1786/1786/1786
f 1791/1791/1791 1786/1786/1786 1787/1787/1787
f 1787/1787/1787 1786/1786/1786 1788/1788/1788
f 1787/1787/1787 1788/1788/1788 1793/1793/1793
f 1792/1792/1792 1790/1790/1790 1789/1789/1789
f 1792/1792/1792 1789/1789/1789 1791/1791/1791
f 2998/2998/2998 2997/2997/2997 1794/1794/1794
f 2998/2998/2998 1794/1794/1794 1795/1795/1795
f 3003/3003/3003 3004/3004/3004 1796/1796/1796
f 3003/3003/3003 1796/1796/1796 1797/1797/1797
f 1797/1797/1797 1796/1796/1796 1798/1798/1798
f 1797/1797/1797 1798/1798/1798 1799/1799/1799
f 1799/1799/1799 1798/1798/1798 1800/1800/1800
f 1799/1799/1799 1800/1800/1800 1801/1801/1801
f 1822/1822/1822 1818/1818/1818 1817/1817/1817
f 1822/1822/1822 1817/1817/1817 1808/1808/1808
f 1818/1818/1818 1819/1819/1819 1810/1810/1810
f 1818/1818/1818 1810/1810/1810 1817/1817/1817
f 1816/1816/1816 1807/1807/1807 1818/1818/1818
f 1816/1816/1816 1818/1818/1818 1822/1822/1822
f 1809/1809/1809 1811/1811/1811 1820/1820/1820
f 1809/1809/1809 1820/1820/1820 1819/1819/1819
f 1819/1819/1819 1820/1820/1820 1812/1812/1812
f 1819/1819/1819 1812/1812/1812 1810/1810/1810
f 1811/1811/1811 1814/1814/1814 1821/1821/1821
f 1811/1811/1811 1821/1821/1821 1820/1820/1820
f 1820/1820/1820 1821/1821/1821 1815/1815/1815
f 1820/1820/1820 1815/1815/1815 1812/1812/1812
f 1821/1821/1821 1814/1814/1814 1804/1804/1804
f 1821/1821/1821 1804/1804/1804 1813/1813/1813
f 1815/1815/1815 1821/1821/1821 1813/1813/1813
f 1815/1815/1815 1813/1813/1813 1805/1805/1805
f 1802/1802/1802 1816/1816/1816 1822/1822/1822
f 1802/1802/1802 1822/1822/1822 1806/1806/1806
f 1806/1806/1806 1822/1822/1822 1808/1808/1808
f 1806/1806/1806 1808/1808/1808 1803/1803/1803
f 1807/1807/1807 1809/1809/1809 1819/1819/1819
f 1807/1807/1807 1819/1819/1819 1818/1818/1818
f 1843/1843/1843 1839/1839/1839 1838/1838/1838
f 1843/1843/1843 1838/1838/1838 1829/1829/1829
f 1839/1839/1839 1840/1840/1840 1831/1831/1831
f 1839/1839/1839 1831/1831/1831 1838/1838/1838
f 1837/1837/1837 1828/1828/1828 1839/1839/1839
f 1837/1837/1837 1839/1839/1839 1843/1843/1843
f 1830/1830/1830 1832/1832/1832 1841/1841/1841
f 1830/1830/1830 1841/1841/1841 1840/1840/1840
f 1840/1840/1840 1841/1841/1841 1833/1833/1833
f 1840/1840/1840 1833/1833/1833 1831/1831/1831
f 1832/1832/1832 1835/1835/1835 1842/1842/1842
f 1832/1832/1832 1842/1842/1842 1841/1841/1841
f 1841/1841/1841 1842/1842/1842 1836/1836/1836
f 1841/1841/1841 1836/1836/1836 1833/1833/1833
f 1842/1842/1842 1835/1835/1835 1825/1825/1825
f 1842/1842/1842 1825/1825/1825 1834/1834/1834
f 1836/1836/1836 1842/1842/1842 1834/1834/1834
f 1836/1836/1836 1834/1834/1834 1826/1826/1826
f 1823/1823/1823 1837/1837/1837 1843/1843/1843
f 1823/1823/1823 1843/1843/1843 1827/1827/1827
f 1827/1827/1827 1843/1843/1843 1829/1829/1829
f 1827/1827/1827 1829/1829/1829 1824/1824/1824
f 1828/1828/1828 1830/1830/1830 1840/1840/1840
f 1828/1828/1828 1840/1840/1840 1839/1839/1839
f 1864/1864/1864 1860/1860/1860 1859/1859/1859
f 1864/1864/1864 1859/1859/1859 1850/1850/1850
f 1860/1860/1860 1861/1861/1861 1852/1852/1852
f 1860/1860/1860 1852/1852/1852 1859/1859/1859
f 1858/1858/1858 1849/1849/1849 1860/1860/1860
f 1858/1858/1858 1860/1860/1860 1864/1864/1864
f 1851/1851/1851 1853/1853/1853 1862/1862/1862
f 1851/1851/1851 1862/1862/1862 1861/1861/1861
f 1861/1861/1861 1862/1862/1862 1854/1854/1854
f 1861/1861/1861 1854/1854/1854 1852/1852/1852
f 1853/1853/1853 1856/1856/1856 1863/1863/1863
f 1853/1853/1853 1863/1863/1863 1862/1862/1862
f 1862/1862/1862 1863/1863/1863 1857/1857/1857
f 1862/1862/1862 1857/1857/1857 1854/1854/1854
f 1863/1863/1863 1856/1856/1856 1846/1846/1846
f 1863/1863/1863 1846/1846/1846 1855/1855/1855
f 1857/1857/1857 1863/1863/1863 1855/1855/1855
f 1857/1857/1857 1855/1855/1855 1847/1847/1847
f 1844/1844/1844 1858/1858/1858 1864/1864/1864
f 1844/1844/1844 1864/1864/1864 1848/1848/1848
f 1848/1848/1848 1864/1864/1864 1850/1850/1850
f 1848/1848/1848 1850/1850/1850 1845/1845/1845
f 1849/1849/1849 1851/1851/1851 1861/1861/1861
f 1849/1849/1849 1861/1861/1861 1860/1860/1860
f 1885/1885/1885 1881/1881/1881 1880/1880/1880
f 1885/1885/1885 1880/1880/1880 1871/1871/1871
f 1881/1881/1881 1882/1882/1882 1873/1873/1873
f 1881/1881/1881 1873/1873/1873 1880/1880/1880
f 1879/1879/1879 1870/1870/1870 1881/1881/1881
f 1879/1879/1879 1881/1881/1881 1885/1885/1885
f 1872/1872/1872 1874/1874/1874 1883/1883/1883
f 1872/1872/1872 1883/1883/1883 1882/1882/1882
f 1882/1882/1882 1883/1883/1883 1875/1875/1875
f 1882/1882/1882 1875/1875/1875 1873/1873/1873
f 1874/1874/1874 1877/1877/1877 1884/1884/1884
f 1874/1874/1874 1884/1884/1884 1883/1883/1883
f 1883/1883/1883 1884/1884/1884 1878/1878/1878
f 1883/1883/1883 1878/1878/1878 1875/1875/1875
f 1884/1884/1884 1877/1877/1877 1867/1867/1867
f 1884/1884/1884 1867/1867/1867 1876/1876/1876
f 1878/1878/1878 1884/1884/1884 1876/1876/1876
f 1878/1878/1878 1876/1876/1876 1868/1868/1868
f 1865/1865/1865 1879/1879/1879 1885/1885/1885
f 1865/1865/1865 1885/1885/1885 1869/1869/1869
f 1869/1869/1869 1885/1885/1885 1871/1871/1871
f 1869/1869/1869 1871/1871/1871 1866/1866/1866
f 1870/1870/1870 1872/1872/1872 1882/1882/1882
f 1870/1870/1870 1882/1882/1882 1881/1881/1881
f 1906/1906/1906 1902/1902/1902 1901/1901/1901
f 1906/1906/1906 1901/1901/1901 1892/1892/1892
f 1902/1902/1902 1903/1903/1903 1894/1894/1894
f 1902/1902/1902 1894/1894/1894 1901/1901/1901
f 1900/1900/1900 1891/1891/1891 1902/1902/1902
f 1900/1900/1900 1902/1902/1902 1906/1906/1906
f 1893/1893/1893 1895/1895/1895 1904/1904/1904
f 1893/1893/1893 1904/1904/1904 1903/1903/1903
f 1903/1903/1903 1904/1904/1904 1896/1896/1896
f 1903/1903/1903 1896/1896/1896 1894/1894/1894
f 1895/1895/1895 1898/1898/1898 1905/1905/1905
f 1895/1895/1895 1905/1905/1905 1904/1904/1904
f 1904/1904/1904 1905/1905/1905 1899/1899/1899
f 1904/1904/1904 1899/1899/1899 1896/1896/1896
f 1905/1905/1905 1898/1898/1898 1888/1888/1888
f 1905/1905/1905 1888/1888/1888 1897/1897/1897
f 1899/1899/1899 1905/1905/1905 1897/1897/1897
f 1899/1899/1899 1897/1897/1897 1889/1889/1889
f 1886/1886/1886 1900/1900/1900 1906/1906/1906
f 1886/1886/1886 1906/1906/1906 1890/1890/1890
f 1890/1890/1890 1906/1906/1906 1892/1892/1892
f 1890/1890/1890 1892/1892/1892 1887/1887/1887
f 1891/1891/1891 1893/1893/1893 1903/1903/1903
f 1891/1891/1891 1903/1903/1903 1902/1902/1902
f 1927/1927/1927 1923/1923/1923 1922/1922/1922
f 1927/1927/1927 1922/1922/1922 1913/1913/1913
f 1923/1923/1923 1924/1924/1924 1915/1915/1915
f 1923/1923/1923 1915/1915/1915 1922/1922/1922
f 1921/1921/1921 1912/1912/1912 1923/1923/1923
f 1921/1921/1921 1923/1923/1923 1927/1927/1927
f 1914/1914/1914 1916/1916/1916 1925/1925/1925
f 1914/1914/1914 1925/1925/1925 1924/1924/1924
f 1924/1924/1924 1925/1925/1925 1917/1917/1917
f 1924/1924/1924 1917/1917/1917 1915/1915/1915
f 1916/1916/1916 1919/1919/1919 1926/1926/1926
f 1916/1916/1916 1926/1926/1926 1925/1925/1925
f 1925/1925/1925 1926/1926/1926 1920/1920/1920
f 1925/1925/1925 1920/1920/1920 1917/1917/1917
f 1926/1926/1926 1919/1919/1919 1909/1909/1909
f 1926/1926/1926 1909/1909/1909 1918/1918/1918
f 1920/1920/1920 1926/1926/1926 1918/1918/1918
f 1920/1920/1920 1918/1918/1918 1910/1910/1910
f 1907/1907/1907 1921/1921/1921 1927/1927/1927
f 1907/1907/1907 1927/1927/1927 1911/1911/1911
f 1911/1911/1911 1927/1927/1927 1913/1913/1913
f 1911/1911/1911 1913/1913/1913 1908/1908/1908
f 1912/1912/1912 1914/1914/1914 1924/1924/1924
f 1912/1912/1912 1924/1924/1924 1923/1923/1923
f 1948/1948/1948 1944/1944/1944 1943/1943/1943
f 1948/1948/1948 1943/1943/1943 1934/1934/1934
f 1944/1944/1944 1945/1945/1945 1936/1936/1936
f 1944/1944/1944 1936/1936/1936 1943/1943/1943
f 1942/1942/1942 1933/1933/1933 1944/1944/1944
f 1942/1942/1942 1944/1944/1944 1948/1948/1948
f 1935/1935/1935 1937/1937/1937 1946/1946/1946
f 1935/1935/1935 1946/1946/1946 1945/1945/1945
f 1945/1945/1945 1946/1946/1946 1938/1938/1938
f 1945/1945/1945 1938/1938/1938 1936/1936/1936
f 1937/1937/1937 1940/1940/1940 1947/1947/1947
f 1937/1937/1937 1947/1947/1947 1946/1946/1946
f 1946/1946/1946 1947/1947/1947 1941/1941/1941
f 1946/1946/1946 1941/1941/1941 1938/1938/1938
f 1947/1947/1947 1940/1940/1940 1930/1930/1930
f 1947/1947/1947 1930/1930/1930 1939/1939/1939
f 1941/1941/1941 1947/1947/1947 1939/1939/1939
f 1941/1941/1941 1939/1939/1939 1931/1931/1931
f 1928/1928/1928 1942/1942/1942 1948/1948/1948
f 1928/1928/1928 1948/1948/1948 1932/1932/1932
f 1932/1932/1932 1948/1948/1948 1934/1934/1934
f 1932/1932/1932 1934/1934/1934 1929/1929/1929
f 1933/1933/1933 1935/1935/1935 1945/1945/1945
f 1933/1933/1933 1945/1945/1945 1944/1944/1944
f 1969/1969/1969 1965/1965/1965 1964/1964/1964
f 1969/1969/1969 1964/1964/1964 1955/1955/1955
f 1965/1965/1965 1966/1966/1966 1957/1957/1957
f 1965/1965/1965 1957/1957/1957 1964/1964/1964
f 1963/1963/1963 1954/1954/1954 1965/1965/1965
f 1963/1963/1963 1965/1965/1965 1969/1969/1969
f 1956/1956/1956 1958/1958/1958 1967/1967/1967
f 1956/1956/1956 1967/1967/1967 1966/1966/1966
f 1966/1966/1966 1967/1967/1967 1959/1959/1959
f 1966/1966/1966 1959/1959/1959 1957/1957/1957
f 1958/1958/1958 1961/1961/1961 1968/1968/1968
f 1958/1958/1958 1968/1968/1968 1967/1967/1967
f 1967/1967/1967 1968/1968/1968 1962/1962/1962
f 1967/1967/1967 1962/1962/1962 1959/1959/1959
f 1968/1968/1968 1961/1961/1961 1951/1951/1951
f 1968/1968/1968 1951/1951/1951 1960/1960/1960
f 1962/1962/1962 1968/1968/1968 1960/1960/1960
f 1962/1962/1962 1960/1960/1960 1952/1952/1952
f 1949/1949/1949 1963/1963/1963 1969/1969/1969
f 1949/1949/1949 1969/1969/1969 1953/1953/1953
f 1953/1953/1953 1969/1969/1969 1955/1955/1955
f 1953/1953/1953 1955/1955/1955 1950/1950/1950
f 1954/1954/1954 1956/1956/1956 1966/1966/1966
f 1954/1954/1954 1966/1966/1966 1965/1965/1965
f 1990/1990/1990 1986/1986/1986 1985/1985/1985
f 1990/1990/1990 1985/1985/1985 1976/1976/1976
f 1986/1986/1986 1987/1987/1987 1978/1978/1978
f 1986/1986/1986 1978/1978/1978 1985/1985/1985
f 1984/1984/1984 1975/1975/1975 1986/1986/1986
f 1984/1984/1984 1986/1986/1986 1990/1990/1990
f 1977/1977/1977 1979/1979/1979 1988/1988/1988
f 1977/1977/1977 1988/1988/1988 1987/1987/1987
f 1987/1987/1987 1988/1988/1988 1980/1980/1980
f 1987/1987/1987 1980/1980/1980 1978/1978/1978
f 1979/1979/1979 1982/1982/1982 1989/1989/1989
f 1979/1979/1979 1989/1989/1989 1988/1988/1988
f 1988/1988/1988 1989/1989/1989 1983/1983/1983
f 1988/1988/1988 1983/1983/1983 1980/1980/1980
f 1989/1989/1989 1982/1982/1982 1972/1972/1972
f 1989/1989/1989 1972/1972/1972 1981/1981/1981
f 1983/1983/1983 1989/1989/1989 1981/1981/1981
f 1983/1983/1983 1981/1981/1981 1973/1973/1973
f 1970/1970/1970 1984/1984/1984 1990/1990/1990
f 1970/1970/1970 1990/1990/1990 1974/1974/1974
f 1974/1974/1974 1990/1990/1990 1976/1976/1976
f 1974/1974/1974 1976/1976/1976 1971/1971/1971
f 1975/1975/1975 1977/1977/1977 1987/1987/1987
f 1975/1975/1975 1987/1987/1987 1986/1986/1986
f 1991/1991/1991 1992/1992/1992 1993/1993/1993
f 1993/1993/1993 1992/1992/1992 1994/1994/1994
f 1994/1994/1994 1992/1992/1992 1995/1995/1995
f 1995/1995/1995 1992/1992/1992 1996/1996/1996
f 1996/1996/1996 1992/1992/1992 1991/1991/1991
f 2014/2014/2014 1998/1998/1998 2000/2000/2000
f 2014/2014/2014 2000/2000/2000 2013/2013/2013
f 2014/2014/2014 1997/1997/1997 2001/2001/2001
f 2002/2002/2002 2001/2001/2001 2003/2003/2003
f 2002/2002/2002 2003/2003/2003 2004/2004/2004
f 2016/2016/2016 2015/2015/2015 2005/2005/2005
f 2016/2016/2016 2005/2005/2005 2006/2006/2006
f 2018/2018/2018 2017/2017/2017 2007/2007/2007
f 2018/2018/2018 2007/2007/2007 2008/2008/2008
f 2004/2004/2004 2003/2003/2003 2009/2009/2009
f 2004/2004/2004 2009/2009/2009 2010/2010/2010
f 2008/2008/2008 2007/2007/2007 2011/2011/2011
f 2008/2008/2008 2011/2011/2011 2012/2012/2012
f 1997/1997/1997 2014/2014/2014 2013/2013/2013
f 1997/1997/1997 2013/2013/2013 1999/1999/1999
f 1998/1998/1998 2014/2014/2014 2001/2001/2001
f 1998/1998/1998 2001/2001/2001 2002/2002/2002
f 2010/2010/2010 2009/2009/2009 2015/2015/2015
f 2010/2010/2010 2015/2015/2015 2016/2016/2016
f 2006/2006/2006 2005/2005/2005 2017/2017/2017
f 2006/2006/2006 2017/2017/2017 2018/2018/2018
f 2036/2036/2036 2020/2020/2020 2022/2022/2022
f 2036/2036/2036 2022/2022/2022 2035/2035/2035
f 2036/2036/2036 2019/2019/2019 2023/2023/2023
f 2024/2024/2024 2023/2023/2023 2025/2025/2025
f 2024/2024/2024 2025/2025/2025 2026/2026/2026
f 2038/2038/2038 2037/2037/2037 2027/2027/2027
f 2038/2038/2038 2027/2027/2027 2028/2028/2028
f 2040/2040/2040 2039/2039/2039 2029/2029/2029
f 2040/2040/2040 2029/2029/2029 2030/2030/2030
f 2026/2026/2026 2025/2025/2025 2031/2031/2031
f 2026/2026/2026 2031/2031/2031 2032/2032/2032
f 2030/2030/2030 2029/2029/2029 2033/2033/2033
f 2030/2030/2030 2033/2033/2033 2034/2034/2034
f 2019/2019/2019 2036/2036/2036 2035/2035/2035
f 2019/2019/2019 2035/2035/2035 2021/2021/2021
f 2020/2020/2020 2036/2036/2036 2023/2023/2023
f 2020/2020/2020 2023/2023/2023 2024/2024/2024
f 2032/2032/2032 2031/2031/2031 2037/2037/2037
f 2032/2032/2032 2037/2037/2037 2038/2038/2038
f 2028/2028/2028 2027/2027/2027 2039/2039/2039
f 2028/2028/2028 2039/2039/2039 2040/2040/2040
f 2058/2058/2058 2042/2042/2042 2044/2044/2044
f 2058/2058/2058 2044/2044/2044 2057/2057/2057
f 2058/2058/2058 2041/2041/2041 2045/2045/2045
f 2046/2046/2046 2045/2045/2045 2047/2047/2047
f 2046/2046/2046 2047/2047/2047 2048/2048/2048
f 2060/2060/2060 2059/2059/2059 2049/2049/2049
f 2060/2060/2060 2049/2049/2049 2050/2050/2050
f 2062/2062/2062 2061/2061/2061 2051/2051/2051
f 2062/2062/2062 2051/2051/2051 2052/2052/2052
f 2048/2048/2048 2047/2047/2047 2053/2053/2053
f 2048/2048/2048 2053/2053/2053 2054/2054/2054
f 2052/2052/2052 2051/2051/2051 2055/2055/2055
f 2052/2052/2052 2055/2055/2055 2056/2056/2056
f 2041/2041/2041 2058/2058/2058 2057/2057/2057
f 2041/2041/2041 2057/2057/2057 2043/2043/2043
f 2042/2042/2042 2058/2058/2058 2045/2045/2045
f 2042/2042/2042 2045/2045/2045 2046/2046/2046
f 2054/2054/2054 2053/2053/2053 2059/2059/2059
f 2054/2054/2054 2059/2059/2059 2060/2060/2060
f 2050/2050/2050 2049/2049/2049 2061/2061/2061
f 2050/2050/2050 2061/2061/2061 2062/2062/2062
f 2080/2080/2080 2064/2064/2064 2066/2066/2066
f 2080/2080/2080 2066/2066/2066 2079/2079/2079
f 2080/2080/2080 2063/2063/2063 2067/2067/2067
f 2068/2068/2068 2067/2067/2067 2069/2069/2069
f 2068/2068/2068 2069/2069/2069 2070/2070/2070
f 2082/2082/2082 2081/2081/2081 2071/2071/2071
f 2082/2082/2082 2071/2071/2071 2072/2072/2072
f 2084/2084/2084 2083/2083/2083 2073/2073/2073
f 2084/2084/2084 2073/2073/2073 2074/2074/2074
f 2070/2070/2070 2069/2069/2069 2075/2075/2075
f 2070/2070/2070 2075/2075/2075 2076/2076/2076
f 2074/2074/2074 2073/2073/2073 2077/2077/2077
f 2074/2074/2074 2077/2077/2077 2078/2078/2078
f 2063/2063/2063 2080/2080/2080 2079/2079/2079
f 2063/2063/2063 2079/2079/2079 2065/2065/2065
f 2064/2064/2064 2080/2080/2080 2067/2067/2067
f 2064/2064/2064 2067/2067/2067 2068/2068/2068
f 2076/2076/2076 2075/2075/2075 2081/2081/2081
f 2076/2076/2076 2081/2081/2081 2082/2082/2082
f 2072/2072/2072 2071/2071/2071 2083/2083/2083
f 2072/2072/2072 2083/2083/2083 2084/2084/2084
f 2102/2102/2102 2086/2086/2086 2088/2088/2088
f 2102/2102/2102 2088/2088/2088 2101/2101/2101
f 2102/2102/2102 2085/2085/2085 2089/2089/2089
f 2090/2090/2090 2089/2089/2089 2091/2091/2091
f 2090/2090/2090 2091/2091/2091 2092/2092/2092
f 2104/2104/2104 2103/2103/2103 2093/2093/2093
f 2104/2104/2104 2093/2093/2093 2094/2094/2094
f 2106/2106/2106 2105/2105/2105 2095/2095/2095
f 2106/2106/2106 2095/2095/2095 2096/2096/2096
f 2092/2092/2092 2091/2091/2091 2097/2097/2097
f 2092/2092/2092 2097/2097/2097 2098/2098/2098
f 2096/2096/2096 2095/2095/2095 2099/2099/2099
f 2096/2096/2096 2099/2099/2099 2100/2100/2100
f 2085/2085/2085 2102/2102/2102 2101/2101/2101
f 2085/2085/2085 2101/2101/2101 2087/2087/2087
f 2086/2086/2086 2102/2102/2102 2089/2089/2089
f 2086/2086/2086 2089/2089/2089 2090/2090/2090
f 2098/2098/2098 2097/2097/2097 2103/2103/2103
f 2098/2098/2098 2103/2103/2103 2104/2104/2104
f 2094/2094/2094 2093/2093/2093 2105/2105/2105
f 2094/2094/2094 2105/2105/2105 2106/2106/2106
f 2124/2124/2124 2108/2108/2108 2110/2110/2110
f 2124/2124/2124 2110/2110/2110 2123/2123/2123
f 2124/2124/2124 2107/2107/2107 2111/2111/2111
f 2112/2112/2112 2111/2111/2111 2113/2113/2113
f 2112/2112/2112 2113/2113/2113 2114/2114/2114
f 2126/2126/2126 2125/2125/2125 2115/2115/2115
f 2126/2126/2126 2115/2115/2115 2116/2116/2116
f 2128/2128/2128 2127/2127/2127 2117/2117/2117
f 2128/2128/2128 2117/2117/2117 2118/2118/2118
f 2114/2114/2114 2113/2113/2113 2119/2119/2119
f 2114/2114/2114 2119/2119/2119 2120/2120/2120
f 2118/2118/2118 2117/2117/2117 2121/2121/2121
f 2118/2118/2118 2121/2121/2121 2122/2122/2122
f 2107/2107/2107 2124/2124/2124 2123/2123/2123
f 2107/2107/2107 2123/2123/2123 2109/2109/2109
f 2108/2108/2108 2124/2124/2124 2111/2111/2111
f 2108/2108/2108 2111/2111/2111 2112/2112/2112
f 2120/2120/2120 2119/2119/2119 2125/2125/2125
f 2120/2120/2120 2125/2125/2125 2126/2126/2126
f 2116/2116/2116 2115/2115/2115 2127/2127/2127
f 2116/2116/2116 2127/2127/2127 2128/2128/2128
f 2146/2146/2146 2130/2130/2130 2132/2132/2132
f 2146/2146/2146 2132/2132/2132 2145/2145/2145
f 2146/2146/2146 2129/2129/2129 2133/2133/2133
f 2134/2134/2134 2133/2133/2133 2135/2135/2135
f 2134/2134/2134 2135/2135/2135 2136/2136/2136
f 2148/2148/2148 2147/2147/2147 2137/2137/2137
f 2148/2148/2148 2137/2137/2137 2138/2138/2138
f 2150/2150/2150 2149/2149/2149 2139/2139/2139
f 2150/2150/2150 2139/2139/2139 2140/2140/2140
f 2136/2136/2136 2135/2135/2135 2141/2141/2141
f 2136/2136/2136 2141/2141/2141 2142/2142/2142
f 2140/2140/2140 2139/2139/2139 2143/2143/2143
f 2140/2140/2140 2143/2143/2143 2144/2144/2144
f 2129/2129/2129 2146/2146/2146 2145/2145/2145
f 2129/2129/2129 2145/2145/2145 2131/2131/2131
f 2130/2130/2130 2146/2146/2146 2133/2133/2133
f 2130/2130/2130 2133/2133/2133 2134/2134/2134
f 2142/2142/2142 2141/2141/2141 2147/2147/2147
f 2142/2142/2142 2147/2147/2147 2148/2148/2148
f 2138/2138/2138 2137/2137/2137 2149/2149/2149
f 2138/2138/2138 2149/2149/2149 2150/2150/2150
f 2168/2168/2168 2152/2152/2152 2154/2154/2154
f 2168/2168/2168 2154/2154/2154 2167/2167/2167
f 2168/2168/2168 2151/2151/2151 2155/2155/2155
f 2156/2156/2156 2155/2155/2155 2157/2157/2157
f 2156/2156/2156 2157/2157/2157 2158/2158/2158
f 2170/2170/2170 2169/2169/2169 2159/2159/2159
f 2170/2170/2170 2159/2159/2159 2160/2160/2160
f 2172/2172/2172 2171/2171/2171 2161/2161/2161
f 2172/2172/2172 2161/2161/2161 2162/2162/2162
f 2158/2158/2158 2157/2157/2157 2163/2163/2163
f 2158/2158/2158 2163/2163/2163 2164/2164/2164
f 2162/2162/2162 2161/2161/2161 2165/2165/2165
f 2162/2162/2162 2165/2165/2165 2166/2166/2166
f 2151/2151/2151 2168/2168/2168 2167/2167/2167
f 2151/2151/2151 2167/2167/2167 2153/2153/2153
f 2152/2152/2152 2168/2168/2168 2155/2155/2155
f 2152/2152/2152 2155/2155/2155 2156/2156/2156
f 2164/2164/2164 2163/2163/2163 2169/2169/2169
f 2164/2164/2164 2169/2169/2169 2170/2170/2170
f 2160/2160/2160 2159/2159/2159 2171/2171/2171
f 2160/2160/2160 2171/2171/2171 2172/2172/2172
f 2190/2190/2190 2174/2174/2174 2176/2176/2176
f 2190/2190/2190 2176/2176/2176 2189/2189/2189
f 2190/2190/2190 2173/2173/2173 2177/2177/2177
f 2178/2178/2178 2177/2177/2177 2179/2179/2179
f 2178/2178/2178 2179/2179/2179 2180/2180/2180
f 2192/2192/2192 2191/2191/2191 2181/2181/2181
f 2192/2192/2192 2181/2181/2181 2182/2182/2182
f 2194/2194/2194 2193/2193/2193 2183/2183/2183
f 2194/2194/2194 2183/2183/2183 2184/2184/2184
f 2180/2180/2180 2179/2179/2179 2185/2185/2185
f 2180/2180/2180 2185/2185/2185 2186/2186/2186
f 2184/2184/2184 2183/2183/2183 2187/2187/2187
f 2184/2184/2184 2187/2187/2187 2188/2188/2188
f 2173/2173/2173 2190/2190/2190 2189/2189/2189
f 2173/2173/2173 2189/2189/2189 2175/2175/2175
f 2174/2174/2174 2190/2190/2190 2177/2177/2177
f 2174/2174/2174 2177/2177/2177 2178/2178/2178
f 2186/2186/2186 2185/2185/2185 2191/2191/2191
f 2186/2186/2186 2191/2191/2191 2192/2192/2192
f 2182/2182/2182 2181/2181/2181 2193/2193/2193
f 2182/2182/2182 2193/2193/2193 2194/2194/2194
f 2212/2212/2212 2196/2196/2196 2198/2198/2198
f 2212/2212/2212 2198/2198/2198 2211/2211/2211
f 2212/2212/2212 2195/2195/2195 2199/2199/2199
f 2200/2200/2200 2199/2199/2199 2201/2201/2201
f 2200/2200/2200 2201/2201/2201 2202/2202/2202
f 2214/2214/2214 2213/2213/2213 2203/2203/2203
f 2214/2214/2214 2203/2203/2203 2204/2204/2204
f 2216/2216/2216 2215/2215/2215 2205/2205/2205
f 2216/2216/2216 2205/2205/2205 2206/2206/2206
f 2202/2202/2202 2201/2201/2201 2207/2207/2207
f 2202/2202/2202 2207/2207/2207 2208/2208/2208
f 2206/2206/2206 2205/2205/2205 2209/2209/2209
f 2206/2206/2206 2209/2209/2209 2210/2210/2210
f 2195/2195/2195 2212/2212/2212 2211/2211/2211
f 2195/2195/2195 2211/2211/2211 2197/2197/2197
f 2196/2196/2196 2212/2212/2212 2199/2199/2199
f 2196/2196/2196 2199/2199/2199 2200/2200/2200
f 2208/2208/2208 2207/2207/2207 2213/2213/2213
f 2208/2208/2208 2213/2213/2213 2214/2214/2214
f 2204/2204/2204 2203/2203/2203 2215/2215/2215
f 2204/2204/2204 2215/2215/2215 2216/2216/2216
f 2234/2234/2234 2218/2218/2218 2220/2220/2220
f 2234/2234/2234 2220/2220/2220 2233/2233/2233
f 2234/2234/2234 2217/2217/2217 2221/2221/2221
f 2222/2222/2222 2221/2221/2221 2223/2223/2223
f 2222/2222/2222 2223/2223/2223 2224/2224/2224
f 2236/2236/2236 2235/2235/2235 2225/2225/2225
f 2236/2236/2236 2225/2225/2225 2226/2226/2226
f 2238/2238/2238 2237/2237/2237 2227/2227/2227
f 2238/2238/2238 2227/2227/2227 2228/2228/2228
f 2224/2224/2224 2223/2223/2223 2229/2229/2229
f 2224/2224/2224 2229/2229/2229 2230/2230/2230
f 2228/2228/2228 2227/2227/2227 2231/2231/2231
f 2228/2228/2228 2231/2231/2231 2232/2232/2232
f 2217/2217/2217 2234/2234/2234 2233/2233/2233
f 2217/2217/2217 2233/2233/2233 2219/2219/2219
f 2218/2218/2218 2234/2234/2234 2221/2221/2221
f 2218/2218/2218 2221/2221/2221 2222/2222/2222
f 2230/2230/2230 2229/2229/2229 2235/2235/2235
f 2230/2230/2230 2235/2235/2235 2236/2236/2236
f 2226/2226/2226 2225/2225/2225 2237/2237/2237
f 2226/2226/2226 2237/2237/2237 2238/2238/2238
f 2256/2256/2256 2240/2240/2240 2242/2242/2242
f 2256/2256/2256 2242/2242/2242 2255/2255/2255
f 2256/2256/2256 2239/2239/2239 2243/2243/2243
f 2244/2244/2244 2243/2243/2243 2245/2245/2245
f 2244/2244/2244 2245/2245/2245 2246/2246/2246
f 2258/2258/2258 2257/2257/2257 2247/2247/2247
f 2258/2258/2258 2247/2247/2247 2248/2248/2248
f 2260/2260/2260 2259/2259/2259 2249/2249/2249
f 2260/2260/2260 2249/2249/2249 2250/2250/2250
f 2246/2246/2246 2245/2245/2245 2251/2251/2251
f 2246/2246/2246 2251/2251/2251 2252/2252/2252
f 2250/2250/2250 2249/2249/2249 2253/2253/2253
f 2250/2250/2250 2253/2253/2253 2254/2254/2254
f 2239/2239/2239 2256/2256/2256 2255/2255/2255
f 2239/2239/2239 2255/2255/2255 2241/2241/2241
f 2240/2240/2240 2256/2256/2256 2243/2243/2243
f 2240/2240/2240 2243/2243/2243 2244/2244/2244
f 2252/2252/2252 2251/2251/2251 2257/2257/2257
f 2252/2252/2252 2257/2257/2257 2258/2258/2258
f 2248/2248/2248 2247/2247/2247 2259/2259/2259
f 2248/2248/2248 2259/2259/2259 2260/2260/2260
f 2278/2278/2278 2262/2262/2262 2264/2264/2264
f 2278/2278/2278 2264/2264/2264 2277/2277/2277
f 2278/2278/2278 2261/2261/2261 2265/2265/2265
f 2266/2266/2266 2265/2265/2265 2267/2267/2267
f 2266/2266/2266 2267/2267/2267 2268/2268/2268
f 2280/2280/2280 2279/2279/2279 2269/2269/2269
f 2280/2280/2280 2269/2269/2269 2270/2270/2270
f 2282/2282/2282 2281/2281/2281 2271/2271/2271
f 2282/2282/2282 2271/2271/2271 2272/2272/2272
f 2268/2268/2268 2267/2267/2267 2273/2273/2273
f 2268/2268/2268 2273/2273/2273 2274/2274/2274
f 2272/2272/2272 2271/2271/2271 2275/2275/2275
f 2272/2272/2272 2275/2275/2275 2276/2276/2276
f 2261/2261/2261 2278/2278/2278 2277/2277/2277
f 2261/2261/2261 2277/2277/2277 2263/2263/2263
f 2262/2262/2262 2278/2278/2278 2265/2265/2265
f 2262/2262/2262 2265/2265/2265 2266/2266/2266
f 2274/2274/2274 2273/2273/2273 2279/2279/2279
f 2274/2274/2274 2279/2279/2279 2280/2280/2280
f 2270/2270/2270 2269/2269/2269 2281/2281/2281
f 2270/2270/2270 2281/2281/2281 2282/2282/2282
f 2300/2300/2300 2284/2284/2284 2286/2286/2286
f 2300/2300/2300 2286/2286/2286 2299/2299/2299
f 2300/2300/2300 2283/2283/2283 2287/2287/2287
f 2288/2288/2288 2287/2287/2287 2289/2289/2289
f 2288/2288/2288 2289/2289/2289 2290/2290/2290
f 2302/2302/2302 2301/2301/2301 2291/2291/2291
f 2302/2302/2302 2291/2291/2291 2292/2292/2292
f 2304/2304/2304 2303/2303/2303 2293/2293/2293
f 2304/2304/2304 2293/2293/2293 2294/2294/2294
f 2290/2290/2290 2289/2289/2289 2295/2295/2295
f 2290/2290/2290 2295/2295/2295 2296/2296/2296
f 2294/2294/2294 2293/2293/2293 2297/2297/2297
f 2294/2294/2294 2297/2297/2297 2298/2298/2298
f 2283/2283/2283 2300/2300/2300 2299/2299/2299
f 2283/2283/2283 2299/2299/2299 2285/2285/2285
f 2284/2284/2284 2300/2300/2300 2287/2287/2287
f 2284/2284/2284 2287/2287/2287 2288/2288/2288
f 2296/2296/2296 2295/2295/2295 2301/2301/2301
f 2296/2296/2296 2301/2301/2301 2302/2302/2302
f 2292/2292/2292 2291/2291/2291 2303/2303/2303
f 2292/2292/2292 2303/2303/2303 2304/2304/2304
f 2322/2322/2322 2306/2306/2306 2308/2308/2308
f 2322/2322/2322 2308/2308/2308 2321/2321/2321
f 2322/2322/2322 2305/2305/2305 2309/2309/2309
f 2310/2310/2310 2309/2309/2309 2311/2311/2311
f 2310/2310/2310 2311/2311/2311 2312/2312/2312
f 2324/2324/2324 2323/2323/2323 2313/2313/2313
f 2324/2324/2324 2313/2313/2313 2314/2314/2314
f 2326/2326/2326 2325/2325/2325 2315/2315/2315
f 2326/2326/2326 2315/2315/2315 2316/2316/2316
f 2312/2312/2312 2311/2311/2311 2317/2317/2317
f 2312/2312/2312 2317/2317/2317 2318/2318/2318
f 2316/2316/2316 2315/2315/2315 2319/2319/2319
f 2316/2316/2316 2319/2319/2319 2320/2320/2320
f 2305/2305/2305 2322/2322/2322 2321/2321/2321
f 2305/2305/2305 2321/2321/2321 2307/2307/2307
f 2306/2306/2306 2322/2322/2322 2309/2309/2309
f 2306/2306/2306 2309/2309/2309 2310/2310/2310
f 2318/2318/2318 2317/2317/2317 2323/2323/2323
f 2318/2318/2318 2323/2323/2323 2324/2324/2324
f 2314/2314/2314 2313/2313/2313 2325/2325/2325
f 2314/2314/2314 2325/2325/2325 2326/2326/2326
f 2344/2344/2344 2328/2328/2328 2330/2330/2330
f 2344/2344/2344 2330/2330/2330 2343/2343/2343
f 2344/2344/2344 2327/2327/2327 2331/2331/2331
f 2332/2332/2332 2331/2331/2331 2333/2333/2333
f 2332/2332/2332 2333/2333/2333 2334/2334/2334
f 2346/2346/2346 2345/2345/2345 2335/2335/2335
f 2346/2346/2346 2335/2335/2335 2336/2336/2336
f 2348/2348/2348 2347/2347/2347 2337/2337/2337
f 2348/2348/2348 2337/2337/2337 2338/2338/2338
f 2334/2334/2334 2333/2333/2333 2339/2339/2339
f 2334/2334/2334 2339/2339/2339 2340/2340/2340
f 2338/2338/2338 2337/2337/2337 2341/2341/2341
f 2338/2338/2338 2341/2341/2341 2342/2342/2342
f 2327/2327/2327 2344/2344/2344 2343/2343/2343
f 2327/2327/2327 2343/2343/2343 2329/2329/2329
f 2328/2328/2328 2344/2344/2344 2331/2331/2331
f 2328/2328/2328 2331/2331/2331 2332/2332/2332
f 2340/2340/2340 2339/2339/2339 2345/2345/2345
f 2340/2340/2340 2345/2345/2345 2346/2346/2346
f 2336/2336/2336 2335/2335/2335 2347/2347/2347
f 2336/2336/2336 2347/2347/2347 2348/2348/2348
f 2366/2366/2366 2350/2350/2350 2352/2352/2352
f 2366/2366/2366 2352/2352/2352 2365/2365/2365
f 2366/2366/2366 2349/2349/2349 2353/2353/2353
f 2354/2354/2354 2353/2353/2353 2355/2355/2355
f 2354/2354/2354 2355/2355/2355 2356/2356/2356
f 2368/2368/2368 2367/2367/2367 2357/2357/2357
f 2368/2368/2368 2357/2357/2357 2358/2358/2358
f 2370/2370/2370 2369/2369/2369 2359/2359/2359
f 2370/2370/2370 2359/2359/2359 2360/2360/2360
f 2356/2356/2356 2355/2355/2355 2361/2361/2361
f 2356/2356/2356 2361/2361/2361 2362/2362/2362
f 2360/2360/2360 2359/2359/2359 2363/2363/2363
f 2360/2360/2360 2363/2363/2363 2364/2364/2364
f 2349/2349/2349 2366/2366/2366 2365/2365/2365
f 2349/2349/2349 2365/2365/2365 2351/2351/2351
f 2350/2350/2350 2366/2366/2366 2353/2353/2353
f 2350/2350/2350 2353/2353/2353 2354/2354/2354
f 2362/2362/2362 2361/2361/2361 2367/2367/2367
f 2362/2362/2362 2367/2367/2367 2368/2368/2368
f 2358/2358/2358 2357/2357/2357 2369/2369/2369
f 2358/2358/2358 2369/2369/2369 2370/2370/2370
f 2388/2388/2388 2372/2372/2372 2374/2374/2374
f 2388/2388/2388 2374/2374/2374 2387/2387/2387
f 2388/2388/2388 2371/2371/2371 2375/2375/2375
f 2376/2376/2376 2375/2375/2375 2377/2377/2377
f 2376/2376/2376 2377/2377/2377 2378/2378/2378
f 2390/2390/2390 2389/2389/2389 2379/2379/2379
f 2390/2390/2390 2379/2379/2379 2380/2380/2380
f 2392/2392/2392 2391/2391/2391 2381/2381/2381
f 2392/2392/2392 2381/2381/2381 2382/2382/2382
f 2378/2378/2378 2377/2377/2377 2383/2383/2383
f 2378/2378/2378 2383/2383/2383 2384/2384/2384
f 2382/2382/2382 2381/2381/2381 2385/2385/2385
f 2382/2382/2382 2385/2385/2385 2386/2386/2386
f 2371/2371/2371 2388/2388/2388 2387/2387/2387
f 2371/2371/2371 2387/2387/2387 2373/2373/2373
f 2372/2372/2372 2388/2388/2388 2375/2375/2375
f 2372/2372/2372 2375/2375/2375 2376/2376/2376
f 2384/2384/2384 2383/2383/2383 2389/2389/2389
f 2384/2384/2384 2389/2389/2389 2390/2390/2390
f 2380/2380/2380 2379/2379/2379 2391/2391/2391
f 2380/2380/2380 2391/2391/2391 2392/2392/2392
f 2410/2410/2410 2394/2394/2394 2396/2396/2396
f 2410/2410/2410 2396/2396/2396 2409/2409/2409
f 2410/2410/2410 2393/2393/2393 2397/2397/2397
f 2398/2398/2398 2397/2397/2397 2399/2399/2399
f 2398/2398/2398 2399/2399/2399 2400/2400/2400
f 2412/2412/2412 2411/2411/2411 2401/2401/2401
f 2412/2412/2412 2401/2401/2401 2402/2402/2402
f 2414/2414/2414 2413/2413/2413 2403/2403/2403
f 2414/2414/2414 2403/2403/2403 2404/2404/2404
f 2400/2400/2400 2399/2399/2399 2405/2405/2405
f 2400/2400/2400 2405/2405/2405 2406/2406/2406
f 2404/2404/2404 2403/2403/2403 2407/2407/2407
f 2404/2404/2404 2407/2407/2407 2408/2408/2408
f 2393/2393/2393 2410/2410/2410 2409/2409/2409
f 2393/2393/2393 2409/2409/2409 2395/2395/2395
f 2394/2394/2394 2410/2410/2410 2397/2397/2397
f 2394/2394/2394 2397/2397/2397 2398/2398/2398
f 2406/2406/2406 2405/2405/2405 2411/2411/2411
f 2406/2406/2406 2411/2411/2411 2412/2412/2412
f 2402/2402/2402 2401/2401/2401 2413/2413/2413
f 2402/2402/2402 2413/2413/2413 2414/2414/2414
f 2432/2432/2432 2416/2416/2416 2418/2418/2418
f 2432/2432/2432 2418/2418/2418 2431/2431/2431
f 2432/2432/2432 2415/2415/2415 2419/2419/2419
f 2420/2420/2420 2419/2419/2419 2421/2421/2421
f 2420/2420/2420 2421/2421/2421 2422/2422/2422
f 2434/2434/2434 2433/2433/2433 2423/2423/2423
f 2434/2434/2434 2423/2423/2423 2424/2424/2424
f 2436/2436/2436 2435/2435/2435 2425/2425/2425
f 2436/2436/2436 2425/2425/2425 2426/2426/2426
f 2422/2422/2422 2421/2421/2421 2427/2427/2427
f 2422/2422/2422 2427/2427/2427 2428/2428/2428
f 2426/2426/2426 2425/2425/2425 2429/2429/2429
f 2426/2426/2426 2429/2429/2429 2430/2430/2430
f 2415/2415/2415 2432/2432/2432 2431/2431/2431
f 2415/2415/2415 2431/2431/2431 2417/2417/2417
f 2416/2416/2416 2432/2432/2432 2419/2419/2419
f 2416/2416/2416 2419/2419/2419 2420/2420/2420
f 2428/2428/2428 2427/2427/2427 2433/2433/2433
f 2428/2428/2428 2433/2433/2433 2434/2434/2434
f 2424/2424/2424 2423/2423/2423 2435/2435/2435
f 2424/2424/2424 2435/2435/2435 2436/2436/2436
f 2454/2454/2454 2438/2438/2438 2440/2440/2440
f 2454/2454/2454 2440/2440/2440 2453/2453/2453
f 2454/2454/2454 2437/2437/2437 2441/2441/2441
f 2442/2442/2442 2441/2441/2441 2443/2443/2443
f 2442/2442/2442 2443/2443/2443 2444/2444/2444
f 2456/2456/2456 2455/2455/2455 2445/2445/2445
f 2456/2456/2456 2445/2445/2445 2446/2446/2446
f 2458/2458/2458 2457/2457/2457 2447/2447/2447
f 2458/2458/2458 2447/2447/2447 2448/2448/2448
f 2444/2444/2444 2443/2443/2443 2449/2449/2449
f 2444/2444/2444 2449/2449/2449 2450/2450/2450
f 2448/2448/2448 2447/2447/2447 2451/2451/2451
f 2448/2448/2448 2451/2451/2451 2452/2452/2452
f 2437/2437/2437 2454/2454/2454 2453/2453/2453
f 2437/2437/2437 2453/2453/2453 2439/2439/2439
f 2438/2438/2438 2454/2454/2454 2441/2441/2441
f 2438/2438/2438 2441/2441/2441 2442/2442/2442
f 2450/2450/2450 2449/2449/2449 2455/2455/2455
f 2450/2450/2450 2455/2455/2455 2456/2456/2456
f 2446/2446/2446 2445/2445/2445 2457/2457/2457
f 2446/2446/2446 2457/2457/2457 2458/2458/2458
f 2476/2476/2476 2460/2460/2460 2462/2462/2462
f 2476/2476/2476 2462/2462/2462 2475/2475/2475
f 2476/2476/2476 2459/2459/2459 2463/2463/2463
f 2464/2464/2464 2463/2463/2463 2465/2465/2465
f 2464/2464/2464 2465/2465/2465 2466/2466/2466
f 2478/2478/2478 2477/2477/2477 2467/2467/2467
f 2478/2478/2478 2467/2467/2467 2468/2468/2468
f 2480/2480/2480 2479/2479/2479 2469/2469/2469
f 2480/2480/2480 2469/2469/2469 2470/2470/2470
f 2466/2466/2466 2465/2465/2465 2471/2471/2471
f 2466/2466/2466 2471/2471/2471 2472/2472/2472
f 2470/2470/2470 2469/2469/2469 2473/2473/2473
f 2470/2470/2470 2473/2473/2473 2474/2474/2474
f 2459/2459/2459 2476/2476/2476 2475/2475/2475
f 2459/2459/2459 2475/2475/2475 2461/2461/2461
f 2460/2460/2460 2476/2476/2476 2463/2463/2463
f 2460/2460/2460 2463/2463/2463 2464/2464/2464
f 2472/2472/2472 2471/2471/2471 2477/2477/2477
f 2472/2472/2472 2477/2477/2477 2478/2478/2478
f 2468/2468/2468 2467/2467/2467 2479/2479/2479
f 2468/2468/2468 2479/2479/2479 2480/2480/2480
f 2498/2498/2498 2482/2482/2482 2484/2484/2484
f 2498/2498/2498 2484/2484/2484 2497/2497/2497
f 2498/2498/2498 2481/2481/2481 2485/2485/2485
f 2486/2486/2486 2485/2485/2485 2487/2487/2487
f 2486/2486/2486 2487/2487/2487 2488/2488/2488
f 2500/2500/2500 2499/2499/2499 2489/2489/2489
f 2500/2500/2500 2489/2489/2489 2490/2490/2490
f 2502/2502/2502 2501/2501/2501 2491/2491/2491
f 2502/2502/2502 2491/2491/2491 2492/2492/2492
f 2488/2488/2488 2487/2487/2487 2493/2493/2493
f 2488/2488/2488 2493/2493/2493 2494/2494/2494
f 2492/2492/2492 2491/2491/2491 2495/2495/2495
f 2492/2492/2492 2495/2495/2495 2496/2496/2496
f 2481/2481/2481 2498/2498/2498 2497/2497/2497
f 2481/2481/2481 2497/2497/2497 2483/2483/2483
f 2482/2482/2482 2498/2498/2498 2485/2485/2485
f 2482/2482/2482 2485/2485/2485 2486/2486/2486
f 2494/2494/2494 2493/2493/2493 2499/2499/2499
f 2494/2494/2494 2499/2499/2499 2500/2500/2500
f 2490/2490/2490 2489/2489/2489 2501/2501/2501
f 2490/2490/2490 2501/2501/2501 2502/2502/2502
f 2520/2520/2520 2504/2504/2504 2506/2506/2506
f 2520/2520/2520 2506/2506/2506 2519/2519/2519
f 2520/2520/2520 2503/2503/2503 2507/2507/2507
f 2508/2508/2508 2507/2507/2507 2509/2509/2509
f 2508/2508/2508 2509/2509/2509 2510/2510/2510
f 2522/2522/2522 2521/2521/2521 2511/2511/2511
f 2522/2522/2522 2511/2511/2511 2512/2512/2512
f 2524/2524/2524 2523/2523/2523 2513/2513/2513
f 2524/2524/2524 2513/2513/2513 2514/2514/2514
f 2510/2510/2510 2509/2509/2509 2515/2515/2515
f 2510/2510/2510 2515/2515/2515 2516/2516/2516
f 2514/2514/2514 2513/2513/2513 2517/2517/2517
f 2514/2514/2514 2517/2517/2517 2518/2518/2518
f 2503/2503/2503 2520/2520/2520 2519/2519/2519
f 2503/2503/2503 2519/2519/2519 2505/2505/2505
f 2504/2504/2504 2520/2520/2520 2507/2507/2507
f 2504/2504/2504 2507/2507/2507 2508/2508/2508
f 2516/2516/2516 2515/2515/2515 2521/2521/2521
f 2516/2516/2516 2521/2521/2521 2522/2522/2522
f 2512/2512/2512 2511/2511/2511 2523/2523/2523
f 2512/2512/2512 2523/2523/2523 2524/2524/2524
f 2542/2542/2542 2526/2526/2526 2528/2528/2528
f 2542/2542/2542 2528/2528/2528 2541/2541/2541
f 2542/2542/2542 2525/2525/2525 2529/2529/2529
f 2530/2530/2530 2529/2529/2529 2531/2531/2531
f 2530/2530/2530 2531/2531/2531 2532/2532/2532
f 2544/2544/2544 2543/2543/2543 2533/2533/2533
f 2544/2544/2544 2533/2533/2533 2534/2534/2534
f 2546/2546/2546 2545/2545/2545 2535/2535/2535
f 2546/2546/2546 2535/2535/2535 2536/2536/2536
f 2532/2532/2532 2531/2531/2531 2537/2537/2537
f 2532/2532/2532 2537/2537/2537 2538/2538/2538
f 2536/2536/2536 2535/2535/2535 2539/2539/2539
f 2536/2536/2536 2539/2539/2539 2540/2540/2540
f 2525/2525/2525 2542/2542/2542 2541/2541/2541
f 2525/2525/2525 2541/2541/2541 2527/2527/2527
f 2526/2526/2526 2542/2542/2542 2529/2529/2529
f 2526/2526/2526 2529/2529/2529 2530/2530/2530
f 2538/2538/2538 2537/2537/2537 2543/2543/2543
f 2538/2538/2538 2543/2543/2543 2544/2544/2544
f 2534/2534/2534 2533/2533/2533 2545/2545/2545
f 2534/2534/2534 2545/2545/2545 2546/2546/2546
f 2564/2564/2564 2548/2548/2548 2550/2550/2550
f 2564/2564/2564 2550/2550/2550 2563/2563/2563
f 2564/2564/2564 2547/2547/2547 2551/2551/2551
f 2552/2552/2552 2551/2551/2551 2553/2553/2553
f 2552/2552/2552 2553/2553/2553 2554/2554/2554
f 2566/2566/2566 2565/2565/2565 2555/2555/2555
f 2566/2566/2566 2555/2555/2555 2556/2556/2556
f 2568/2568/2568 2567/2567/2567 2557/2557/2557
f 2568/2568/2568 2557/2557/2557 2558/2558/2558
f 2554/2554/2554 2553/2553/2553 2559/2559/2559
f 2554/2554/2554 2559/2559/2559 2560/2560/2560
f 2558/2558/2558 2557/2557/2557 2561/2561/2561
f 2558/2558/2558 2561/2561/2561 2562/2562/2562
f 2547/2547/2547 2564/2564/2564 2563/2563/2563
f 2547/2547/2547 2563/2563/2563 2549/2549/2549
f 2548/2548/2548 2564/2564/2564 2551/2551/2551
f 2548/2548/2548 2551/2551/2551 2552/2552/2552
f 2560/2560/2560 2559/2559/2559 2565/2565/2565
f 2560/2560/2560 2565/2565/2565 2566/2566/2566
f 2556/2556/2556 2555/2555/2555 2567/2567/2567
f 2556/2556/2556 2567/2567/2567 2568/2568/2568
f 2586/2586/2586 2570/2570/2570 2572/2572/2572
f 2586/2586/2586 2572/2572/2572 2585/2585/2585
f 2586/2586/2586 2569/2569/2569 2573/2573/2573
f 2574/2574/2574 2573/2573/2573 2575/2575/2575
f 2574/2574/2574 2575/2575/2575 2576/2576/2576
f 2588/2588/2588 2587/2587/2587 2577/2577/2577
f 2588/2588/2588 2577/2577/2577 2578/2578/2578
f 2590/2590/2590 2589/2589/2589 2579/2579/2579
f 2590/2590/2590 2579/2579/2579 2580/2580/2580
f 2576/2576/2576 2575/2575/2575 2581/2581/2581
f 2576/2576/2576 2581/2581/2581 2582/2582/2582
f 2580/2580/2580 2579/2579/2579 2583/2583/2583
f 2580/2580/2580 2583/2583/2583 2584/2584/2584
f 2569/2569/2569 2586/2586/2586 2585/2585/2585
f 2569/2569/2569 2585/2585/2585 2571/2571/2571
f 2570/2570/2570 2586/2586/2586 2573/2573/2573
f 2570/2570/2570 2573/2573/2573 2574/2574/2574
f 2582/2582/2582 2581/2581/2581 2587/2587/2587
f 2582/2582/2582 2587/2587/2587 2588/2588/2588
f 2578/2578/2578 2577/2577/2577 2589/2589/2589
f 2578/2578/2578 2589/2589/2589 2590/2590/2590
f 2608/2608/2608 2592/2592/2592 2594/2594/2594
f 2608/2608/2608 2594/2594/2594 2607/2607/2607
f 2608/2608/2608 2591/2591/2591 2595/2595/2595
f 2596/2596/2596 2595/2595/2595 2597/2597/2597
f 2596/2596/2596 2597/2597/2597 2598/2598/2598
f 2610/2610/2610 2609/2609/2609 2599/2599/2599
f 2610/2610/2610 2599/2599/2599 2600/2600/2600
f 2612/2612/2612 2611/2611/2611 2601/2601/2601
f 2612/2612/2612 2601/2601/2601 2602/2602/2602
f 2598/2598/2598 2597/2597/2597 2603/2603/2603
f 2598/2598/2598 2603/2603/2603 2604/2604/2604
f 2602/2602/2602 2601/2601/2601 2605/2605/2605
f 2602/2602/2602 2605/2605/2605 2606/2606/2606
f 2591/2591/2591 2608/2608/2608 2607/2607/2607
f 2591/2591/2591 2607/2607/2607 2593/2593/2593
f 2592/2592/2592 2608/2608/2608 2595/2595/2595
f 2592/2592/2592 2595/2595/2595 2596/2596/2596
f 2604/2604/2604 2603/2603/2603 2609/2609/2609
f 2604/2604/2604 2609/2609/2609 2610/2610/2610
f 2600/2600/2600 2599/2599/2599 2611/2611/2611
f 2600/2600/2600 2611/2611/2611 2612/2612/2612
f 2630/2630/2630 2614/2614/2614 2616/2616/2616
f 2630/2630/2630 2616/2616/2616 2629/2629/2629
f 2630/2630/2630 2613/2613/2613 2617/2617/2617
f 2618/2618/2618 2617/2617/2617 2619/2619/2619
f 2618/2618/2618 2619/2619/2619 2620/2620/2620
f 2632/2632/2632 2631/2631/2631 2621/2621/2621
f 2632/2632/2632 2621/2621/2621 2622/2622/2622
f 2634/2634/2634 2633/2633/2633 2623/2623/2623
f 2634/2634/2634 2623/2623/2623 2624/2624/2624
f 2620/2620/2620 2619/2619/2619 2625/2625/2625
f 2620/2620/2620 2625/2625/2625 2626/2626/2626
f 2624/2624/2624 2623/2623/2623 2627/2627/2627
f 2624/2624/2624 2627/2627/2627 2628/2628/2628
f 2613/2613/2613 2630/2630/2630 2629/2629/2629
f 2613/2613/2613 2629/2629/2629 2615/2615/2615
f 2614/2614/2614 2630/2630/2630 2617/2617/2617
f 2614/2614/2614 2617/2617/2617 2618/2618/2618
f 2626/2626/2626 2625/2625/2625 2631/2631/2631
f 2626/2626/2626 2631/2631/2631 2632/2632/2632
f 2622/2622/2622 2621/2621/2621 2633/2633/2633
f 2622/2622/2622 2633/2633/2633 2634/2634/2634
f 2652/2652/2652 2636/2636/2636 2638/2638/2638
f 2652/2652/2652 2638/2638/2638 2651/2651/2651
f 2652/2652/2652 2635/2635/2635 2639/2639/2639
f 2640/2640/2640 2639/2639/2639 2641/2641/2641
f 2640/2640/2640 2641/2641/2641 2642/2642/2642
f 2654/2654/2654 2653/2653/2653 2643/2643/2643
f 2654/2654/2654 2643/2643/2643 2644/2644/2644
f 2656/2656/2656 2655/2655/2655 2645/2645/2645
f 2656/2656/2656 2645/2645/2645 2646/2646/2646
f 2642/2642/2642 2641/2641/2641 2647/2647/2647
f 2642/2642/2642 2647/2647/2647 2648/2648/2648
f 2646/2646/2646 2645/2645/2645 2649/2649/2649
f 2646/2646/2646 2649/2649/2649 2650/2650/2650
f 2635/2635/2635 2652/2652/2652 2651/2651/2651
f 2635/2635/2635 2651/2651/2651 2637/2637/2637
f 2636/2636/2636 2652/2652/2652 2639/2639/2639
f 2636/2636/2636 2639/2639/2639 2640/2640/2640
f 2648/2648/2648 2647/2647/2647 2653/2653/2653
f 2648/2648/2648 2653/2653/2653 2654/2654/2654
f 2644/2644/2644 2643/2643/2643 2655/2655/2655
f 2644/2644/2644 2655/2655/2655 2656/2656/2656
f 2674/2674/2674 2658/2658/2658 2660/2660/2660
f 2674/2674/2674 2660/2660/2660 2673/2673/2673
f 2674/2674/2674 2657/2657/2657 2661/2661/2661
f 2662/2662/2662 2661/2661/2661 2663/2663/2663
f 2662/2662/2662 2663/2663/2663 2664/2664/2664
f 2676/2676/2676 2675/2675/2675 2665/2665/2665
f 2676/2676/2676 2665/2665/2665 2666/2666/2666
f 2678/2678/2678 2677/2677/2677 2667/2667/2667
f 2678/2678/2678 2667/2667/2667 2668/2668/2668
f 2664/2664/2664 2663/2663/2663 2669/2669/2669
f 2664/2664/2664 2669/2669/2669 2670/2670/2670
f 2668/2668/2668 2667/2667/2667 2671/2671/2671
f 2668/2668/2668 2671/2671/2671 2672/2672/2672
f 2657/2657/2657 2674/2674/2674 2673/2673/2673
f 2657/2657/2657 2673/2673/2673 2659/2659/2659
f 2658/2658/2658 2674/2674/2674 2661/2661/2661
f 2658/2658/2658 2661/2661/2661 2662/2662/2662
f 2670/2670/2670 2669/2669/2669 2675/2675/2675
f 2670/2670/2670 2675/2675/2675 2676/2676/2676
f 2666/2666/2666 2665/2665/2665 2677/2677/2677
f 2666/2666/2666 2677/2677/2677 2678/2678/2678
f 2696/2696/2696 2680/2680/2680 2682/2682/2682
f 2696/2696/2696 2682/2682/2682 2695/2695/2695
f 2696/2696/2696 2679/2679/2679 2683/2683/2683
f 2684/2684/2684 2683/2683/2683 2685/2685/2685
f 2684/2684/2684 2685/2685/2685 2686/2686/2686
f 2698/2698/2698 2697/2697/2697 2687/2687/2687
f 2698/2698/2698 2687/2687/2687 2688/2688/2688
f 2700/2700/2700 2699/2699/2699 2689/2689/2689
f 2700/2700/2700 2689/2689/2689 2690/2690/2690
f 2686/2686/2686 2685/2685/2685 2691/2691/2691
f 2686/2686/2686 2691/2691/2691 2692/2692/2692
f 2690/2690/2690 2689/2689/2689 2693/2693/2693
f 2690/2690/2690 2693/2693/2693 2694/2694/2694
f 2679/2679/2679 2696/2696/2696 2695/2695/2695
f 2679/2679/2679 2695/2695/2695 2681/2681/2681
f 2680/2680/2680 2696/2696/2696 2683/2683/2683
f 2680/2680/2680 2683/2683/2683 2684/2684/2684
f 2692/2692/2692 2691/2691/2691 2697/2697/2697
f 2692/2692/2692 2697/2697/2697 2698/2698/2698
f 2688/2688/2688 2687/2687/2687 2699/2699/2699
f 2688/2688/2688 2699/2699/2699 2700/2700/2700
f 2718/2718/2718 2702/2702/2702 2704/2704/2704
f 2718/2718/2718 2704/2704/2704 2717/2717/2717
f 2718/2718/2718 2701/2701/2701 2705/2705/2705
f 2706/2706/2706 2705/2705/2705 2707/2707/2707
f 2706/2706/2706 2707/2707/2707 2708/2708/2708
f 2720/2720/2720 2719/2719/2719 2709/2709/2709
f 2720/2720/2720 2709/2709/2709 2710/2710/2710
f 2722/2722/2722 2721/2721/2721 2711/2711/2711
f 2722/2722/2722 2711/2711/2711 2712/2712/2712
f 2708/2708/2708 2707/2707/2707 2713/2713/2713
f 2708/2708/2708 2713/2713/2713 2714/2714/2714
f 2712/2712/2712 2711/2711/2711 2715/2715/2715
f 2712/2712/2712 2715/2715/2715 2716/2716/2716
f 2701/2701/2701 2718/2718/2718 2717/2717/2717
f 2701/2701/2701 2717/2717/2717 2703/2703/2703
f 2702/2702/2702 2718/2718/2718 2705/2705/2705
f 2702/2702/2702 2705/2705/2705 2706/2706/2706
f 2714/2714/2714 2713/2713/2713 2719/2719/2719
f 2714/2714/2714 2719/2719/2719 2720/2720/2720
f 2710/2710/2710 2709/2709/2709 2721/2721/2721
f 2710/2710/2710 2721/2721/2721 2722/2722/2722
f 2740/2740/2740 2724/2724/2724 2726/2726/2726
f 2740/2740/2740 2726/2726/2726 2739/2739/2739
f 2740/2740/2740 2723/2723/2723 2727/2727/2727
f 2728/2728/2728 2727/2727/2727 2729/2729/2729
f 2728/2728/2728 2729/2729/2729 2730/2730/2730
f 2742/2742/2742 2741/2741/2741 2731/2731/2731
f 2742/2742/2742 2731/2731/2731 2732/2732/2732
f 2744/2744/2744 2743/2743/2743 2733/2733/2733
f 2744/2744/2744 2733/2733/2733 2734/2734/2734
f 2730/2730/2730 2729/2729/2729 2735/2735/2735
f 2730/2730/2730 2735/2735/2735 2736/2736/2736
f 2734/2734/2734 2733/2733/2733 2737/2737/2737
f 2734/2734/2734 2737/2737/2737 2738/2738/2738
f 2723/2723/2723 2740/2740/2740 2739/2739/2739
f 2723/2723/2723 2739/2739/2739 2725/2725/2725
f 2724/2724/2724 2740/2740/2740 2727/2727/2727
f 2724/2724/2724 2727/2727/2727 2728/2728/2728
f 2736/2736/2736 2735/2735/2735 2741/2741/2741
f 2736/2736/2736 2741/2741/2741 2742/2742/2742
f 2732/2732/2732 2731/2731/2731 2743/2743/2743
f 2732/2732/2732 2743/2743/2743 2744/2744/2744
f 2762/2762/2762 2746/2746/2746 2748/2748/2748
f 2762/2762/2762 2748/2748/2748 2761/2761/2761
f 2762/2762/2762 2745/2745/2745 2749/2749/2749
f 2750/2750/2750 2749/2749/2749 2751/2751/2751
f 2750/2750/2750 2751/2751/2751 2752/2752/2752
f 2764/2764/2764 2763/2763/2763 2753/2753/2753
f 2764/2764/2764 2753/2753/2753 2754/2754/2754
f 2766/2766/2766 2765/2765/2765 2755/2755/2755
f 2766/2766/2766 2755/2755/2755 2756/2756/2756
f 2752/2752/2752 2751/2751/2751 2757/2757/2757
f 2752/2752/2752 2757/2757/2757 2758/2758/2758
f 2756/2756/2756 2755/2755/2755 2759/2759/2759
f 2756/2756/2756 2759/2759/2759 2760/2760/2760
f 2745/2745/2745 2762/2762/2762 2761/2761/2761
f 2745/2745/2745 2761/2761/2761 2747/2747/2747
f 2746/2746/2746 2762/2762/2762 2749/2749/2749
f 2746/2746/2746 2749/2749/2749 2750/2750/2750
f 2758/2758/2758 2757/2757/2757 2763/2763/2763
f 2758/2758/2758 2763/2763/2763 2764/2764/2764
f 2754/2754/2754 2753/2753/2753 2765/2765/2765
f 2754/2754/2754 2765/2765/2765 2766/2766/2766
f 2784/2784/2784 2768/2768/2768 2770/2770/2770
f 2784/2784/2784 2770/2770/2770 2783/2783/2783
f 2784/2784/2784 2767/2767/2767 2771/2771/2771
f 2772/2772/2772 2771/2771/2771 2773/2773/2773
f 2772/2772/2772 2773/2773/2773 2774/2774/2774
f 2786/2786/2786 2785/2785/2785 2775/2775/2775
f 2786/2786/2786 2775/2775/2775 2776/2776/2776
f 2788/2788/2788 2787/2787/2787 2777/2777/2777
f 2788/2788/2788 2777/2777/2777 2778/2778/2778
f 2774/2774/2774 2773/2773/2773 2779/2779/2779
f 2774/2774/2774 2779/2779/2779 2780/2780/2780
f 2778/2778/2778 2777/2777/2777 2781/2781/2781
f 2778/2778/2778 2781/2781/2781 2782/2782/2782
f 2767/2767/2767 2784/2784/2784 2783/2783/2783
f 2767/2767/2767 2783/2783/2783 2769/2769/2769
f 2768/2768/2768 2784/2784/2784 2771/2771/2771
f 2768/2768/2768 2771/2771/2771 2772/2772/2772
f 2780/2780/2780 2779/2779/2779 2785/2785/2785
f 2780/2780/2780 2785/2785/2785 2786/2786/2786
f 2776/2776/2776 2775/2775/2775 2787/2787/2787
f 2776/2776/2776 2787/2787/2787 2788/2788/2788
f 2806/2806/2806 2790/2790/2790 2792/2792/2792
f 2806/2806/2806 2792/2792/2792 2805/2805/2805
f 2806/2806/2806 2789/2789/2789 2793/2793/2793
f 2794/2794/2794 2793/2793/2793 2795/2795/2795
f 2794/2794/2794 2795/2795/2795 2796/2796/2796
f 2808/2808/2808 2807/2807/2807 2797/2797/2797
f 2808/2808/2808 2797/2797/2797 2798/2798/2798
f 2810/2810/2810 2809/2809/2809 2799/2799/2799
f 2810/2810/2810 2799/2799/2799 2800/2800/2800
f 2796/2796/2796 2795/2795/2795 2801/2801/2801
f 2796/2796/2796 2801/2801/2801 2802/2802/2802
f 2800/2800/2800 2799/2799/2799 2803/2803/2803
f 2800/2800/2800 2803/2803/2803 2804/2804/2804
f 2789/2789/2789 2806/2806/2806 2805/2805/2805
f 2789/2789/2789 2805/2805/2805 2791/2791/2791
f 2790/2790/2790 2806/2806/2806 2793/2793/2793
f 2790/2790/2790 2793/2793/2793 2794/2794/2794
f 2802/2802/2802 2801/2801/2801 2807/2807/2807
f 2802/2802/2802 2807/2807/2807 2808/2808/2808
f 2798/2798/2798 2797/2797/2797 2809/2809/2809
f 2798/2798/2798 2809/2809/2809 2810/2810/2810
f 2828/2828/2828 2812/2812/2812 2814/2814/2814
f 2828/2828/2828 2814/2814/2814 2827/2827/2827
f 2828/2828/2828 2811/2811/2811 2815/2815/2815
f 2816/2816/2816 2815/2815/2815 2817/2817/2817
f 2816/2816/2816 2817/2817/2817 2818/2818/2818
f 2830/2830/2830 2829/2829/2829 2819/2819/2819
f 2830/2830/2830 2819/2819/2819 2820/2820/2820
f 2832/2832/2832 2831/2831/2831 2821/2821/2821
f 2832/2832/2832 2821/2821/2821 2822/2822/2822
f 2818/2818/2818 2817/2817/2817 2823/2823/2823
f 2818/2818/2818 2823/2823/2823 2824/2824/2824
f 2822/2822/2822 2821/2821/2821 2825/2825/2825
f 2822/2822/2822 2825/2825/2825 2826/2826/2826
f 2811/2811/2811 2828/2828/2828 2827/2827/2827
f 2811/2811/2811 2827/2827/2827 2813/2813/2813
f 2812/2812/2812 2828/2828/2828 2815/2815/2815
f 2812/2812/2812 2815/2815/2815 2816/2816/2816
f 2824/2824/2824 2823/2823/2823 2829/2829/2829
f 2824/2824/2824 2829/2829/2829 2830/2830/2830
f 2820/2820/2820 2819/2819/2819 2831/2831/2831
f 2820/2820/2820 2831/2831/2831 2832/2832/2832
f 2850/2850/2850 2834/2834/2834 2836/2836/2836
f 2850/2850/2850 2836/2836/2836 2849/2849/2849
f 2850/2850/2850 2833/2833/2833 2837/2837/2837
f 2838/2838/2838 2837/2837/2837 2839/2839/2839
f 2838/2838/2838 2839/2839/2839 2840/2840/2840
f 2852/2852/2852 2851/2851/2851 2841/2841/2841
f 2852/2852/2852 2841/2841/2841 2842/2842/2842
f 2854/2854/2854 2853/2853/2853 2843/2843/2843
f 2854/2854/2854 2843/2843/2843 2844/2844/2844
f 2840/2840/2840 2839/2839/2839 2845/2845/2845
f 2840/2840/2840 2845/2845/2845 2846/2846/2846
f 2844/2844/2844 2843/2843/2843 2847/2847/2847
f 2844/2844/2844 2847/2847/2847 2848/2848/2848
f 2833/2833/2833 2850/2850/2850 2849/2849/2849
f 2833/2833/2833 2849/2849/2849 2835/2835/2835
f 2834/2834/2834 2850/2850/2850 2837/2837/2837
f 2834/2834/2834 2837/2837/2837 2838/2838/2838
f 2846/2846/2846 2845/2845/2845 2851/2851/2851
f 2846/2846/2846 2851/2851/2851 2852/2852/2852
f 2842/2842/2842 2841/2841/2841 2853/2853/2853
f 2842/2842/2842 2853/2853/2853 2854/2854/2854
f 2872/2872/2872 2856/2856/2856 2858/2858/2858
f 2872/2872/2872 2858/2858/2858 2871/2871/2871
f 2872/2872/2872 2855/2855/2855 2859/2859/2859
f 2860/2860/2860 2859/2859/2859 2861/2861/2861
f 2860/2860/2860 2861/2861/2861 2862/2862/2862
f 2874/2874/2874 2873/2873/2873 2863/2863/2863
f 2874/2874/2874 2863/2863/2863 2864/2864/2864
f 2876/2876/2876 2875/2875/2875 2865/2865/2865
f 2876/2876/2876 2865/2865/2865 2866/2866/2866
f 2862/2862/2862 2861/2861/2861 2867/2867/2867
f 2862/2862/2862 2867/2867/2867 2868/2868/2868
f 2866/2866/2866 2865/2865/2865 2869/2869/2869
f 2866/2866/2866 2869/2869/2869 2870/2870/2870
f 2855/2855/2855 2872/2872/2872 2871/2871/2871
f 2855/2855/2855 2871/2871/2871 2857/2857/2857
f 2856/2856/2856 2872/2872/2872 2859/2859/2859
f 2856/2856/2856 2859/2859/2859 2860/2860/2860
f 2868/2868/2868 2867/2867/2867 2873/2873/2873
f 2868/2868/2868 2873/2873/2873 2874/2874/2874
f 2864/2864/2864 2863/2863/2863 2875/2875/2875
f 2864/2864/2864 2875/2875/2875 2876/2876/2876
f 2894/2894/2894 2878/2878/2878 2880/2880/2880
f 2894/2894/2894 2880/2880/2880 2893/2893/2893
f 2894/2894/2894 2877/2877/2877 2881/2881/2881
f 2882/2882/2882 2881/2881/2881 2883/2883/2883
f 2882/2882/2882 2883/2883/2883 2884/2884/2884
f 2896/2896/2896 2895/2895/2895 2885/2885/2885
f 2896/2896/2896 2885/2885/2885 2886/2886/2886
f 2898/2898/2898 2897/2897/2897 2887/2887/2887
f 2898/2898/2898 2887/2887/2887 2888/2888/2888
f 2884/2884/2884 2883/2883/2883 2889/2889/2889
f 2884/2884/2884 2889/2889/2889 2890/2890/2890
f 2888/2888/2888 2887/2887/2887 2891/2891/2891
f 2888/2888/2888 2891/2891/2891 2892/2892/2892
f 2877/2877/2877 2894/2894/2894 2893/2893/2893
f 2877/2877/2877 2893/2893/2893 2879/2879/2879
f 2878/2878/2878 2894/2894/2894 2881/2881/2881
f 2878/2878/2878 2881/2881/2881 2882/2882/2882
f 2890/2890/2890 2889/2889/2889 2895/2895/2895
f 2890/2890/2890 2895/2895/2895 2896/2896/2896
f 2886/2886/2886 2885/2885/2885 2897/2897/2897
f 2886/2886/2886 2897/2897/2897 2898/2898/2898
f 2916/2916/2916 2900/2900/2900 2902/2902/2902
f 2916/2916/2916 2902/2902/2902 2915/2915/2915
f 2916/2916/2916 2899/2899/2899 2903/2903/2903
f 2904/2904/2904 2903/2903/2903 2905/2905/2905
f 2904/2904/2904 2905/2905/2905 2906/2906/2906
f 2918/2918/2918 2917/2917/2917 2907/2907/2907
f 2918/2918/2918 2907/2907/2907 2908/2908/2908
f 2920/2920/2920 2919/2919/2919 2909/2909/2909
f 2920/2920/2920 2909/2909/2909 2910/2910/2910
f 2906/2906/2906 2905/2905/2905 2911/2911/2911
f 2906/2906/2906 2911/2911/2911 2912/2912/2912
f 2910/2910/2910 2909/2909/2909 2913/2913/2913
f 2910/2910/2910 2913/2913/2913 2914/2914/2914
f 2899/2899/2899 2916/2916/2916 2915/2915/2915
f 2899/2899/2899 2915/2915/2915 2901/2901/2901
f 2900/2900/2900 2916/2916/2916 2903/2903/2903
f 2900/2900/2900 2903/2903/2903 2904/2904/2904
f 2912/2912/2912 2911/2911/2911 2917/2917/2917
f 2912/2912/2912 2917/2917/2917 2918/2918/2918
f 2908/2908/2908 2907/2907/2907 2919/2919/2919
f 2908/2908/2908 2919/2919/2919 2920/2920/2920
f 2938/2938/2938 2922/2922/2922 2924/2924/2924
f 2938/2938/2938 2924/2924/2924 2937/2937/2937
f 2938/2938/2938 2921/2921/2921 2925/2925/2925
f 2926/2926/2926 2925/2925/2925 2927/2927/2927
f 2926/2926/2926 2927/2927/2927 2928/2928/2928
f 2940/2940/2940 2939/2939/2939 2929/2929/2929
f 2940/2940/2940 2929/2929/2929 2930/2930/2930
f 2942/2942/2942 2941/2941/2941 2931/2931/2931
f 2942/2942/2942 2931/2931/2931 2932/2932/2932
f 2928/2928/2928 2927/2927/2927 2933/2933/2933
f 2928/2928/2928 2933/2933/2933 2934/2934/2934
f 2932/2932/2932 2931/2931/2931 2935/2935/2935
f 2932/2932/2932 2935/2935/2935 2936/2936/2936
f 2921/2921/2921 2938/2938/2938 2937/2937/2937
f 2921/2921/2921 2937/2937/2937 2923/2923/2923
f 2922/2922/2922 2938/2938/2938 2925/2925/2925
f 2922/2922/2922 2925/2925/2925 2926/2926/2926
f 2934/2934/2934 2933/2933/2933 2939/2939/2939
f 2934/2934/2934 2939/2939/2939 2940/2940/2940
f 2930/2930/2930 2929/2929/2929 2941/2941/2941
f 2930/2930/2930 2941/2941/2941 2942/2942/2942
f 2960/2960/2960 2944/2944/2944 2946/2946/2946
f 2960/2960/2960 2946/2946/2946 2959/2959/2959
f 2960/2960/2960 2943/2943/2943 2947/2947/2947
f 2948/2948/2948 2947/2947/2947 2949/2949/2949
f 2948/2948/2948 2949/2949/2949 2950/2950/2950
f 2962/2962/2962 2961/2961/2961 2951/2951/2951
f 2962/2962/2962 2951/2951/2951 2952/2952/2952
f 2964/2964/2964 2963/2963/2963 2953/2953/2953
f 2964/2964/2964 2953/2953/2953 2954/2954/2954
f 2950/2950/2950 2949/2949/2949 2955/2955/2955
f 2950/2950/2950 2955/2955/2955 2956/2956/2956
f 2954/2954/2954 2953/2953/2953 2957/2957/2957
f 2954/2954/2954 2957/2957/2957 2958/2958/2958
f 2943/2943/2943 2960/2960/2960 2959/2959/2959
f 2943/2943/2943 2959/2959/2959 2945/2945/2945
f 2944/2944/2944 2960/2960/2960 2947/2947/2947
f 2944/2944/2944 2947/2947/2947 2948/2948/2948
f 2956/2956/2956 2955/2955/2955 2961/2961/2961
f 2956/2956/2956 2961/2961/2961 2962/2962/2962
f 2952/2952/2952 2951/2951/2951 2963/2963/2963
f 2952/2952/2952 2963/2963/2963 2964/2964/2964
f 2974/2974/2974 2976/2976/2976 2972/2972/2972
f 2974/2974/2974 2972/2972/2972 2973/2973/2973
f 2976/2976/2976 2975/2975/2975 2971/2971/2971
f 2976/2976/2976 2971/2971/2971 2972/2972/2972
f 2973/2973/2973 2972/2972/2972 2968/2968/2968
f 2973/2973/2973 2968/2968/2968 2967/2967/2967
f 2972/2972/2972 2971/2971/2971 2970/2970/2970
f 2972/2972/2972 2970/2970/2970 2968/2968/2968
f 2966/2966/2966 2969/2969/2969 2975/2975/2975
f 2966/2966/2966 2975/2975/2975 2976/2976/2976
f 2965/2965/2965 2966/2966/2966 2976/2976/2976
f 2965/2965/2965 2976/2976/2976 2974/2974/2974
f 2977/2977/2977 2978/2978/2978 2984/2984/2984
f 2977/2977/2977 2984/2984/2984 2985/2985/2985
f 2978/2978/2978 2981/2981/2981 2983/2983/2983
f 2978/2978/2978 2983/2983/2983 2984/2984/2984
f 2985/2985/2985 2984/2984/2984 2980/2980/2980
f 2985/2985/2985 2980/2980/2980 2979/2979/2979
f 2984/2984/2984 2983/2983/2983 2982/2982/2982
f 2984/2984/2984 2982/2982/2982 2980/2980/2980
f 2986/2986/2986 2987/2987/2987 2993/2993/2993
f 2986/2986/2986 2993/2993/2993 2994/2994/2994
f 2987/2987/2987 2990/2990/2990 2992/2992/2992
f 2987/2987/2987 2992/2992/2992 2993/2993/2993
f 2994/2994/2994 2993/2993/2993 2989/2989/2989
f 2994/2994/2994 2989/2989/2989 2988/2988/2988
f 2993/2993/2993 2992/2992/2992 2991/2991/2991
f 2993/2993/2993 2991/2991/2991 2989/2989/2989
f 1777/1777/1777 1772/1772/1772 2995/2995/2995
f 1777/1777/1777 2995/2995/2995 2996/2996/2996
f 1793/1793/1793 1788/1788/1788 2997/2997/2997
f 1793/1793/1793 2997/2997/2997 2998/2998/2998
f 1795/1795/1795 1794/1794/1794 2999/2999/2999
f 1795/1795/1795 2999/2999/2999 3000/3000/3000
f 1779/1779/1779 1778/1778/1778 3001/3001/3001
f 1779/1779/1779 3001/3001/3001 3002/3002/3002
f 3000/3000/3000 2999/2999/2999 3004/3004/3004
f 3000/3000/3000 3004/3004/3004 3003/3003/3003
f 3002/3002/3002 3001/3001/3001 3005/3005/3005
f 3002/3002/3002 3005/3005/3005 3006/3006/3006
f 3008/3008/3008 3007/3007/3007 3009/3009/3009
f 3008/3008/3008 3009/3009/3009 3010/3010/3010
f 4225/4225/4225 4224/4224/4224 3011/3011/3011
f 4225/4225/4225 3011/3011/3011 3012/3012/3012
f 4235/4235/4235 4234/4234/4234 3013/3013/3013
f 4235/4235/4235 3013/3013/3013 3014/3014/3014
f 3014/3014/3014 3013/3013/3013 3015/3015/3015
f 3014/3014/3014 3015/3015/3015 3016/3016/3016
f 3016/3016/3016 3015/3015/3015 3017/3017/3017
f 3016/3016/3016 3017/3017/3017 3018/3018/3018
f 3020/3020/3020 3019/3019/3019 3021/3021/3021
f 3020/3020/3020 3021/3021/3021 3022/3022/3022
f 4227/4227/4227 4226/4226/4226 3023/3023/3023
f 4227/4227/4227 3023/3023/3023 3024/3024/3024
f 4232/4232/4232 4233/4233/4233 3025/3025/3025
f 4232/4232/4232 3025/3025/3025 3026/3026/3026
f 3026/3026/3026 3025/3025/3025 3027/3027/3027
f 3026/3026/3026 3027/3027/3027 3028/3028/3028
f 3028/3028/3028 3027/3027/3027 3029/3029/3029
f 3028/3028/3028 3029/3029/3029 3030/3030/3030
f 3051/3051/3051 3047/3047/3047 3046/3046/3046
f 3051/3051/3051 3046/3046/3046 3037/3037/3037
f 3047/3047/3047 3048/3048/3048 3039/3039/3039
f 3047/3047/3047 3039/3039/3039 3046/3046/3046
f 3045/3045/3045 3036/3036/3036 3047/3047/3047
f 3045/3045/3045 3047/3047/3047 3051/3051/3051
f 3038/3038/3038 3040/3040/3040 3049/3049/3049
f 3038/3038/3038 3049/3049/3049 3048/3048/3048
f 3048/3048/3048 3049/3049/3049 3041/3041/3041
f 3048/3048/3048 3041/3041/3041 3039/3039/3039
f 3040/3040/3040 3043/3043/3043 3050/3050/3050
f 3040/3040/3040 3050/3050/3050 3049/3049/3049
f 3049/3049/3049 3050/3050/3050 3044/3044/3044
f 3049/3049/3049 3044/3044/3044 3041/3041/3041
f 3050/3050/3050 3043/3043/3043 3033/3033/3033
f 3050/3050/3050 3033/3033/3033 3042/3042/3042
f 3044/3044/3044 3050/3050/3050 3042/3042/3042
f 3044/3044/3044 3042/3042/3042 3034/3034/3034
f 3031/3031/3031 3045/3045/3045 3051/3051/3051
f 3031/3031/3031 3051/3051/3051 3035/3035/3035
f 3035/3035/3035 3051/3051/3051 3037/3037/3037
f 3035/3035/3035 3037/3037/3037 3032/3032/3032
f 3036/3036/3036 3038/3038/3038 3048/3048/3048
f 3036/3036/3036 3048/3048/3048 3047/3047/3047
f 3072/3072/3072 3068/3068/3068 3067/3067/3067
f 3072/3072/3072 3067/3067/3067 3058/3058/3058
f 3068/3068/3068 3069/3069/3069 3060/3060/3060
f 3068/3068/3068 3060/3060/3060 3067/3067/3067
f 3066/3066/3066 3057/3057/3057 3068/3068/3068
f 3066/3066/3066 3068/3068/3068 3072/3072/3072
f 3059/3059/3059 3061/3061/3061 3070/3070/3070
f 3059/3059/3059 3070/3070/3070 3069/3069/3069
f 3069/3069/3069 3070/3070/3070 3062/3062/3062
f 3069/3069/3069 3062/3062/3062 3060/3060/3060
f 3061/3061/3061 3064/3064/3064 3071/3071/3071
f 3061/3061/3061 3071/3071/3071 3070/3070/3070
f 3070/3070/3070 3071/3071/3071 3065/3065/3065
f 3070/3070/3070 3065/3065/3065 3062/3062/3062
f 3071/3071/3071 3064/3064/3064 3054/3054/3054
f 3071/3071/3071 3054/3054/3054 3063/3063/3063
f 3065/3065/3065 3071/3071/3071 3063/3063/3063
f 3065/3065/3065 3063/3063/3063 3055/3055/3055
f 3052/3052/3052 3066/3066/3066 3072/3072/3072
f 3052/3052/3052 3072/3072/3072 3056/3056/3056
f 3056/3056/3056 3072/3072/3072 3058/3058/3058
f 3056/3056/3056 3058/3058/3058 3053/3053/3053
f 3057/3057/3057 3059/3059/3059 3069/3069/3069
f 3057/3057/3057 3069/3069/3069 3068/3068/3068
f 3093/3093/3093 3089/3089/3089 3088/3088/3088
f 3093/3093/3093 3088/3088/3088 3079/3079/3079
f 3089/3089/3089 3090/3090/3090 3081/3081/3081
f 3089/3089/3089 3081/3081/3081 3088/3088/3088
f 3087/3087/3087 3078/3078/3078 3089/3089/3089
f 3087/3087/3087 3089/3089/3089 3093/3093/3093
f 3080/3080/3080 3082/3082/3082 3091/3091/3091
f 3080/3080/3080 3091/3091/3091 3090/3090/3090
f 3090/3090/3090 3091/3091/3091 3083/3083/3083
f 3090/3090/3090 3083/3083/3083 3081/3081/3081
f 3082/3082/3082 3085/3085/3085 3092/3092/3092
f 3082/3082/3082 3092/3092/3092 3091/3091/3091
f 3091/3091/3091 3092/3092/3092 3086/3086/3086
f 3091/3091/3091 3086/3086/3086 3083/3083/3083
f 3092/3092/3092 3085/3085/3085 3075/3075/3075
f 3092/3092/3092 3075/3075/3075 3084/3084/3084
f 3086/3086/3086 3092/3092/3092 3084/3084/3084
f 3086/3086/3086 3084/3084/3084 3076/3076/3076
f 3073/3073/3073 3087/3087/3087 3093/3093/3093
f 3073/3073/3073 3093/3093/3093 3077/3077/3077
f 3077/3077/3077 3093/3093/3093 3079/3079/3079
f 3077/3077/3077 3079/3079/3079 3074/3074/3074
f 3078/3078/3078 3080/3080/3080 3090/3090/3090
f 3078/3078/3078 3090/3090/3090 3089/3089/3089
f 3114/3114/3114 3110/3110/3110 3109/3109/3109
f 3114/3114/3114 3109/3109/3109 3100/3100/3100
f 3110/3110/3110 3111/3111/3111 3102/3102/3102
f 3110/3110/3110 3102/3102/3102 3109/3109/3109
f 3108/3108/3108 3099/3099/3099 3110/3110/3110
f 3108/3108/3108 3110/3110/3110 3114/3114/3114
f 3101/3101/3101 3103/3103/3103 3112/3112/3112
f 3101/3101/3101 3112/3112/3112 3111/3111/3111
f 3111/3111/3111 3112/3112/3112 3104/3104/3104
f 3111/3111/3111 3104/3104/3104 3102/3102/3102
f 3103/3103/3103 3106/3106/3106 3113/3113/3113
f 3103/3103/3103 3113/3113/3113 3112/3112/3112
f 3112/3112/3112 3113/3113/3113 3107/3107/3107
f 3112/3112/3112 3107/3107/3107 3104/3104/3104
f 3113/3113/3113 3106/3106/3106 3096/3096/3096
f 3113/3113/3113 3096/3096/3096 3105/3105/3105
f 3107/3107/3107 3113/3113/3113 3105/3105/3105
f 3107/3107/3107 3105/3105/3105 3097/3097/3097
f 3094/3094/3094 3108/3108/3108 3114/3114/3114
f 3094/3094/3094 3114/3114/3114 3098/3098/3098
f 3098/3098/3098 3114/3114/3114 3100/3100/3100
f 3098/3098/3098 3100/3100/3100 3095/3095/3095
f 3099/3099/3099 3101/3101/3101 3111/3111/3111
f 3099/3099/3099 3111/3111/3111 3110/3110/3110
f 3135/3135/3135 3131/3131/3131 3130/3130/3130
f 3135/3135/3135 3130/3130/3130 3121/3121/3121
f 3131/3131/3131 3132/3132/3132 3123/3123/3123
f 3131/3131/3131 3123/3123/3123 3130/3130/3130
f 3129/3129/3129 3120/3120/3120 3131/3131/3131
f 3129/3129/3129 3131/3131/3131 3135/3135/3135
f 3122/3122/3122 3124/3124/3124 3133/3133/3133
f 3122/3122/3122 3133/3133/3133 3132/3132/3132
f 3132/3132/3132 3133/3133/3133 3125/3125/3125
f 3132/3132/3132 3125/3125/3125 3123/3123/3123
f 3124/3124/3124 3127/3127/3127 3134/3134/3134
f 3124/3124/3124 3134/3134/3134 3133/3133/3133
f 3133/3133/3133 3134/3134/3134 3128/3128/3128
f 3133/3133/3133 3128/3128/3128 3125/3125/3125
f 3134/3134/3134 3127/3127/3127 3117/3117/3117
f 3134/3134/3134 3117/3117/3117 3126/3126/3126
f 3128/3128/3128 3134/3134/3134 3126/3126/3126
f 3128/3128/3128 3126/3126/3126 3118/3118/3118
f 3115/3115/3115 3129/3129/3129 3135/3135/3135
f 3115/3115/3115 3135/3135/3135 3119/3119/3119
f 3119/3119/3119 3135/3135/3135 3121/3121/3121
f 3119/3119/3119 3121/3121/3121 3116/3116/3116
f 3120/3120/3120 3122/3122/3122 3132/3132/3132
f 3120/3120/3120 3132/3132/3132 3131/3131/3131
f 3156/3156/3156 3152/3152/3152 3151/3151/3151
f 3156/3156/3156 3151/3151/3151 3142/3142/3142
f 3152/3152/3152 3153/3153/3153 3144/3144/3144
f 3152/3152/3152 3144/3144/3144 3151/3151/3151
f 3150/3150/3150 3141/3141/3141 3152/3152/3152
f 3150/3150/3150 3152/3152/3152 3156/3156/3156
f 3143/3143/3143 3145/3145/3145 3154/3154/3154
f 3143/3143/3143 3154/3154/3154 3153/3153/3153
f 3153/3153/3153 3154/3154/3154 3146/3146/3146
f 3153/3153/3153 3146/3146/3146 3144/3144/3144
f 3145/3145/3145 3148/3148/3148 3155/3155/3155
f 3145/3145/3145 3155/3155/3155 3154/3154/3154
f 3154/3154/3154 3155/3155/3155 3149/3149/3149
f 3154/3154/3154 3149/3149/3149 3146/3146/3146
f 3155/3155/3155 3148/3148/3148 3138/3138/3138
f 3155/3155/3155 3138/3138/3138 3147/3147/3147
f 3149/3149/3149 3155/3155/3155 3147/3147/3147
f 3149/3149/3149 3147/3147/3147 3139/3139/3139
f 3136/3136/3136 3150/3150/3150 3156/3156/3156
f 3136/3136/3136 3156/3156/3156 3140/3140/3140
f 3140/3140/3140 3156/3156/3156 3142/3142/3142
f 3140/3140/3140 3142/3142/3142 3137/3137/3137
f 3141/3141/3141 3143/3143/3143 3153/3153/3153
f 3141/3141/3141 3153/3153/3153 3152/3152/3152
f 3177/3177/3177 3173/3173/3173 3172/3172/3172
f 3177/3177/3177 3172/3172/3172 3163/3163/3163
f 3173/3173/3173 3174/3174/3174 3165/3165/3165
f 3173/3173/3173 3165/3165/3165 3172/3172/3172
f 3171/3171/3171 3162/3162/3162 3173/3173/3173
f 3171/3171/3171 3173/3173/3173 3177/3177/3177
f 3164/3164/3164 3166/3166/3166 3175/3175/3175
f 3164/3164/3164 3175/3175/3175 3174/3174/3174
f 3174/3174/3174 3175/3175/3175 3167/3167/3167
f 3174/3174/3174 3167/3167/3167 3165/3165/3165
f 3166/3166/3166 3169/3169/3169 3176/3176/3176
f 3166/3166/3166 3176/3176/3176 3175/3175/3175
f 3175/3175/3175 3176/3176/3176 3170/3170/3170
f 3175/3175/3175 3170/3170/3170 3167/3167/3167
f 3176/3176/3176 3169/3169/3169 3159/3159/3159
f 3176/3176/3176 3159/3159/3159 3168/3168/3168
f 3170/3170/3170 3176/3176/3176 3168/3168/3168
f 3170/3170/3170 3168/3168/3168 3160/3160/3160
f 3157/3157/3157 3171/3171/3171 3177/3177/3177
f 3157/3157/3157 3177/3177/3177 3161/3161/3161
f 3161/3161/3161 3177/3177/3177 3163/3163/3163
f 3161/3161/3161 3163/3163/3163 3158/3158/3158
f 3162/3162/3162 3164/3164/3164 3174/3174/3174
f 3162/3162/3162 3174/3174/3174 3173/3173/3173
f 3198/3198/3198 3194/3194/3194 3193/3193/3193
f 3198/3198/3198 3193/3193/3193 3184/3184/3184
f 3194/3194/3194 3195/3195/3195 3186/3186/3186
f 3194/3194/3194 3186/3186/3186 3193/3193/3193
f 3192/3192/3192 3183/3183/3183 3194/3194/3194
f 3192/3192/3192 3194/3194/3194 3198/3198/3198
f 3185/3185/3185 3187/3187/3187 3196/3196/3196
f 3185/3185/3185 3196/3196/3196 3195/3195/3195
f 3195/3195/3195 3196/3196/3196 3188/3188/3188
f 3195/3195/3195 3188/3188/3188 3186/3186/3186
f 3187/3187/3187 3190/3190/3190 3197/3197/3197
f 3187/3187/3187 3197/3197/3197 3196/3196/3196
f 3196/3196/3196 3197/3197/3197 3191/3191/3191
f 3196/3196/3196 3191/3191/3191 3188/3188/3188
f 3197/3197/3197 3190/3190/3190 3180/3180/3180
f 3197/3197/3197 3180/3180/3180 3189/3189/3189
f 3191/3191/3191 3197/3197/3197 3189/3189/3189
f 3191/3191/3191 3189/3189/3189 3181/3181/3181
f 3178/3178/3178 3192/3192/3192 3198/3198/3198
f 3178/3178/3178 3198/3198/3198 3182/3182/3182
f 3182/3182/3182 3198/3198/3198 3184/3184/3184
f 3182/3182/3182 3184/3184/3184 3179/3179/3179
f 3183/3183/3183 3185/3185/3185 3195/3195/3195
f 3183/3183/3183 3195/3195/3195 3194/3194/3194
f 3219/3219/3219 3215/3215/3215 3214/3214/3214
f 3219/3219/3219 3214/3214/3214 3205/3205/3205
f 3215/3215/3215 3216/3216/3216 3207/3207/3207
f 3215/3215/3215 3207/3207/3207 3214/3214/3214
f 3213/3213/3213 3204/3204/3204 3215/3215/3215
f 3213/3213/3213 3215/3215/3215 3219/3219/3219
f 3206/3206/3206 3208/3208/3208 3217/3217/3217
f 3206/3206/3206 3217/3217/3217 3216/3216/3216
f 3216/3216/3216 3217/3217/3217 3209/3209/3209
f 3216/3216/3216 3209/3209/3209 3207/3207/3207
f 3208/3208/3208 3211/3211/3211 3218/3218/3218
f 3208/3208/3208 3218/3218/3218 3217/3217/3217
f 3217/3217/3217 3218/3218/3218 3212/3212/3212
f 3217/3217/3217 3212/3212/3212 3209/3209/3209
f 3218/3218/3218 3211/3211/3211 3201/3201/3201
f 3218/3218/3218 3201/3201/3201 3210/3210/3210
f 3212/3212/3212 3218/3218/3218 3210/3210/3210
f 3212/3212/3212 3210/3210/3210 3202/3202/3202
f 3199/3199/3199 3213/3213/3213 3219/3219/3219
f 3199/3199/3199 3219/3219/3219 3203/3203/3203
f 3203/3203/3203 3219/3219/3219 3205/3205/3205
f 3203/3203/3203 3205/3205/3205 3200/3200/3200
f 3204/3204/3204 3206/3206/3206 3216/3216/3216
f 3204/3204/3204 3216/3216/3216 3215/3215/3215
f 3220/3220/3220 3221/3221/3221 3222/3222/3222
f 3222/3222/3222 3221/3221/3221 3223/3223/3223
f 3223/3223/3223 3221/3221/3221 3224/3224/3224
f 3224/3224/3224 3221/3221/3221 3225/3225/3225
f 3225/3225/3225 3221/3221/3221 3220/3220/3220
f 3243/3243/3243 3227/3227/3227 3229/3229/3229
f 3243/3243/3243 3229/3229/3229 3242/3242/3242
f 3243/3243/3243 3226/3226/3226 3230/3230/3230
f 3231/3231/3231 3230/3230/3230 3232/3232/3232
f 3231/3231/3231 3232/3232/3232 3233/3233/3233
f 3245/3245/3245 3244/3244/3244 3234/3234/3234
f 3245/3245/3245 3234/3234/3234 3235/3235/3235
f 3247/3247/3247 3246/3246/3246 3236/3236/3236
f 3247/3247/3247 3236/3236/3236 3237/3237/3237
f 3233/3233/3233 3232/3232/3232 3238/3238/3238
f 3233/3233/3233 3238/3238/3238 3239/3239/3239
f 3237/3237/3237 3236/3236/3236 3240/3240/3240
f 3237/3237/3237 3240/3240/3240 3241/3241/3241
f 3226/3226/3226 3243/3243/3243 3242/3242/3242
f 3226/3226/3226 3242/3242/3242 3228/3228/3228
f 3227/3227/3227 3243/3243/3243 3230/3230/3230
f 3227/3227/3227 3230/3230/3230 3231/3231/3231
f 3239/3239/3239 3238/3238/3238 3244/3244/3244
f 3239/3239/3239 3244/3244/3244 3245/3245/3245
f 3235/3235/3235 3234/3234/3234 3246/3246/3246
f 3235/3235/3235 3246/3246/3246 3247/3247/3247
f 3265/3265/3265 3249/3249/3249 3251/3251/3251
f 3265/3265/3265 3251/3251/3251 3264/3264/3264
f 3265/3265/3265 3248/3248/3248 3252/3252/3252
f 3253/3253/3253 3252/3252/3252 3254/3254/3254
f 3253/3253/3253 3254/3254/3254 3255/3255/3255
f 3267/3267/3267 3266/3266/3266 3256/3256/3256
f 3267/3267/3267 3256/3256/3256 3257/3257/3257
f 3269/3269/3269 3268/3268/3268 3258/3258/3258
f 3269/3269/3269 3258/3258/3258 3259/3259/3259
f 3255/3255/3255 3254/3254/3254 3260/3260/3260
f 3255/3255/3255 3260/3260/3260 3261/3261/3261
f 3259/3259/3259 3258/3258/3258 3262/3262/3262
f 3259/3259/3259 3262/3262/3262 3263/3263/3263
f 3248/3248/3248 3265/3265/3265 3264/3264/3264
f 3248/3248/3248 3264/3264/3264 3250/3250/3250
f 3249/3249/3249 3265/3265/3265 3252/3252/3252
f 3249/3249/3249 3252/3252/3252 3253/3253/3253
f 3261/3261/3261 3260/3260/3260 3266/3266/3266
f 3261/3261/3261 3266/3266/3266 3267/3267/3267
f 3257/3257/3257 3256/3256/3256 3268/3268/3268
f 3257/3257/3257 3268/3268/3268 3269/3269/3269
f 3287/3287/3287 3271/3271/3271 3273/3273/3273
f 3287/3287/3287 3273/3273/3273 3286/3286/3286
f 3287/3287/3287 3270/3270/3270 3274/3274/3274
f 3275/3275/3275 3274/3274/3274 3276/3276/3276
f 3275/3275/3275 3276/3276/3276 3277/3277/3277
f 3289/3289/3289 3288/3288/3288 3278/3278/3278
f 3289/3289/3289 3278/3278/3278 3279/3279/3279
f 3291/3291/3291 3290/3290/3290 3280/3280/3280
f 3291/3291/3291 3280/3280/3280 3281/3281/3281
f 3277/3277/3277 3276/3276/3276 3282/3282/3282
f 3277/3277/3277 3282/3282/3282 3283/3283/3283
f 3281/3281/3281 3280/3280/3280 3284/3284/3284
f 3281/3281/3281 3284/3284/3284 3285/3285/3285
f 3270/3270/3270 3287/3287/3287 3286/3286/3286
f 3270/3270/3270 3286/3286/3286 3272/3272/3272
f 3271/3271/3271 3287/3287/3287 3274/3274/3274
f 3271/3271/3271 3274/3274/3274 3275/3275/3275
f 3283/3283/3283 3282/3282/3282 3288/3288/3288
f 3283/3283/3283 3288/3288/3288 3289/3289/3289
f 3279/3279/3279 3278/3278/3278 3290/3290/3290
f 3279/3279/3279 3290/3290/3290 3291/3291/3291
f 3309/3309/3309 3293/3293/3293 3295/3295/3295
f 3309/3309/3309 3295/3295/3295 3308/3308/3308
f 3309/3309/3309 3292/3292/3292 3296/3296/3296
f 3297/3297/3297 3296/3296/3296 3298/3298/3298
f 3297/3297/3297 3298/3298/3298 3299/3299/3299
f 3311/3311/3311 3310/3310/3310 3300/3300/3300
f 3311/3311/3311 3300/3300/3300 3301/3301/3301
f 3313/3313/3313 3312/3312/3312 3302/3302/3302
f 3313/3313/3313 3302/3302/3302 3303/3303/3303
f 3299/3299/3299 3298/3298/3298 3304/3304/3304
f 3299/3299/3299 3304/3304/3304 3305/3305/3305
f 3303/3303/3303 3302/3302/3302 3306/3306/3306
f 3303/3303/3303 3306/3306/3306 3307/3307/3307
f 3292/3292/3292 3309/3309/3309 3308/3308/3308
f 3292/3292/3292 3308/3308/3308 3294/3294/3294
f 3293/3293/3293 3309/3309/3309 3296/3296/3296
f 3293/3293/3293 3296/3296/3296 3297/3297/3297
f 3305/3305/3305 3304/3304/3304 3310/3310/3310
f 3305/3305/3305 3310/3310/3310 3311/3311/3311
f 3301/3301/3301 3300/3300/3300 3312/3312/3312
f 3301/3301/3301 3312/3312/3312 3313/3313/3313
f 3331/3331/3331 3315/3315/3315 3317/3317/3317
f 3331/3331/3331 3317/3317/3317 3330/3330/3330
f 3331/3331/3331 3314/3314/3314 3318/3318/3318
f 3319/3319/3319 3318/3318/3318 3320/3320/3320
f 3319/3319/3319 3320/3320/3320 3321/3321/3321
f 3333/3333/3333 3332/3332/3332 3322/3322/3322
f 3333/3333/3333 3322/3322/3322 3323/3323/3323
f 3335/3335/3335 3334/3334/3334 3324/3324/3324
f 3335/3335/3335 3324/3324/3324 3325/3325/3325
f 3321/3321/3321 3320/3320/3320 3326/3326/3326
f 3321/3321/3321 3326/3326/3326 3327/3327/3327
f 3325/3325/3325 3324/3324/3324 3328/3328/3328
f 3325/3325/3325 3328/3328/3328 3329/3329/3329
f 3314/3314/3314 3331/3331/3331 3330/3330/3330
f 3314/3314/3314 3330/3330/3330 3316/3316/3316
f 3315/3315/3315 3331/3331/3331 3318/3318/3318
f 3315/3315/3315 3318/3318/3318 3319/3319/3319
f 3327/3327/3327 3326/3326/3326 3332/3332/3332
f 3327/3327/3327 3332/3332/3332 3333/3333/3333
f 3323/3323/3323 3322/3322/3322 3334/3334/3334
f 3323/3323/3323 3334/3334/3334 3335/3335/3335
f 3353/3353/3353 3337/3337/3337 3339/3339/3339
f 3353/3353/3353 3339/3339/3339 3352/3352/3352
f 3353/3353/3353 3336/3336/3336 3340/3340/3340
f 3341/3341/3341 3340/3340/3340 3342/3342/3342
f 3341/3341/3341 3342/3342/3342 3343/3343/3343
f 3355/3355/3355 3354/3354/3354 3344/3344/3344
f 3355/3355/3355 3344/3344/3344 3345/3345/3345
f 3357/3357/3357 3356/3356/3356 3346/3346/3346
f 3357/3357/3357 3346/3346/3346 3347/3347/3347
f 3343/3343/3343 3342/3342/3342 3348/3348/3348
f 3343/3343/3343 3348/3348/3348 3349/3349/3349
f 3347/3347/3347 3346/3346/3346 3350/3350/3350
f 3347/3347/3347 3350/3350/3350 3351/3351/3351
f 3336/3336/3336 3353/3353/3353 3352/3352/3352
f 3336/3336/3336 3352/3352/3352 3338/3338/3338
f 3337/3337/3337 3353/3353/3353 3340/3340/3340
f 3337/3337/3337 3340/3340/3340 3341/3341/3341
f 3349/3349/3349 3348/3348/3348 3354/3354/3354
f 3349/3349/3349 3354/3354/3354 3355/3355/3355
f 3345/3345/3345 3344/3344/3344 3356/3356/3356
f 3345/3345/3345 3356/3356/3356 3357/3357/3357
f 3375/3375/3375 3359/3359/3359 3361/3361/3361
f 3375/3375/3375 3361/3361/3361 3374/3374/3374
f 3375/3375/3375 3358/3358/3358 3362/3362/3362
f 3363/3363/3363 3362/3362/3362 3364/3364/3364
f 3363/3363/3363 3364/3364/3364 3365/3365/3365
f 3377/3377/3377 3376/3376/3376 3366/3366/3366
f 3377/3377/3377 3366/3366/3366 3367/3367/3367
f 3379/3379/3379 3378/3378/3378 3368/3368/3368
f 3379/3379/3379 3368/3368/3368 3369/3369/3369
f 3365/3365/3365 3364/3364/3364 3370/3370/3370
f 3365/3365/3365 3370/3370/3370 3371/3371/3371
f 3369/3369/3369 3368/3368/3368 3372/3372/3372
f 3369/3369/3369 3372/3372/3372 3373/3373/3373
f 3358/3358/3358 3375/3375/3375 3374/3374/3374
f 3358/3358/3358 3374/3374/3374 3360/3360/3360
f 3359/3359/3359 3375/3375/3375 3362/3362/3362
f 3359/3359/3359 3362/3362/3362 3363/3363/3363
f 3371/3371/3371 3370/3370/3370 3376/3376/3376
f 3371/3371/3371 3376/3376/3376 3377/3377/3377
f 3367/3367/3367 3366/3366/3366 3378/3378/3378
f 3367/3367/3367 3378/3378/3378 3379/3379/3379
f 3397/3397/3397 3381/3381/3381 3383/3383/3383
f 3397/3397/3397 3383/3383/3383 3396/3396/3396
f 3397/3397/3397 3380/3380/3380 3384/3384/3384
f 3385/3385/3385 3384/3384/3384 3386/3386/3386
f 3385/3385/3385 3386/3386/3386 3387/3387/3387
f 3399/3399/3399 3398/3398/3398 3388/3388/3388
f 3399/3399/3399 3388/3388/3388 3389/3389/3389
f 3401/3401/3401 3400/3400/3400 3390/3390/3390
f 3401/3401/3401 3390/3390/3390 3391/3391/3391
f 3387/3387/3387 3386/3386/3386 3392/3392/3392
f 3387/3387/3387 3392/3392/3392 3393/3393/3393
f 3391/3391/3391 3390/3390/3390 3394/3394/3394
f 3391/3391/3391 3394/3394/3394 3395/3395/3395
f 3380/3380/3380 3397/3397/3397 3396/3396/3396
f 3380/3380/3380 3396/3396/3396 3382/3382/3382
f 3381/3381/3381 3397/3397/3397 3384/3384/3384
f 3381/3381/3381 3384/3384/3384 3385/3385/3385
f 3393/3393/3393 3392/3392/3392 3398/3398/3398
f 3393/3393/3393 3398/3398/3398 3399/3399/3399
f 3389/3389/3389 3388/3388/3388 3400/3400/3400
f 3389/3389/3389 3400/3400/3400 3401/3401/3401
f 3419/3419/3419 3403/3403/3403 3405/3405/3405
f 3419/3419/3419 3405/3405/3405 3418/3418/3418
f 3419/3419/3419 3402/3402/3402 3406/3406/3406
f 3407/3407/3407 3406/3406/3406 3408/3408/3408
f 3407/3407/3407 3408/3408/3408 3409/3409/3409
f 3421/3421/3421 3420/3420/3420 3410/3410/3410
f 3421/3421/3421 3410/3410/3410 3411/3411/3411
f 3423/3423/3423 3422/3422/3422 3412/3412/3412
f 3423/3423/3423 3412/3412/3412 3413/3413/3413
f 3409/3409/3409 3408/3408/3408 3414/3414/3414
f 3409/3409/3409 3414/3414/3414 3415/3415/3415
f 3413/3413/3413 3412/3412/3412 3416/3416/3416
f 3413/3413/3413 3416/3416/3416 3417/3417/3417
f 3402/3402/3402 3419/3419/3419 3418/3418/3418
f 3402/3402/3402 3418/3418/3418 3404/3404/3404
f 3403/3403/3403 3419/3419/3419 3406/3406/3406
f 3403/3403/3403 3406/3406/3406 3407/3407/3407
f 3415/3415/3415 3414/3414/3414 3420/3420/3420
f 3415/3415/3415 3420/3420/3420 3421/3421/3421
f 3411/3411/3411 3410/3410/3410 3422/3422/3422
f 3411/3411/3411 3422/3422/3422 3423/3423/3423
f 3441/3441/3441 3425/3425/3425 3427/3427/3427
f 3441/3441/3441 3427/3427/3427 3440/3440/3440
f 3441/3441/3441 3424/3424/3424 3428/3428/3428
f 3429/3429/3429 3428/3428/3428 3430/3430/3430
f 3429/3429/3429 3430/3430/3430 3431/3431/3431
f 3443/3443/3443 3442/3442/3442 3432/3432/3432
f 3443/3443/3443 3432/3432/3432 3433/3433/3433
f 3445/3445/3445 3444/3444/3444 3434/3434/3434
f 3445/3445/3445 3434/3434/3434 3435/3435/3435
f 3431/3431/3431 3430/3430/3430 3436/3436/3436
f 3431/3431/3431 3436/3436/3436 3437/3437/3437
f 3435/3435/3435 3434/3434/3434 3438/3438/3438
f 3435/3435/3435 3438/3438/3438 3439/3439/3439
f 3424/3424/3424 3441/3441/3441 3440/3440/3440
f 3424/3424/3424 3440/3440/3440 3426/3426/3426
f 3425/3425/3425 3441/3441/3441 3428/3428/3428
f 3425/3425/3425 3428/3428/3428 3429/3429/3429
f 3437/3437/3437 3436/3436/3436 3442/3442/3442
f 3437/3437/3437 3442/3442/3442 3443/3443/3443
f 3433/3433/3433 3432/3432/3432 3444/3444/3444
f 3433/3433/3433 3444/3444/3444 3445/3445/3445
f 3463/3463/3463 3447/3447/3447 3449/3449/3449
f 3463/3463/3463 3449/3449/3449 3462/3462/3462
f 3463/3463/3463 3446/3446/3446 3450/3450/3450
f 3451/3451/3451 3450/3450/3450 3452/3452/3452
f 3451/3451/3451 3452/3452/3452 3453/3453/3453
f 3465/3465/3465 3464/3464/3464 3454/3454/3454
f 3465/3465/3465 3454/3454/3454 3455/3455/3455
f 3467/3467/3467 3466/3466/3466 3456/3456/3456
f 3467/3467/3467 3456/3456/3456 3457/3457/3457
f 3453/3453/3453 3452/3452/3452 3458/3458/3458
f 3453/3453/3453 3458/3458/3458 3459/3459/3459
f 3457/3457/3457 3456/3456/3456 3460/3460/3460
f 3457/3457/3457 3460/3460/3460 3461/3461/3461
f 3446/3446/3446 3463/3463/3463 3462/3462/3462
f 3446/3446/3446 3462/3462/3462 3448/3448/3448
f 3447/3447/3447 3463/3463/3463 3450/3450/3450
f 3447/3447/3447 3450/3450/3450 3451/3451/3451
f 3459/3459/3459 3458/3458/3458 3464/3464/3464
f 3459/3459/3459 3464/3464/3464 3465/3465/3465
f 3455/3455/3455 3454/3454/3454 3466/3466/3466
f 3455/3455/3455 3466/3466/3466 3467/3467/3467
f 3485/3485/3485 3469/3469/3469 3471/3471/3471
f 3485/3485/3485 3471/3471/3471 3484/3484/3484
f 3485/3485/3485 3468/3468/3468 3472/3472/3472
f 3473/3473/3473 3472/3472/3472 3474/3474/3474
f 3473/3473/3473 3474/3474/3474 3475/3475/3475
f 3487/3487/3487 3486/3486/3486 3476/3476/3476
f 3487/3487/3487 3476/3476/3476 3477/3477/3477
f 3489/3489/3489 3488/3488/3488 3478/3478/3478
f 3489/3489/3489 3478/3478/3478 3479/3479/3479
f 3475/3475/3475 3474/3474/3474 3480/3480/3480
f 3475/3475/3475 3480/3480/3480 3481/3481/3481
f 3479/3479/3479 3478/3478/3478 3482/3482/3482
f 3479/3479/3479 3482/3482/3482 3483/3483/3483
f 3468/3468/3468 3485/3485/3485 3484/3484/3484
f 3468/3468/3468 3484/3484/3484 3470/3470/3470
f 3469/3469/3469 3485/3485/3485 3472/3472/3472
f 3469/3469/3469 3472/3472/3472 3473/3473/3473
f 3481/3481/3481 3480/3480/3480 3486/3486/3486
f 3481/3481/3481 3486/3486/3486 3487/3487/3487
f 3477/3477/3477 3476/3476/3476 3488/3488/3488
f 3477/3477/3477 3488/3488/3488 3489/3489/3489
f 3507/3507/3507 3491/3491/3491 3493/3493/3493
f 3507/3507/3507 3493/3493/3493 3506/3506/3506
f 3507/3507/3507 3490/3490/3490 3494/3494/3494
f 3495/3495/3495 3494/3494/3494 3496/3496/3496
f 3495/3495/3495 3496/3496/3496 3497/3497/3497
f 3509/3509/3509 3508/3508/3508 3498/3498/3498
f 3509/3509/3509 3498/3498/3498 3499/3499/3499
f 3511/3511/3511 3510/3510/3510 3500/3500/3500
f 3511/3511/3511 3500/3500/3500 3501/3501/3501
f 3497/3497/3497 3496/3496/3496 3502/3502/3502
f 3497/3497/3497 3502/3502/3502 3503/3503/3503
f 3501/3501/3501 3500/3500/3500 3504/3504/3504
f 3501/3501/3501 3504/3504/3504 3505/3505/3505
f 3490/3490/3490 3507/3507/3507 3506/3506/3506
f 3490/3490/3490 3506/3506/3506 3492/3492/3492
f 3491/3491/3491 3507/3507/3507 3494/3494/3494
f 3491/3491/3491 3494/3494/3494 3495/3495/3495
f 3503/3503/3503 3502/3502/3502 3508/3508/3508
f 3503/3503/3503 3508/3508/3508 3509/3509/3509
f 3499/3499/3499 3498/3498/3498 3510/3510/3510
f 3499/3499/3499 3510/3510/3510 3511/3511/3511
f 3529/3529/3529 3513/3513/3513 3515/3515/3515
f 3529/3529/3529 3515/3515/3515 3528/3528/3528
f 3529/3529/3529 3512/3512/3512 3516/3516/3516
f 3517/3517/3517 3516/3516/3516 3518/3518/3518
f 3517/3517/3517 3518/3518/3518 3519/3519/3519
f 3531/3531/3531 3530/3530/3530 3520/3520/3520
f 3531/3531/3531 3520/3520/3520 3521/3521/3521
f 3533/3533/3533 3532/3532/3532 3522/3522/3522
f 3533/3533/3533 3522/3522/3522 3523/3523/3523
f 3519/3519/3519 3518/3518/3518 3524/3524/3524
f 3519/3519/3519 3524/3524/3524 3525/3525/3525
f 3523/3523/3523 3522/3522/3522 3526/3526/3526
f 3523/3523/3523 3526/3526/3526 3527/3527/3527
f 3512/3512/3512 3529/3529/3529 3528/3528/3528
f 3512/3512/3512 3528/3528/3528 3514/3514/3514
f 3513/3513/3513 3529/3529/3529 3516/3516/3516
f 3513/3513/3513 3516/3516/3516 3517/3517/3517
f 3525/3525/3525 3524/3524/3524 3530/3530/3530
f 3525/3525/3525 3530/3530/3530 3531/3531/3531
f 3521/3521/3521 3520/3520/3520 3532/3532/3532
f 3521/3521/3521 3532/3532/3532 3533/3533/3533
f 3551/3551/3551 3535/3535/3535 3537/3537/3537
f 3551/3551/3551 3537/3537/3537 3550/3550/3550
f 3551/3551/3551 3534/3534/3534 3538/3538/3538
f 3539/3539/3539 3538/3538/3538 3540/3540/3540
f 3539/3539/3539 3540/3540/3540 3541/3541/3541
f 3553/3553/3553 3552/3552/3552 3542/3542/3542
f 3553/3553/3553 3542/3542/3542 3543/3543/3543
f 3555/3555/3555 3554/3554/3554 3544/3544/3544
f 3555/3555/3555 3544/3544/3544 3545/3545/3545
f 3541/3541/3541 3540/3540/3540 3546/3546/3546
f 3541/3541/3541 3546/3546/3546 3547/3547/3547
f 3545/3545/3545 3544/3544/3544 3548/3548/3548
f 3545/3545/3545 3548/3548/3548 3549/3549/3549
f 3534/3534/3534 3551/3551/3551 3550/3550/3550
f 3534/3534/3534 3550/3550/3550 3536/3536/3536
f 3535/3535/3535 3551/3551/3551 3538/3538/3538
f 3535/3535/3535 3538/3538/3538 3539/3539/3539
f 3547/3547/3547 3546/3546/3546 3552/3552/3552
f 3547/3547/3547 3552/3552/3552 3553/3553/3553
f 3543/3543/3543 3542/3542/3542 3554/3554/3554
f 3543/3543/3543 3554/3554/3554 3555/3555/3555
f 3573/3573/3573 3557/3557/3557 3559/3559/3559
f 3573/3573/3573 3559/3559/3559 3572/3572/3572
f 3573/3573/3573 3556/3556/3556 3560/3560/3560
f 3561/3561/3561 3560/3560/3560 3562/3562/3562
f 3561/3561/3561 3562/3562/3562 3563/3563/3563
f 3575/3575/3575 3574/3574/3574 3564/3564/3564
f 3575/3575/3575 3564/3564/3564 3565/3565/3565
f 3577/3577/3577 3576/3576/3576 3566/3566/3566
f 3577/3577/3577 3566/3566/3566 3567/3567/3567
f 3563/3563/3563 3562/3562/3562 3568/3568/3568
f 3563/3563/3563 3568/3568/3568 3569/3569/3569
f 3567/3567/3567 3566/3566/3566 3570/3570/3570
f 3567/3567/3567 3570/3570/3570 3571/3571/3571
f 3556/3556/3556 3573/3573/3573 3572/3572/3572
f 3556/3556/3556 3572/3572/3572 3558/3558/3558
f 3557/3557/3557 3573/3573/3573 3560/3560/3560
f 3557/3557/3557 3560/3560/3560 3561/3561/3561
f 3569/3569/3569 3568/3568/3568 3574/3574/3574
f 3569/3569/3569 3574/3574/3574 3575/3575/3575
f 3565/3565/3565 3564/3564/3564 3576/3576/3576
f 3565/3565/3565 3576/3576/3576 3577/3577/3577
f 3595/3595/3595 3579/3579/3579 3581/3581/3581
f 3595/3595/3595 3581/3581/3581 3594/3594/3594
f 3595/3595/3595 3578/3578/3578 3582/3582/3582
f 3583/3583/3583 3582/3582/3582 3584/3584/3584
f 3583/3583/3583 3584/3584/3584 3585/3585/3585
f 3597/3597/3597 3596/3596/3596 3586/3586/3586
f 3597/3597/3597 3586/3586/3586 3587/3587/3587
f 3599/3599/3599 3598/3598/3598 3588/3588/3588
f 3599/3599/3599 3588/3588/3588 3589/3589/3589
f 3585/3585/3585 3584/3584/3584 3590/3590/3590
f 3585/3585/3585 3590/3590/3590 3591/3591/3591
f 3589/3589/3589 3588/3588/3588 3592/3592/3592
f 3589/3589/3589 3592/3592/3592 3593/3593/3593
f 3578/3578/3578 3595/3595/3595 3594/3594/3594
f 3578/3578/3578 3594/3594/3594 3580/3580/3580
f 3579/3579/3579 3595/3595/3595 3582/3582/3582
f 3579/3579/3579 3582/3582/3582 3583/3583/3583
f 3591/3591/3591 3590/3590/3590 3596/3596/3596
f 3591/3591/3591 3596/3596/3596 3597/3597/3597
f 3587/3587/3587 3586/3586/3586 3598/3598/3598
f 3587/3587/3587 3598/3598/3598 3599/3599/3599
f 3617/3617/3617 3601/3601/3601 3603/3603/3603
f 3617/3617/3617 3603/3603/3603 3616/3616/3616
f 3617/3617/3617 3600/3600/3600 3604/3604/3604
f 3605/3605/3605 3604/3604/3604 3606/3606/3606
f 3605/3605/3605 3606/3606/3606 3607/3607/3607
f 3619/3619/3619 3618/3618/3618 3608/3608/3608
f 3619/3619/3619 3608/3608/3608 3609/3609/3609
f 3621/3621/3621 3620/3620/3620 3610/3610/3610
f 3621/3621/3621 3610/3610/3610 3611/3611/3611
f 3607/3607/3607 3606/3606/3606 3612/3612/3612
f 3607/3607/3607 3612/3612/3612 3613/3613/3613
f 3611/3611/3611 3610/3610/3610 3614/3614/3614
f 3611/3611/3611 3614/3614/3614 3615/3615/3615
f 3600/3600/3600 3617/3617/3617 3616/3616/3616
f 3600/3600/3600 3616/3616/3616 3602/3602/3602
f 3601/3601/3601 3617/3617/3617 3604/3604/3604
f 3601/3601/3601 3604/3604/3604 3605/3605/3605
f 3613/3613/3613 3612/3612/3612 3618/3618/3618
f 3613/3613/3613 3618/3618/3618 3619/3619/3619
f 3609/3609/3609 3608/3608/3608 3620/3620/3620
f 3609/3609/3609 3620/3620/3620 3621/3621/3621
f 3639/3639/3639 3623/3623/3623 3625/3625/3625
f 3639/3639/3639 3625/3625/3625 3638/3638/3638
f 3639/3639/3639 3622/3622/3622 3626/3626/3626
f 3627/3627/3627 3626/3626/3626 3628/3628/3628
f 3627/3627/3627 3628/3628/3628 3629/3629/3629
f 3641/3641/3641 3640/3640/3640 3630/3630/3630
f 3641/3641/3641 3630/3630/3630 3631/3631/3631
f 3643/3643/3643 3642/3642/3642 3632/3632/3632
f 3643/3643/3643 3632/3632/3632 3633/3633/3633
f 3629/3629/3629 3628/3628/3628 3634/3634/3634
f 3629/3629/3629 3634/3634/3634 3635/3635/3635
f 3633/3633/3633 3632/3632/3632 3636/3636/3636
f 3633/3633/3633 3636/3636/3636 3637/3637/3637
f 3622/3622/3622 3639/3639/3639 3638/3638/3638
f 3622/3622/3622 3638/3638/3638 3624/3624/3624
f 3623/3623/3623 3639/3639/3639 3626/3626/3626
f 3623/3623/3623 3626/3626/3626 3627/3627/3627
f 3635/3635/3635 3634/3634/3634 3640/3640/3640
f 3635/3635/3635 3640/3640/3640 3641/3641/3641
f 3631/3631/3631 3630/3630/3630 3642/3642/3642
f 3631/3631/3631 3642/3642/3642 3643/3643/3643
f 3661/3661/3661 3645/3645/3645 3647/3647/3647
f 3661/3661/3661 3647/3647/3647 3660/3660/3660
f 3661/3661/3661 3644/3644/3644 3648/3648/3648
f 3649/3649/3649 3648/3648/3648 3650/3650/3650
f 3649/3649/3649 3650/3650/3650 3651/3651/3651
f 3663/3663/3663 3662/3662/3662 3652/3652/3652
f 3663/3663/3663 3652/3652/3652 3653/3653/3653
f 3665/3665/3665 3664/3664/3664 3654/3654/3654
f 3665/3665/3665 3654/3654/3654 3655/3655/3655
f 3651/3651/3651 3650/3650/3650 3656/3656/3656
f 3651/3651/3651 3656/3656/3656 3657/3657/3657
f 3655/3655/3655 3654/3654/3654 3658/3658/3658
f 3655/3655/3655 3658/3658/3658 3659/3659/3659
f 3644/3644/3644 3661/3661/3661 3660/3660/3660
f 3644/3644/3644 3660/3660/3660 3646/3646/3646
f 3645/3645/3645 3661/3661/3661 3648/3648/3648
f 3645/3645/3645 3648/3648/3648 3649/3649/3649
f 3657/3657/3657 3656/3656/3656 3662/3662/3662
f 3657/3657/3657 3662/3662/3662 3663/3663/3663
f 3653/3653/3653 3652/3652/3652 3664/3664/3664
f 3653/3653/3653 3664/3664/3664 3665/3665/3665
f 3683/3683/3683 3667/3667/3667 3669/3669/3669
f 3683/3683/3683 3669/3669/3669 3682/3682/3682
f 3683/3683/3683 3666/3666/3666 3670/3670/3670
f 3671/3671/3671 3670/3670/3670 3672/3672/3672
f 3671/3671/3671 3672/3672/3672 3673/3673/3673
f 3685/3685/3685 3684/3684/3684 3674/3674/3674
f 3685/3685/3685 3674/3674/3674 3675/3675/3675
f 3687/3687/3687 3686/3686/3686 3676/3676/3676
f 3687/3687/3687 3676/3676/3676 3677/3677/3677
f 3673/3673/3673 3672/3672/3672 3678/3678/3678
f 3673/3673/3673 3678/3678/3678 3679/3679/3679
f 3677/3677/3677 3676/3676/3676 3680/3680/3680
f 3677/3677/3677 3680/3680/3680 3681/3681/3681
f 3666/3666/3666 3683/3683/3683 3682/3682/3682
f 3666/3666/3666 3682/3682/3682 3668/3668/3668
f 3667/3667/3667 3683/3683/3683 3670/3670/3670
f 3667/3667/3667 3670/3670/3670 3671/3671/3671
f 3679/3679/3679 3678/3678/3678 3684/3684/3684
f 3679/3679/3679 3684/3684/3684 3685/3685/3685
f 3675/3675/3675 3674/3674/3674 3686/3686/3686
f 3675/3675/3675 3686/3686/3686 3687/3687/3687
f 3705/3705/3705 3689/3689/3689 3691/3691/3691
f 3705/3705/3705 3691/3691/3691 3704/3704/3704
f 3705/3705/3705 3688/3688/3688 3692/3692/3692
f 3693/3693/3693 3692/3692/3692 3694/3694/3694
f 3693/3693/3693 3694/3694/3694 3695/3695/3695
f 3707/3707/3707 3706/3706/3706 3696/3696/3696
f 3707/3707/3707 3696/3696/3696 3697/3697/3697
f 3709/3709/3709 3708/3708/3708 3698/3698/3698
f 3709/3709/3709 3698/3698/3698 3699/3699/3699
f 3695/3695/3695 3694/3694/3694 3700/3700/3700
f 3695/3695/3695 3700/3700/3700 3701/3701/3701
f 3699/3699/3699 3698/3698/3698 3702/3702/3702
f 3699/3699/3699 3702/3702/3702 3703/3703/3703
f 3688/3688/3688 3705/3705/3705 3704/3704/3704
f 3688/3688/3688 3704/3704/3704 3690/3690/3690
f 3689/3689/3689 3705/3705/3705 3692/3692/3692
f 3689/3689/3689 3692/3692/3692 3693/3693/3693
f 3701/3701/3701 3700/3700/3700 3706/3706/3706
f 3701/3701/3701 3706/3706/3706 3707/3707/3707
f 3697/3697/3697 3696/3696/3696 3708/3708/3708
f 3697/3697/3697 3708/3708/3708 3709/3709/3709
f 3727/3727/3727 3711/3711/3711 3713/3713/3713
f 3727/3727/3727 3713/3713/3713 3726/3726/3726
f 3727/3727/3727 3710/3710/3710 3714/3714/3714
f 3715/3715/3715 3714/3714/3714 3716/3716/3716
f 3715/3715/3715 3716/3716/3716 3717/3717/3717
f 3729/3729/3729 3728/3728/3728 3718/3718/3718
f 3729/3729/3729 3718/3718/3718 3719/3719/3719
f 3731/3731/3731 3730/3730/3730 3720/3720/3720
f 3731/3731/3731 3720/3720/3720 3721/3721/3721
f 3717/3717/3717 3716/3716/3716 3722/3722/3722
f 3717/3717/3717 3722/3722/3722 3723/3723/3723
f 3721/3721/3721 3720/3720/3720 3724/3724/3724
f 3721/3721/3721 3724/3724/3724 3725/3725/3725
f 3710/3710/3710 3727/3727/3727 3726/3726/3726
f 3710/3710/3710 3726/3726/3726 3712/3712/3712
f 3711/3711/3711 3727/3727/3727 3714/3714/3714
f 3711/3711/3711 3714/3714/3714 3715/3715/3715
f 3723/3723/3723 3722/3722/3722 3728/3728/3728
f 3723/3723/3723 3728/3728/3728 3729/3729/3729
f 3719/3719/3719 3718/3718/3718 3730/3730/3730
f 3719/3719/3719 3730/3730/3730 3731/3731/3731
f 3749/3749/3749 3733/3733/3733 3735/3735/3735
f 3749/3749/3749 3735/3735/3735 3748/3748/3748
f 3749/3749/3749 3732/3732/3732 3736/3736/3736
f 3737/3737/3737 3736/3736/3736 3738/3738/3738
f 3737/3737/3737 3738/3738/3738 3739/3739/3739
f 3751/3751/3751 3750/3750/3750 3740/3740/3740
f 3751/3751/3751 3740/3740/3740 3741/3741/3741
f 3753/3753/3753 3752/3752/3752 3742/3742/3742
f 3753/3753/3753 3742/3742/3742 3743/3743/3743
f 3739/3739/3739 3738/3738/3738 3744/3744/3744
f 3739/3739/3739 3744/3744/3744 3745/3745/3745
f 3743/3743/3743 3742/3742/3742 3746/3746/3746
f 3743/3743/3743 3746/3746/3746 3747/3747/3747
f 3732/3732/3732 3749/3749/3749 3748/3748/3748
f 3732/3732/3732 3748/3748/3748 3734/3734/3734
f 3733/3733/3733 3749/3749/3749 3736/3736/3736
f 3733/3733/3733 3736/3736/3736 3737/3737/3737
f 3745/3745/3745 3744/3744/3744 3750/3750/3750
f 3745/3745/3745 3750/3750/3750 3751/3751/3751
f 3741/3741/3741 3740/3740/3740 3752/3752/3752
f 3741/3741/3741 3752/3752/3752 3753/3753/3753
f 3771/3771/3771 3755/3755/3755 3757/3757/3757
f 3771/3771/3771 3757/3757/3757 3770/3770/3770
f 3771/3771/3771 3754/3754/3754 3758/3758/3758
f 3759/3759/3759 3758/3758/3758 3760/3760/3760
f 3759/3759/3759 3760/3760/3760 3761/3761/3761
f 3773/3773/3773 3772/3772/3772 3762/3762/3762
f 3773/3773/3773 3762/3762/3762 3763/3763/3763
f 3775/3775/3775 3774/3774/3774 3764/3764/3764
f 3775/3775/3775 3764/3764/3764 3765/3765/3765
f 3761/3761/3761 3760/3760/3760 3766/3766/3766
f 3761/3761/3761 3766/3766/3766 3767/3767/3767
f 3765/3765/3765 3764/3764/3764 3768/3768/3768
f 3765/3765/3765 3768/3768/3768 3769/3769/3769
f 3754/3754/3754 3771/3771/3771 3770/3770/3770
f 3754/3754/3754 3770/3770/3770 3756/3756/3756
f 3755/3755/3755 3771/3771/3771 3758/3758/3758
f 3755/3755/3755 3758/3758/3758 3759/3759/3759
f 3767/3767/3767 3766/3766/3766 3772/3772/3772
f 3767/3767/3767 3772/3772/3772 3773/3773/3773
f 3763/3763/3763 3762/3762/3762 3774/3774/3774
f 3763/3763/3763 3774/3774/3774 3775/3775/3775
f 3793/3793/3793 3777/3777/3777 3779/3779/3779
f 3793/3793/3793 3779/3779/3779 3792/3792/3792
f 3793/3793/3793 3776/3776/3776 3780/3780/3780
f 3781/3781/3781 3780/3780/3780 3782/3782/3782
f 3781/3781/3781 3782/3782/3782 3783/3783/3783
f 3795/3795/3795 3794/3794/3794 3784/3784/3784
f 3795/3795/3795 3784/3784/3784 3785/3785/3785
f 3797/3797/3797 3796/3796/3796 3786/3786/3786
f 3797/3797/3797 3786/3786/3786 3787/3787/3787
f 3783/3783/3783 3782/3782/3782 3788/3788/3788
f 3783/3783/3783 3788/3788/3788 3789/3789/3789
f 3787/3787/3787 3786/3786/3786 3790/3790/3790
f 3787/3787/3787 3790/3790/3790 3791/3791/3791
f 3776/3776/3776 3793/3793/3793 3792/3792/3792
f 3776/3776/3776 3792/3792/3792 3778/3778/3778
f 3777/3777/3777 3793/3793/3793 3780/3780/3780
f 3777/3777/3777 3780/3780/3780 3781/3781/3781
f 3789/3789/3789 3788/3788/3788 3794/3794/3794
f 3789/3789/3789 3794/3794/3794 3795/3795/3795
f 3785/3785/3785 3784/3784/3784 3796/3796/3796
f 3785/3785/3785 3796/3796/3796 3797/3797/3797
f 3815/3815/3815 3799/3799/3799 3801/3801/3801
f 3815/3815/3815 3801/3801/3801 3814/3814/3814
f 3815/3815/3815 3798/3798/3798 3802/3802/3802
f 3803/3803/3803 3802/3802/3802 3804/3804/3804
f 3803/3803/3803 3804/3804/3804 3805/3805/3805
f 3817/3817/3817 3816/3816/3816 3806/3806/3806
f 3817/3817/3817 3806/3806/3806 3807/3807/3807
f 3819/3819/3819 3818/3818/3818 3808/3808/3808
f 3819/3819/3819 3808/3808/3808 3809/3809/3809
f 3805/3805/3805 3804/3804/3804 3810/3810/3810
f 3805/3805/3805 3810/3810/3810 3811/3811/3811
f 3809/3809/3809 3808/3808/3808 3812/3812/3812
f 3809/3809/3809 3812/3812/3812 3813/3813/3813
f 3798/3798/3798 3815/3815/3815 3814/3814/3814
f 3798/3798/3798 3814/3814/3814 3800/3800/3800
f 3799/3799/3799 3815/3815/3815 3802/3802/3802
f 3799/3799/3799 3802/3802/3802 3803/3803/3803
f 3811/3811/3811 3810/3810/3810 3816/3816/3816
f 3811/3811/3811 3816/3816/3816 3817/3817/3817
f 3807/3807/3807 3806/3806/3806 3818/3818/3818
f 3807/3807/3807 3818/3818/3818 3819/3819/3819
f 3837/3837/3837 3821/3821/3821 3823/3823/3823
f 3837/3837/3837 3823/3823/3823 3836/3836/3836
f 3837/3837/3837 3820/3820/3820 3824/3824/3824
f 3825/3825/3825 3824/3824/3824 3826/3826/3826
f 3825/3825/3825 3826/3826/3826 3827/3827/3827
f 3839/3839/3839 3838/3838/3838 3828/3828/3828
f 3839/3839/3839 3828/3828/3828 3829/3829/3829
f 3841/3841/3841 3840/3840/3840 3830/3830/3830
f 3841/3841/3841 3830/3830/3830 3831/3831/3831
f 3827/3827/3827 3826/3826/3826 3832/3832/3832
f 3827/3827/3827 3832/3832/3832 3833/3833/3833
f 3831/3831/3831 3830/3830/3830 3834/3834/3834
f 3831/3831/3831 3834/3834/3834 3835/3835/3835
f 3820/3820/3820 3837/3837/3837 3836/3836/3836
f 3820/3820/3820 3836/3836/3836 3822/3822/3822
f 3821/3821/3821 3837/3837/3837 3824/3824/3824
f 3821/3821/3821 3824/3824/3824 3825/3825/3825
f 3833/3833/3833 3832/3832/3832 3838/3838/3838
f 3833/3833/3833 3838/3838/3838 3839/3839/3839
f 3829/3829/3829 3828/3828/3828 3840/3840/3840
f 3829/3829/3829 3840/3840/3840 3841/3841/3841
f 3859/3859/3859 3843/3843/3843 3845/3845/3845
f 3859/3859/3859 3845/3845/3845 3858/3858/3858
f 3859/3859/3859 3842/3842/3842 3846/3846/3846
f 3847/3847/3847 3846/3846/3846 3848/3848/3848
f 3847/3847/3847 3848/3848/3848 3849/3849/3849
f 3861/3861/3861 3860/3860/3860 3850/3850/3850
f 3861/3861/3861 3850/3850/3850 3851/3851/3851
f 3863/3863/3863 3862/3862/3862 3852/3852/3852
f 3863/3863/3863 3852/3852/3852 3853/3853/3853
f 3849/3849/3849 3848/3848/3848 3854/3854/3854
f 3849/3849/3849 3854/3854/3854 3855/3855/3855
f 3853/3853/3853 3852/3852/3852 3856/3856/3856
f 3853/3853/3853 3856/3856/3856 3857/3857/3857
f 3842/3842/3842 3859/3859/3859 3858/3858/3858
f 3842/3842/3842 3858/3858/3858 3844/3844/3844
f 3843/3843/3843 3859/3859/3859 3846/3846/3846
f 3843/3843/3843 3846/3846/3846 3847/3847/3847
f 3855/3855/3855 3854/3854/3854 3860/3860/3860
f 3855/3855/3855 3860/3860/3860 3861/3861/3861
f 3851/3851/3851 3850/3850/3850 3862/3862/3862
f 3851/3851/3851 3862/3862/3862 3863/3863/3863
f 3881/3881/3881 3865/3865/3865 3867/3867/3867
f 3881/3881/3881 3867/3867/3867 3880/3880/3880
f 3881/3881/3881 3864/3864/3864 3868/3868/3868
f 3869/3869/3869 3868/3868/3868 3870/3870/3870
f 3869/3869/3869 3870/3870/3870 3871/3871/3871
f 3883/3883/3883 3882/3882/3882 3872/3872/3872
f 3883/3883/3883 3872/3872/3872 3873/3873/3873
f 3885/3885/3885 3884/3884/3884 3874/3874/3874
f 3885/3885/3885 3874/3874/3874 3875/3875/3875
f 3871/3871/3871 3870/3870/3870 3876/3876/3876
f 3871/3871/3871 3876/3876/3876 3877/3877/3877
f 3875/3875/3875 3874/3874/3874 3878/3878/3878
f 3875/3875/3875 3878/3878/3878 3879/3879/3879
f 3864/3864/3864 3881/3881/3881 3880/3880/3880
f 3864/3864/3864 3880/3880/3880 3866/3866/3866
f 3865/3865/3865 3881/3881/3881 3868/3868/3868
f 3865/3865/3865 3868/3868/3868 3869/3869/3869
f 3877/3877/3877 3876/3876/3876 3882/3882/3882
f 3877/3877/3877 3882/3882/3882 3883/3883/3883
f 3873/3873/3873 3872/3872/3872 3884/3884/3884
f 3873/3873/3873 3884/3884/3884 3885/3885/3885
f 3903/3903/3903 3887/3887/3887 3889/3889/3889
f 3903/3903/3903 3889/3889/3889 3902/3902/3902
f 3903/3903/3903 3886/3886/3886 3890/3890/3890
f 3891/3891/3891 3890/3890/3890 3892/3892/3892
f 3891/3891/3891 3892/3892/3892 3893/3893/3893
f 3905/3905/3905 3904/3904/3904 3894/3894/3894
f 3905/3905/3905 3894/3894/3894 3895/3895/3895
f 3907/3907/3907 3906/3906/3906 3896/3896/3896
f 3907/3907/3907 3896/3896/3896 3897/3897/3897
f 3893/3893/3893 3892/3892/3892 3898/3898/3898
f 3893/3893/3893 3898/3898/3898 3899/3899/3899
f 3897/3897/3897 3896/3896/3896 3900/3900/3900
f 3897/3897/3897 3900/3900/3900 3901/3901/3901
f 3886/3886/3886 3903/3903/3903 3902/3902/3902
f 3886/3886/3886 3902/3902/3902 3888/3888/3888
f 3887/3887/3887 3903/3903/3903 3890/3890/3890
f 3887/3887/3887 3890/3890/3890 3891/3891/3891
f 3899/3899/3899 3898/3898/3898 3904/3904/3904
f 3899/3899/3899 3904/3904/3904 3905/3905/3905
f 3895/3895/3895 3894/3894/3894 3906/3906/3906
f 3895/3895/3895 3906/3906/3906 3907/3907/3907
f 3925/3925/3925 3909/3909/3909 3911/3911/3911
f 3925/3925/3925 3911/3911/3911 3924/3924/3924
f 3925/3925/3925 3908/3908/3908 3912/3912/3912
f 3913/3913/3913 3912/3912/3912 3914/3914/3914
f 3913/3913/3913 3914/3914/3914 3915/3915/3915
f 3927/3927/3927 3926/3926/3926 3916/3916/3916
f 3927/3927/3927 3916/3916/3916 3917/3917/3917
f 3929/3929/3929 3928/3928/3928 3918/3918/3918
f 3929/3929/3929 3918/3918/3918 3919/3919/3919
f 3915/3915/3915 3914/3914/3914 3920/3920/3920
f 3915/3915/3915 3920/3920/3920 3921/3921/3921
f 3919/3919/3919 3918/3918/3918 3922/3922/3922
f 3919/3919/3919 3922/3922/3922 3923/3923/3923
f 3908/3908/3908 3925/3925/3925 3924/3924/3924
f 3908/3908/3908 3924/3924/3924 3910/3910/3910
f 3909/3909/3909 3925/3925/3925 3912/3912/3912
f 3909/3909/3909 3912/3912/3912 3913/3913/3913
f 3921/3921/3921 3920/3920/3920 3926/3926/3926
f 3921/3921/3921 3926/3926/3926 3927/3927/3927
f 3917/3917/3917 3916/3916/3916 3928/3928/3928
f 3917/3917/3917 3928/3928/3928 3929/3929/3929
f 3947/3947/3947 3931/3931/3931 3933/3933/3933
f 3947/3947/3947 3933/3933/3933 3946/3946/3946
f 3947/3947/3947 3930/3930/3930 3934/3934/3934
f 3935/3935/3935 3934/3934/3934 3936/3936/3936
f 3935/3935/3935 3936/3936/3936 3937/3937/3937
f 3949/3949/3949 3948/3948/3948 3938/3938/3938
f 3949/3949/3949 3938/3938/3938 3939/3939/3939
f 3951/3951/3951 3950/3950/3950 3940/3940/3940
f 3951/3951/3951 3940/3940/3940 3941/3941/3941
f 3937/3937/3937 3936/3936/3936 3942/3942/3942
f 3937/3937/3937 3942/3942/3942 3943/3943/3943
f 3941/3941/3941 3940/3940/3940 3944/3944/3944
f 3941/3941/3941 3944/3944/3944 3945/3945/3945
f 3930/3930/3930 3947/3947/3947 3946/3946/3946
f 3930/3930/3930 3946/3946/3946 3932/3932/3932
f 3931/3931/3931 3947/3947/3947 3934/3934/3934
f 3931/3931/3931 3934/3934/3934 3935/3935/3935
f 3943/3943/3943 3942/3942/3942 3948/3948/3948
f 3943/3943/3943 3948/3948/3948 3949/3949/3949
f 3939/3939/3939 3938/3938/3938 3950/3950/3950
f 3939/3939/3939 3950/3950/3950 3951/3951/3951
f 3969/3969/3969 3953/3953/3953 3955/3955/3955
f 3969/3969/3969 3955/3955/3955 3968/3968/3968
f 3969/3969/3969 3952/3952/3952 3956/3956/3956
f 3957/3957/3957 3956/3956/3956 3958/3958/3958
f 3957/3957/3957 3958/3958/3958 3959/3959/3959
f 3971/3971/3971 3970/3970/3970 3960/3960/3960
f 3971/3971/3971 3960/3960/3960 3961/3961/3961
f 3973/3973/3973 3972/3972/3972 3962/3962/3962
f 3973/3973/3973 3962/3962/3962 3963/3963/3963
f 3959/3959/3959 3958/3958/3958 3964/3964/3964
f 3959/3959/3959 3964/3964/3964 3965/3965/3965
f 3963/3963/3963 3962/3962/3962 3966/3966/3966
f 3963/3963/3963 3966/3966/3966 3967/3967/3967
f 3952/3952/3952 3969/3969/3969 3968/3968/3968
f 3952/3952/3952 3968/3968/3968 3954/3954/3954
f 3953/3953/3953 3969/3969/3969 3956/3956/3956
f 3953/3953/3953 3956/3956/3956 3957/3957/3957
f 3965/3965/3965 3964/3964/3964 3970/3970/3970
f 3965/3965/3965 3970/3970/3970 3971/3971/3971
f 3961/3961/3961 3960/3960/3960 3972/3972/3972
f 3961/3961/3961 3972/3972/3972 3973/3973/3973
f 3991/3991/3991 3975/3975/3975 3977/3977/3977
f 3991/3991/3991 3977/3977/3977 3990/3990/3990
f 3991/3991/3991 3974/3974/3974 3978/3978/3978
f 3979/3979/3979 3978/3978/3978 3980/3980/3980
f 3979/3979/3979 3980/3980/3980 3981/3981/3981
f 3993/3993/3993 3992/3992/3992 3982/3982/3982
f 3993/3993/3993 3982/3982/3982 3983/3983/3983
f 3995/3995/3995 3994/3994/3994 3984/3984/3984
f 3995/3995/3995 3984/3984/3984 3985/3985/3985
f 3981/3981/3981 3980/3980/3980 3986/3986/3986
f 3981/3981/3981 3986/3986/3986 3987/3987/3987
f 3985/3985/3985 3984/3984/3984 3988/3988/3988
f 3985/3985/3985 3988/3988/3988 3989/3989/3989
f 3974/3974/3974 3991/3991/3991 3990/3990/3990
f 3974/3974/3974 3990/3990/3990 3976/3976/3976
f 3975/3975/3975 3991/3991/3991 3978/3978/3978
f 3975/3975/3975 3978/3978/3978 3979/3979/3979
f 3987/3987/3987 3986/3986/3986 3992/3992/3992
f 3987/3987/3987 3992/3992/3992 3993/3993/3993
f 3983/3983/3983 3982/3982/3982 3994/3994/3994
f 3983/3983/3983 3994/3994/3994 3995/3995/3995
f 4013/4013/4013 3997/3997/3997 3999/3999/3999
f 4013/4013/4013 3999/3999/3999 4012/4012/4012
f 4013/4013/4013 3996/3996/3996 4000/4000/4000
f 4001/4001/4001 4000/4000/4000 4002/4002/4002
f 4001/4001/4001 4002/4002/4002 4003/4003/4003
f 4015/4015/4015 4014/4014/4014 4004/4004/4004
f 4015/4015/4015 4004/4004/4004 4005/4005/4005
f 4017/4017/4017 4016/4016/4016 4006/4006/4006
f 4017/4017/4017 4006/4006/4006 4007/4007/4007
f 4003/4003/4003 4002/4002/4002 4008/4008/4008
f 4003/4003/4003 4008/4008/4008 4009/4009/4009
f 4007/4007/4007 4006/4006/4006 4010/4010/4010
f 4007/4007/4007 4010/4010/4010 4011/4011/4011
f 3996/3996/3996 4013/4013/4013 4012/4012/4012
f 3996/3996/3996 4012/4012/4012 3998/3998/3998
f 3997/3997/3997 4013/4013/4013 4000/4000/4000
f 3997/3997/3997 4000/4000/4000 4001/4001/4001
f 4009/4009/4009 4008/4008/4008 4014/4014/4014
f 4009/4009/4009 4014/4014/4014 4015/4015/4015
f 4005/4005/4005 4004/4004/4004 4016/4016/4016
f 4005/4005/4005 4016/4016/4016 4017/4017/4017
f 4035/4035/4035 4019/4019/4019 4021/4021/4021
f 4035/4035/4035 4021/4021/4021 4034/4034/4034
f 4035/4035/4035 4018/4018/4018 4022/4022/4022
f 4023/4023/4023 4022/4022/4022 4024/4024/4024
f 4023/4023/4023 4024/4024/4024 4025/4025/4025
f 4037/4037/4037 4036/4036/4036 4026/4026/4026
f 4037/4037/4037 4026/4026/4026 4027/4027/4027
f 4039/4039/4039 4038/4038/4038 4028/4028/4028
f 4039/4039/4039 4028/4028/4028 4029/4029/4029
f 4025/4025/4025 4024/4024/4024 4030/4030/4030
f 4025/4025/4025 4030/4030/4030 4031/4031/4031
f 4029/4029/4029 4028/4028/4028 4032/4032/4032
f 4029/4029/4029 4032/4032/4032 4033/4033/4033
f 4018/4018/4018 4035/4035/4035 4034/4034/4034
f 4018/4018/4018 4034/4034/4034 4020/4020/4020
f 4019/4019/4019 4035/4035/4035 4022/4022/4022
f 4019/4019/4019 4022/4022/4022 4023/4023/4023
f 4031/4031/4031 4030/4030/4030 4036/4036/4036
f 4031/4031/4031 4036/4036/4036 4037/4037/4037
f 4027/4027/4027 4026/4026/4026 4038/4038/4038
f 4027/4027/4027 4038/4038/4038 4039/4039/4039
f 4057/4057/4057 4041/4041/4041 4043/4043/4043
f 4057/4057/4057 4043/4043/4043 4056/4056/4056
f 4057/4057/4057 4040/4040/4040 4044/4044/4044
f 4045/4045/4045 4044/4044/4044 4046/4046/4046
f 4045/4045/4045 4046/4046/4046 4047/4047/4047
f 4059/4059/4059 4058/4058/4058 4048/4048/4048
f 4059/4059/4059 4048/4048/4048 4049/4049/4049
f 4061/4061/4061 4060/4060/4060 4050/4050/4050
f 4061/4061/4061 4050/4050/4050 4051/4051/4051
f 4047/4047/4047 4046/4046/4046 4052/4052/4052
f 4047/4047/4047 4052/4052/4052 4053/4053/4053
f 4051/4051/4051 4050/4050/4050 4054/4054/4054
f 4051/4051/4051 4054/4054/4054 4055/4055/4055
f 4040/4040/4040 4057/4057/4057 4056/4056/4056
f 4040/4040/4040 4056/4056/4056 4042/4042/4042
f 4041/4041/4041 4057/4057/4057 4044/4044/4044
f 4041/4041/4041 4044/4044/4044 4045/4045/4045
f 4053/4053/4053 4052/4052/4052 4058/4058/4058
f 4053/4053/4053 4058/4058/4058 4059/4059/4059
f 4049/4049/4049 4048/4048/4048 4060/4060/4060
f 4049/4049/4049 4060/4060/4060 4061/4061/4061
f 4079/4079/4079 4063/4063/4063 4065/4065/4065
f 4079/4079/4079 4065/4065/4065 4078/4078/4078
f 4079/4079/4079 4062/4062/4062 4066/4066/4066
f 4067/4067/4067 4066/4066/4066 4068/4068/4068
f 4067/4067/4067 4068/4068/4068 4069/4069/4069
f 4081/4081/4081 4080/4080/4080 4070/4070/4070
f 4081/4081/4081 4070/4070/4070 4071/4071/4071
f 4083/4083/4083 4082/4082/4082 4072/4072/4072
f 4083/4083/4083 4072/4072/4072 4073/4073/4073
f 4069/4069/4069 4068/4068/4068 4074/4074/4074
f 4069/4069/4069 4074/4074/4074 4075/4075/4075
f 4073/4073/4073 4072/4072/4072 4076/4076/4076
f 4073/4073/4073 4076/4076/4076 4077/4077/4077
f 4062/4062/4062 4079/4079/4079 4078/4078/4078
f 4062/4062/4062 4078/4078/4078 4064/4064/4064
f 4063/4063/4063 4079/4079/4079 4066/4066/4066
f 4063/4063/4063 4066/4066/4066 4067/4067/4067
f 4075/4075/4075 4074/4074/4074 4080/4080/4080
f 4075/4075/4075 4080/4080/4080 4081/4081/4081
f 4071/4071/4071 4070/4070/4070 4082/4082/4082
f 4071/4071/4071 4082/4082/4082 4083/4083/4083
f 4101/4101/4101 4085/4085/4085 4087/4087/4087
f 4101/4101/4101 4087/4087/4087 4100/4100/4100
f 4101/4101/4101 4084/4084/4084 4088/4088/4088
f 4089/4089/4089 4088/4088/4088 4090/4090/4090
f 4089/4089/4089 4090/4090/4090 4091/4091/4091
f 4103/4103/4103 4102/4102/4102 4092/4092/4092
f 4103/4103/4103 4092/4092/4092 4093/4093/4093
f 4105/4105/4105 4104/4104/4104 4094/4094/4094
f 4105/4105/4105 4094/4094/4094 4095/4095/4095
f 4091/4091/4091 4090/4090/4090 4096/4096/4096
f 4091/4091/4091 4096/4096/4096 4097/4097/4097
f 4095/4095/4095 4094/4094/4094 4098/4098/4098
f 4095/4095/4095 4098/4098/4098 4099/4099/4099
f 4084/4084/4084 4101/4101/4101 4100/4100/4100
f 4084/4084/4084 4100/4100/4100 4086/4086/4086
f 4085/4085/4085 4101/4101/4101 4088/4088/4088
f 4085/4085/4085 4088/4088/4088 4089/4089/4089
f 4097/4097/4097 4096/4096/4096 4102/4102/4102
f 4097/4097/4097 4102/4102/4102 4103/4103/4103
f 4093/4093/4093 4092/4092/4092 4104/4104/4104
f 4093/4093/4093 4104/4104/4104 4105/4105/4105
f 4123/4123/4123 4107/4107/4107 4109/4109/4109
f 4123/4123/4123 4109/4109/4109 4122/4122/4122
f 4123/4123/4123 4106/4106/4106 4110/4110/4110
f 4111/4111/4111 4110/4110/4110 4112/4112/4112
f 4111/4111/4111 4112/4112/4112 4113/4113/4113
f 4125/4125/4125 4124/4124/4124 4114/4114/4114
f 4125/4125/4125 4114/4114/4114 4115/4115/4115
f 4127/4127/4127 4126/4126/4126 4116/4116/4116
f 4127/4127/4127 4116/4116/4116 4117/4117/4117
f 4113/4113/4113 4112/4112/4112 4118/4118/4118
f 4113/4113/4113 4118/4118/4118 4119/4119/4119
f 4117/4117/4117 4116/4116/4116 4120/4120/4120
f 4117/4117/4117 4120/4120/4120 4121/4121/4121
f 4106/4106/4106 4123/4123/4123 4122/4122/4122
f 4106/4106/4106 4122/4122/4122 4108/4108/4108
f 4107/4107/4107 4123/4123/4123 4110/4110/4110
f 4107/4107/4107 4110/4110/4110 4111/4111/4111
f 4119/4119/4119 4118/4118/4118 4124/4124/4124
f 4119/4119/4119 4124/4124/4124 4125/4125/4125
f 4115/4115/4115 4114/4114/4114 4126/4126/4126
f 4115/4115/4115 4126/4126/4126 4127/4127/4127
f 4145/4145/4145 4129/4129/4129 4131/4131/4131
f 4145/4145/4145 4131/4131/4131 4144/4144/4144
f 4145/4145/4145 4128/4128/4128 4132/4132/4132
f 4133/4133/4133 4132/4132/4132 4134/4134/4134
f 4133/4133/4133 4134/4134/4134 4135/4135/4135
f 4147/4147/4147 4146/4146/4146 4136/4136/4136
f 4147/4147/4147 4136/4136/4136 4137/4137/4137
f 4149/4149/4149 4148/4148/4148 4138/4138/4138
f 4149/4149/4149 4138/4138/4138 4139/4139/4139
f 4135/4135/4135 4134/4134/4134 4140/4140/4140
f 4135/4135/4135 4140/4140/4140 4141/4141/4141
f 4139/4139/4139 4138/4138/4138 4142/4142/4142
f 4139/4139/4139 4142/4142/4142 4143/4143/4143
f 4128/4128/4128 4145/4145/4145 4144/4144/4144
f 4128/4128/4128 4144/4144/4144 4130/4130/4130
f 4129/4129/4129 4145/4145/4145 4132/4132/4132
f 4129/4129/4129 4132/4132/4132 4133/4133/4133
f 4141/4141/4141 4140/4140/4140 4146/4146/4146
f 4141/4141/4141 4146/4146/4146 4147/4147/4147
f 4137/4137/4137 4136/4136/4136 4148/4148/4148
f 4137/4137/4137 4148/4148/4148 4149/4149/4149
f 4167/4167/4167 4151/4151/4151 4153/4153/4153
f 4167/4167/4167 4153/4153/4153 4166/4166/4166
f 4167/4167/4167 4150/4150/4150 4154/4154/4154
f 4155/4155/4155 4154/4154/4154 4156/4156/4156
f 4155/4155/4155 4156/4156/4156 4157/4157/4157
f 4169/4169/4169 4168/4168/4168 4158/4158/4158
f 4169/4169/4169 4158/4158/4158 4159/4159/4159
f 4171/4171/4171 4170/4170/4170 4160/4160/4160
f 4171/4171/4171 4160/4160/4160 4161/4161/4161
f 4157/4157/4157 4156/4156/4156 4162/4162/4162
f 4157/4157/4157 4162/4162/4162 4163/4163/4163
f 4161/4161/4161 4160/4160/4160 4164/4164/4164
f 4161/4161/4161 4164/4164/4164 4165/4165/4165
f 4150/4150/4150 4167/4167/4167 4166/4166/4166
f 4150/4150/4150 4166/4166/4166 4152/4152/4152
f 4151/4151/4151 4167/4167/4167 4154/4154/4154
f 4151/4151/4151 4154/4154/4154 4155/4155/4155
f 4163/4163/4163 4162/4162/4162 4168/4168/4168
f 4163/4163/4163 4168/4168/4168 4169/4169/4169
f 4159/4159/4159 4158/4158/4158 4170/4170/4170
f 4159/4159/4159 4170/4170/4170 4171/4171/4171
f 4189/4189/4189 4173/4173/4173 4175/4175/4175
f 4189/4189/4189 4175/4175/4175 4188/4188/4188
f 4189/4189/4189 4172/4172/4172 4176/4176/4176
f 4177/4177/4177 4176/4176/4176 4178/4178/4178
f 4177/4177/4177 4178/4178/4178 4179/4179/4179
f 4191/4191/4191 4190/4190/4190 4180/4180/4180
f 4191/4191/4191 4180/4180/4180 4181/4181/4181
f 4193/4193/4193 4192/4192/4192 4182/4182/4182
f 4193/4193/4193 4182/4182/4182 4183/4183/4183
f 4179/4179/4179 4178/4178/4178 4184/4184/4184
f 4179/4179/4179 4184/4184/4184 4185/4185/4185
f 4183/4183/4183 4182/4182/4182 4186/4186/4186
f 4183/4183/4183 4186/4186/4186 4187/4187/4187
f 4172/4172/4172 4189/4189/4189 4188/4188/4188
f 4172/4172/4172 4188/4188/4188 4174/4174/4174
f 4173/4173/4173 4189/4189/4189 4176/4176/4176
f 4173/4173/4173 4176/4176/4176 4177/4177/4177
f 4185/4185/4185 4184/4184/4184 4190/4190/4190
f 4185/4185/4185 4190/4190/4190 4191/4191/4191
f 4181/4181/4181 4180/4180/4180 4192/4192/4192
f 4181/4181/4181 4192/4192/4192 4193/4193/4193
f 4203/4203/4203 4205/4205/4205 4201/4201/4201
f 4203/4203/4203 4201/4201/4201 4202/4202/4202
f 4205/4205/4205 4204/4204/4204 4200/4200/4200
f 4205/4205/4205 4200/4200/4200 4201/4201/4201
f 4202/4202/4202 4201/4201/4201 4197/4197/4197
f 4202/4202/4202 4197/4197/4197 4196/4196/4196
f 4201/4201/4201 4200/4200/4200 4199/4199/4199
f 4201/4201/4201 4199/4199/4199 4197/4197/4197
f 4195/4195/4195 4198/4198/4198 4204/4204/4204
f 4195/4195/4195 4204/4204/4204 4205/4205/4205
f 4194/4194/4194 4195/4195/4195 4205/4205/4205
f 4194/4194/4194 4205/4205/4205 4203/4203/4203
f 4206/4206/4206 4207/4207/4207 4213/4213/4213
f 4206/4206/4206 4213/4213/4213 4214/4214/4214
f 4207/4207/4207 4210/4210/4210 4212/4212/4212
f 4207/4207/4207 4212/4212/4212 4213/4213/4213
f 4214/4214/4214 4213/4213/4213 4209/4209/4209
f 4214/4214/4214 4209/4209/4209 4208/4208/4208
f 4213/4213/4213 4212/4212/4212 4211/4211/4211
f 4213/4213/4213 4211/4211/4211 4209/4209/4209
f 4215/4215/4215 4216/4216/4216 4222/4222/4222
f 4215/4215/4215 4222/4222/4222 4223/4223/4223
f 4216/4216/4216 4219/4219/4219 4221/4221/4221
f 4216/4216/4216 4221/4221/4221 4222/4222/4222
f 4223/4223/4223 4222/4222/4222 4218/4218/4218
f 4223/4223/4223 4218/4218/4218 4217/4217/4217
f 4222/4222/4222 4221/4221/4221 4220/4220/4220
f 4222/4222/4222 4220/4220/4220 4218/4218/4218
f 3010/3010/3010 3009/3009/3009 4224/4224/4224
f 3010/3010/3010 4224/4224/4224 4225/4225/4225
f 3022/3022/3022 3021/3021/3021 4226/4226/4226
f 3022/3022/3022 4226/4226/4226 4227/4227/4227
f 3024/3024/3024 3023/3023/3023 4228/4228/4228
f 3024/3024/3024 4228/4228/4228 4229/4229/4229
f 3012/3012/3012 3011/3011/3011 4230/4230/4230
f 3012/3012/3012 4230/4230/4230 4231/4231/4231
f 4229/4229/4229 4228/4228/4228 4233/4233/4233
f 4229/4229/4229 4233/4233/4233 4232/4232/4232
f 4231/4231/4231 4230/4230/4230 4234/4234/4234
f 4231/4231/4231 4234/4234/4234 4235/4235/4235
