# grass - imported by tools/vegetation-import. Do not hand-edit.
mtllib grass.mtl
o grass
v -0.0870888 0.0167493 -0.0391257
v -0.093501 0.0200954 -0.0418617
v -0.0866112 0.00668171 -0.03956
v -0.0918537 0.00973367 -0.0413919
v -0.0782975 0.0576688 -0.0342373
v -0.0838367 0.061482 -0.0385019
v -0.0676949 0.0936109 -0.0292755
v -0.0721909 0.0968742 -0.034816
v -0.0521983 0.133941 -0.022115
v -0.0550859 0.137365 -0.0286234
v -0.0263559 0.179499 -0.0114695
v -0.0275739 0.182264 -0.0181293
v 0.00704944 0.225439 0.000339606
v 0.00693188 0.229062 -0.00643036
v 0.0414537 0.251414 0.0132205
v 0.0412715 0.255729 0.00669963
v 0.0812422 0.267 0.0245082
v 0.080662 0.273608 0.0174919
v 0.150989 0.267299 0.0376913
v 0.150452 0.277975 0.0328888
v 0.22666 0.260143 0.0577496
v 0.226529 0.269105 0.057204
v 0.283089 0.267879 0.0756265
v 0.282746 0.27473 0.0760767
v 0.0810914 0.41112 -0.197776
v 0.0340716 0.384104 -0.13847
v 0.0452394 0.374351 -0.132592
v 0.00601568 0.350757 -0.110552
v 0.0148338 0.343812 -0.10399
v -0.026447 0.313466 -0.0907251
v -0.0179745 0.307131 -0.0834511
v -0.0545527 0.248948 -0.073193
v -0.0452904 0.243536 -0.067111
v -0.0754744 0.186025 -0.0612588
v -0.0648388 0.179589 -0.0568452
v -0.0867532 0.130135 -0.0544427
v -0.0758047 0.123911 -0.0524216
v -0.093809 0.0831527 -0.049435
v -0.083216 0.0761502 -0.0494924
v -0.0977655 0.0152483 -0.0470506
v -0.0902856 0.00967423 -0.0491025
v -0.100241 0.02885 -0.045349
v -0.090662 0.0225839 -0.0474892
v 0.0694749 0.425521 -0.19949
v 0.112934 0.437074 -0.289286
v 0.107954 0.449699 -0.288197
v 0.152845 0.470802 -0.339822
v 0.151371 0.478833 -0.336506
v -0.0897744 0.0186437 -0.0495497
v -0.0964426 0.0175353 -0.0457478
v -0.0916075 0.0537044 -0.0488422
v -0.0989671 0.052516 -0.0438429
v -0.0899536 0.114689 -0.0525755
v -0.0985223 0.113936 -0.0453108
v -0.0897361 0.195994 -0.0575117
v -0.101339 0.193108 -0.0532482
v -0.100555 0.267955 -0.0566166
v -0.111139 0.262163 -0.0587243
v -0.116314 0.318946 -0.0787344
v -0.122952 0.311836 -0.0847339
v -0.128483 0.356227 -0.118544
v -0.133134 0.350892 -0.123659
v -0.130631 0.374359 -0.147202
v -0.135418 0.370646 -0.150619
v -0.134942 0.387389 -0.176049
v -0.140991 0.384137 -0.178336
v -0.146934 0.401331 -0.21917
v -0.104892 0.0195285 -0.040482
v -0.107801 0.0176398 -0.0335203
v -0.104839 0.030974 -0.0402775
v -0.108713 0.0278187 -0.0304377
v -0.106719 0.0843316 -0.0355011
v -0.109128 0.0832113 -0.0253364
v -0.108553 0.171531 -0.0326112
v -0.107959 0.172489 -0.0221064
v -0.111854 0.22632 -0.0345669
v -0.107715 0.229123 -0.0258188
v -0.122789 0.27803 -0.0389487
v -0.122618 0.279033 -0.0296299
v -0.144207 0.313879 -0.0381971
v -0.145648 0.31349 -0.0308744
v -0.176557 0.350232 -0.0311135
v -0.180046 0.348036 -0.0254789
v -0.209226 0.367544 -0.0301344
v -0.211625 0.365584 -0.0254809
v -0.23729 0.376536 -0.0240254
v -0.238737 0.374903 -0.0195498
v -0.0929521 0.0188503 -0.04739
v -0.0995766 0.0225374 -0.0458667
v -0.0933337 0.00879059 -0.0480453
v -0.0984978 0.012108 -0.0464701
v -0.0808738 0.0592061 -0.0484458
v -0.0876557 0.0633731 -0.0486723
v -0.0675381 0.0945157 -0.05051
v -0.0742445 0.0981322 -0.0523826
v -0.0487307 0.134018 -0.0536792
v -0.0546868 0.137755 -0.0572718
v -0.0194928 0.182608 -0.0627865
v -0.0242135 0.185585 -0.0674528
v 0.0174986 0.235006 -0.0776816
v 0.0140108 0.238025 -0.0825828
v 0.0605135 0.259234 -0.0849785
v 0.0571161 0.259369 -0.0898518
v 0.0938014 0.263812 -0.122503
v 0.0910422 0.260199 -0.130301
v 0.15688 0.288308 -0.149989
v 0.161199 0.281319 -0.158397
v 0.221969 0.328932 -0.134597
v 0.224747 0.325299 -0.142323
v 0.280601 0.340803 -0.125265
v 0.282612 0.338585 -0.131452
v -0.0877564 0.0170952 -0.0718621
v -0.0949516 0.0178125 -0.0723247
v -0.0975239 0.0479239 -0.102047
v -0.105814 0.049976 -0.102905
v -0.0955261 0.0967057 -0.143025
v -0.10353 0.104386 -0.144773
v -0.0837625 0.165227 -0.19699
v -0.0955275 0.17086 -0.199969
v -0.0762237 0.19799 -0.250098
v -0.0838492 0.204857 -0.252423
v -0.0569836 0.211672 -0.305897
v -0.0602433 0.220276 -0.307082
v -0.0457505 0.211536 -0.340127
v -0.0460353 0.219116 -0.339979
v -0.0355948 0.208462 -0.375705
v -0.0334565 0.214591 -0.374425
v -0.0279897 0.207958 -0.39903
v -0.0238218 0.213647 -0.396183
v -0.0149684 0.208917 -0.42615
v -0.0835409 0.0217022 -0.076165
v -0.0775685 0.0219485 -0.0750171
v -0.0873034 0.0153616 -0.0757344
v -0.0824197 0.0158086 -0.0748224
v -0.0764154 0.0461101 -0.0806449
v -0.0702376 0.0465857 -0.0794864
v -0.0696562 0.0698235 -0.0901548
v -0.0638272 0.0703023 -0.0879814
v -0.0604352 0.0981379 -0.104701
v -0.0556169 0.0990169 -0.10084
v -0.0475662 0.132272 -0.122893
v -0.045162 0.132785 -0.117413
v -0.0312031 0.16861 -0.143409
v -0.0323611 0.167181 -0.134848
v -0.0261768 0.200907 -0.151791
v -0.0266332 0.201097 -0.145863
v -0.0280714 0.23268 -0.156202
v -0.0274888 0.232309 -0.148879
v -0.0410478 0.273275 -0.154647
v -0.0356233 0.273202 -0.147579
v -0.0641232 0.310813 -0.146001
v -0.0577678 0.312191 -0.14354
v -0.0785763 0.347075 -0.138322
v -0.0735959 0.348494 -0.137134
v -0.123218 0.0132571 -0.0384938
v -0.117676 0.0150176 -0.0440894
v -0.127134 0.0234291 -0.0356375
v -0.11935 0.0254265 -0.0437797
v -0.142448 0.0737118 -0.0245589
v -0.136616 0.0773094 -0.0330675
v -0.170759 0.155749 -0.00170237
v -0.168328 0.160715 -0.0112007
v -0.187916 0.206859 0.0172132
v -0.189977 0.212049 0.00834378
v -0.197684 0.255834 0.0406599
v -0.195254 0.260461 0.0324276
v -0.190468 0.294406 0.059311
v -0.186681 0.297296 0.0531676
v -0.171326 0.338434 0.0769731
v -0.165534 0.339421 0.0727038
v -0.147011 0.362313 0.0948301
v -0.142621 0.362884 0.0910592
v -0.122356 0.379446 0.103704
v -0.119018 0.380037 0.0997871
v -0.123235 0.0150653 -0.0374447
v -0.119467 0.0193542 -0.0418432
v -0.123355 0.00621924 -0.0387087
v -0.120614 0.00997105 -0.0423477
v -0.127548 0.04553 -0.0256626
v -0.122544 0.0499011 -0.0290256
v -0.132486 0.0770139 -0.0130638
v -0.126546 0.0807174 -0.015327
v -0.140303 0.115096 0.0034327
v -0.133732 0.118434 0.00276281
v -0.153332 0.158689 0.0279878
v -0.147001 0.161354 0.0288322
v -0.164193 0.178979 0.050637
v -0.158004 0.181649 0.0525037
v -0.17826 0.199092 0.0801621
v -0.172084 0.202303 0.0815817
v -0.189015 0.216493 0.111519
v -0.181778 0.221617 0.111941
v -0.196805 0.242072 0.164195
v -0.19021 0.25036 0.161811
v -0.207027 0.277854 0.222143
v -0.204317 0.284967 0.218944
v -0.219046 0.308418 0.266133
v -0.217749 0.31398 0.263424
v -0.0931849 0.0231522 -0.0391567
v -0.101149 0.0250819 -0.0467482
v -0.0950401 0.067701 -0.0122251
v -0.103443 0.069725 -0.0201446
v -0.0993103 0.120356 0.0230948
v -0.109044 0.124362 0.0153361
v -0.112405 0.183354 0.11297
v -0.12359 0.191524 0.104467
v -0.125605 0.190347 0.226753
v -0.135958 0.20156 0.222112
v -0.12794 0.172748 0.363383
v -0.139837 0.174993 0.363099
v -0.110623 0.129874 0.440673
v -0.120434 0.124614 0.435891
v -0.109389 0.0922447 0.490254
v -0.108479 0.0812367 0.493111
v -0.107802 0.0707868 0.529851
v -0.108534 0.0623768 0.526241
v -0.10954 0.0521138 0.565572
v -0.110075 0.0459732 0.563046
v -0.117702 0.0147702 -0.0391733
v -0.114681 0.0182633 -0.0492052
v -0.142292 0.107695 -0.0239649
v -0.138708 0.112518 -0.0361173
v -0.151248 0.140644 -0.0306923
v -0.170827 0.18272 -0.0179232
v -0.167639 0.187399 -0.0274103
v -0.220308 0.244431 -0.0157849
v -0.213398 0.252865 -0.0179887
v -0.274668 0.301156 -0.00612304
v -0.271449 0.309022 -0.0129513
v -0.329572 0.333356 -0.0112967
v -0.327855 0.337029 -0.0198637
v -0.374675 0.338733 -0.0203034
v -0.37394 0.340893 -0.0284943
v -0.412284 0.340259 -0.0272528
v -0.411956 0.34213 -0.0338111
v -0.167437 0.188453 -0.0306524
v -0.161869 0.189093 -0.043096
v -0.206705 0.248468 -0.0275504
v -0.205148 0.246045 -0.0385041
v -0.243248 0.325533 -0.048215
v -0.245871 0.320421 -0.0559514
v -0.249725 0.372515 -0.082218
v -0.252018 0.368247 -0.08901
v -0.246847 0.403583 -0.111346
v -0.248961 0.400008 -0.11749
v -0.247857 0.427869 -0.131507
v -0.24997 0.424295 -0.137651
v -0.249514 0.435832 -0.14346
v -0.0717321 0.0150543 -0.113539
v -0.0704468 0.0160722 -0.104108
v -0.077911 0.00856769 -0.10522
v -0.0398687 0.0544536 -0.127022
v -0.0388351 0.0551332 -0.11727
v 0.000351219 0.0985813 -0.138996
v 0.00167112 0.0995399 -0.129314
v 0.0648816 0.140262 -0.151011
v 0.0656408 0.140716 -0.14114
v 0.13842 0.17262 -0.160821
v 0.139515 0.172981 -0.15155
v 0.194799 0.203383 -0.168424
v 0.195075 0.203302 -0.158994
v 0.257872 0.227469 -0.172952
v 0.258162 0.227411 -0.16352
v 0.322158 0.239961 -0.176644
v 0.32285 0.239908 -0.164904
v 0.399381 0.239572 -0.181374
v 0.399984 0.239424 -0.166132
v 0.46751 0.22697 -0.18197
v 0.467935 0.226843 -0.170967
v 0.528084 0.209273 -0.185395
v 0.528323 0.209197 -0.176929
v -0.0770897 0.00907908 -0.0975444
v -0.0894841 0.0226854 -0.0429108
v -0.0935486 0.022682 -0.0554263
v -0.0610805 0.0519359 -0.0541946
v -0.0650047 0.0518343 -0.0663943
v -0.0231566 0.0929665 -0.0733586
v -0.0272659 0.0931703 -0.0891595
v 0.0483602 0.13378 -0.114051
v 0.0464038 0.134236 -0.137243
v 0.172975 0.165285 -0.161388
v 0.168244 0.150662 -0.182382
v 0.292482 0.159337 -0.196768
v 0.292503 0.147285 -0.214236
v 0.391438 0.162535 -0.194103
v 0.392578 0.152111 -0.206755
v 0.430808 0.123304 -0.166958
v 0.437877 0.126109 -0.178462
v 0.460695 0.0912131 -0.148379
v 0.468557 0.0974507 -0.155478
v 0.484649 0.0700961 -0.125709
v 0.491498 0.0761384 -0.132494
v 0.509729 0.0488187 -0.105519
v 0.515828 0.0541191 -0.111433
v -0.0845557 0.0260825 -0.0483111
v -0.0842833 0.0263609 -0.0567578
v -0.0710965 0.050535 -0.0502392
v -0.0545419 0.0818271 -0.0509801
v -0.0707221 0.0511835 -0.0589098
v -0.0539607 0.0829269 -0.0599857
v -0.0190657 0.122266 -0.0562314
v -0.0206195 0.12172 -0.0445574
v 0.053837 0.176602 -0.0346789
v 0.0502331 0.173569 -0.0220461
v 0.10794 0.216143 -0.0157458
v 0.105932 0.20939 -0.00594178
v 0.158815 0.221643 -0.0116076
v 0.158419 0.215067 -0.00301533
v 0.207596 0.191826 -0.00872779
v 0.205008 0.184484 6.82974e-05
v 0.232435 0.163951 0.003466
v 0.228077 0.153622 0.00956828
v 0.26883 0.139349 0.0108093
v 0.266113 0.12823 0.0128331
v 0.304637 0.121786 0.0187027
v 0.302615 0.113821 0.0203047
v -0.0967982 0.0172035 -0.0581009
v -0.088891 0.0219431 -0.0631159
v -0.100692 0.0421367 -0.0473265
v -0.094645 0.0629418 -0.0228747
v -0.0951585 0.0488211 -0.0552737
v -0.0927437 0.0725089 -0.0302924
v -0.0674924 0.098501 0.00699658
v -0.0708278 0.0863585 0.0160332
v -0.046902 0.129091 0.0979178
v -0.0541818 0.114665 0.100803
v -0.0797803 0.12032 0.17712
v -0.0818893 0.10935 0.179364
v -0.0940713 0.0869285 0.248248
v -0.100616 0.0764176 0.24889
v -0.127577 0.0534591 0.306209
v -0.134161 0.0493814 0.298345
v -0.167372 0.0443205 0.333734
v -0.171473 0.0365295 0.32706
v -0.212946 0.0411614 0.377711
v -0.214833 0.0322773 0.375419
v -0.249191 0.0434781 0.410131
v -0.250609 0.0371277 0.408302
v -0.0797378 0.0201411 -0.0902753
v -0.0899101 0.0201531 -0.0856884
v -0.0904258 0.0508744 -0.11188
v -0.100255 0.0508108 -0.107425
v -0.099581 0.0904831 -0.141947
v -0.111964 0.0907711 -0.137065
v -0.127334 0.115877 -0.198542
v -0.14665 0.115087 -0.194591
v -0.195966 0.126814 -0.295135
v -0.212772 0.114535 -0.289257
v -0.224229 0.105296 -0.367831
v -0.238743 0.0948737 -0.365285
v -0.247035 0.0929389 -0.434635
v -0.257179 0.0838827 -0.430905
v -0.273957 0.0682356 -0.476686
v -0.284114 0.0711979 -0.474272
v -0.30717 0.0624784 -0.508458
v -0.314841 0.068458 -0.50662
v -0.331273 0.0631011 -0.536536
v -0.338197 0.0682959 -0.533084
v -0.351731 0.0619367 -0.565572
v -0.358022 0.0663655 -0.562026
v -0.114799 0.0247437 -0.0849518
v -0.111336 0.0249658 -0.0791646
v -0.123001 0.0442568 -0.077849
v -0.133793 0.0692278 -0.0702072
v -0.11951 0.0447743 -0.0718674
v -0.130297 0.0701055 -0.0639115
v -0.15534 0.101498 -0.0513719
v -0.159335 0.101062 -0.0598784
v -0.213575 0.144858 -0.0343758
v -0.216608 0.142438 -0.0444107
v -0.258062 0.176412 -0.023735
v -0.260945 0.171023 -0.0311825
v -0.293997 0.180801 -0.00455642
v -0.297439 0.175553 -0.0104946
v -0.327983 0.157007 0.0145631
v -0.330042 0.151148 0.00754175
v -0.349918 0.134762 0.0170979
v -0.349626 0.12652 0.011121
v -0.377517 0.115131 0.0278761
v -0.376566 0.106258 0.0253451
v -0.404957 0.101115 0.0380307
v -0.404292 0.0947587 0.0360831
v -0.106874 0.0149508 -0.0847767
v -0.112028 0.019686 -0.0764902
v -0.111336 0.0400805 -0.0963152
v -0.134222 0.0622968 -0.113488
v -0.112364 0.0464798 -0.0869794
v -0.132091 0.071431 -0.106638
v -0.182856 0.100289 -0.12394
v -0.184388 0.0886366 -0.13283
v -0.262062 0.136514 -0.186518
v -0.257365 0.122095 -0.193928
v -0.332209 0.130921 -0.225495
v -0.333365 0.1201 -0.228331
v -0.40015 0.101263 -0.245595
v -0.398655 0.0906245 -0.253348
v -0.450064 0.0700023 -0.286816
v -0.440186 0.0652547 -0.294053
v -0.468638 0.0608674 -0.333075
v -0.460338 0.0526119 -0.337687
v -0.503186 0.058338 -0.386309
v -0.499847 0.0493364 -0.388641
v -0.528323 0.0609643 -0.42838
v -0.525724 0.0545165 -0.430117
v -0.105787 0.0116366 -0.0630872
v -0.106357 0.00895385 -0.0715158
v -0.114698 0.0544314 -0.0949887
v -0.116331 0.0524505 -0.10517
v -0.133222 0.124745 -0.123142
v -0.13976 0.127468 -0.134913
v -0.161402 0.225134 -0.150188
v -0.165035 0.225437 -0.165451
v -0.156441 0.294574 -0.183316
v -0.161106 0.291981 -0.195028
v -0.132574 0.356477 -0.216355
v -0.140107 0.357839 -0.224733
v -0.121436 0.388088 -0.244007
v -0.129331 0.390054 -0.24794
v -0.117489 0.415419 -0.282859
v -0.125451 0.415977 -0.281515
v -0.117594 0.431001 -0.308516
v -0.125687 0.433585 -0.304722
v -0.120709 0.453581 -0.337433
v -0.107114 0.0206666 -0.0614266
v -0.108023 0.022772 -0.0543427
v -0.101268 0.014171 -0.0637182
v -0.102234 0.0160807 -0.0580038
v -0.127782 0.0445416 -0.0620014
v -0.12892 0.0468929 -0.0547463
v -0.144144 0.0722755 -0.0648884
v -0.146027 0.0735465 -0.0576016
v -0.161345 0.10882 -0.0683779
v -0.164872 0.108342 -0.0616285
v -0.185734 0.150379 -0.0715894
v -0.190005 0.147127 -0.0667427
v -0.214153 0.19379 -0.0730664
v -0.218443 0.185074 -0.0703235
v -0.242714 0.222676 -0.0802412
v -0.247192 0.217267 -0.0783369
v -0.268201 0.249535 -0.0924254
v -0.27322 0.242908 -0.0886454
v -0.302107 0.276086 -0.116112
v -0.307239 0.272166 -0.107131
v -0.34159 0.286184 -0.147826
v -0.344555 0.288061 -0.140078
v -0.383326 0.296368 -0.170695
v -0.38545 0.298729 -0.165024
v -0.0841688 0.012644 -0.0569667
v -0.0921595 0.0167984 -0.0603656
v -0.0828557 2.53161e-05 -0.0572402
v -0.0894166 0.00382021 -0.0595336
v -0.0782194 0.0646994 -0.0526858
v -0.0852827 0.0694834 -0.0580042
v -0.0716308 0.111322 -0.0488726
v -0.0773474 0.115404 -0.0557269
v -0.0618 0.164453 -0.0433402
v -0.0655488 0.168732 -0.0513784
v -0.0425576 0.225329 -0.0346918
v -0.0441915 0.228771 -0.0428897
v -0.0135998 0.28577 -0.0243185
v -0.0138376 0.290022 -0.0325911
v 0.0204762 0.321601 -0.0115342
v 0.0194961 0.326388 -0.0196227
v 0.0568816 0.354692 -0.00379168
v 0.0537097 0.36161 -0.0128213
v 0.116501 0.405879 -0.00452465
v 0.108898 0.415845 -0.0116969
v 0.179933 0.471943 -0.00243215
v 0.172756 0.480008 -0.00445437
v 0.22808 0.526339 0.0050333
v 0.22243 0.53255 0.00457585
v 0.0708342 0.253775 -0.425964
v 0.0354432 0.25921 -0.366809
v 0.0507743 0.255961 -0.358494
v 0.0228122 0.240569 -0.32701
v 0.034429 0.239424 -0.318944
v 0.000371362 0.225337 -0.280203
v 0.0108299 0.224928 -0.270981
v -0.0329123 0.174539 -0.226698
v -0.0233461 0.172722 -0.218162
v -0.0640624 0.130686 -0.188881
v -0.0533234 0.126984 -0.180403
v -0.0817275 0.0948063 -0.156813
v -0.0707254 0.0898402 -0.15036
v -0.0938266 0.0630588 -0.131418
v -0.0831291 0.056455 -0.126347
v -0.105269 0.014162 -0.0988045
v -0.0980244 0.00815768 -0.0965468
v -0.105787 0.02521 -0.104072
v -0.0966258 0.0184126 -0.10133
v 0.0534435 0.262398 -0.433758
v 0.0834489 0.231197 -0.50525
v 0.0741825 0.240466 -0.510603
v 0.104528 0.237915 -0.560842
v 0.100753 0.24518 -0.562404
v -0.0856883 0.0142271 -0.069094
v -0.0938456 0.0128712 -0.0644432
v -0.0879308 0.0571167 -0.0682286
v -0.0969337 0.0556629 -0.062113
v -0.0859076 0.131719 -0.0727954
v -0.0963896 0.130798 -0.0639086
v -0.0856415 0.23118 -0.078834
v -0.0998353 0.227649 -0.0736185
v -0.0988756 0.319209 -0.077739
v -0.111823 0.312124 -0.0803173
v -0.118154 0.381587 -0.104796
v -0.126274 0.372889 -0.112135
v -0.133041 0.427192 -0.153495
v -0.138729 0.420666 -0.159751
v -0.135668 0.449373 -0.188552
v -0.141524 0.444831 -0.192731
v -0.140942 0.465312 -0.223841
v -0.148341 0.461334 -0.226638
v -0.155612 0.482367 -0.27659
v -0.104182 0.0153095 -0.0580015
v -0.10774 0.0129991 -0.0494854
v -0.104116 0.0293107 -0.0577514
v -0.108856 0.0254508 -0.0457144
v -0.106417 0.094583 -0.0519084
v -0.109364 0.0932125 -0.039474
v -0.10866 0.201254 -0.0483732
v -0.107934 0.202426 -0.0355227
v -0.112699 0.268277 -0.0507656
v -0.107635 0.271706 -0.0400641
v -0.126075 0.331534 -0.0561258
v -0.125865 0.33276 -0.0447262
v -0.152276 0.375388 -0.0552065
v -0.154038 0.374911 -0.0462486
v -0.191849 0.419858 -0.0465411
v -0.196117 0.417171 -0.0396483
v -0.231813 0.441036 -0.0453434
v -0.234748 0.438639 -0.0396508
v -0.266143 0.452036 -0.0378703
v -0.267914 0.450038 -0.0323953
v -0.335082 0.474546 -0.108549
v -0.266475 0.428328 -0.0996918
v -0.263198 0.425983 -0.116226
v -0.111204 0.0123527 -0.0831369
v -0.101671 0.0113591 -0.0840305
v -0.181592 0.346436 -0.104853
v -0.173678 0.344895 -0.116669
v -0.140306 0.267468 -0.0977628
v -0.133778 0.264372 -0.108534
v -0.120237 0.195658 -0.0808383
v -0.114668 0.191023 -0.0926571
v -0.104995 0.137258 -0.074741
v -0.102341 0.132188 -0.0868466
v -0.0971988 0.0866196 -0.0722967
v -0.0968804 0.0801177 -0.0840899
v -0.0899118 0.0134102 -0.0751788
v -0.0914619 0.00779201 -0.0835327
v -0.0896456 0.0280115 -0.0712369
v -0.0913078 0.0218212 -0.0818568
v -0.332752 0.480643 -0.0901378
v -0.431723 0.51985 -0.100926
v -0.427502 0.52792 -0.0898903
v -0.480649 0.578138 -0.107612
v -0.475445 0.583924 -0.102593
v -0.0962129 0 -0.0825426
v -0.103944 0.00134321 -0.081481
v -0.113535 0.0616034 -0.0939417
v -0.123446 0.0626745 -0.0952372
v -0.123154 0.106847 -0.103536
v -0.132448 0.106999 -0.106686
v -0.131685 0.159292 -0.114803
v -0.140017 0.159595 -0.120042
v -0.133938 0.221793 -0.130282
v -0.140339 0.221696 -0.136665
v -0.127386 0.286444 -0.149685
v -0.132986 0.287339 -0.157062
v -0.106745 0.330498 -0.165229
v -0.113049 0.331799 -0.172148
v -0.0856075 0.370723 -0.185615
v -0.0948866 0.373198 -0.192486
v -0.0562096 0.429084 -0.229259
v -0.0692858 0.434121 -0.232754
v -0.0277467 0.502796 -0.275615
v -0.0373796 0.508012 -0.274818
v -0.00490806 0.564717 -0.306873
v -0.0119097 0.5691 -0.305301
v -0.199193 0.457812 0.153819
v -0.162975 0.404461 0.112473
v -0.17265 0.405467 0.100788
v -0.160249 0.360158 0.0873871
v -0.166183 0.361029 0.0763858
v -0.142991 0.311299 0.0596448
v -0.14689 0.311718 0.0478981
v -0.135703 0.227835 0.036279
v -0.139642 0.227247 0.0253387
v -0.124155 0.159984 0.0223464
v -0.129548 0.158491 0.0110857
v -0.117416 0.108812 0.00412872
v -0.124517 0.107109 -0.00559257
v -0.113925 0.0663886 -0.0120479
v -0.122161 0.0634651 -0.0204228
v -0.116358 0.00598581 -0.0355949
v -0.123503 0.00295415 -0.0403542
v -0.112183 0.0175329 -0.030543
v -0.120939 0.0145175 -0.036662
v -0.184472 0.459317 0.163552
v -0.242193 0.501724 0.227062
v -0.231019 0.506497 0.231623
v -0.266268 0.554091 0.265524
v -0.258917 0.558155 0.265642
v -0.153698 0.0144501 -0.0798418
v -0.150664 0.0112274 -0.0714502
v -0.161218 0.0544284 -0.0660401
v -0.156933 0.0510255 -0.0565203
v -0.17891 0.125064 -0.0490685
v -0.172365 0.122036 -0.037334
v -0.202951 0.218503 -0.024168
v -0.200222 0.211455 -0.0106033
v -0.220824 0.297856 0.0120162
v -0.224673 0.286923 0.0215108
v -0.26228 0.347857 0.0398719
v -0.26941 0.336315 0.0432489
v -0.320542 0.380828 0.0537103
v -0.32653 0.372204 0.0556794
v -0.358854 0.39695 0.0532931
v -0.363245 0.390391 0.0564719
v -0.396787 0.406338 0.0536062
v -0.400272 0.400004 0.0587189
v -0.453646 0.411907 0.0585709
v -0.11926 0.00943825 -0.0742519
v -0.117305 0.0096468 -0.0649431
v -0.124113 0.0223262 -0.0767928
v -0.120903 0.022136 -0.0636813
v -0.146642 0.0835519 -0.0834082
v -0.142691 0.0861335 -0.0714539
v -0.185058 0.181775 -0.0999239
v -0.178861 0.187557 -0.0901674
v -0.213482 0.241326 -0.112568
v -0.205604 0.24927 -0.107397
v -0.249483 0.294521 -0.121689
v -0.244403 0.299735 -0.112829
v -0.285923 0.329676 -0.114852
v -0.28297 0.332074 -0.106539
v -0.329739 0.365483 -0.0944364
v -0.328983 0.364629 -0.0859719
v -0.369019 0.377286 -0.0753363
v -0.367855 0.376536 -0.0686392
v -0.397157 0.383149 -0.0523297
v -0.395299 0.382918 -0.0465331
v -0.327793 0.36942 0.265608
v -0.296609 0.347583 0.191633
v -0.31139 0.344448 0.183802
v -0.268974 0.295334 0.0894352
v -0.27841 0.294914 0.078693
v -0.239108 0.234022 0.0316466
v -0.247541 0.231831 0.022039
v -0.20549 0.174169 -0.00201909
v -0.214845 0.17011 -0.0114103
v -0.185741 0.124277 -0.0303199
v -0.195894 0.118889 -0.0371885
v -0.172468 0.0790418 -0.0505328
v -0.18254 0.0716255 -0.0555347
v -0.160267 0.0116904 -0.0776613
v -0.167582 0.00494 -0.0798245
v -0.15911 0.0260354 -0.073004
v -0.16852 0.0184478 -0.0757856
v -0.31074 0.378023 0.2697
v -0.348762 0.38378 0.369551
v -0.338769 0.393971 0.37056
v -0.376014 0.423261 0.429002
v -0.37118 0.430896 0.426974
v -0.0338509 0.438647 0.180631
v -0.0232641 0.38236 0.140408
v -0.0379794 0.383016 0.138172
v -0.0336673 0.337342 0.124667
v -0.045261 0.338213 0.119995
v -0.0381156 0.288483 0.0922991
v -0.04862 0.288902 0.0857535
v -0.0532484 0.217897 0.0502486
v -0.0634937 0.217806 0.0435985
v -0.0577481 0.159976 0.0171775
v -0.0690948 0.158491 0.0119483
v -0.064207 0.108812 -0.00115444
v -0.0758805 0.107109 -0.00409632
v -0.0718564 0.0663886 -0.0158296
v -0.0835425 0.0634651 -0.0170108
v -0.0887721 0.00598581 -0.0323897
v -0.0973092 0.00295415 -0.0314862
v -0.0823323 0.0175329 -0.0311709
v -0.0929778 0.0145175 -0.030284
v -0.0164349 0.440435 0.178288
v -0.0181426 0.499833 0.251296
v -0.00663799 0.504578 0.247683
v -0.0117122 0.554091 0.295036
v -0.00598253 0.558155 0.29043
v 0.0786875 0.455904 -0.264258
v 0.0254358 0.404826 -0.243694
v 0.0297436 0.404656 -0.229115
v 0.00991953 0.360262 -0.224388
v 0.0110629 0.360305 -0.21191
v -0.0202737 0.312364 -0.208611
v -0.0213205 0.312116 -0.196274
v -0.0420254 0.229254 -0.195018
v -0.0427861 0.228021 -0.183466
v -0.0628545 0.162323 -0.190819
v -0.0624744 0.160053 -0.178457
v -0.0798087 0.111459 -0.179802
v -0.0772704 0.108873 -0.168197
v -0.0923702 0.0690788 -0.168862
v -0.0883456 0.065214 -0.158121
v -0.103679 0.00807197 -0.14991
v -0.0992302 0.00429464 -0.142922
v -0.104697 0.0200757 -0.155493
v -0.0993095 0.0161356 -0.146624
v 0.0691619 0.458963 -0.278874
v 0.150107 0.497862 -0.312012
v 0.142012 0.503722 -0.320293
v 0.191029 0.548948 -0.334748
v 0.184628 0.553645 -0.337494
v 0.234497 0.359657 -0.321774
v 0.175151 0.338622 -0.267394
v 0.18537 0.333986 -0.2546
v 0.105766 0.286216 -0.187536
v 0.110129 0.284673 -0.174001
v 0.0512704 0.2262 -0.149864
v 0.0550401 0.223014 -0.13787
v 0.0029837 0.168631 -0.135721
v 0.00755217 0.163509 -0.123676
v -0.0297843 0.119909 -0.12047
v -0.0235801 0.113463 -0.110508
v -0.0530967 0.0754769 -0.109827
v -0.0463704 0.0670697 -0.101732
v -0.0797088 0.00873844 -0.0937398
v -0.0743375 0.00131448 -0.0892913
v -0.0779239 0.0232521 -0.0976096
v -0.0709367 0.0147934 -0.0918221
v 0.2211 0.369836 -0.331699
v 0.295819 0.374969 -0.408117
v 0.287779 0.386023 -0.41235
v 0.347052 0.413522 -0.449648
v 0.342357 0.421493 -0.449223
v -0.063463 0.452086 -0.354828
v -0.0930033 0.395862 -0.325425
v -0.0803657 0.395161 -0.317565
v -0.0928494 0.34969 -0.309594
v -0.0840194 0.349409 -0.300708
v -0.104995 0.299758 -0.281063
v -0.0979348 0.299072 -0.270911
v -0.112704 0.226986 -0.240757
v -0.105958 0.225813 -0.230642
v -0.125713 0.168008 -0.212103
v -0.117495 0.165389 -0.202944
v -0.130626 0.11599 -0.195808
v -0.121219 0.113188 -0.188634
v -0.132392 0.0726716 -0.181879
v -0.122361 0.0687012 -0.17639
v -0.127673 0.010584 -0.163666
v -0.11971 0.00683992 -0.16133
v -0.132282 0.0226814 -0.166617
v -0.122393 0.0187678 -0.163439
v -0.080214 0.455331 -0.359397
v -0.0456191 0.516333 -0.422192
v -0.0572519 0.52197 -0.423101
v -0.030413 0.572127 -0.461616
v -0.0371979 0.576551 -0.459391
v -0.0732368 0.0234878 -0.0895736
v -0.0825048 0.0239911 -0.0889903
v -0.0761763 0.0421173 -0.104201
v -0.0779782 0.0658992 -0.122368
v -0.0856914 0.0429095 -0.103708
v -0.0878709 0.0670457 -0.122068
v -0.0864801 0.0967535 -0.160819
v -0.0735516 0.0959373 -0.160336
v -0.0692274 0.137171 -0.243111
v -0.0550937 0.134436 -0.240473
v -0.0532257 0.166469 -0.304486
v -0.0424435 0.161 -0.303286
v -0.0538875 0.170406 -0.360656
v -0.0445963 0.16511 -0.361096
v -0.056544 0.147542 -0.414273
v -0.0468184 0.141661 -0.41233
v -0.0464544 0.125879 -0.442648
v -0.0395632 0.117824 -0.438475
v -0.0428058 0.10685 -0.483185
v -0.0405695 0.0983323 -0.480381
v -0.0383267 0.0931536 -0.52316
v -0.0365502 0.0870468 -0.521085
v -0.0852172 0.0152168 -0.0769683
v -0.0901656 0.0198313 -0.0846314
v -0.0730346 0.0389412 -0.0751024
v -0.0483104 0.058559 -0.0852532
v -0.0805688 0.045354 -0.0799377
v -0.0549873 0.0677469 -0.0864876
v -0.0161696 0.0838749 -0.115721
v -0.00776072 0.0712561 -0.112837
v 0.0775727 0.0948239 -0.144564
v 0.0798192 0.0809886 -0.136991
v 0.151469 0.100183 -0.125631
v 0.152903 0.0902604 -0.123623
v 0.214914 0.0828925 -0.12442
v 0.215149 0.0729893 -0.117473
v 0.269825 0.0501247 -0.0966251
v 0.262971 0.0449579 -0.0885616
v 0.300054 0.0477282 -0.0597089
v 0.296599 0.0379694 -0.0546006
v 0.342673 0.0683334 -0.0201026
v 0.344966 0.0595394 -0.018311
v 0.372393 0.085019 0.0123027
v 0.373885 0.0786302 0.0136849
v -0.110213 0.0237975 -0.0526182
v -0.104235 0.0237593 -0.0570159
v -0.101118 0.0384025 -0.0444486
v -0.0910331 0.0571433 -0.0335187
v -0.0949235 0.0385821 -0.0488985
v -0.0844866 0.0575859 -0.038009
v -0.0673971 0.0810675 -0.0120071
v -0.0763011 0.0810381 -0.00674125
v -0.0416739 0.113558 0.0498379
v -0.0523985 0.112072 0.0542169
v -0.0246253 0.137267 0.0973318
v -0.0326036 0.133434 0.101287
v 0.000231518 0.140011 0.134667
v -0.00603278 0.136234 0.139077
v 0.0241525 0.121329 0.169977
v 0.0165432 0.117121 0.172986
v 0.028695 0.104374 0.193816
v 0.0219268 0.0983139 0.194151
v 0.0429156 0.089131 0.222987
v 0.0398356 0.0824711 0.222243
v 0.05657 0.0781791 0.252029
v 0.0542179 0.0734129 0.251527
v -0.0324655 0.0115534 -0.065385
v -0.0387761 0.0161881 -0.0654192
v -0.0335084 0.00128652 -0.0651807
v -0.0384583 0.00539603 -0.0648695
v -0.0188902 0.0520272 -0.0678155
v -0.0251116 0.0570172 -0.0696203
v -0.00583338 0.0880693 -0.0704403
v -0.0117293 0.0922838 -0.0737874
v 0.0111312 0.128758 -0.0733574
v 0.00626486 0.132809 -0.0782628
v 0.0344212 0.177574 -0.0775303
v 0.0308357 0.180688 -0.0832177
v 0.0575482 0.234484 -0.0831352
v 0.0550212 0.238066 -0.0894085
v 0.0840716 0.267592 -0.0872598
v 0.0812159 0.271643 -0.0931842
v 0.115007 0.290104 -0.0964231
v 0.110687 0.296008 -0.102488
v 0.168748 0.306363 -0.123583
v 0.162688 0.315906 -0.127135
v 0.238789 0.317515 -0.152399
v 0.234755 0.325539 -0.152311
v 0.296992 0.332434 -0.169103
v 0.294237 0.338567 -0.168189
v 0.0940982 0.480902 -0.239674
v 0.0830667 0.422708 -0.185958
v 0.0964687 0.415131 -0.18981
v 0.0766637 0.371957 -0.171264
v 0.0880675 0.365584 -0.171902
v 0.0644068 0.31966 -0.141612
v 0.0753933 0.313043 -0.13999
v 0.0326135 0.236747 -0.122684
v 0.042401 0.229649 -0.121445
v 0.00068158 0.17338 -0.104288
v 0.0107432 0.164951 -0.104257
v -0.0165639 0.12116 -0.0887913
v -0.00721246 0.112884 -0.0910574
v -0.0292372 0.0767767 -0.0774312
v -0.0212309 0.0678222 -0.0813504
v -0.0441436 0.0113933 -0.0679929
v -0.0394667 0.00446515 -0.0725147
v -0.0430986 0.0251387 -0.0665535
v -0.0367405 0.0171142 -0.0719788
v 0.0818138 0.490997 -0.230238
v 0.076965 0.545284 -0.313991
v 0.0719527 0.554683 -0.305619
v 0.0852417 0.604316 -0.35496
v 0.0847568 0.609843 -0.348169
v -0.0375643 0.0131044 -0.0738754
v -0.0420035 0.0133505 -0.067568
v -0.0324461 0.0476354 -0.0753796
v -0.0369954 0.0479378 -0.0676997
v -0.0214104 0.106744 -0.0844883
v -0.0259732 0.107705 -0.074302
v -0.00842736 0.185949 -0.0957607
v -0.0173341 0.185454 -0.0868187
v -0.00436532 0.258245 -0.096385
v -0.0156362 0.254739 -0.0933525
v -0.018343 0.311193 -0.113865
v -0.0280518 0.305625 -0.115876
v -0.0392513 0.350131 -0.147606
v -0.0465077 0.345888 -0.149804
v -0.0500829 0.368347 -0.173949
v -0.0564359 0.365706 -0.1747
v -0.0638343 0.382028 -0.199131
v -0.070728 0.380085 -0.198375
v -0.0902821 0.398201 -0.233984
v -0.0451832 0.0162141 -0.0548363
v -0.0481206 0.0156664 -0.0519866
v -0.0428616 0.026735 -0.0537978
v -0.0457373 0.0257563 -0.0496792
v -0.0316265 0.0800842 -0.0534364
v -0.0337641 0.0797968 -0.0495197
v -0.0141473 0.166252 -0.0579726
v -0.0149872 0.166546 -0.0545182
v -0.00686446 0.224715 -0.0647962
v -0.00664402 0.225749 -0.062662
v -0.0208935 0.380752 -0.0706539
v -0.0222358 0.382696 -0.0675947
v -0.0312311 0.549456 -0.103615
v -0.0329852 0.550485 -0.101295
v -0.0296732 0.593404 -0.117157
v -0.0328399 0.594366 -0.115105
v -0.0256556 0.642001 -0.131616
v -0.0286305 0.643317 -0.130328
v -0.022418 0.67345 -0.137173
v -0.0253356 0.673749 -0.13685
v -0.161657 0.420932 -0.0484538
v -0.116167 0.372803 -0.0623683
v -0.119949 0.37045 -0.0754745
v -0.0610999 0.015854 -0.0752997
v -0.0547091 0.0134975 -0.0791612
v -0.0692309 0.293627 -0.0897437
v -0.0679078 0.291136 -0.101032
v -0.0489064 0.223909 -0.0933544
v -0.0484474 0.220404 -0.103295
v -0.0393192 0.16335 -0.0829459
v -0.0401468 0.15878 -0.0932213
v -0.0349814 0.114302 -0.0797396
v -0.0380695 0.109867 -0.0891955
v -0.0361104 0.0726744 -0.0771863
v -0.0409828 0.0674817 -0.0855138
v -0.0428518 0.0131684 -0.0768378
v -0.0477313 0.00897549 -0.0820584
v -0.039093 0.0247427 -0.0750253
v -0.0449317 0.0201201 -0.0818325
v -0.152625 0.425345 -0.0361486
v -0.221667 0.472889 -0.0127519
v -0.213561 0.478586 -0.00664558
v -0.250441 0.527388 -0.00481887
v -0.244076 0.531125 -0.00331287
v -0.0519675 0.00354656 -0.0791718
v -0.0569522 0.00588468 -0.0758292
v -0.059176 0.0555052 -0.085774
v -0.0665934 0.0579927 -0.0833952
v -0.0626677 0.0931591 -0.0925859
v -0.0704277 0.0948193 -0.0917185
v -0.0648831 0.136376 -0.101487
v -0.0726605 0.138005 -0.102494
v -0.0625531 0.186584 -0.116319
v -0.0694022 0.187581 -0.118802
v -0.0549452 0.237071 -0.137202
v -0.0614177 0.238729 -0.140756
v -0.0389456 0.26882 -0.15869
v -0.0457032 0.270916 -0.161694
v -0.0248575 0.297453 -0.183643
v -0.0335611 0.300974 -0.185671
v -0.0102527 0.339252 -0.229742
v -0.0201204 0.345426 -0.22816
v 0.0050313 0.393441 -0.278551
v -0.000832062 0.399178 -0.275012
v 0.0197892 0.439114 -0.313544
v 0.0159633 0.443751 -0.310283
v 0.0778337 0.308423 0.184243
v 0.0453651 0.298794 0.128143
v 0.0328236 0.304486 0.125324
v 0.0221815 0.28409 0.09794
v 0.0124661 0.28753 0.0909224
v 0.00984207 0.25241 0.0456077
v 0.00255833 0.253058 0.0359418
v -0.00463153 0.191138 0.00617555
v -0.0113801 0.191353 -0.000464997
v -0.0113743 0.135236 -0.00341615
v -0.0194148 0.134971 -0.00973175
v -0.0205738 0.0934252 -0.0156347
v -0.0293349 0.0932686 -0.0202194
v -0.0300823 0.0591109 -0.0258332
v -0.0393708 0.0581642 -0.028957
v -0.0491226 0.0114729 -0.03819
v -0.0563781 0.0102487 -0.0390261
v -0.0426231 0.0199678 -0.0366974
v -0.0515102 0.019026 -0.0379797
v 0.0918125 0.304582 0.179306
v 0.143626 0.263022 0.242084
v 0.152821 0.265556 0.23756
v 0.179098 0.234574 0.275385
v 0.18453 0.238311 0.273593
v -0.0901778 0.0245024 -0.0584339
v -0.0855435 0.0214086 -0.0530953
v -0.0847627 0.0575396 -0.0484303
v -0.0788614 0.0540929 -0.0426804
v -0.080956 0.11666 -0.0346866
v -0.0725992 0.113133 -0.0281117
v -0.0755213 0.194964 -0.0144882
v -0.0698688 0.188856 -0.00498709
v -0.0638148 0.260995 0.0128331
v -0.0648974 0.252888 0.0218676
v -0.0763734 0.307551 0.0441267
v -0.0820467 0.299518 0.0498371
v -0.10847 0.343351 0.0720531
v -0.113377 0.337459 0.0761393
v -0.133739 0.362496 0.0838056
v -0.136765 0.357983 0.088092
v -0.159489 0.376212 0.0964215
v -0.161154 0.371722 0.101802
v -0.197788 0.389983 0.119209
v -0.0642188 0.014828 -0.0658122
v -0.0595246 0.0146419 -0.0596625
v -0.0666645 0.0259008 -0.0668863
v -0.0597974 0.025178 -0.0583482
v -0.0759985 0.078399 -0.0681628
v -0.0685888 0.0797662 -0.0609165
v -0.0946727 0.163014 -0.0737642
v -0.0859374 0.166569 -0.0691202
v -0.110605 0.215167 -0.0773295
v -0.101942 0.220183 -0.0767763
v -0.131703 0.263493 -0.0752764
v -0.12417 0.266782 -0.0708681
v -0.150236 0.297467 -0.0601307
v -0.144845 0.298864 -0.0552033
v -0.169221 0.333129 -0.0325272
v -0.165844 0.332297 -0.0265133
v -0.189003 0.348928 -0.00581822
v -0.185936 0.348117 -0.00124931
v -0.2003 0.35815 0.020337
v -0.196971 0.357641 0.0239713
v -0.0501293 0.242829 0.324947
v -0.0527373 0.264987 0.250507
v -0.0663896 0.268494 0.248992
v -0.0723616 0.262396 0.0985776
v -0.0825724 0.26518 0.0901606
v -0.0796542 0.213088 0.0378543
v -0.0894066 0.212761 0.0338438
v -0.0762394 0.159992 0.00565401
v -0.0868584 0.158328 0.00224541
v -0.0794234 0.117095 -0.0185217
v -0.0899323 0.114495 -0.019714
v -0.0837345 0.0789452 -0.0348512
v -0.0938357 0.0747105 -0.0345633
v -0.0945506 0.0233774 -0.0543903
v -0.101577 0.0192103 -0.0530095
v -0.0899391 0.0345986 -0.0523412
v -0.0988138 0.0301113 -0.0506382
v -0.0343481 0.243129 0.323852
v -0.0419977 0.197787 0.410011
v -0.0310006 0.201598 0.409981
v -0.0338956 0.207873 0.470787
v -0.028037 0.212499 0.469773
v 0.139969 0.24228 0.207929
v 0.128711 0.247282 0.142589
v 0.117373 0.250059 0.145759
v 0.107945 0.23116 0.113584
v 0.0982677 0.234584 0.114027
v 0.0882563 0.210499 0.0592588
v 0.0788602 0.213682 0.0558081
v 0.0576317 0.169153 -0.00886853
v 0.0481042 0.171029 -0.0112988
v 0.0345498 0.124325 -0.030009
v 0.0243413 0.125026 -0.0298525
v 0.015825 0.0846917 -0.0377811
v 0.00614927 0.0852648 -0.0358181
v -0.00116617 0.0522046 -0.0430525
v -0.0104177 0.0518017 -0.0397096
v -0.028172 0.00692554 -0.0453071
v -0.0344467 0.00591161 -0.0415072
v -0.0213861 0.0150607 -0.0474063
v -0.0291797 0.0144065 -0.0428958
v 0.152995 0.243783 0.202302
v 0.17505 0.21102 0.281113
v 0.18424 0.215594 0.278721
v 0.19974 0.213309 0.332358
v 0.204202 0.218215 0.330712
v -0.072336 0.0159305 -0.0314077
v -0.0686251 0.0152987 -0.0319952
v -0.0734432 0.027072 -0.0335009
v -0.0682354 0.0259225 -0.0343849
v -0.0742881 0.0794257 -0.043659
v -0.0694501 0.0791066 -0.0453846
v -0.0804035 0.164755 -0.0585339
v -0.0763431 0.165135 -0.0617203
v -0.0861161 0.222154 -0.0635069
v -0.083811 0.223422 -0.0677209
v -0.0893845 0.375869 -0.0577131
v -0.0857028 0.378175 -0.0603973
v -0.0792439 0.57363 -0.0463343
v -0.0757698 0.575135 -0.0476243
v -0.0633711 0.696459 -0.0317632
v -0.0595858 0.696598 -0.031407
v -0.0496895 0.747955 -0.0173608
v -0.0444943 0.74876 -0.0169759
v -0.0374894 0.79045 -0.00576813
v -0.0326971 0.789695 -0.00649021
v -0.0286469 0.469947 -0.0837587
v -0.0301673 0.471475 -0.0811264
v -0.0241097 0.657298 -0.135044
v -0.0270106 0.658391 -0.133708
v -0.0702442 0.0149145 -0.0297428
v -0.070167 0.0163611 -0.0339587
v -0.0713514 0.026056 -0.031836
v -0.0697773 0.026985 -0.0363484
v -0.0721963 0.0784097 -0.041994
v -0.070992 0.0801691 -0.047348
v -0.0783117 0.163739 -0.056869
v -0.077885 0.166197 -0.0636838
v -0.0840243 0.221138 -0.061842
v -0.0853528 0.224484 -0.0696843
v -0.0854394 0.375291 -0.0570244
v -0.0895933 0.379052 -0.0620231
v -0.0752988 0.573052 -0.0456455
v -0.0796604 0.576013 -0.0492502
v -0.0612793 0.695443 -0.0300982
v -0.0611277 0.69766 -0.0333704
v -0.0475977 0.746939 -0.0156959
v -0.0460362 0.749822 -0.0189393
v -0.0353976 0.789434 -0.00410319
v -0.034239 0.790758 -0.00845364
v -0.0471886 0.01633 -0.0543944
v -0.0461912 0.0155678 -0.0523471
v -0.044867 0.026851 -0.0533559
v -0.043808 0.0256577 -0.0500397
v -0.0336319 0.0802001 -0.0529944
v -0.0318347 0.0796982 -0.0498802
v -0.0161528 0.166367 -0.0575307
v -0.0130578 0.166447 -0.0548787
v -0.00886988 0.224831 -0.0643543
v -0.00471463 0.22565 -0.0630225
v -0.0228989 0.380868 -0.070212
v -0.0203064 0.382598 -0.0679551
v -0.0332365 0.549572 -0.103173
v -0.0310558 0.550387 -0.101655
v -0.0316787 0.59352 -0.116715
v -0.0309105 0.594268 -0.115465
v -0.027661 0.642117 -0.131174
v -0.0267011 0.643219 -0.130688
v -0.0244234 0.673566 -0.136731
v -0.0234063 0.673651 -0.137211
v -0.0306523 0.470063 -0.0833168
v -0.0282379 0.471376 -0.0814869
v -0.0261151 0.657414 -0.134602
v -0.0250812 0.658293 -0.134069
v -0.0938087 0.0283033 -0.111846
v -0.0980256 0.0297262 -0.104297
v -0.12839 0.0686174 -0.117724
v -0.133092 0.0717875 -0.108523
v -0.166462 0.12089 -0.138355
v -0.170878 0.129784 -0.129743
v -0.208145 0.174869 -0.18967
v -0.216668 0.181307 -0.179067
v -0.24351 0.198138 -0.230645
v -0.250846 0.198198 -0.221093
v -0.278673 0.211915 -0.250958
v -0.285738 0.207396 -0.243949
v -0.325492 0.221867 -0.286043
v -0.330465 0.224555 -0.280573
v -0.347062 0.22923 -0.301258
v -0.350614 0.23461 -0.295221
v -0.373073 0.243084 -0.320903
v -0.143985 0.0230068 -0.0630521
v -0.144905 0.0241568 -0.0557535
v -0.138508 0.016532 -0.0661674
v -0.13947 0.0176836 -0.0602527
v -0.163114 0.0480081 -0.0605001
v -0.164251 0.049392 -0.0529999
v -0.17766 0.0768681 -0.0596455
v -0.179608 0.0772282 -0.0522743
v -0.192483 0.114573 -0.0581582
v -0.196166 0.113388 -0.0515826
v -0.209778 0.1612 -0.0544852
v -0.214472 0.157479 -0.0502312
v -0.227193 0.212756 -0.0477614
v -0.232608 0.203604 -0.0464774
v -0.250735 0.246571 -0.050245
v -0.255579 0.241248 -0.0491713
v -0.277147 0.274118 -0.0596693
v -0.282522 0.267463 -0.0568804
v -0.316906 0.299345 -0.0821313
v -0.322189 0.294761 -0.073773
v -0.359715 0.312516 -0.11393
v -0.362714 0.31348 -0.106029
v -0.400265 0.328456 -0.135614
v -0.402352 0.330134 -0.129692
v -0.0187339 0.0156461 -0.0700243
v -0.024987 0.0182106 -0.0756017
v -0.010617 0.0663469 -0.0830819
v -0.01845 0.0704649 -0.0889484
v 0.0124212 0.117705 -0.0921306
v 0.00420699 0.126961 -0.096918
v 0.124914 0.200528 -0.12951
v 0.119076 0.202246 -0.139882
v 0.205756 0.229452 -0.17966
v 0.202768 0.233082 -0.185932
v 0.22581 0.236719 -0.192116
v 0.221859 0.242935 -0.19695
v 0.250263 0.252599 -0.206691
v -0.0852639 0.027348 -0.106282
v -0.0904717 0.0289903 -0.111308
v -0.0869935 0.0221448 -0.0992861
v -0.0910665 0.0236489 -0.103553
v -0.0723344 0.0487306 -0.125225
v -0.0775451 0.0506042 -0.130526
v -0.0589701 0.0751539 -0.140282
v -0.0638712 0.0754306 -0.146059
v -0.0406039 0.102458 -0.161209
v -0.0444301 0.100453 -0.167543
v -0.0174031 0.129932 -0.19123
v -0.0197189 0.125275 -0.196281
v 0.00531796 0.160142 -0.227969
v 0.00381042 0.150817 -0.229776
v 0.0318837 0.173719 -0.259643
v 0.0316474 0.167426 -0.262393
v 0.0608893 0.187409 -0.283794
v 0.0593344 0.17938 -0.28782
v 0.102806 0.201819 -0.306473
v 0.0973642 0.196102 -0.3142
v 0.150971 0.201214 -0.323414
v 0.146349 0.201634 -0.330532
v 0.193411 0.198157 -0.34672
v 0.190123 0.199483 -0.352167
v 0.165792 0.217993 -0.155528
v 0.161402 0.22069 -0.163872
v 0.0540484 0.167845 -0.112269
v 0.0486783 0.17331 -0.120886
v -0.0161426 0.0156461 -0.0172925
v -0.020169 0.0182106 -0.0246408
v -0.00412434 0.0663469 -0.0268813
v -0.00954273 0.0704649 -0.0350307
v 0.0206137 0.117705 -0.0276994
v 0.0144749 0.126961 -0.0349594
v 0.139129 0.200528 -0.0252818
v 0.137099 0.202246 -0.037009
v 0.232092 0.229452 -0.0454894
v 0.231375 0.233082 -0.0524001
v 0.255158 0.236719 -0.0505172
v 0.253053 0.242935 -0.0563947
v 0.283079 0.252599 -0.0560696
v -0.0667049 0.027348 -0.0737222
v -0.0699306 0.0289903 -0.0802016
v -0.0706758 0.0221448 -0.0677085
v -0.0730862 0.0236489 -0.0730921
v -0.048182 0.0487306 -0.0872468
v -0.0513187 0.0506042 -0.0939855
v -0.0305497 0.0751539 -0.0969643
v -0.0332354 0.0754306 -0.104048
v -0.00623976 0.102458 -0.110539
v -0.00772597 0.100453 -0.117788
v 0.0256693 0.129932 -0.131066
v 0.0251769 0.125275 -0.1366
v 0.0593739 0.160142 -0.158084
v 0.0585579 0.150817 -0.160291
v 0.095007 0.173719 -0.179043
v 0.0957046 0.167426 -0.181714
v 0.130422 0.187409 -0.192095
v 0.130304 0.17938 -0.19641
v 0.177511 0.201819 -0.199441
v 0.174968 0.196102 -0.208543
v 0.228569 0.201214 -0.199289
v 0.226594 0.201634 -0.207543
v 0.27636 0.198157 -0.20705
v 0.275084 0.199483 -0.213284
v 0.186357 0.217993 -0.036121
v 0.185012 0.22069 -0.0454535
v 0.0665801 0.167845 -0.032748
v 0.0644029 0.17331 -0.0426652
v -0.0560973 0.721059 -0.0235136
v -0.0530312 0.720072 -0.0238547
v -0.042872 0.766372 -0.0100461
v -0.0398044 0.765383 -0.0103791
v -0.0899752 0.884086 0.0169025
v -0.0167474 0.835256 0.00423545
v -0.0270099 0.913952 0.00240068
v -0.0049414 0.890399 0.00431946
v -0.0291098 0.949806 0.00328316
v -0.00372718 0.9502 0.00340576
v -0.0362387 0.978869 0.00886502
v -0.0102632 0.979406 0.00901604
v -0.0616723 0.904674 0.0137208
v -0.0291025 0.799389 -0.001671
v -0.104458 0.850188 0.0110507
v -0.0422247 1 0.014461
v -0.0550644 0.718632 -0.0224725
v -0.0552871 0.719025 -0.0258099
v -0.0421689 0.764858 -0.01216
v -0.0423538 0.765786 -0.0165282
v -0.0334398 0.794366 -0.000452064
v -0.0347896 0.796177 -0.0191701
v -0.027218 0.833258 0.00832412
v -0.0287723 0.822627 -0.0188359
v -0.0261671 0.87234 0.0225229
v -0.0283684 0.849008 -0.0401883
v -0.0211858 0.900935 0.018062
v -0.0247437 0.896753 -0.0265518
v 0.00473196 0.960407 0.00872272
v 0.00269377 0.952951 -0.0092781
v 0.0548541 0.995866 0.00236582
v 0.0422779 0.982405 -0.00989668
v -0.0269326 0.636002 -0.130063
v -0.0290564 0.63634 -0.129443
v -0.0244736 0.671239 -0.136809
v -0.0266274 0.671599 -0.136195
v 0.0299858 0.742801 -0.157634
v -0.0271837 0.728992 -0.139865
v -0.00387706 0.778341 -0.140888
v -0.0215434 0.76756 -0.14057
v 0.000389379 0.808392 -0.138024
v -0.0173069 0.81106 -0.13581
v 0.000149539 0.833227 -0.135713
v -0.0177452 0.832322 -0.134612
v 0.0172087 0.762989 -0.153298
v -0.0270614 0.701273 -0.137983
v 0.0325714 0.711385 -0.15681
v 0.0031019 0.848524 -0.137295
v -0.0284316 0.63484 -0.130554
v -0.0277761 0.634965 -0.128325
v -0.0232495 0.667516 -0.138013
v -0.0223285 0.667969 -0.135101
v -0.02218 0.688668 -0.145612
v -0.0196156 0.689149 -0.132633
v -0.0193297 0.714694 -0.150518
v -0.0206423 0.707579 -0.130806
v -0.0114429 0.738988 -0.160796
v -0.0149529 0.723785 -0.115176
v -0.00996281 0.757854 -0.15614
v -0.0100002 0.753834 -0.123219
v -0.0109516 0.802696 -0.147192
v -0.0114021 0.79728 -0.134177
v -0.0225079 0.84087 -0.142019
v -0.0204507 0.828457 -0.133228
v -0.0946727 0.0232509 -0.0972501
v -0.0976096 0.0228157 -0.0980167
v -0.0947351 0.031541 -0.0933367
v -0.0988675 0.0307137 -0.0944181
v -0.0983884 0.0706323 -0.0759781
v -0.102511 0.0702852 -0.0761858
v -0.1003 0.13444 -0.047534
v -0.104284 0.134339 -0.0463237
v -0.0989158 0.178206 -0.0315976
v -0.101908 0.178534 -0.0289656
v -0.098634 0.299429 -0.00631144
v -0.102236 0.30091 -0.0049987
v -0.107874 0.456745 0.0192036
v -0.110893 0.457844 0.0194137
v -0.118593 0.556248 0.026815
v -0.121329 0.556591 0.0254834
v -0.125928 0.599789 0.0219348
v -0.129729 0.600721 0.020297
v -0.134866 0.644549 0.0181359
v -0.13865 0.644042 0.0171306
v -0.0951539 0.0224426 -0.100651
v -0.097465 0.0232208 -0.0951448
v -0.0952163 0.0307326 -0.0967379
v -0.098723 0.0311188 -0.0915463
v -0.0988697 0.069824 -0.0793792
v -0.102366 0.0706904 -0.0733139
v -0.100781 0.133631 -0.0509352
v -0.10414 0.134744 -0.0434518
v -0.099397 0.177397 -0.0349988
v -0.101763 0.178939 -0.0260937
v -0.100801 0.298869 -0.00945872
v -0.100228 0.301127 -0.00172537
v -0.110041 0.456185 0.0160563
v -0.108885 0.45806 0.022687
v -0.119075 0.55544 0.0234138
v -0.121185 0.556996 0.0283553
v -0.126409 0.598981 0.0185336
v -0.129584 0.601127 0.0231688
v -0.135348 0.643741 0.0147347
v -0.138505 0.644447 0.0200025
v -0.132963 0.614222 0.0194708
v -0.129166 0.614679 0.0193727
v -0.139006 0.644261 0.0188937
v -0.134496 0.644771 0.0186052
v -0.150075 0.679502 0.0158265
v -0.134759 0.679711 0.0151468
v -0.154186 0.710717 0.00898541
v -0.1333 0.712586 0.00722609
v -0.186263 0.729988 0.011775
v -0.143221 0.732206 0.00447267
v -0.123614 0.735483 0.00169824
v -0.131676 0.767168 0.00422933
v -0.110681 0.756724 0.00237362
v -0.155295 0.767006 0.00484763
v -0.131648 0.61438 0.0214159
v -0.130973 0.614191 0.0176527
v -0.142009 0.665701 0.0205392
v -0.141021 0.665456 0.0150087
v -0.148137 0.708026 0.0203915
v -0.143767 0.704785 -0.00275995
v -0.144748 0.747024 0.0102797
v -0.139412 0.741985 -0.0173148
v -0.149432 0.804591 0.0100842
v -0.137103 0.76971 -0.0395363
vt 0.86687 0.814544
vt 0.870099 0.815927
vt 0.861662 0.821851
vt 0.863512 0.822643
vt 0.87695 0.785107
vt 0.880425 0.786362
vt 0.885766 0.757749
vt 0.889193 0.759128
vt 0.894177 0.727099
vt 0.897753 0.728029
vt 0.901563 0.693115
vt 0.904679 0.693925
vt 0.907532 0.660037
vt 0.910774 0.660346
vt 0.912243 0.620594
vt 0.915485 0.620903
vt 0.914569 0.581657
vt 0.919624 0.582109
vt 0.917036 0.528969
vt 0.92435 0.529627
vt 0.920616 0.474715
vt 0.925095 0.475113
vt 0.925572 0.425074
vt 0.928049 0.42531
vt 0.917036 0.528969
vt 0.919624 0.582109
vt 0.914569 0.581657
vt 0.915485 0.620903
vt 0.912243 0.620594
vt 0.910774 0.660346
vt 0.907532 0.660037
vt 0.904679 0.693925
vt 0.901563 0.693115
vt 0.897753 0.728029
vt 0.894177 0.727099
vt 0.889193 0.759128
vt 0.885766 0.757749
vt 0.880425 0.786362
vt 0.87695 0.785107
vt 0.863512 0.822643
vt 0.861662 0.821851
vt 0.870099 0.815927
vt 0.86687 0.814544
vt 0.92435 0.529627
vt 0.920616 0.474715
vt 0.925095 0.475113
vt 0.925572 0.425074
vt 0.928049 0.42531
vt 0.821455 0.797505
vt 0.825689 0.798554
vt 0.825332 0.764374
vt 0.830843 0.765403
vt 0.828546 0.71508
vt 0.836626 0.715735
vt 0.829361 0.658871
vt 0.839203 0.659587
vt 0.828814 0.580865
vt 0.838477 0.581568
vt 0.829437 0.514557
vt 0.837854 0.515169
vt 0.832244 0.457344
vt 0.837576 0.457732
vt 0.834832 0.427254
vt 0.83826 0.427503
vt 0.837592 0.402514
vt 0.841327 0.402763
vt 0.84176 0.37115
vt 0.755139 0.801724
vt 0.761514 0.80325
vt 0.754012 0.790902
vt 0.764703 0.793462
vt 0.7553 0.745173
vt 0.765569 0.745863
vt 0.754867 0.682072
vt 0.765154 0.681769
vt 0.75298 0.61962
vt 0.762377 0.619145
vt 0.750997 0.559375
vt 0.759696 0.559403
vt 0.751811 0.511257
vt 0.757904 0.511277
vt 0.74847 0.475754
vt 0.75359 0.475231
vt 0.747102 0.452385
vt 0.750541 0.452669
vt 0.749003 0.434902
vt 0.751584 0.435115
vt 0.86687 0.814544
vt 0.870099 0.815927
vt 0.861662 0.821851
vt 0.863512 0.822643
vt 0.87695 0.785107
vt 0.880425 0.786362
vt 0.885766 0.757749
vt 0.889193 0.759128
vt 0.894177 0.727099
vt 0.897753 0.728029
vt 0.901563 0.693115
vt 0.904679 0.693925
vt 0.907532 0.660037
vt 0.910774 0.660346
vt 0.912243 0.620594
vt 0.915485 0.620903
vt 0.914569 0.581657
vt 0.919624 0.582109
vt 0.917036 0.528969
vt 0.92435 0.529627
vt 0.920616 0.474715
vt 0.925095 0.475113
vt 0.925572 0.425074
vt 0.928049 0.42531
vt 0.842143 0.764222
vt 0.846377 0.765271
vt 0.848116 0.718869
vt 0.853548 0.719892
vt 0.850404 0.662411
vt 0.858467 0.663146
vt 0.849901 0.601089
vt 0.860001 0.601061
vt 0.850697 0.533365
vt 0.858619 0.533343
vt 0.851718 0.467476
vt 0.858306 0.467458
vt 0.85344 0.430081
vt 0.858042 0.430315
vt 0.855493 0.393453
vt 0.858932 0.393629
vt 0.858418 0.369875
vt 0.862779 0.370098
vt 0.862365 0.341132
vt 0.86687 0.814544
vt 0.870099 0.815927
vt 0.861662 0.821851
vt 0.863512 0.822643
vt 0.87695 0.785107
vt 0.880425 0.786362
vt 0.885766 0.757749
vt 0.889193 0.759128
vt 0.894177 0.727099
vt 0.897753 0.728029
vt 0.901563 0.693115
vt 0.904679 0.693925
vt 0.907532 0.660037
vt 0.910774 0.660346
vt 0.912243 0.620594
vt 0.915485 0.620903
vt 0.914569 0.581657
vt 0.919624 0.582109
vt 0.917036 0.528969
vt 0.92435 0.529627
vt 0.920616 0.474715
vt 0.925095 0.475113
vt 0.925572 0.425074
vt 0.928049 0.42531
vt 0.755139 0.801724
vt 0.761514 0.80325
vt 0.754012 0.790902
vt 0.764703 0.793462
vt 0.7553 0.745173
vt 0.765569 0.745863
vt 0.754867 0.682072
vt 0.765154 0.681769
vt 0.75298 0.61962
vt 0.762377 0.619145
vt 0.750997 0.559375
vt 0.759696 0.559403
vt 0.751811 0.511257
vt 0.757904 0.511277
vt 0.74847 0.475754
vt 0.75359 0.475231
vt 0.747102 0.452385
vt 0.750541 0.452669
vt 0.749003 0.434902
vt 0.751584 0.435115
vt 0.86687 0.814544
vt 0.870099 0.815927
vt 0.861662 0.821851
vt 0.863512 0.822643
vt 0.87695 0.785107
vt 0.880425 0.786362
vt 0.885766 0.757749
vt 0.889193 0.759128
vt 0.894177 0.727099
vt 0.897753 0.728029
vt 0.901563 0.693115
vt 0.904679 0.693925
vt 0.907532 0.660037
vt 0.910774 0.660346
vt 0.912243 0.620594
vt 0.915485 0.620903
vt 0.914569 0.581657
vt 0.919624 0.582109
vt 0.917036 0.528969
vt 0.92435 0.529627
vt 0.920616 0.474715
vt 0.925095 0.475113
vt 0.925572 0.425074
vt 0.928049 0.42531
vt 0.724651 0.786226
vt 0.730026 0.787656
vt 0.727833 0.754215
vt 0.733719 0.755645
vt 0.729123 0.718349
vt 0.736845 0.71908
vt 0.728347 0.669442
vt 0.738106 0.670176
vt 0.726664 0.613458
vt 0.735265 0.612976
vt 0.725752 0.555931
vt 0.733124 0.555518
vt 0.725064 0.50418
vt 0.731521 0.503818
vt 0.726862 0.458937
vt 0.730148 0.458752
vt 0.727848 0.433572
vt 0.732024 0.433817
vt 0.730124 0.406752
vt 0.731997 0.406862
vt 0.430513 0.456064
vt 0.429598 0.461113
vt 0.359302 0.448884
vt 0.35856 0.45298
vt 0.338354 0.450309
vt 0.313341 0.442906
vt 0.31186 0.446363
vt 0.244636 0.43082
vt 0.244464 0.43594
vt 0.171439 0.423509
vt 0.171275 0.42838
vt 0.116103 0.425565
vt 0.116257 0.429368
vt 0.0772536 0.429786
vt 0.0773728 0.432725
vt 0.0446776 0.433196
vt 0.0447348 0.434608
vt 0.31059 0.45205
vt 0.31294 0.458134
vt 0.249916 0.456423
vt 0.251937 0.461656
vt 0.173774 0.466683
vt 0.17527 0.470557
vt 0.122856 0.474573
vt 0.123921 0.47733
vt 0.0864421 0.482329
vt 0.0871974 0.484285
vt 0.0590484 0.487537
vt 0.0598035 0.489493
vt 0.0477784 0.493532
vt 0.848929 0.8079
vt 0.845701 0.806514
vt 0.842336 0.81461
vt 0.859281 0.778345
vt 0.855808 0.777086
vt 0.868074 0.751118
vt 0.864648 0.749736
vt 0.876662 0.720026
vt 0.873087 0.719094
vt 0.883619 0.685929
vt 0.880504 0.685117
vt 0.889744 0.652356
vt 0.886503 0.652044
vt 0.894491 0.612917
vt 0.891249 0.612605
vt 0.898665 0.574127
vt 0.89361 0.573568
vt 0.903438 0.521648
vt 0.895614 0.521086
vt 0.904232 0.467135
vt 0.899753 0.466734
vt 0.907231 0.417335
vt 0.904755 0.417097
vt 0.840487 0.813816
vt 0.809562 0.803504
vt 0.815853 0.803154
vt 0.811014 0.7693
vt 0.817051 0.768814
vt 0.809953 0.733613
vt 0.818289 0.732601
vt 0.80547 0.693606
vt 0.818355 0.692227
vt 0.803962 0.636682
vt 0.819863 0.634981
vt 0.805249 0.562026
vt 0.817966 0.560665
vt 0.806459 0.497251
vt 0.815535 0.496617
vt 0.807876 0.454933
vt 0.814707 0.454727
vt 0.809293 0.42488
vt 0.814762 0.424715
vt 0.811458 0.399923
vt 0.81613 0.400207
vt 0.813573 0.374338
vt 0.817254 0.374562
vt 0.783614 0.806048
vt 0.79016 0.805698
vt 0.784759 0.781118
vt 0.785394 0.755679
vt 0.791559 0.780513
vt 0.792704 0.75482
vt 0.793033 0.721363
vt 0.782013 0.721976
vt 0.791507 0.668916
vt 0.778959 0.669614
vt 0.789251 0.619393
vt 0.779689 0.619925
vt 0.789509 0.572789
vt 0.77994 0.572404
vt 0.790526 0.526491
vt 0.780958 0.526105
vt 0.790165 0.491869
vt 0.781828 0.491532
vt 0.789437 0.439303
vt 0.783788 0.439075
vt 0.789967 0.390518
vt 0.787085 0.390402
vt 0.783614 0.806048
vt 0.79016 0.805698
vt 0.784759 0.781118
vt 0.785394 0.755679
vt 0.791559 0.780513
vt 0.792704 0.75482
vt 0.793033 0.721363
vt 0.782013 0.721976
vt 0.791507 0.668916
vt 0.778959 0.669614
vt 0.789251 0.619393
vt 0.779689 0.619925
vt 0.789509 0.572789
vt 0.77994 0.572404
vt 0.790526 0.526491
vt 0.780958 0.526105
vt 0.790165 0.491869
vt 0.781828 0.491532
vt 0.789437 0.439303
vt 0.783788 0.439075
vt 0.789967 0.390518
vt 0.787085 0.390402
vt 0.809562 0.803504
vt 0.815853 0.803154
vt 0.811014 0.7693
vt 0.817051 0.768814
vt 0.809953 0.733613
vt 0.818289 0.732601
vt 0.80547 0.693606
vt 0.818355 0.692227
vt 0.803962 0.636682
vt 0.819863 0.634981
vt 0.805249 0.562026
vt 0.817966 0.560665
vt 0.806459 0.497251
vt 0.815535 0.496617
vt 0.807876 0.454933
vt 0.814707 0.454727
vt 0.809293 0.42488
vt 0.814762 0.424715
vt 0.811458 0.399923
vt 0.81613 0.400207
vt 0.813573 0.374338
vt 0.817254 0.374562
vt 0.783614 0.806048
vt 0.79016 0.805698
vt 0.784759 0.781118
vt 0.785394 0.755679
vt 0.791559 0.780513
vt 0.792704 0.75482
vt 0.793033 0.721363
vt 0.782013 0.721976
vt 0.791507 0.668916
vt 0.778959 0.669614
vt 0.789251 0.619393
vt 0.779689 0.619925
vt 0.789509 0.572789
vt 0.77994 0.572404
vt 0.790526 0.526491
vt 0.780958 0.526105
vt 0.790165 0.491869
vt 0.781828 0.491532
vt 0.789437 0.439303
vt 0.783788 0.439075
vt 0.789967 0.390518
vt 0.787085 0.390402
vt 0.783614 0.806048
vt 0.79016 0.805698
vt 0.784759 0.781118
vt 0.785394 0.755679
vt 0.791559 0.780513
vt 0.792704 0.75482
vt 0.793033 0.721363
vt 0.782013 0.721976
vt 0.791507 0.668916
vt 0.778959 0.669614
vt 0.789251 0.619393
vt 0.779689 0.619925
vt 0.789509 0.572789
vt 0.77994 0.572404
vt 0.790526 0.526491
vt 0.780958 0.526105
vt 0.790165 0.491869
vt 0.781828 0.491532
vt 0.789437 0.439303
vt 0.783788 0.439075
vt 0.789967 0.390518
vt 0.787085 0.390402
vt 0.842143 0.764222
vt 0.846377 0.765271
vt 0.848116 0.718869
vt 0.853548 0.719892
vt 0.850404 0.662411
vt 0.858467 0.663146
vt 0.849901 0.601089
vt 0.860001 0.601061
vt 0.850697 0.533365
vt 0.858619 0.533343
vt 0.851718 0.467476
vt 0.858306 0.467458
vt 0.85344 0.430081
vt 0.858042 0.430315
vt 0.855493 0.393453
vt 0.858932 0.393629
vt 0.858418 0.369875
vt 0.862779 0.370098
vt 0.862365 0.341132
vt 0.86687 0.814544
vt 0.870099 0.815927
vt 0.861662 0.821851
vt 0.863512 0.822643
vt 0.87695 0.785107
vt 0.880425 0.786362
vt 0.885766 0.757749
vt 0.889193 0.759128
vt 0.894177 0.727099
vt 0.897753 0.728029
vt 0.901563 0.693115
vt 0.904679 0.693925
vt 0.907532 0.660037
vt 0.910774 0.660346
vt 0.912243 0.620594
vt 0.915485 0.620903
vt 0.914569 0.581657
vt 0.919624 0.582109
vt 0.917036 0.528969
vt 0.92435 0.529627
vt 0.920616 0.474715
vt 0.925095 0.475113
vt 0.925572 0.425074
vt 0.928049 0.42531
vt 0.86687 0.814544
vt 0.870099 0.815927
vt 0.861662 0.821851
vt 0.863512 0.822643
vt 0.87695 0.785107
vt 0.880425 0.786362
vt 0.885766 0.757749
vt 0.889193 0.759128
vt 0.894177 0.727099
vt 0.897753 0.728029
vt 0.901563 0.693115
vt 0.904679 0.693925
vt 0.907532 0.660037
vt 0.910774 0.660346
vt 0.912243 0.620594
vt 0.915485 0.620903
vt 0.914569 0.581657
vt 0.919624 0.582109
vt 0.917036 0.528969
vt 0.92435 0.529627
vt 0.920616 0.474715
vt 0.925095 0.475113
vt 0.925572 0.425074
vt 0.928049 0.42531
vt 0.917036 0.528969
vt 0.919624 0.582109
vt 0.914569 0.581657
vt 0.915485 0.620903
vt 0.912243 0.620594
vt 0.910774 0.660346
vt 0.907532 0.660037
vt 0.904679 0.693925
vt 0.901563 0.693115
vt 0.897753 0.728029
vt 0.894177 0.727099
vt 0.889193 0.759128
vt 0.885766 0.757749
vt 0.880425 0.786362
vt 0.87695 0.785107
vt 0.863512 0.822643
vt 0.861662 0.821851
vt 0.870099 0.815927
vt 0.86687 0.814544
vt 0.92435 0.529627
vt 0.920616 0.474715
vt 0.925095 0.475113
vt 0.925572 0.425074
vt 0.928049 0.42531
vt 0.821455 0.797505
vt 0.825689 0.798554
vt 0.825332 0.764374
vt 0.830843 0.765403
vt 0.828546 0.71508
vt 0.836626 0.715735
vt 0.829361 0.658871
vt 0.839203 0.659587
vt 0.828814 0.580865
vt 0.838477 0.581568
vt 0.829437 0.514557
vt 0.837854 0.515169
vt 0.832244 0.457344
vt 0.837576 0.457732
vt 0.834832 0.427254
vt 0.83826 0.427503
vt 0.837592 0.402514
vt 0.841327 0.402763
vt 0.84176 0.37115
vt 0.755139 0.801724
vt 0.761514 0.80325
vt 0.754012 0.790902
vt 0.764703 0.793462
vt 0.7553 0.745173
vt 0.765569 0.745863
vt 0.754867 0.682072
vt 0.765154 0.681769
vt 0.75298 0.61962
vt 0.762377 0.619145
vt 0.750997 0.559375
vt 0.759696 0.559403
vt 0.751811 0.511257
vt 0.757904 0.511277
vt 0.74847 0.475754
vt 0.75359 0.475231
vt 0.747102 0.452385
vt 0.750541 0.452669
vt 0.749003 0.434902
vt 0.751584 0.435115
vt 0.917036 0.528969
vt 0.919624 0.582109
vt 0.914569 0.581657
vt 0.870099 0.815927
vt 0.86687 0.814544
vt 0.910774 0.660346
vt 0.907532 0.660037
vt 0.904679 0.693925
vt 0.901563 0.693115
vt 0.897753 0.728029
vt 0.894177 0.727099
vt 0.889193 0.759128
vt 0.885766 0.757749
vt 0.880425 0.786362
vt 0.87695 0.785107
vt 0.863512 0.822643
vt 0.861662 0.821851
vt 0.870099 0.815927
vt 0.86687 0.814544
vt 0.92435 0.529627
vt 0.920616 0.474715
vt 0.925095 0.475113
vt 0.925572 0.425074
vt 0.928049 0.42531
vt 0.861662 0.821851
vt 0.863512 0.822643
vt 0.87695 0.785107
vt 0.880425 0.786362
vt 0.885766 0.757749
vt 0.889193 0.759128
vt 0.894177 0.727099
vt 0.897753 0.728029
vt 0.901563 0.693115
vt 0.904679 0.693925
vt 0.907532 0.660037
vt 0.910774 0.660346
vt 0.912243 0.620594
vt 0.915485 0.620903
vt 0.914569 0.581657
vt 0.919624 0.582109
vt 0.917036 0.528969
vt 0.92435 0.529627
vt 0.920616 0.474715
vt 0.925095 0.475113
vt 0.925572 0.425074
vt 0.928049 0.42531
vt 0.917036 0.528969
vt 0.919624 0.582109
vt 0.914569 0.581657
vt 0.915485 0.620903
vt 0.912243 0.620594
vt 0.910774 0.660346
vt 0.907532 0.660037
vt 0.904679 0.693925
vt 0.901563 0.693115
vt 0.897753 0.728029
vt 0.894177 0.727099
vt 0.889193 0.759128
vt 0.885766 0.757749
vt 0.880425 0.786362
vt 0.87695 0.785107
vt 0.863512 0.822643
vt 0.861662 0.821851
vt 0.870099 0.815927
vt 0.86687 0.814544
vt 0.92435 0.529627
vt 0.920616 0.474715
vt 0.925095 0.475113
vt 0.925572 0.425074
vt 0.928049 0.42531
vt 0.821455 0.797505
vt 0.825689 0.798554
vt 0.825332 0.764374
vt 0.830843 0.765403
vt 0.828546 0.71508
vt 0.836626 0.715735
vt 0.829361 0.658871
vt 0.839203 0.659587
vt 0.828814 0.580865
vt 0.838477 0.581568
vt 0.829437 0.514557
vt 0.837854 0.515169
vt 0.832244 0.457344
vt 0.837576 0.457732
vt 0.834832 0.427254
vt 0.83826 0.427503
vt 0.837592 0.402514
vt 0.841327 0.402763
vt 0.84176 0.37115
vt 0.755139 0.801724
vt 0.761514 0.80325
vt 0.754012 0.790902
vt 0.764703 0.793462
vt 0.7553 0.745173
vt 0.765569 0.745863
vt 0.754867 0.682072
vt 0.765154 0.681769
vt 0.75298 0.61962
vt 0.762377 0.619145
vt 0.750997 0.559375
vt 0.759696 0.559403
vt 0.751811 0.511257
vt 0.757904 0.511277
vt 0.74847 0.475754
vt 0.75359 0.475231
vt 0.747102 0.452385
vt 0.750541 0.452669
vt 0.749003 0.434902
vt 0.751584 0.435115
vt 0.917036 0.528969
vt 0.919624 0.582109
vt 0.914569 0.581657
vt 0.910774 0.660346
vt 0.907532 0.660037
vt 0.904679 0.693925
vt 0.901563 0.693115
vt 0.897753 0.728029
vt 0.894177 0.727099
vt 0.889193 0.759128
vt 0.885766 0.757749
vt 0.880425 0.786362
vt 0.87695 0.785107
vt 0.863512 0.822643
vt 0.861662 0.821851
vt 0.870099 0.815927
vt 0.86687 0.814544
vt 0.92435 0.529627
vt 0.920616 0.474715
vt 0.925095 0.475113
vt 0.925572 0.425074
vt 0.928049 0.42531
vt 0.917036 0.528969
vt 0.919624 0.582109
vt 0.914569 0.581657
vt 0.915485 0.620903
vt 0.912243 0.620594
vt 0.910774 0.660346
vt 0.907532 0.660037
vt 0.904679 0.693925
vt 0.901563 0.693115
vt 0.897753 0.728029
vt 0.894177 0.727099
vt 0.889193 0.759128
vt 0.885766 0.757749
vt 0.880425 0.786362
vt 0.87695 0.785107
vt 0.863512 0.822643
vt 0.861662 0.821851
vt 0.870099 0.815927
vt 0.86687 0.814544
vt 0.92435 0.529627
vt 0.920616 0.474715
vt 0.925095 0.475113
vt 0.925572 0.425074
vt 0.928049 0.42531
vt 0.917036 0.528969
vt 0.919624 0.582109
vt 0.914569 0.581657
vt 0.915485 0.620903
vt 0.912243 0.620594
vt 0.910774 0.660346
vt 0.907532 0.660037
vt 0.904679 0.693925
vt 0.901563 0.693115
vt 0.897753 0.728029
vt 0.894177 0.727099
vt 0.889193 0.759128
vt 0.885766 0.757749
vt 0.880425 0.786362
vt 0.87695 0.785107
vt 0.863512 0.822643
vt 0.861662 0.821851
vt 0.870099 0.815927
vt 0.86687 0.814544
vt 0.92435 0.529627
vt 0.920616 0.474715
vt 0.925095 0.475113
vt 0.925572 0.425074
vt 0.928049 0.42531
vt 0.917036 0.528969
vt 0.919624 0.582109
vt 0.914569 0.581657
vt 0.910774 0.660346
vt 0.907532 0.660037
vt 0.904679 0.693925
vt 0.901563 0.693115
vt 0.897753 0.728029
vt 0.894177 0.727099
vt 0.889193 0.759128
vt 0.885766 0.757749
vt 0.880425 0.786362
vt 0.87695 0.785107
vt 0.863512 0.822643
vt 0.861662 0.821851
vt 0.870099 0.815927
vt 0.86687 0.814544
vt 0.92435 0.529627
vt 0.920616 0.474715
vt 0.925095 0.475113
vt 0.925572 0.425074
vt 0.928049 0.42531
vt 0.917036 0.528969
vt 0.919624 0.582109
vt 0.914569 0.581657
vt 0.915485 0.620903
vt 0.912243 0.620594
vt 0.910774 0.660346
vt 0.907532 0.660037
vt 0.904679 0.693925
vt 0.901563 0.693115
vt 0.897753 0.728029
vt 0.894177 0.727099
vt 0.889193 0.759128
vt 0.885766 0.757749
vt 0.880425 0.786362
vt 0.87695 0.785107
vt 0.863512 0.822643
vt 0.861662 0.821851
vt 0.870099 0.815927
vt 0.86687 0.814544
vt 0.92435 0.529627
vt 0.920616 0.474715
vt 0.925095 0.475113
vt 0.925572 0.425074
vt 0.928049 0.42531
vt 0.783614 0.806048
vt 0.79016 0.805698
vt 0.784759 0.781118
vt 0.785394 0.755679
vt 0.791559 0.780513
vt 0.792704 0.75482
vt 0.793033 0.721363
vt 0.782013 0.721976
vt 0.791507 0.668916
vt 0.778959 0.669614
vt 0.789251 0.619393
vt 0.779689 0.619925
vt 0.789509 0.572789
vt 0.77994 0.572404
vt 0.790526 0.526491
vt 0.780958 0.526105
vt 0.790165 0.491869
vt 0.781828 0.491532
vt 0.789437 0.439303
vt 0.783788 0.439075
vt 0.789967 0.390518
vt 0.787085 0.390402
vt 0.783614 0.806048
vt 0.79016 0.805698
vt 0.784759 0.781118
vt 0.785394 0.755679
vt 0.791559 0.780513
vt 0.792704 0.75482
vt 0.793033 0.721363
vt 0.782013 0.721976
vt 0.791507 0.668916
vt 0.778959 0.669614
vt 0.789251 0.619393
vt 0.779689 0.619925
vt 0.789509 0.572789
vt 0.77994 0.572404
vt 0.790526 0.526491
vt 0.780958 0.526105
vt 0.790165 0.491869
vt 0.781828 0.491532
vt 0.789437 0.439303
vt 0.783788 0.439075
vt 0.789967 0.390518
vt 0.787085 0.390402
vt 0.783614 0.806048
vt 0.79016 0.805698
vt 0.784759 0.781118
vt 0.785394 0.755679
vt 0.791559 0.780513
vt 0.792704 0.75482
vt 0.793033 0.721363
vt 0.782013 0.721976
vt 0.791507 0.668916
vt 0.778959 0.669614
vt 0.789251 0.619393
vt 0.779689 0.619925
vt 0.789509 0.572789
vt 0.77994 0.572404
vt 0.790526 0.526491
vt 0.780958 0.526105
vt 0.790165 0.491869
vt 0.781828 0.491532
vt 0.789437 0.439303
vt 0.783788 0.439075
vt 0.789967 0.390518
vt 0.787085 0.390402
vt 0.86687 0.814544
vt 0.870099 0.815927
vt 0.861662 0.821851
vt 0.863512 0.822643
vt 0.87695 0.785107
vt 0.880425 0.786363
vt 0.885766 0.757749
vt 0.889194 0.759128
vt 0.894177 0.727099
vt 0.897753 0.728029
vt 0.901564 0.693115
vt 0.904679 0.693925
vt 0.907532 0.660038
vt 0.910774 0.660347
vt 0.912243 0.620594
vt 0.915485 0.620903
vt 0.914569 0.581657
vt 0.919624 0.582109
vt 0.917037 0.528969
vt 0.92435 0.529627
vt 0.920615 0.474715
vt 0.925095 0.475113
vt 0.925572 0.425074
vt 0.928049 0.42531
vt 0.917036 0.528969
vt 0.919624 0.582109
vt 0.914569 0.581657
vt 0.915485 0.620903
vt 0.912243 0.620594
vt 0.910774 0.660346
vt 0.907532 0.660037
vt 0.904679 0.693925
vt 0.901563 0.693115
vt 0.897753 0.728029
vt 0.894177 0.727099
vt 0.889194 0.759127
vt 0.885766 0.757749
vt 0.880425 0.786362
vt 0.87695 0.785107
vt 0.863512 0.822643
vt 0.861662 0.821851
vt 0.870099 0.815927
vt 0.86687 0.814544
vt 0.92435 0.529627
vt 0.920616 0.474715
vt 0.925095 0.475113
vt 0.925572 0.425074
vt 0.928049 0.42531
vt 0.821455 0.797505
vt 0.825689 0.798554
vt 0.825332 0.764374
vt 0.830843 0.765404
vt 0.828546 0.71508
vt 0.836626 0.715735
vt 0.82936 0.658871
vt 0.839203 0.659587
vt 0.828814 0.580865
vt 0.838478 0.581568
vt 0.829437 0.514557
vt 0.837855 0.515169
vt 0.832244 0.457344
vt 0.837576 0.457732
vt 0.834832 0.427254
vt 0.83826 0.427503
vt 0.837592 0.402514
vt 0.841327 0.402763
vt 0.84176 0.37115
vt 0.758901 0.802625
vt 0.761514 0.80325
vt 0.760321 0.792413
vt 0.764703 0.793462
vt 0.76136 0.74558
vt 0.765569 0.745863
vt 0.760938 0.681893
vt 0.765154 0.681769
vt 0.758526 0.61934
vt 0.762377 0.619145
vt 0.756131 0.559391
vt 0.759696 0.559403
vt 0.755407 0.511268
vt 0.757904 0.511277
vt 0.751491 0.475446
vt 0.75359 0.475231
vt 0.749132 0.452553
vt 0.750541 0.452669
vt 0.750783 0.441346
vt 0.751212 0.441381
vt 0.917036 0.528969
vt 0.919624 0.582109
vt 0.914569 0.581657
vt 0.870099 0.815927
vt 0.86687 0.814544
vt 0.910774 0.660346
vt 0.907532 0.660038
vt 0.904679 0.693925
vt 0.901563 0.693115
vt 0.897753 0.728029
vt 0.894177 0.727099
vt 0.889193 0.759128
vt 0.885766 0.757749
vt 0.880425 0.786362
vt 0.87695 0.785107
vt 0.863512 0.822643
vt 0.861662 0.821851
vt 0.870099 0.815927
vt 0.866869 0.814544
vt 0.92435 0.529627
vt 0.920616 0.474715
vt 0.925095 0.475113
vt 0.925572 0.425074
vt 0.928049 0.42531
vt 0.861662 0.821851
vt 0.863512 0.822643
vt 0.87695 0.785107
vt 0.880425 0.786363
vt 0.885766 0.757749
vt 0.889194 0.759128
vt 0.894177 0.727099
vt 0.897753 0.728029
vt 0.901563 0.693115
vt 0.904679 0.693925
vt 0.907532 0.660038
vt 0.910774 0.660346
vt 0.912243 0.620594
vt 0.915485 0.620903
vt 0.914569 0.581657
vt 0.919624 0.582109
vt 0.917036 0.528969
vt 0.92435 0.529627
vt 0.920616 0.474715
vt 0.925095 0.475113
vt 0.925572 0.425074
vt 0.928049 0.42531
vt 0.917036 0.528969
vt 0.919624 0.582109
vt 0.914569 0.581657
vt 0.915484 0.620903
vt 0.912243 0.620594
vt 0.910774 0.660346
vt 0.907532 0.660037
vt 0.904679 0.693925
vt 0.901563 0.693115
vt 0.897753 0.728029
vt 0.894177 0.727099
vt 0.889193 0.759127
vt 0.885765 0.757749
vt 0.880425 0.786362
vt 0.87695 0.785107
vt 0.863512 0.822643
vt 0.861662 0.821851
vt 0.870099 0.815927
vt 0.86687 0.814544
vt 0.92435 0.529626
vt 0.920616 0.474715
vt 0.925095 0.475113
vt 0.925572 0.425074
vt 0.928049 0.42531
vt 0.821455 0.797504
vt 0.825689 0.798554
vt 0.825332 0.764373
vt 0.830843 0.765404
vt 0.828546 0.71508
vt 0.836626 0.715735
vt 0.82936 0.658871
vt 0.839202 0.659587
vt 0.828814 0.580865
vt 0.838477 0.581568
vt 0.829437 0.514557
vt 0.837854 0.515169
vt 0.832244 0.457344
vt 0.837576 0.457731
vt 0.834832 0.427254
vt 0.83826 0.427503
vt 0.837592 0.402514
vt 0.841327 0.402763
vt 0.84176 0.37115
vt 0.755139 0.801724
vt 0.761514 0.80325
vt 0.754012 0.790902
vt 0.764703 0.793462
vt 0.7553 0.745173
vt 0.765569 0.745863
vt 0.754867 0.682072
vt 0.765154 0.681769
vt 0.752979 0.61962
vt 0.762377 0.619145
vt 0.750996 0.559375
vt 0.759696 0.559403
vt 0.751811 0.511257
vt 0.757904 0.511276
vt 0.748471 0.475754
vt 0.75359 0.475231
vt 0.747102 0.452385
vt 0.750541 0.452669
vt 0.749003 0.434902
vt 0.751584 0.435115
vt 0.917036 0.528969
vt 0.919624 0.582109
vt 0.914569 0.581657
vt 0.910774 0.660346
vt 0.907532 0.660037
vt 0.904679 0.693925
vt 0.901563 0.693115
vt 0.897753 0.728029
vt 0.894177 0.727099
vt 0.889194 0.759128
vt 0.885765 0.757749
vt 0.880425 0.786363
vt 0.87695 0.785107
vt 0.863512 0.822643
vt 0.861662 0.821851
vt 0.870099 0.815927
vt 0.86687 0.814544
vt 0.92435 0.529627
vt 0.920616 0.474716
vt 0.925095 0.475113
vt 0.925572 0.425074
vt 0.928049 0.42531
vt 0.917037 0.528969
vt 0.919624 0.582109
vt 0.914569 0.581657
vt 0.915485 0.620903
vt 0.912243 0.620594
vt 0.910774 0.660347
vt 0.907532 0.660037
vt 0.904679 0.693925
vt 0.901563 0.693115
vt 0.897753 0.728029
vt 0.894177 0.727099
vt 0.889193 0.759128
vt 0.885766 0.757749
vt 0.880425 0.786363
vt 0.87695 0.785107
vt 0.863512 0.822643
vt 0.861662 0.821851
vt 0.870099 0.815927
vt 0.86687 0.814544
vt 0.92435 0.529626
vt 0.920615 0.474715
vt 0.925095 0.475113
vt 0.925572 0.425074
vt 0.928049 0.42531
vt 0.755139 0.801723
vt 0.758278 0.802475
vt 0.754012 0.790902
vt 0.759275 0.792162
vt 0.7553 0.745173
vt 0.760355 0.745513
vt 0.754867 0.682072
vt 0.759931 0.681923
vt 0.75298 0.61962
vt 0.757606 0.619386
vt 0.750996 0.559375
vt 0.755279 0.559389
vt 0.751811 0.511257
vt 0.754811 0.511266
vt 0.74847 0.475754
vt 0.751348 0.475461
vt 0.747102 0.452385
vt 0.750541 0.452669
vt 0.749003 0.434902
vt 0.751584 0.435115
vt 0.755769 0.53533
vt 0.7588 0.53534
vt 0.74958 0.446918
vt 0.750877 0.447025
vt 0.755139 0.801723
vt 0.758278 0.802475
vt 0.754012 0.790902
vt 0.759275 0.792162
vt 0.7553 0.745173
vt 0.760355 0.745513
vt 0.754867 0.682072
vt 0.759931 0.681923
vt 0.75298 0.61962
vt 0.757606 0.619386
vt 0.750996 0.559375
vt 0.755279 0.559389
vt 0.751811 0.511257
vt 0.754811 0.511266
vt 0.74847 0.475754
vt 0.751348 0.475461
vt 0.747102 0.452385
vt 0.750541 0.452669
vt 0.749003 0.434902
vt 0.751584 0.435115
vt 0.758901 0.802625
vt 0.761514 0.80325
vt 0.760321 0.792413
vt 0.764703 0.793462
vt 0.76136 0.74558
vt 0.765569 0.745863
vt 0.760938 0.681893
vt 0.765154 0.681769
vt 0.758526 0.61934
vt 0.762377 0.619145
vt 0.756131 0.559391
vt 0.759696 0.559403
vt 0.755407 0.511268
vt 0.757904 0.511277
vt 0.751491 0.475446
vt 0.75359 0.475231
vt 0.749132 0.452553
vt 0.750541 0.452669
vt 0.750783 0.441346
vt 0.751212 0.441381
vt 0.755769 0.53533
vt 0.7588 0.53534
vt 0.74958 0.446918
vt 0.750877 0.447025
vt 0.842143 0.764222
vt 0.846377 0.765271
vt 0.848116 0.718869
vt 0.853548 0.719892
vt 0.850404 0.662411
vt 0.858467 0.663146
vt 0.849901 0.601089
vt 0.860001 0.601061
vt 0.850697 0.533365
vt 0.858619 0.533343
vt 0.851718 0.467476
vt 0.858306 0.467458
vt 0.855493 0.393453
vt 0.858932 0.393629
vt 0.858418 0.369875
vt 0.862779 0.370098
vt 0.862365 0.341132
vt 0.86687 0.814544
vt 0.870099 0.815927
vt 0.861662 0.821851
vt 0.863512 0.822643
vt 0.87695 0.785107
vt 0.880425 0.786362
vt 0.885766 0.757749
vt 0.889193 0.759128
vt 0.894177 0.727099
vt 0.897753 0.728029
vt 0.901563 0.693115
vt 0.904679 0.693925
vt 0.907532 0.660037
vt 0.910774 0.660346
vt 0.912243 0.620594
vt 0.915485 0.620903
vt 0.914569 0.581657
vt 0.919624 0.582109
vt 0.917036 0.528969
vt 0.92435 0.529627
vt 0.920616 0.474715
vt 0.925095 0.475113
vt 0.925572 0.425074
vt 0.928049 0.42531
vt 0.842143 0.764222
vt 0.846377 0.765271
vt 0.848116 0.718869
vt 0.853548 0.719892
vt 0.850404 0.662411
vt 0.858467 0.663146
vt 0.850697 0.533365
vt 0.858619 0.533343
vt 0.855493 0.393453
vt 0.858932 0.393629
vt 0.858418 0.369875
vt 0.862779 0.370098
vt 0.862365 0.341132
vt 0.86687 0.814544
vt 0.870099 0.815927
vt 0.861662 0.821851
vt 0.863512 0.822643
vt 0.87695 0.785107
vt 0.880425 0.786362
vt 0.885766 0.757749
vt 0.889193 0.759128
vt 0.894177 0.727099
vt 0.897753 0.728029
vt 0.901563 0.693115
vt 0.904679 0.693925
vt 0.907532 0.660037
vt 0.910774 0.660346
vt 0.912243 0.620594
vt 0.915485 0.620903
vt 0.914569 0.581657
vt 0.919624 0.582109
vt 0.917036 0.528969
vt 0.92435 0.529627
vt 0.920616 0.474715
vt 0.925095 0.475113
vt 0.925572 0.425074
vt 0.928049 0.42531
vt 0.853095 0.463409
vt 0.858775 0.463486
vt 0.85055 0.597888
vt 0.858543 0.598245
vt 0.842143 0.764222
vt 0.846377 0.765271
vt 0.848116 0.718869
vt 0.853548 0.719892
vt 0.850404 0.662411
vt 0.858467 0.663146
vt 0.850697 0.533365
vt 0.858619 0.533343
vt 0.855493 0.393453
vt 0.858932 0.393629
vt 0.858418 0.369875
vt 0.862779 0.370098
vt 0.862365 0.341132
vt 0.86687 0.814544
vt 0.870099 0.815927
vt 0.861662 0.821851
vt 0.863512 0.822643
vt 0.87695 0.785107
vt 0.880425 0.786362
vt 0.885766 0.757749
vt 0.889193 0.759128
vt 0.894177 0.727099
vt 0.897753 0.728029
vt 0.901563 0.693115
vt 0.904679 0.693925
vt 0.907532 0.660037
vt 0.910774 0.660346
vt 0.912243 0.620594
vt 0.915485 0.620903
vt 0.914569 0.581657
vt 0.919624 0.582109
vt 0.917036 0.528969
vt 0.92435 0.529627
vt 0.920616 0.474715
vt 0.925095 0.475113
vt 0.925572 0.425074
vt 0.928049 0.42531
vt 0.853095 0.463409
vt 0.858775 0.463486
vt 0.85055 0.597888
vt 0.858543 0.598245
vt 0.546745 0.400151
vt 0.550199 0.399165
vt 0.558011 0.452685
vt 0.561465 0.451699
vt 0.484907 0.581203
vt 0.577168 0.529615
vt 0.549524 0.60572
vt 0.579253 0.585902
vt 0.538175 0.64117
vt 0.56587 0.646156
vt 0.525086 0.672272
vt 0.553404 0.677522
vt 0.510781 0.599493
vt 0.570322 0.490657
vt 0.473164 0.54335
vt 0.51433 0.694915
vt 0.954081 0.443515
vt 0.957812 0.443377
vt 0.949787 0.497757
vt 0.954734 0.498047
vt 0.94141 0.533279
vt 0.962274 0.532061
vt 0.939566 0.577179
vt 0.966295 0.561885
vt 0.933535 0.61823
vt 0.995785 0.587187
vt 0.943085 0.64772
vt 0.992266 0.64047
vt 0.955149 0.714743
vt 0.976181 0.709336
vt 0.957998 0.783106
vt 0.973332 0.763959
vt 0.546745 0.400151
vt 0.550199 0.399165
vt 0.558011 0.452685
vt 0.561465 0.451699
vt 0.484907 0.581203
vt 0.577168 0.529615
vt 0.549524 0.60572
vt 0.579253 0.585902
vt 0.538175 0.64117
vt 0.56587 0.646156
vt 0.525086 0.672272
vt 0.553404 0.677522
vt 0.510781 0.599493
vt 0.570322 0.490657
vt 0.473164 0.54335
vt 0.51433 0.694915
vt 0.954081 0.443515
vt 0.957812 0.443377
vt 0.949787 0.497757
vt 0.954734 0.498047
vt 0.94141 0.533279
vt 0.962274 0.532061
vt 0.939566 0.577179
vt 0.966295 0.561885
vt 0.933535 0.61823
vt 0.995785 0.587187
vt 0.943085 0.64772
vt 0.992266 0.64047
vt 0.955149 0.714743
vt 0.976181 0.709336
vt 0.957998 0.783106
vt 0.973332 0.763959
vt 0.755139 0.801723
vt 0.758278 0.802475
vt 0.754012 0.790902
vt 0.759275 0.792162
vt 0.7553 0.745173
vt 0.760355 0.745513
vt 0.754867 0.682072
vt 0.759931 0.681923
vt 0.75298 0.61962
vt 0.757606 0.619386
vt 0.750996 0.559375
vt 0.755279 0.559389
vt 0.751811 0.511257
vt 0.754811 0.511266
vt 0.74847 0.475754
vt 0.751348 0.475461
vt 0.747102 0.452385
vt 0.750541 0.452669
vt 0.749003 0.434902
vt 0.751584 0.435115
vt 0.755139 0.801723
vt 0.758278 0.802475
vt 0.754012 0.790902
vt 0.759275 0.792162
vt 0.7553 0.745173
vt 0.760355 0.745513
vt 0.754867 0.682072
vt 0.759931 0.681923
vt 0.75298 0.61962
vt 0.757606 0.619386
vt 0.750996 0.559375
vt 0.755279 0.559389
vt 0.751811 0.511257
vt 0.754811 0.511266
vt 0.74847 0.475754
vt 0.751348 0.475461
vt 0.747102 0.452385
vt 0.750541 0.452669
vt 0.749003 0.434902
vt 0.751584 0.435115
vt 0.852591 0.832984
vt 0.85802 0.832783
vt 0.851385 0.86797
vt 0.856814 0.867769
vt 0.850178 0.907781
vt 0.867671 0.905167
vt 0.85601 0.939148
vt 0.880138 0.936333
vt 0.821024 0.963879
vt 0.872109 0.955138
vt 0.894112 0.951714
vt 0.885768 0.983724
vt 0.908368 0.968061
vt 0.858824 0.987806
vt 0.921038 0.771138
vt 0.926467 0.770937
vt 0.921938 0.828807
vt 0.928372 0.828606
vt 0.924451 0.877901
vt 0.951495 0.874517
vt 0.931656 0.921466
vt 0.963894 0.916071
vt 0.929142 0.987986
vt 0.988022 0.948577
vn -0.428516 -0.0134005 0.903435
vn -0.456389 0.00209995 0.889778
vn -0.382779 -0.0381979 0.92305
vn -0.382779 -0.0381979 0.92305
vn -0.56579 0.0623989 0.822185
vn -0.588717 0.0753022 0.804824
vn -0.714396 0.161299 0.680897
vn -0.722512 0.168103 0.670611
vn -0.800491 0.295397 0.521494
vn -0.802601 0.3039 0.5133
vn -0.812158 0.443077 0.379581
vn -0.811799 0.446099 0.376799
vn -0.733608 0.576007 0.360604
vn -0.723786 0.585089 0.365793
vn -0.554121 0.671026 0.492619
vn -0.551406 0.671507 0.495005
vn -0.315693 0.622085 0.716483
vn -0.329196 0.629193 0.704092
vn -0.223097 0.385596 0.89529
vn -0.215903 0.419906 0.881513
vn -0.281415 0.121606 0.95185
vn -0.280405 0.125702 0.951616
vn -0.309799 -0.00359998 0.950795
vn -0.309799 -0.00359998 0.950795
vn 0.607386 0.568687 0.554687
vn 0.286802 0.642705 0.710405
vn 0.227494 0.644383 0.73008
vn -0.0501986 0.618883 0.783878
vn -0.0772988 0.613391 0.785988
vn -0.265196 0.508692 0.819087
vn -0.295902 0.477503 0.827305
vn -0.356016 0.334815 0.87244
vn -0.347513 0.315412 0.883034
vn -0.278486 0.214189 0.936252
vn -0.254806 0.189104 0.948321
vn -0.141896 0.120096 0.982569
vn -0.103298 0.108798 0.988682
vn 0.024299 0.0712971 0.997159
vn 0.0723034 0.0571027 0.995747
vn 0.168396 -0.104397 0.980176
vn 0.168396 -0.104397 0.980176
vn 0.143703 -0.00220004 0.989618
vn 0.156699 -0.0553995 0.986092
vn 0.631022 0.557819 0.539119
vn 0.771156 0.305483 0.558568
vn 0.769595 0.283198 0.572296
vn 0.734195 0.0857994 0.673496
vn 0.734195 0.0857994 0.673496
vn 0.531292 0.00149998 0.847187
vn 0.531292 0.00149998 0.847187
vn 0.573499 0.0133 0.819098
vn 0.567907 0.0117001 0.82301
vn 0.543106 0.0527006 0.838009
vn 0.551585 0.0489987 0.832678
vn 0.264804 0.0603009 0.962415
vn 0.310713 0.0641027 0.94834
vn -0.304112 0.162707 0.938639
vn -0.200992 0.131994 0.97066
vn -0.701087 0.264795 0.662088
vn -0.690392 0.262597 0.674093
vn -0.81056 0.369382 0.454478
vn -0.80903 0.385814 0.443416
vn -0.734694 0.548295 0.399497
vn -0.710299 0.575999 0.404599
vn -0.601556 0.68745 0.40687
vn -0.585794 0.703393 0.402596
vn -0.546085 0.740679 0.391389
vn 0.92911 -0.0192002 0.369304
vn 0.92911 -0.0192002 0.369304
vn 0.944391 -0.0121999 0.328597
vn 0.941663 -0.0134995 0.336287
vn 0.981526 -0.00300008 0.191305
vn 0.980379 -0.00319993 0.197096
vn 0.99759 0.00729993 -0.0689993
vn 0.996228 0.00800023 -0.0864024
vn 0.96108 0.105598 -0.255295
vn 0.957719 0.126702 -0.258305
vn 0.91723 0.379312 -0.121704
vn 0.914276 0.38939 -0.111697
vn 0.795385 0.571489 0.201896
vn 0.783007 0.577005 0.232302
vn 0.592388 0.665286 0.454391
vn 0.542393 0.689991 0.479294
vn 0.394712 0.763922 0.510515
vn 0.385501 0.777802 0.496401
vn 0.368701 0.801502 0.470801
vn 0.368701 0.801502 0.470801
vn 0.177501 -0.0249001 0.983806
vn 0.147798 -0.00789989 0.988986
vn 0.224802 -0.0521006 0.97301
vn 0.224802 -0.0521006 0.97301
vn 0.0227001 0.0589003 0.998006
vn -0.00539997 0.0732997 0.997295
vn -0.174799 0.168399 0.970096
vn -0.187093 0.175894 0.966466
vn -0.327318 0.311917 0.891948
vn -0.335407 0.324507 0.884419
vn -0.417985 0.464584 0.780673
vn -0.422415 0.473117 0.773127
vn -0.403505 0.671408 0.621607
vn -0.400298 0.679096 0.615297
vn -0.306791 0.936672 0.168895
vn -0.310989 0.929668 0.197493
vn -0.353907 0.877918 -0.322506
vn -0.381896 0.846692 -0.370497
vn -0.398626 0.722847 -0.564437
vn -0.386691 0.722683 -0.572887
vn -0.223898 0.821893 -0.523796
vn -0.228101 0.818102 -0.527901
vn -0.121402 0.899412 -0.419905
vn -0.121402 0.899412 -0.419905
vn 0.0655983 0.703782 0.707381
vn 0.0655983 0.703782 0.707381
vn 0.135 0.666699 0.732999
vn 0.173495 0.643783 0.74528
vn 0.230713 0.599832 0.766141
vn 0.222002 0.597006 0.770908
vn 0.269205 0.669812 0.692012
vn 0.296604 0.70591 0.643209
vn 0.49977 0.703658 0.50507
vn 0.560602 0.672202 0.483601
vn 0.814902 0.424901 0.394201
vn 0.828803 0.402101 0.389101
vn 0.941266 0.0228992 0.336888
vn 0.94 0.0457 0.3381
vn 0.870572 -0.369088 0.32539
vn 0.883602 -0.336401 0.325701
vn 0.7348 -0.6018 0.3129
vn 0.747084 -0.585788 0.314193
vn 0.687916 -0.657615 0.307107
vn 0.194613 -0.201013 -0.960062
vn 0.194691 -0.21569 -0.956856
vn 0.194495 -0.182496 -0.963777
vn 0.194495 -0.182496 -0.963777
vn 0.228595 -0.305093 -0.92448
vn 0.243093 -0.33729 -0.909473
vn 0.366507 -0.449708 -0.814515
vn 0.389514 -0.459816 -0.798028
vn 0.601492 -0.502693 -0.620892
vn 0.613079 -0.502783 -0.609379
vn 0.839481 -0.467489 -0.276994
vn 0.8161 -0.4765 -0.327
vn 0.973474 -0.225994 0.0356991
vn 0.941063 -0.335787 -0.0405984
vn 0.998618 -0.0350006 0.0392007
vn 0.997264 -0.0536981 0.0507982
vn 0.966102 0.1552 -0.2063
vn 0.973066 0.141495 -0.181994
vn 0.724325 0.364513 -0.585221
vn 0.765299 0.3428 -0.544799
vn 0.375022 0.355721 -0.85605
vn 0.409521 0.373719 -0.832242
vn 0.231592 0.27759 -0.932367
vn 0.231592 0.27759 -0.932367
vn -0.703934 -0.082704 -0.705434
vn -0.703934 -0.082704 -0.705434
vn -0.732603 -0.0935004 -0.674203
vn -0.727862 -0.0916953 -0.679565
vn -0.811504 -0.143301 -0.566503
vn -0.808987 -0.141298 -0.570591
vn -0.909529 -0.235608 -0.342411
vn -0.913919 -0.241405 -0.326307
vn -0.967837 -0.210608 -0.137605
vn -0.973005 -0.192101 -0.127901
vn -0.982332 0.0959031 -0.160705
vn -0.980138 0.109404 -0.165406
vn -0.841732 0.419216 -0.340213
vn -0.823394 0.438497 -0.360197
vn -0.616875 0.644273 -0.452081
vn -0.573326 0.686832 -0.446721
vn -0.458085 0.796974 -0.393687
vn -0.458973 0.805952 -0.373878
vn -0.459995 0.820992 -0.338197
vn -0.459995 0.820992 -0.338197
vn -0.794408 0.134501 -0.592306
vn -0.770725 0.151805 -0.61882
vn -0.823785 0.111198 -0.55589
vn -0.823785 0.111198 -0.55589
vn -0.679997 0.202499 -0.704697
vn -0.649757 0.216186 -0.728752
vn -0.497707 0.279104 -0.821212
vn -0.471109 0.289206 -0.833316
vn -0.301411 0.380614 -0.874233
vn -0.282399 0.393899 -0.874697
vn -0.178001 0.578803 -0.795804
vn -0.175499 0.592798 -0.785997
vn -0.172309 0.731838 -0.659335
vn -0.175309 0.735338 -0.654634
vn -0.2828 0.750901 -0.596801
vn -0.295786 0.749166 -0.592673
vn -0.514094 0.690091 -0.509394
vn -0.541064 0.678655 -0.496667
vn -0.754241 0.503427 -0.421523
vn -0.764808 0.488705 -0.419804
vn -0.888946 0.254313 -0.38092
vn -0.892715 0.243904 -0.378906
vn -0.926728 0.128404 -0.353111
vn -0.926728 0.128404 -0.353111
vn -0.679385 -0.400591 0.614787
vn -0.679385 -0.400591 0.614787
vn -0.671313 -0.430108 0.603611
vn -0.672987 -0.424392 0.605788
vn -0.672204 -0.564703 0.478803
vn -0.672176 -0.55088 0.494682
vn -0.67709 -0.719989 0.152198
vn -0.677369 -0.704767 0.21089
vn -0.564993 -0.81969 -0.0942988
vn -0.596785 -0.79928 -0.0706983
vn -0.0972966 -0.907969 -0.407586
vn -0.18819 -0.915153 -0.356482
vn 0.606304 -0.615204 -0.503904
vn 0.52538 -0.670075 -0.524381
vn 0.895746 -0.309316 -0.319316
vn 0.990837 -0.0842031 -0.105604
vn 0.999308 -0.0365003 -0.00710006
vn 0.999132 -0.0412013 -0.0062002
vn 0.996135 -0.0878031 0.00250009
vn 0.996135 -0.0878031 0.00250009
vn 0.920119 0.187004 0.344107
vn 0.920119 0.187004 0.344107
vn 0.900329 0.243208 0.360912
vn 0.892359 0.259188 0.369483
vn 0.869564 0.296788 0.394684
vn 0.746787 0.316195 0.58509
vn 0.705007 0.318203 0.633807
vn 0.454008 0.289905 0.842515
vn 0.4404 0.2846 0.851499
vn 0.3617 0.4718 0.8041
vn 0.353695 0.529892 0.770788
vn 0.185099 0.843697 0.503898
vn 0.171806 0.854729 0.489817
vn 0.0133003 0.953624 0.300707
vn 0.0107996 0.955068 0.29619
vn -0.00740029 0.964737 0.26311
vn -0.00740029 0.964737 0.26311
vn 0.84261 0.444305 0.304304
vn 0.847698 0.419499 0.324699
vn 0.875664 0.48208 -0.0284988
vn 0.866067 0.499581 0.0185993
vn 0.953331 0.162905 -0.254208
vn 0.951016 0.179203 -0.251904
vn 0.960681 -0.152697 -0.231895
vn 0.960318 -0.166303 -0.223904
vn 0.956765 -0.208992 -0.202293
vn 0.957406 -0.198701 -0.209501
vn 0.958402 -0.1577 -0.2379
vn 0.958402 -0.1577 -0.2379
vn 0.958402 -0.1577 -0.2379
vn -0.748991 0.661792 0.0322996
vn -0.736966 0.675269 0.0298986
vn -0.710633 0.703133 0.0246011
vn -0.751523 0.65882 0.034201
vn -0.753984 0.655986 0.0344993
vn -0.6428 0.7659 0.0143
vn -0.644101 0.764801 0.0146
vn -0.47121 0.88202 -0.00150003
vn -0.47578 0.879563 -0.00159993
vn -0.43941 0.89822 0.0109002
vn -0.439491 0.898181 0.0108998
vn -0.414393 0.909885 0.0196997
vn -0.419718 0.907439 0.0198008
vn -0.271899 0.962196 0.0157999
vn -0.274607 0.961425 0.0159004
vn -0.0922977 0.995675 0.0105997
vn -0.0898003 0.995903 0.0106
vn 0.0940952 0.99555 0.00519974
vn 0.0942037 0.995539 0.00520021
vn 0.231296 0.972882 0.00179997
vn 0.230304 0.973117 0.00190003
vn 0.280488 0.959858 0.000399982
vn 0.280488 0.959858 0.000399982
vn -0.710633 0.703133 0.0246011
vn -0.658821 0.722423 0.209907
vn -0.658821 0.722423 0.209907
vn -0.664563 0.71916 0.202889
vn -0.66521 0.718811 0.202003
vn -0.581277 0.799968 0.148894
vn -0.548594 0.825491 0.132699
vn -0.387483 0.92046 -0.0510978
vn -0.347604 0.928711 -0.129102
vn -0.203794 0.889676 -0.408589
vn -0.200103 0.887213 -0.415706
vn -0.0658039 0.814348 -0.576634
vn -0.0590992 0.813189 -0.578992
vn 0.327497 0.872591 -0.362396
vn 0.336905 0.872413 -0.354105
vn 0.485606 0.805009 0.340804
vn 0.517917 0.810426 0.273809
vn 0.149099 0.744295 0.650995
vn 0.187901 0.742803 0.642602
vn 0.0359982 0.728063 0.684565
vn 0.0304012 0.731628 0.681026
vn 0.0507026 0.718636 0.693535
vn 0.0507026 0.718636 0.693535
vn -0.877058 0.480332 -0.00710047
vn -0.877058 0.480332 -0.00710047
vn -0.88034 0.474321 -0.00460021
vn -0.827585 0.56119 -0.0129998
vn -0.880935 0.473219 -0.00410016
vn -0.819212 0.573308 -0.0145002
vn -0.6783 0.7346 -0.0165
vn -0.674082 0.738481 -0.0160996
vn -0.597522 0.795729 0.0989037
vn -0.597285 0.79748 0.0852979
vn -0.347804 0.835909 0.424605
vn -0.411314 0.831629 0.373113
vn 0.110195 0.782462 0.61287
vn 0.161409 0.770044 0.617235
vn 0.364901 0.635102 0.680803
vn 0.3435 0.600001 0.722501
vn 0.225096 0.464691 0.856384
vn 0.167898 0.409796 0.896592
vn 0.00570018 0.282909 0.95913
vn -0.0307987 0.261689 0.964661
vn -0.112402 0.212304 0.970718
vn -0.112402 0.212304 0.970718
vn -0.73281 0.0982014 -0.673309
vn -0.73281 0.0982014 -0.673309
vn -0.877296 0.213199 -0.429998
vn -0.923212 0.376105 0.078901
vn -0.888387 0.224797 -0.400294
vn -0.92079 0.379296 0.090999
vn -0.893503 0.411402 0.180001
vn -0.897238 0.409517 0.165107
vn -0.931505 0.344802 -0.115801
vn -0.930889 0.335896 -0.143598
vn -0.922743 0.304314 -0.236511
vn -0.930309 0.336203 -0.146601
vn -0.882594 0.467297 -0.0515996
vn -0.800099 0.596799 -0.0605999
vn -0.610815 0.766719 -0.197605
vn -0.607212 0.768616 -0.201304
vn -0.563484 0.689281 -0.455387
vn -0.5617 0.6925 -0.4527
vn -0.628923 0.431515 -0.646723
vn -0.629262 0.435874 -0.643462
vn -0.616611 0.327506 -0.715913
vn -0.616611 0.327506 -0.715913
vn 0.322786 0.617174 0.717569
vn 0.322786 0.617174 0.717569
vn 0.315697 0.619295 0.718894
vn 0.3159 0.6193 0.7188
vn 0.206103 0.801112 0.561908
vn 0.197798 0.81249 0.548393
vn -0.0559984 0.946472 0.317891
vn -0.134494 0.946857 0.292187
vn -0.421321 0.897046 0.133407
vn -0.458698 0.882497 0.1039
vn -0.598195 0.801193 0.0158999
vn -0.601712 0.798316 0.0252005
vn -0.509322 0.859236 -0.048002
vn -0.4677 0.8798 -0.0849
vn -0.0912955 0.949153 -0.301285
vn 0.0657023 0.931133 -0.358713
vn 0.375805 0.826511 -0.419106
vn 0.409896 0.814391 -0.410796
vn 0.447714 0.813026 -0.372212
vn 0.4442 0.817401 -0.3668
vn 0.428093 0.836486 -0.342094
vn 0.428093 0.836486 -0.342094
vn 0.741614 0.480309 -0.468309
vn 0.741614 0.480309 -0.468309
vn 0.743007 0.474304 -0.472204
vn 0.703099 0.561199 -0.4367
vn 0.743202 0.473202 -0.473002
vn 0.696924 0.57332 -0.430815
vn 0.579501 0.734602 -0.352901
vn 0.575696 0.738495 -0.350998
vn 0.44912 0.795736 -0.406318
vn 0.456202 0.797503 -0.394802
vn 0.0630019 0.835925 -0.545216
vn 0.144104 0.831625 -0.536316
vn -0.424097 0.782495 -0.455897
vn -0.469609 0.770015 -0.431908
vn -0.675113 0.635112 -0.375307
vn -0.679674 0.599977 -0.421984
vn -0.652492 0.464694 -0.598593
vn -0.626191 0.409794 -0.66329
vn -0.523495 0.282897 -0.803693
vn -0.495787 0.261693 -0.828078
vn -0.430406 0.212303 -0.877313
vn -0.430406 0.212303 -0.877313
vn 0.958107 0.182301 0.220902
vn 0.958107 0.182301 0.220902
vn 0.949098 0.300999 -0.0927998
vn 0.681604 0.435103 -0.588304
vn 0.938331 0.316211 -0.139805
vn 0.668976 0.437785 -0.600679
vn 0.598471 0.455478 -0.659069
vn 0.602493 0.455194 -0.655592
vn 0.536696 0.425397 -0.728694
vn 0.559084 0.429688 -0.70908
vn 0.296704 0.414106 -0.860513
vn 0.220292 0.427084 -0.876967
vn 0.116205 0.545924 -0.829737
vn 0.125394 0.649369 -0.750064
vn 0.246003 0.80731 -0.536407
vn 0.266798 0.817193 -0.510896
vn 0.500015 0.753422 -0.427013
vn 0.513712 0.740618 -0.43311
vn 0.713735 0.523326 -0.465523
vn 0.713162 0.523972 -0.465675
vn 0.79112 0.421011 -0.443711
vn 0.79112 0.421011 -0.443711
vn -0.983935 -0.106604 0.143205
vn -0.983935 -0.106604 0.143205
vn -0.967574 -0.117497 0.223594
vn -0.955471 -0.123296 0.268092
vn -0.930414 -0.139302 0.339005
vn -0.930391 -0.147699 0.335497
vn -0.948622 -0.0264006 0.315307
vn -0.951905 0.0593003 0.300601
vn -0.877197 0.326099 0.352399
vn -0.860923 0.352509 0.36681
vn -0.628508 0.564007 0.535607
vn -0.554885 0.597684 0.578685
vn -0.225088 0.729161 0.646266
vn -0.142299 0.759797 0.634397
vn 0.1925 0.801899 0.565599
vn 0.167006 0.803628 0.57122
vn 0.404388 0.751278 0.521585
vn 0.385979 0.759259 0.523972
vn 0.469517 0.719726 0.511418
vn 0.733126 0.672124 -0.103804
vn 0.743034 0.66183 -0.0994045
vn 0.720396 0.684896 -0.109299
vn 0.720396 0.684896 -0.109299
vn 0.796838 0.603028 -0.0375018
vn 0.814311 0.580307 -0.0119002
vn 0.851707 0.499504 0.158401
vn 0.85061 0.491306 0.187302
vn 0.765096 0.467597 0.442698
vn 0.754504 0.468202 0.459902
vn 0.510126 0.38992 0.766639
vn 0.529286 0.40029 0.748081
vn 0.159406 0.294911 0.942134
vn 0.249009 0.300711 0.920634
vn 0.0345995 0.355894 0.933886
vn 0.037498 0.342281 0.938849
vn 0.0952046 0.591129 0.800939
vn 0.0766987 0.547191 0.833486
vn 0.161299 0.890994 0.424397
vn 0.158501 0.847305 0.506903
vn 0.261496 0.965184 -0.0062999
vn 0.241502 0.96971 0.0366004
vn 0.331306 0.928518 -0.167603
vn 0.331306 0.928518 -0.167603
vn -0.427306 -0.0231003 0.903812
vn -0.461815 -0.0092003 0.886929
vn -0.383105 -0.0406005 0.922812
vn -0.383105 -0.0406005 0.922812
vn -0.567831 0.0257014 0.822744
vn -0.605497 0.0367998 0.794996
vn -0.731874 0.0795971 0.676776
vn -0.75492 0.0885024 0.649817
vn -0.845809 0.166602 0.506805
vn -0.856525 0.185505 0.481614
vn -0.885732 0.304911 0.350013
vn -0.885617 0.318806 0.337706
vn -0.824753 0.46623 0.32002
vn -0.809202 0.486301 0.329701
vn -0.698683 0.559486 0.445889
vn -0.691619 0.558715 0.457712
vn -0.553375 0.519377 0.651171
vn -0.533011 0.51121 0.674213
vn -0.373806 0.357805 0.855713
vn -0.3661 0.3439 0.864699
vn -0.244207 0.125804 0.961528
vn -0.238798 0.116199 0.964092
vn -0.177995 0.0109997 0.98397
vn -0.177995 0.0109997 0.98397
vn 0.441604 0.897209 0.00150001
vn 0.142899 0.965091 0.219498
vn 0.0899988 0.961487 0.259697
vn -0.0984043 0.941641 0.321914
vn -0.104198 0.947279 0.302993
vn -0.235307 0.899227 0.368811
vn -0.268199 0.874097 0.404999
vn -0.345304 0.754508 0.558106
vn -0.339023 0.749551 0.568539
vn -0.267203 0.713407 0.647806
vn -0.250707 0.707621 0.66062
vn -0.154902 0.66411 0.731411
vn -0.131799 0.651293 0.747292
vn -0.0333008 0.598915 0.80012
vn -0.00129994 0.582873 0.812562
vn 0.0554983 0.424187 0.903872
vn 0.0554983 0.424187 0.903872
vn 0.0509983 0.517483 0.854172
vn 0.0531979 0.472981 0.879465
vn 0.461603 0.887007 -0.0119001
vn 0.636973 0.762868 0.110895
vn 0.64129 0.754288 0.140698
vn 0.653078 0.665878 0.360688
vn 0.653078 0.665878 0.360688
vn 0.531292 0.00149998 0.847187
vn 0.531292 0.00149998 0.847187
vn 0.573499 0.0133 0.819098
vn 0.567907 0.0117001 0.82301
vn 0.543106 0.0527006 0.838009
vn 0.551585 0.0489987 0.832678
vn 0.264804 0.0603009 0.962415
vn 0.310713 0.0641027 0.94834
vn -0.304112 0.162707 0.938639
vn -0.200992 0.131994 0.97066
vn -0.701087 0.264795 0.662088
vn -0.690392 0.262597 0.674093
vn -0.81056 0.369382 0.454478
vn -0.80903 0.385814 0.443416
vn -0.734694 0.548295 0.399497
vn -0.710299 0.575999 0.404599
vn -0.601556 0.68745 0.40687
vn -0.585794 0.703393 0.402596
vn -0.546085 0.740679 0.391389
vn 0.92911 -0.0192002 0.369304
vn 0.92911 -0.0192002 0.369304
vn 0.944391 -0.0121999 0.328597
vn 0.941663 -0.0134995 0.336287
vn 0.981526 -0.00300008 0.191305
vn 0.980379 -0.00319993 0.197096
vn 0.99759 0.00729993 -0.0689993
vn 0.996228 0.00800023 -0.0864024
vn 0.96108 0.105598 -0.255295
vn 0.957719 0.126702 -0.258305
vn 0.91723 0.379312 -0.121704
vn 0.914276 0.38939 -0.111697
vn 0.795385 0.571489 0.201896
vn 0.783007 0.577005 0.232302
vn 0.592388 0.665286 0.454391
vn 0.542393 0.689991 0.479294
vn 0.394712 0.763922 0.510515
vn 0.385501 0.777802 0.496401
vn 0.368701 0.801502 0.470801
vn 0.368701 0.801502 0.470801
vn 0.482309 0.816514 -0.317306
vn 0.620427 0.783234 -0.0402017
vn 0.641958 0.76625 0.0273982
vn 0.0470002 0.214901 0.975504
vn 0.0877965 0.214991 0.972661
vn 0.733523 0.62502 0.267009
vn 0.763943 0.553731 0.331319
vn 0.830899 0.3926 0.3943
vn 0.845568 0.370386 0.384485
vn 0.906735 0.289411 0.306712
vn 0.919034 0.27581 0.281611
vn 0.96603 0.201506 0.161805
vn 0.976357 0.176292 0.125094
vn 0.99239 0.123099 -0.00299997
vn 0.991634 0.116104 -0.056402
vn 0.983537 0.0208008 -0.179507
vn 0.983537 0.0208008 -0.179507
vn 0.987101 0.0835001 -0.1366
vn 0.985882 0.0496991 -0.159897
vn 0.466411 0.81632 -0.340708
vn 0.495303 0.633904 -0.594004
vn 0.506984 0.61368 -0.60528
vn 0.603185 0.39349 -0.693782
vn 0.603185 0.39349 -0.693782
vn 0.138504 0.214607 0.96683
vn 0.138504 0.214607 0.96683
vn -0.0812038 0.202809 0.975845
vn -0.128602 0.195603 0.972215
vn -0.301397 0.167398 0.93869
vn -0.335801 0.1614 0.928002
vn -0.504396 0.163799 0.847794
vn -0.531591 0.169897 0.829786
vn -0.659708 0.226403 0.716608
vn -0.670504 0.234701 0.703804
vn -0.682513 0.375207 0.627212
vn -0.672593 0.399996 0.622593
vn -0.555205 0.530204 0.640805
vn -0.543691 0.535091 0.646589
vn -0.327201 0.595501 0.733702
vn -0.296996 0.600293 0.742591
vn -0.0282992 0.556484 0.830376
vn -0.0128995 0.548478 0.836066
vn 0.209103 0.408005 0.888711
vn 0.218109 0.401217 0.889637
vn 0.314294 0.324393 0.892182
vn 0.314294 0.324393 0.892182
vn 0.281204 0.799413 -0.530908
vn 0.603198 0.590098 -0.536598
vn 0.661399 0.528099 -0.532599
vn 0.798461 0.41728 -0.433979
vn 0.803708 0.438504 -0.402204
vn 0.873968 0.358887 -0.327688
vn 0.894123 0.305208 -0.327708
vn 0.915074 0.192294 -0.35449
vn 0.909208 0.200102 -0.365103
vn 0.86051 0.242703 -0.447905
vn 0.844882 0.251795 -0.47199
vn 0.767315 0.277306 -0.578212
vn 0.741506 0.280702 -0.609405
vn 0.648379 0.288891 -0.704377
vn 0.610266 0.290884 -0.736859
vn 0.511816 0.169405 -0.842227
vn 0.511816 0.169405 -0.842227
vn 0.547021 0.25781 -0.796431
vn 0.529402 0.212201 -0.821404
vn 0.252813 0.809941 -0.529227
vn 0.0143005 0.736925 -0.675823
vn 0.00719974 0.719674 -0.694275
vn -0.053598 0.552679 -0.831669
vn -0.053598 0.552679 -0.831669
vn 0.923619 0.260805 -0.280906
vn 0.923619 0.260805 -0.280906
vn 0.903151 0.281585 -0.324082
vn 0.906072 0.278791 -0.31829
vn 0.907825 0.311809 -0.280408
vn 0.905101 0.3103 -0.2907
vn 0.968486 0.248796 0.0115998
vn 0.963717 0.264805 -0.0336006
vn 0.809267 0.170093 0.562277
vn 0.866997 0.175999 0.466198
vn 0.442697 0.113999 0.889395
vn 0.456917 0.116604 0.881833
vn 0.201394 0.155596 0.967073
vn 0.187999 0.170299 0.967293
vn 0.1313 0.341401 0.930702
vn 0.136099 0.375698 0.916694
vn 0.140299 0.514398 0.845997
vn 0.136502 0.533809 0.834515
vn 0.127106 0.579726 0.804836
vn 0.929897 0.298799 -0.214499
vn 0.929897 0.298799 -0.214499
vn 0.920561 0.293888 -0.257289
vn 0.922494 0.294798 -0.249198
vn 0.882835 0.26081 -0.390615
vn 0.884698 0.262399 -0.385299
vn 0.769941 0.18091 -0.611933
vn 0.760403 0.175101 -0.625402
vn 0.617706 0.197102 -0.761308
vn 0.606083 0.214694 -0.765879
vn 0.546913 0.485812 -0.681816
vn 0.545611 0.49801 -0.674014
vn 0.531517 0.752124 -0.389613
vn 0.533883 0.765475 -0.359188
vn 0.452591 0.887083 -0.0907983
vn 0.415111 0.908525 -0.0476013
vn 0.284013 0.957745 0.0454021
vn 0.265108 0.963528 0.036501
vn 0.231008 0.972736 0.0205008
vn 0.231008 0.972736 0.0205008
vn -0.355494 0.881986 -0.309395
vn -0.0546031 0.924553 -0.377122
vn 0.0179994 0.922871 -0.384688
vn 0.2932 0.8448 -0.4476
vn 0.374396 0.794092 -0.478795
vn 0.47839 0.669386 -0.568388
vn 0.475977 0.651668 -0.590571
vn 0.428814 0.584619 -0.688723
vn 0.40979 0.572586 -0.710083
vn 0.317906 0.502809 -0.803815
vn 0.289499 0.477798 -0.829397
vn 0.179504 0.417609 -0.890719
vn 0.129202 0.404608 -0.905317
vn 0.0268995 0.297694 -0.954282
vn 0.0268995 0.297694 -0.954282
vn 0.0571996 0.363098 -0.929994
vn 0.0408997 0.327998 -0.943793
vn -0.381197 0.874294 -0.300498
vn -0.585107 0.681208 -0.440005
vn -0.589781 0.664379 -0.459085
vn -0.614507 0.475105 -0.629807
vn -0.614507 0.475105 -0.629807
vn -0.152004 0.665319 -0.730921
vn 0.1033 0.463799 -0.879898
vn 0.132803 0.43431 -0.89092
vn 0.329704 0.381405 -0.863612
vn 0.352603 0.408903 -0.841706
vn 0.452116 0.439916 -0.775928
vn 0.472424 0.410121 -0.780139
vn 0.471804 0.379803 -0.795707
vn 0.449592 0.392893 -0.802186
vn 0.369397 0.359797 -0.856792
vn 0.339115 0.326314 -0.882338
vn 0.221188 0.277385 -0.934951
vn 0.181303 0.280704 -0.942515
vn 0.0488007 0.288904 -0.956114
vn -0.00129994 0.290887 -0.956757
vn -0.144402 0.169402 -0.974911
vn -0.144402 0.169402 -0.974911
vn -0.0879985 0.257796 -0.962184
vn -0.117504 0.212208 -0.970134
vn -0.168406 0.675124 -0.718225
vn -0.421102 0.659103 -0.623103
vn -0.449395 0.638593 -0.624694
vn -0.570678 0.53628 -0.621876
vn -0.570678 0.53628 -0.621876
vn -0.411699 0.806098 0.425099
vn -0.723389 0.62589 0.291496
vn -0.7795 0.5693 0.2613
vn -0.87373 0.473716 0.110404
vn -0.864451 0.496229 0.0805047
vn -0.904879 0.42519 -0.0201995
vn -0.927133 0.373413 -0.0314011
vn -0.964797 0.262099 -0.0216999
vn -0.96307 0.269092 -0.00929971
vn -0.948228 0.305009 0.0885026
vn -0.942812 0.312004 0.117301
vn -0.912026 0.327709 0.246607
vn -0.900506 0.327902 0.285602
vn -0.8522 0.3253 0.4098
vn -0.830008 0.323003 0.454704
vn -0.789982 0.190496 0.582787
vn -0.789982 0.190496 0.582787
vn -0.797935 0.282912 0.532223
vn -0.794899 0.2352 0.5593
vn -0.384282 0.814162 0.435279
vn -0.228894 0.716483 0.658984
vn -0.230891 0.698174 0.677674
vn -0.241204 0.522809 0.817613
vn -0.241204 0.522809 0.817613
vn 0.264804 0.838514 0.476208
vn -0.034599 0.905475 0.422988
vn -0.104205 0.909947 0.401421
vn -0.386495 0.854689 0.346595
vn -0.476694 0.81049 0.340396
vn -0.616099 0.692999 0.374399
vn -0.623989 0.674488 0.394593
vn -0.62429 0.60089 0.499192
vn -0.616084 0.586685 0.525586
vn -0.574005 0.506505 0.643406
vn -0.559803 0.478502 0.676503
vn -0.487503 0.407102 0.772404
vn -0.448187 0.389389 0.804677
vn -0.381315 0.272611 0.883336
vn -0.381315 0.272611 0.883336
vn -0.394885 0.341087 0.853068
vn -0.387788 0.304291 0.870073
vn 0.291305 0.828816 0.477709
vn 0.4094 0.614801 0.674101
vn 0.405006 0.597109 0.69241
vn 0.346893 0.401792 0.847483
vn 0.346893 0.401792 0.847483
vn -0.103401 0.629108 0.77041
vn -0.410202 0.446702 0.795104
vn -0.443673 0.419674 0.791851
vn -0.61692 0.385012 0.686422
vn -0.627297 0.414998 0.658996
vn -0.690214 0.456409 0.561511
vn -0.712564 0.428478 0.555572
vn -0.720237 0.39782 0.568329
vn -0.701606 0.408703 0.583705
vn -0.651987 0.367193 0.663387
vn -0.636697 0.330499 0.696697
vn -0.553024 0.269912 0.788234
vn -0.519221 0.269511 0.811032
vn -0.402707 0.265705 0.875915
vn -0.35689 0.263292 0.896274
vn -0.241514 0.129208 0.961757
vn -0.241514 0.129208 0.961757
vn -0.281983 0.222586 0.933242
vn -0.261298 0.174298 0.949391
vn -0.0827021 0.637716 0.765819
vn 0.185195 0.602185 0.77658
vn 0.209102 0.579205 0.787907
vn 0.314101 0.466801 0.826703
vn 0.314101 0.466801 0.826703
vn 0.0875036 0.622226 0.777932
vn 0.0875036 0.622226 0.777932
vn 0.0901039 0.615927 0.782634
vn 0.0787988 0.69979 0.70999
vn 0.0904981 0.614787 0.783484
vn 0.0776024 0.707022 0.702921
vn 0.0643015 0.84112 0.537013
vn 0.0643979 0.845372 0.530282
vn 0.144303 0.883319 0.44601
vn 0.139891 0.883946 0.446173
vn 0.362795 0.900487 0.239797
vn 0.343001 0.899604 0.270301
vn 0.492218 0.857432 -0.150106
vn 0.493506 0.85181 -0.175702
vn 0.573186 0.737283 -0.357592
vn 0.598202 0.719602 -0.352601
vn 0.786001 0.5594 -0.2632
vn 0.8075 0.5358 -0.2467
vn 0.93252 0.352008 -0.0806018
vn 0.935469 0.345788 -0.0729976
vn 0.96267 0.270092 0.0177994
vn 0.96267 0.270092 0.0177994
vn -0.617662 0.170889 0.767653
vn -0.617662 0.170889 0.767653
vn -0.339994 0.280295 0.897685
vn 0.221999 0.412497 0.883494
vn -0.304893 0.291193 0.906778
vn 0.212293 0.410787 0.886671
vn 0.32811 0.436914 0.837526
vn 0.296306 0.435908 0.849816
vn -0.0060997 0.393381 0.919355
vn -0.0156996 0.39119 0.920176
vn -0.1147 0.370301 0.921803
vn -0.0673001 0.383701 0.921002
vn 0.0486004 0.516004 0.855206
vn 0.0360004 0.606707 0.79411
vn -0.20171 0.746537 0.634031
vn -0.233803 0.749611 0.619209
vn -0.588415 0.537413 0.604115
vn -0.586332 0.541229 0.602732
vn -0.718785 0.123997 0.684086
vn -0.717534 0.134406 0.683432
vn -0.728094 -0.0384997 0.684395
vn -0.728094 -0.0384997 0.684395
vn -0.460099 0.632599 -0.622999
vn -0.460099 0.632599 -0.622999
vn -0.465191 0.626488 -0.625388
vn -0.41188 0.708965 -0.572472
vn -0.4661 0.6254 -0.6258
vn -0.406616 0.716028 -0.567422
vn -0.298387 0.847762 -0.43848
vn -0.294586 0.851959 -0.432879
vn -0.314012 0.893933 -0.319812
vn -0.3103 0.8943 -0.3224
vn -0.384903 0.922508 -0.0288002
vn -0.384886 0.920666 -0.0650976
vn -0.285105 0.884116 0.370207
vn -0.272596 0.878386 0.392594
vn -0.247388 0.767362 0.59157
vn -0.272004 0.751212 0.60141
vn -0.486802 0.603303 0.631703
vn -0.515094 0.581194 0.629993
vn -0.719816 0.406609 0.562613
vn -0.726811 0.400606 0.557908
vn -0.802883 0.327393 0.498189
vn -0.802883 0.327393 0.498189
vn 0.00699978 0.0600981 0.998168
vn -0.0282009 0.0808025 0.996331
vn 0.0509013 0.0340008 0.998125
vn 0.0509013 0.0340008 0.998125
vn -0.143103 0.136703 0.980221
vn -0.186307 0.155306 0.970139
vn -0.340994 0.223196 0.913185
vn -0.371279 0.236686 0.897848
vn -0.511286 0.310192 0.801478
vn -0.535584 0.32539 0.779276
vn -0.654636 0.36382 0.662636
vn -0.676986 0.363993 0.639687
vn -0.679699 0.436599 0.589399
vn -0.651316 0.472411 0.593814
vn -0.466825 0.594031 0.655135
vn -0.420921 0.61003 0.671333
vn -0.0707998 0.643698 0.761998
vn -0.0353998 0.640196 0.767395
vn 0.241199 0.464497 0.852095
vn 0.228502 0.493305 0.839308
vn 0.272199 0.176599 0.945897
vn 0.278103 0.225902 0.93361
vn 0.254587 0.0537973 0.965552
vn 0.254587 0.0537973 0.965552
vn 0.740715 0.48101 0.46901
vn 0.516802 0.383502 0.765403
vn 0.459291 0.347993 0.817284
vn 0.275486 0.337383 0.900155
vn 0.261089 0.371985 0.890764
vn 0.136201 0.359102 0.923306
vn 0.0997027 0.319209 0.942425
vn 0.0509992 0.216796 0.974884
vn 0.0653019 0.216806 0.974028
vn 0.168791 0.19999 0.96515
vn 0.197507 0.191907 0.961334
vn 0.319482 0.142292 0.936848
vn 0.354106 0.123502 0.927015
vn 0.463579 0.0608973 0.88396
vn 0.502801 0.0372001 0.863602
vn 0.551266 -0.140291 0.82245
vn 0.551266 -0.140291 0.82245
vn 0.552301 -0.0352001 0.832901
vn 0.552518 -0.090003 0.828627
vn 0.755199 0.483599 0.442499
vn 0.910815 0.291705 0.292105
vn 0.917928 0.266508 0.293909
vn 0.952458 0.0445981 0.301387
vn 0.952458 0.0445981 0.301387
vn 0.834276 -0.109397 0.540385
vn 0.834276 -0.109397 0.540385
vn 0.861682 -0.106298 0.49619
vn 0.858089 -0.106699 0.502294
vn 0.850175 -0.0615982 0.522885
vn 0.854697 -0.0668998 0.514798
vn 0.659183 0.00159996 0.751981
vn 0.694389 -0.00389994 0.719589
vn 0.165004 0.217005 0.962124
vn 0.264291 0.165894 0.950068
vn -0.285996 0.398394 0.871487
vn -0.271697 0.394096 0.877991
vn -0.452698 0.523797 0.721596
vn -0.4531 0.5396 0.7096
vn -0.376396 0.683893 0.624993
vn -0.347584 0.706068 0.616972
vn -0.2299 0.793199 0.563899
vn -0.214896 0.805685 0.551989
vn -0.177801 0.834206 0.522004
vn 0.767672 -0.26959 0.581379
vn 0.767672 -0.26959 0.581379
vn 0.815698 -0.220999 0.534599
vn 0.80318 -0.234394 0.547687
vn 0.886157 -0.177891 0.427879
vn 0.878236 -0.179607 0.443218
vn 0.957201 -0.1427 0.2518
vn 0.955128 -0.144404 0.258608
vn 0.988977 -0.0331992 0.144297
vn 0.9887 0.0165 0.149
vn 0.965283 0.112798 0.235596
vn 0.944729 0.124704 0.303209
vn 0.7898 0.1769 0.5873
vn 0.777004 0.180701 0.603003
vn 0.615902 0.205301 0.760603
vn 0.6114 0.2054 0.7642
vn 0.49489 0.181996 0.849683
vn 0.486024 0.175009 0.856243
vn 0.299809 0.126104 0.945628
vn 0.299809 0.126104 0.945628
vn 0.440195 0.703392 -0.558094
vn 0.675277 0.641778 -0.363487
vn 0.720295 0.620496 -0.310098
vn 0.50082 0.197008 0.842833
vn 0.535588 0.188896 0.823082
vn 0.878269 0.462684 -0.120696
vn 0.919672 0.386488 -0.0694979
vn 0.976249 0.214911 -0.0274014
vn 0.980901 0.1902 -0.0407001
vn 0.98658 0.098798 -0.129997
vn 0.984143 0.0831036 -0.156707
vn 0.960433 0.00140005 -0.278509
vn 0.949147 -0.0253012 -0.313815
vn 0.898405 -0.0801004 -0.431802
vn 0.873425 -0.0865025 -0.479214
vn 0.795786 -0.177797 -0.57889
vn 0.795786 -0.177797 -0.57889
vn 0.828937 -0.117205 -0.546924
vn 0.811601 -0.1501 -0.564601
vn 0.416009 0.706516 -0.572513
vn 0.299016 0.523028 -0.798142
vn 0.300698 0.500896 -0.811594
vn 0.307097 0.266197 -0.913691
vn 0.307097 0.266197 -0.913691
vn 0.577896 0.178299 0.796395
vn 0.577896 0.178299 0.796395
vn 0.385392 0.211096 0.898282
vn 0.340607 0.213605 0.91562
vn 0.168303 0.221104 0.960618
vn 0.1322 0.222199 0.965997
vn -0.050802 0.25901 0.964538
vn -0.0814972 0.270491 0.959267
vn -0.232991 0.352187 0.906466
vn -0.24649 0.362585 0.898763
vn -0.264195 0.50289 0.822984
vn -0.252799 0.525299 0.812498
vn -0.117299 0.628894 0.768592
vn -0.103699 0.631396 0.768496
vn 0.136194 0.646373 0.750768
vn 0.167597 0.644989 0.745587
vn 0.434786 0.547382 0.715076
vn 0.449308 0.53641 0.714413
vn 0.642283 0.353691 0.679982
vn 0.649436 0.345219 0.677537
vn 0.721365 0.250488 0.645669
vn 0.721365 0.250488 0.645669
vn 0.286991 0.955171 -0.0726978
vn 0.373497 0.821794 -0.430297
vn 0.464114 0.689121 -0.556517
vn 0.553228 0.585329 -0.59273
vn 0.601083 0.592083 -0.536784
vn 0.678397 0.489698 -0.547698
vn 0.727598 0.323199 -0.605098
vn 0.715382 0.146596 -0.683183
vn 0.696061 0.107694 -0.70986
vn 0.61241 0.0656011 -0.787813
vn 0.589979 0.0776972 -0.803672
vn 0.480505 0.118801 -0.868908
vn 0.444809 0.127403 -0.886518
vn 0.3232 0.1547 -0.9336
vn 0.275901 0.164501 -0.947005
vn 0.121106 0.0659033 -0.990449
vn 0.121106 0.0659033 -0.990449
vn 0.188306 0.145105 -0.971332
vn 0.153605 0.104104 -0.982633
vn 0.263201 0.953103 0.1494
vn 0.104504 0.845332 0.52392
vn 0.0746994 0.830694 0.551696
vn -0.0437006 0.757811 0.651009
vn -0.0437006 0.757811 0.651009
vn 0.743397 0.0697998 -0.665198
vn 0.743397 0.0697998 -0.665198
vn 0.710611 0.0945014 -0.69721
vn 0.715179 0.0910973 -0.69298
vn 0.739086 0.122998 -0.662287
vn 0.731996 0.121999 -0.670297
vn 0.906722 0.0478012 -0.41901
vn 0.885985 0.0645989 -0.459192
vn 0.988411 0.000600007 0.151802
vn 0.99918 -0.00479991 0.0401992
vn 0.79488 0.0184995 0.606485
vn 0.804618 0.0182004 0.593513
vn 0.622706 0.107701 0.775008
vn 0.613699 0.1249 0.779599
vn 0.579328 0.304115 0.756236
vn 0.583924 0.336614 0.738731
vn 0.582689 0.471991 0.661587
vn 0.578025 0.491721 0.651228
vn 0.565337 0.538835 0.624541
vn 0.784581 0.105497 -0.610985
vn 0.784581 0.105497 -0.610985
vn 0.756997 0.1027 -0.645297
vn 0.762321 0.103203 -0.638918
vn 0.660188 0.0784986 -0.746987
vn 0.664408 0.0797009 -0.743109
vn 0.450483 0.0238991 -0.892465
vn 0.435203 0.0202001 -0.900106
vn 0.254697 0.0712992 -0.964389
vn 0.245696 0.0907986 -0.965085
vn 0.279506 0.368008 -0.886818
vn 0.283889 0.380185 -0.880265
vn 0.440686 0.63068 -0.638779
vn 0.458299 0.643199 -0.613399
vn 0.52431 0.777615 -0.347007
vn 0.513725 0.80604 -0.293915
vn 0.44701 0.88032 -0.158804
vn 0.427488 0.889876 -0.159296
vn 0.392179 0.905851 -0.160091
vn 0.392179 0.905851 -0.160091
vn -0.00350006 0.930015 0.367506
vn 0.173392 0.973456 0.149393
vn 0.207396 0.974583 0.0846986
vn 0.352584 0.90306 -0.245289
vn 0.426815 0.771626 -0.471616
vn 0.379296 0.592494 -0.710693
vn 0.340303 0.566906 -0.750208
vn 0.190397 0.488592 -0.851485
vn 0.162102 0.480807 -0.861712
vn 0.0278008 0.431413 -0.901726
vn -0.0129004 0.412811 -0.910725
vn -0.147693 0.376283 -0.914657
vn -0.200706 0.373812 -0.905528
vn -0.331909 0.290008 -0.897625
vn -0.331909 0.290008 -0.897625
vn -0.282591 0.347789 -0.893972
vn -0.309493 0.316793 -0.89658
vn -0.0130994 0.926858 0.375183
vn -0.293996 0.936488 0.191198
vn -0.299601 0.936603 0.1817
vn -0.450309 0.885718 -0.112802
vn -0.450309 0.885718 -0.112802
vn -0.0158995 0.969772 0.243493
vn 0.115695 0.970158 -0.213091
vn 0.123501 0.95431 -0.272103
vn 0.241204 0.836215 -0.492509
vn 0.270596 0.835987 -0.477393
vn 0.364487 0.789073 -0.494483
vn 0.370603 0.750407 -0.547305
vn 0.301808 0.582115 -0.755019
vn 0.2418 0.4833 -0.8414
vn 0.0585992 0.286496 -0.956288
vn 0.00179994 0.258291 -0.966066
vn -0.155698 0.230697 -0.960488
vn -0.193594 0.241992 -0.950769
vn -0.315 0.2769 -0.9078
vn -0.359196 0.288996 -0.887389
vn -0.515823 0.199109 -0.833236
vn -0.515823 0.199109 -0.833236
vn -0.444214 0.274209 -0.852927
vn -0.482088 0.235494 -0.84388
vn -0.0115006 0.971949 0.234912
vn -0.30711 0.89883 0.31271
vn -0.327803 0.895209 0.301903
vn -0.522579 0.831967 0.186393
vn -0.522579 0.831967 0.186393
vn -0.198891 -0.203991 -0.958556
vn -0.198891 -0.203991 -0.958556
vn -0.241895 -0.198496 -0.949782
vn -0.232111 -0.19981 -0.951946
vn -0.377895 -0.194498 -0.905188
vn -0.372593 -0.194497 -0.907384
vn -0.604707 -0.173102 -0.777409
vn -0.618691 -0.170597 -0.766889
vn -0.746794 -0.0785994 -0.660395
vn -0.750804 -0.0529003 -0.658403
vn -0.681001 0.0379001 -0.731301
vn -0.610218 0.0564017 -0.790223
vn -0.3941 0.1037 -0.913199
vn -0.293508 0.122103 -0.948126
vn -0.0701004 0.191401 -0.979005
vn -0.0364984 0.208891 -0.977258
vn 0.0214996 0.258095 -0.96588
vn -0.00260002 0.261102 -0.965308
vn -0.0339002 0.264802 -0.963707
vn -0.0339002 0.264802 -0.963707
vn 0.894766 0.143695 0.422784
vn 0.883098 0.1469 0.445599
vn 0.386197 0.139599 0.911792
vn 0.371095 0.137298 0.918388
vn -0.975953 -0.0743965 -0.20489
vn -0.975953 -0.0743965 -0.20489
vn -0.968368 -0.0752975 -0.237892
vn -0.963105 -0.0759004 -0.258201
vn -0.965025 -0.0867022 -0.247406
vn -0.973054 -0.0954053 -0.209912
vn -0.988886 -0.107698 -0.102499
vn -0.992866 -0.109796 -0.0464984
vn -0.984836 -0.0838031 0.151906
vn -0.965263 -0.0612976 0.25399
vn -0.865994 -0.0235998 0.499497
vn -0.800597 -0.0156999 0.598998
vn -0.765601 0.0122 0.643201
vn -0.793686 0.0230996 0.607889
vn -0.93001 0.137601 0.340804
vn -0.961868 0.199793 0.186794
vn -0.954026 0.289208 -0.0787021
vn -0.946034 0.300911 -0.120304
vn -0.936044 0.312215 -0.162308
vn -0.936044 0.312215 -0.162308
vn 0.905855 -0.141993 -0.39908
vn 0.905855 -0.141993 -0.39908
vn 0.890814 -0.167903 -0.422207
vn 0.894009 -0.162602 -0.417504
vn 0.813769 -0.190793 -0.548979
vn 0.818437 -0.190709 -0.542025
vn 0.631397 -0.185299 -0.752996
vn 0.617037 -0.184311 -0.765046
vn 0.481602 -0.0905005 -0.871705
vn 0.478797 -0.0691995 -0.875194
vn 0.542473 -0.0138993 -0.839958
vn 0.582687 -0.0288994 -0.812182
vn 0.676193 -0.191898 -0.711293
vn 0.684108 -0.195802 -0.702608
vn 0.760163 -0.224889 -0.609571
vn 0.771512 -0.227604 -0.594109
vn 0.758936 -0.235911 -0.606929
vn 0.672161 -0.235186 -0.702059
vn 0.108098 -0.175197 -0.978581
vn 0.108098 -0.175197 -0.978581
vn 0.643611 -0.104302 -0.758213
vn 0.640378 -0.121596 -0.758374
vn 0.483523 -0.223411 -0.846341
vn 0.270702 -0.199301 -0.941806
vn 0.733026 0.645923 0.213207
vn 0.733026 0.645923 0.213207
vn 0.771814 0.620311 0.139703
vn 0.789703 0.605102 0.1011
vn 0.798864 0.601173 0.0201991
vn 0.786514 0.617411 0.0141003
vn 0.626193 0.778991 0.0324996
vn 0.613121 0.789227 0.0347012
vn 0.274488 0.93896 0.207391
vn 0.285688 0.937562 0.198392
vn 0.0994035 0.951634 0.29071
vn 0.0993999 0.952699 0.2872
vn 0.292698 0.955393 0.0393997
vn 0.341015 0.939941 -0.0148007
vn 0.555291 0.792687 -0.251596
vn 0.561001 0.787302 -0.255801
vn 0.612573 0.733867 -0.293587
vn 0.775385 0.631488 9.99981e-05
vn 0.784597 0.619998 0.00309999
vn 0.76359 0.645691 -0.00369995
vn 0.76359 0.645691 -0.00369995
vn 0.833374 0.549783 0.0567982
vn 0.848828 0.522717 0.0791026
vn 0.877747 0.416622 0.236613
vn 0.875568 0.404585 0.26399
vn 0.801012 0.305705 0.514708
vn 0.793981 0.300493 0.528487
vn 0.560294 0.140498 0.816291
vn 0.598613 0.165204 0.783817
vn 0.178598 0.0983989 0.978989
vn 0.310693 0.0770982 0.947378
vn 0.030601 0.221707 0.974633
vn 0.0375012 0.201206 0.978831
vn 0.0412005 0.511306 0.85841
vn 0.0364 0.4869 0.872699
vn 0.116699 0.853595 0.507697
vn 0.108595 0.821565 0.559676
vn 0.286999 0.951396 0.1117
vn 0.258894 0.954578 0.147497
vn 0.391682 0.919558 -0.0315986
vn 0.391682 0.919558 -0.0315986
vn -0.52138 0.280889 0.805769
vn -0.52138 0.280889 0.805769
vn -0.451591 0.285594 0.845282
vn -0.420206 0.287104 0.860812
vn -0.295192 0.397389 0.868875
vn -0.261916 0.456028 0.850552
vn -0.225603 0.889612 0.397106
vn -0.227199 0.887096 0.401798
vn 0.0035 0.856099 0.5168
vn 0.0149997 0.836285 0.54809
vn 0.0514012 0.709116 0.703216
vn 0.0512017 0.697223 0.715024
vn 0.0497 0.6327 0.7728
vn -0.292098 0.777596 0.556797
vn -0.315592 0.75538 0.574285
vn -0.261706 0.804219 0.533612
vn -0.261706 0.804219 0.533612
vn -0.414496 0.689294 0.594195
vn -0.444797 0.670495 0.593795
vn -0.564279 0.672575 0.478782
vn -0.571989 0.679887 0.458891
vn -0.681796 0.708695 0.181399
vn -0.687976 0.706776 0.164794
vn -0.831759 0.535074 -0.147893
vn -0.826867 0.545078 -0.138494
vn -0.835719 0.300707 -0.45951
vn -0.858658 0.333884 -0.388881
vn -0.748087 0.315894 -0.58359
vn -0.751397 0.311499 -0.581697
vn -0.630715 0.556913 -0.540413
vn -0.646211 0.523809 -0.555009
vn -0.325095 0.875587 -0.357295
vn -0.393784 0.830867 -0.393184
vn -0.00539995 0.99739 -0.0719993
vn -0.031401 0.993633 -0.108204
vn 0.0992997 0.992197 0.0753998
vn 0.0992997 0.992197 0.0753998
vn -0.125598 0.921586 0.367294
vn -0.112502 0.920618 0.373907
vn -0.230491 0.707873 0.667675
vn -0.233991 0.729972 0.642175
vn -0.760949 0.280881 0.584861
vn -0.760949 0.280881 0.584861
vn -0.708422 0.285609 0.64542
vn -0.684005 0.287102 0.670604
vn -0.568907 0.397405 0.720009
vn -0.531407 0.456006 0.713909
vn -0.345405 0.889613 0.298804
vn -0.348583 0.887058 0.302686
vn -0.169696 0.856081 0.488189
vn -0.169201 0.836305 0.521503
vn -0.186898 0.709094 0.679894
vn -0.191008 0.697231 0.690931
vn -0.2117 0.632699 0.744899
vn -0.461585 0.777575 0.426986
vn -0.489601 0.755401 0.435501
vn -0.425199 0.804197 0.415299
vn -0.425199 0.804197 0.415299
vn -0.589394 0.689293 0.421296
vn -0.617886 0.670485 0.410691
vn -0.691962 0.672563 0.262386
vn -0.69257 0.67987 0.241089
vn -0.703194 0.708694 -0.0571995
vn -0.703469 0.706769 -0.0748967
vn -0.734299 0.5351 -0.4177
vn -0.732868 0.545076 -0.407182
vn -0.633825 0.300712 -0.712628
vn -0.679059 0.33388 -0.653761
vn -0.509683 0.315889 -0.800273
vn -0.513407 0.311504 -0.799611
vn -0.41351 0.556913 -0.720317
vn -0.423194 0.523792 -0.739289
vn -0.186796 0.875583 -0.445491
vn -0.239493 0.830875 -0.502285
vn 0.0189999 0.997394 -0.0695996
vn 0.00660027 0.993641 -0.112405
vn 0.0682999 0.992198 0.1043
vn 0.0682999 0.992198 0.1043
vn -0.241294 0.921577 0.304093
vn -0.231106 0.920624 0.314708
vn -0.440586 0.707877 0.552082
vn -0.435402 0.730003 0.526802
vn 0.0123995 -0.288289 0.957463
vn 0.0123995 -0.288289 0.957463
vn 0.00420016 -0.26171 0.965137
vn 0.00600007 -0.267603 0.963511
vn 0.0910966 -0.117696 0.988863
vn 0.0924016 -0.105502 0.990117
vn 0.0557017 0.0208006 0.998231
vn 0.118004 0.0338013 0.992438
vn -0.0209003 -0.102501 0.994513
vn -0.0236999 -0.0895996 0.995696
vn -0.000999955 -0.22759 0.973757
vn -0.00139998 -0.206298 0.978488
vn 0.156999 -0.00329998 0.987593
vn 0.0178998 -0.220198 0.975291
vn 0.037702 -0.19311 0.980452
vn -0.000299986 -0.256088 0.966654
vn 0.964211 -0.248103 -0.0935011
vn 0.964211 -0.248103 -0.0935011
vn 0.964211 -0.248103 -0.0935011
vn 0.964211 -0.248103 -0.0935011
vn 0.976189 -0.209598 -0.0558993
vn 0.975533 -0.212007 -0.058202
vn 0.996929 -0.0720021 -0.0308009
vn 0.994022 -0.105002 -0.0299007
vn 0.996275 -0.0816979 -0.0275993
vn 0.99768 -0.0614988 -0.0291994
vn 0.964492 -0.263698 -0.0147999
vn 0.973319 -0.228804 -0.0173003
vn 0.747068 -0.647372 0.150993
vn 0.818332 -0.567122 0.0933036
vn 0.579782 -0.773876 0.254892
vn 0.579782 -0.773876 0.254892
vn -0.297496 -0.159598 -0.941289
vn -0.297496 -0.159598 -0.941289
vn -0.293695 -0.101598 -0.950485
vn -0.2942 -0.1082 -0.9496
vn -0.2937 -0.0238 -0.955601
vn -0.292701 -0.000400002 -0.956204
vn -0.190198 0.117499 -0.974689
vn -0.239609 0.119104 -0.963536
vn -0.0930987 0.0952986 -0.991086
vn -0.0925998 0.0924998 -0.991398
vn -0.0716006 -0.0158001 -0.997308
vn -0.0801977 0.0284992 -0.996372
vn -0.299105 0.0618011 -0.952217
vn -0.289409 -0.0599018 -0.955329
vn -0.288414 -0.0580029 -0.955747
vn -0.0564985 -0.0917976 -0.994174
vn -0.941173 0.209694 0.264993
vn -0.941173 0.209694 0.264993
vn -0.959137 0.158306 0.234509
vn -0.959569 0.156895 0.233692
vn -0.990495 0.0735997 0.116199
vn -0.989966 0.0750974 0.119696
vn -0.971973 0.231594 0.0403989
vn -0.981696 0.185699 0.0422998
vn -0.981172 0.193095 0.00399989
vn -0.973089 0.229997 0.0140998
vn -0.998324 0.0560013 -0.0146004
vn -0.997459 0.0697971 -0.0142994
vn -0.981601 -0.1666 -0.0933001
vn -0.991237 -0.115104 -0.0648025
vn -0.951249 -0.269385 -0.150192
vn -0.951249 -0.269385 -0.150192
vn -0.156805 -0.426214 0.890929
vn -0.156805 -0.426214 0.890929
vn -0.113697 -0.421287 0.899772
vn -0.1236 -0.422498 0.897897
vn 0.0290001 -0.414902 0.909404
vn 0.0231996 -0.415092 0.909483
vn 0.28591 -0.377814 0.880632
vn 0.302707 -0.373808 0.876719
vn 0.457808 -0.267305 0.847915
vn 0.461476 -0.242187 0.853455
vn 0.367092 -0.166396 0.915181
vn 0.279286 -0.157792 0.947154
vn 0.0318005 -0.127602 0.991316
vn -0.0750975 -0.111996 0.990867
vn -0.296508 -0.039201 0.954225
vn -0.327691 -0.0198995 0.944575
vn -0.379708 0.0230005 0.92482
vn -0.357697 0.0164999 0.933692
vn -0.3287 0.008 0.9444
vn -0.3287 0.008 0.9444
vn 0.860745 -0.154808 0.484925
vn 0.860745 -0.154808 0.484925
vn 0.849734 -0.158506 0.50282
vn 0.840433 -0.161406 0.51732
vn 0.842024 -0.172505 0.511114
vn 0.853881 -0.179896 0.488389
vn 0.886496 -0.182099 0.425398
vn 0.903905 -0.177201 0.389302
vn 0.956992 -0.118299 0.264898
vn 0.977061 -0.0768969 0.198592
vn 0.999663 0.0127995 0.0225992
vn 0.9977 0.043 -0.0524
vn 0.993771 0.0885974 -0.067598
vn 0.995273 0.0944974 -0.0223994
vn 0.968492 0.147999 0.200298
vn 0.947064 0.168794 0.27309
vn 0.874487 0.208197 0.438094
vn 0.865097 0.209199 0.455898
vn 0.849999 0.2105 0.482899
vn 0.849999 0.2105 0.482899
vn 0.0429007 0.0304005 0.998617
vn 0.0429007 0.0304005 0.998617
vn 0.0440006 0.068001 0.996714
vn 0.0439989 0.0655984 0.996876
vn 0.0493016 0.171605 0.983931
vn 0.0489007 0.164802 0.985114
vn 0.101101 0.177502 0.978913
vn 0.0727964 0.19969 0.977151
vn 0.135194 0.069797 0.988358
vn 0.111405 0.0849036 0.990142
vn 0.0992988 0.0183998 0.994888
vn 0.110102 -0.0144002 0.993816
vn 0.103898 -0.0528989 0.99318
vn 0.116899 0.0298998 0.992694
vn 0.966437 0.197908 0.163806
vn 0.966437 0.197908 0.163806
vn 0.971792 0.168999 0.164499
vn 0.972048 0.167508 0.164508
vn 0.982261 0.051898 0.180193
vn 0.98249 0.0379996 0.182398
vn 0.981672 0.0211994 0.189395
vn 0.981544 0.0310982 0.188689
vn 0.979821 0.0759016 0.184904
vn 0.979821 0.0759016 0.184904
usemtl grass_blades
s off
f 1/1/1 2/2/2 4/4/4
f 1/1/1 4/4/4 3/3/3
f 2/2/2 1/1/1 5/5/5
f 2/2/2 5/5/5 6/6/6
f 6/6/6 5/5/5 7/7/7
f 6/6/6 7/7/7 8/8/8
f 8/8/8 7/7/7 9/9/9
f 8/8/8 9/9/9 10/10/10
f 10/10/10 9/9/9 11/11/11
f 10/10/10 11/11/11 12/12/12
f 12/12/12 11/11/11 13/13/13
f 12/12/12 13/13/13 14/14/14
f 14/14/14 13/13/13 15/15/15
f 14/14/14 15/15/15 16/16/16
f 16/16/16 15/15/15 17/17/17
f 16/16/16 17/17/17 18/18/18
f 18/18/18 17/17/17 19/19/19
f 18/18/18 19/19/19 20/20/20
f 20/20/20 19/19/19 21/21/21
f 20/20/20 21/21/21 22/22/22
f 22/22/22 21/21/21 23/23/23
f 22/22/22 23/23/23 24/24/24
f 26/26/26 27/27/27 25/25/25
f 26/26/26 25/25/25 44/44/44
f 28/28/28 29/29/29 27/27/27
f 28/28/28 27/27/27 26/26/26
f 30/30/30 31/31/31 29/29/29
f 30/30/30 29/29/29 28/28/28
f 32/32/32 33/33/33 31/31/31
f 32/32/32 31/31/31 30/30/30
f 34/34/34 35/35/35 33/33/33
f 34/34/34 33/33/33 32/32/32
f 36/36/36 37/37/37 35/35/35
f 36/36/36 35/35/35 34/34/34
f 38/38/38 39/39/39 37/37/37
f 38/38/38 37/37/37 36/36/36
f 42/42/42 43/43/43 39/39/39
f 42/42/42 39/39/39 38/38/38
f 43/43/43 42/42/42 40/40/40
f 43/43/43 40/40/40 41/41/41
f 44/44/44 25/25/25 45/45/45
f 44/44/44 45/45/45 46/46/46
f 46/46/46 45/45/45 47/47/47
f 46/46/46 47/47/47 48/48/48
f 50/50/50 49/49/49 51/51/51
f 50/50/50 51/51/51 52/52/52
f 52/52/52 51/51/51 53/53/53
f 52/52/52 53/53/53 54/54/54
f 54/54/54 53/53/53 55/55/55
f 54/54/54 55/55/55 56/56/56
f 56/56/56 55/55/55 57/57/57
f 56/56/56 57/57/57 58/58/58
f 58/58/58 57/57/57 59/59/59
f 58/58/58 59/59/59 60/60/60
f 60/60/60 59/59/59 61/61/61
f 60/60/60 61/61/61 62/62/62
f 62/62/62 61/61/61 63/63/63
f 62/62/62 63/63/63 64/64/64
f 64/64/64 63/63/63 65/65/65
f 64/64/64 65/65/65 66/66/66
f 66/66/66 65/65/65 67/67/67
f 68/68/68 70/70/70 71/71/71
f 68/68/68 71/71/71 69/69/69
f 70/70/70 72/72/72 73/73/73
f 70/70/70 73/73/73 71/71/71
f 72/72/72 74/74/74 75/75/75
f 72/72/72 75/75/75 73/73/73
f 74/74/74 76/76/76 77/77/77
f 74/74/74 77/77/77 75/75/75
f 76/76/76 78/78/78 79/79/79
f 76/76/76 79/79/79 77/77/77
f 78/78/78 80/80/80 81/81/81
f 78/78/78 81/81/81 79/79/79
f 80/80/80 82/82/82 83/83/83
f 80/80/80 83/83/83 81/81/81
f 82/82/82 84/84/84 85/85/85
f 82/82/82 85/85/85 83/83/83
f 84/84/84 86/86/86 87/87/87
f 84/84/84 87/87/87 85/85/85
f 88/88/88 89/89/89 91/91/91
f 88/88/88 91/91/91 90/90/90
f 89/89/89 88/88/88 92/92/92
f 89/89/89 92/92/92 93/93/93
f 93/93/93 92/92/92 94/94/94
f 93/93/93 94/94/94 95/95/95
f 95/95/95 94/94/94 96/96/96
f 95/95/95 96/96/96 97/97/97
f 97/97/97 96/96/96 98/98/98
f 97/97/97 98/98/98 99/99/99
f 99/99/99 98/98/98 100/100/100
f 99/99/99 100/100/100 101/101/101
f 101/101/101 100/100/100 102/102/102
f 101/101/101 102/102/102 103/103/103
f 103/103/103 102/102/102 104/104/104
f 103/103/103 104/104/104 105/105/105
f 105/105/105 104/104/104 106/106/106
f 105/105/105 106/106/106 107/107/107
f 107/107/107 106/106/106 108/108/108
f 107/107/107 108/108/108 109/109/109
f 109/109/109 108/108/108 110/110/110
f 109/109/109 110/110/110 111/111/111
f 112/112/112 114/114/114 115/115/115
f 112/112/112 115/115/115 113/113/113
f 114/114/114 116/116/116 117/117/117
f 114/114/114 117/117/117 115/115/115
f 116/116/116 118/118/118 119/119/119
f 116/116/116 119/119/119 117/117/117
f 118/118/118 120/120/120 121/121/121
f 118/118/118 121/121/121 119/119/119
f 120/120/120 122/122/122 123/123/123
f 120/120/120 123/123/123 121/121/121
f 122/122/122 124/124/124 125/125/125
f 122/122/122 125/125/125 123/123/123
f 124/124/124 126/126/126 127/127/127
f 124/124/124 127/127/127 125/125/125
f 126/126/126 128/128/128 129/129/129
f 126/126/126 129/129/129 127/127/127
f 128/128/128 130/130/130 129/129/129
f 131/131/131 132/132/132 134/134/134
f 131/131/131 134/134/134 133/133/133
f 132/132/132 131/131/131 135/135/135
f 132/132/132 135/135/135 136/136/136
f 136/136/136 135/135/135 137/137/137
f 136/136/136 137/137/137 138/138/138
f 138/138/138 137/137/137 139/139/139
f 138/138/138 139/139/139 140/140/140
f 140/140/140 139/139/139 141/141/141
f 140/140/140 141/141/141 142/142/142
f 142/142/142 141/141/141 143/143/143
f 142/142/142 143/143/143 144/144/144
f 144/144/144 143/143/143 145/145/145
f 144/144/144 145/145/145 146/146/146
f 146/146/146 145/145/145 147/147/147
f 146/146/146 147/147/147 148/148/148
f 148/148/148 147/147/147 149/149/149
f 148/148/148 149/149/149 150/150/150
f 150/150/150 149/149/149 151/151/151
f 150/150/150 151/151/151 152/152/152
f 152/152/152 151/151/151 153/153/153
f 152/152/152 153/153/153 154/154/154
f 155/155/155 157/157/157 158/158/158
f 155/155/155 158/158/158 156/156/156
f 157/157/157 159/159/159 160/160/160
f 157/157/157 160/160/160 158/158/158
f 159/159/159 161/161/161 162/162/162
f 159/159/159 162/162/162 160/160/160
f 161/161/161 163/163/163 164/164/164
f 161/161/161 164/164/164 162/162/162
f 163/163/163 165/165/165 166/166/166
f 163/163/163 166/166/166 164/164/164
f 165/165/165 167/167/167 168/168/168
f 165/165/165 168/168/168 166/166/166
f 167/167/167 169/169/169 170/170/170
f 167/167/167 170/170/170 168/168/168
f 169/169/169 171/171/171 172/172/172
f 169/169/169 172/172/172 170/170/170
f 171/171/171 173/173/173 174/174/174
f 171/171/171 174/174/174 172/172/172
f 175/175/175 176/176/176 178/178/178
f 175/175/175 178/178/178 177/177/177
f 176/176/176 175/175/175 179/179/179
f 176/176/176 179/179/179 180/180/180
f 180/180/180 179/179/179 181/181/181
f 180/180/180 181/181/181 182/182/182
f 182/182/182 181/181/181 183/183/183
f 182/182/182 183/183/183 184/184/184
f 184/184/184 183/183/183 185/185/185
f 184/184/184 185/185/185 186/186/186
f 186/186/186 185/185/185 187/187/187
f 186/186/186 187/187/187 188/188/188
f 188/188/188 187/187/187 189/189/189
f 188/188/188 189/189/189 190/190/190
f 190/190/190 189/189/189 191/191/191
f 190/190/190 191/191/191 192/192/192
f 192/192/192 191/191/191 193/193/193
f 192/192/192 193/193/193 194/194/194
f 194/194/194 193/193/193 195/195/195
f 194/194/194 195/195/195 196/196/196
f 196/196/196 195/195/195 197/197/197
f 196/196/196 197/197/197 198/198/198
f 200/200/200 199/199/199 201/201/201
f 200/200/200 201/201/201 202/202/202
f 202/202/202 201/201/201 203/203/203
f 202/202/202 203/203/203 204/204/204
f 204/204/204 203/203/203 205/205/205
f 204/204/204 205/205/205 206/206/206
f 206/206/206 205/205/205 207/207/207
f 206/206/206 207/207/207 208/208/208
f 208/208/208 207/207/207 209/209/209
f 208/208/208 209/209/209 210/210/210
f 210/210/210 209/209/209 211/211/211
f 210/210/210 211/211/211 212/212/212
f 212/212/212 211/211/211 213/213/213
f 212/212/212 213/213/213 214/214/214
f 214/214/214 213/213/213 215/215/215
f 214/214/214 215/215/215 216/216/216
f 216/216/216 215/215/215 217/217/217
f 216/216/216 217/217/217 218/218/218
f 219/219/219 220/220/220 222/222/222
f 219/219/219 222/222/222 221/221/221
f 221/221/221 222/222/222 223/223/223
f 221/221/221 223/223/223 225/225/225
f 221/221/221 225/225/225 224/224/224
f 224/224/224 225/225/225 227/227/227
f 224/224/224 227/227/227 226/226/226
f 226/226/226 227/227/227 229/229/229
f 226/226/226 229/229/229 228/228/228
f 228/228/228 229/229/229 231/231/231
f 228/228/228 231/231/231 230/230/230
f 230/230/230 231/231/231 233/233/233
f 230/230/230 233/233/233 232/232/232
f 232/232/232 233/233/233 235/235/235
f 232/232/232 235/235/235 234/234/234
f 223/223/223 222/222/222 237/237/237
f 223/223/223 237/237/237 236/236/236
f 236/236/236 237/237/237 239/239/239
f 236/236/236 239/239/239 238/238/238
f 238/238/238 239/239/239 241/241/241
f 238/238/238 241/241/241 240/240/240
f 240/240/240 241/241/241 243/243/243
f 240/240/240 243/243/243 242/242/242
f 242/242/242 243/243/243 245/245/245
f 242/242/242 245/245/245 244/244/244
f 244/244/244 245/245/245 247/247/247
f 244/244/244 247/247/247 246/246/246
f 246/246/246 247/247/247 248/248/248
f 249/249/249 250/250/250 253/253/253
f 249/249/249 253/253/253 252/252/252
f 250/250/250 249/249/249 251/251/251
f 250/250/250 251/251/251 272/272/272
f 252/252/252 253/253/253 255/255/255
f 252/252/252 255/255/255 254/254/254
f 254/254/254 255/255/255 257/257/257
f 254/254/254 257/257/257 256/256/256
f 256/256/256 257/257/257 259/259/259
f 256/256/256 259/259/259 258/258/258
f 258/258/258 259/259/259 261/261/261
f 258/258/258 261/261/261 260/260/260
f 260/260/260 261/261/261 263/263/263
f 260/260/260 263/263/263 262/262/262
f 262/262/262 263/263/263 265/265/265
f 262/262/262 265/265/265 264/264/264
f 264/264/264 265/265/265 267/267/267
f 264/264/264 267/267/267 266/266/266
f 266/266/266 267/267/267 269/269/269
f 266/266/266 269/269/269 268/268/268
f 268/268/268 269/269/269 271/271/271
f 268/268/268 271/271/271 270/270/270
f 273/273/273 275/275/275 276/276/276
f 273/273/273 276/276/276 274/274/274
f 275/275/275 277/277/277 278/278/278
f 275/275/275 278/278/278 276/276/276
f 277/277/277 279/279/279 280/280/280
f 277/277/277 280/280/280 278/278/278
f 279/279/279 281/281/281 282/282/282
f 279/279/279 282/282/282 280/280/280
f 281/281/281 283/283/283 284/284/284
f 281/281/281 284/284/284 282/282/282
f 283/283/283 285/285/285 286/286/286
f 283/283/283 286/286/286 284/284/284
f 285/285/285 287/287/287 288/288/288
f 285/285/285 288/288/288 286/286/286
f 287/287/287 289/289/289 290/290/290
f 287/287/287 290/290/290 288/288/288
f 289/289/289 291/291/291 292/292/292
f 289/289/289 292/292/292 290/290/290
f 291/291/291 293/293/293 294/294/294
f 291/291/291 294/294/294 292/292/292
f 296/296/296 295/295/295 297/297/297
f 296/296/296 297/297/297 299/299/299
f 299/299/299 297/297/297 298/298/298
f 299/299/299 298/298/298 300/300/300
f 300/300/300 298/298/298 302/302/302
f 300/300/300 302/302/302 301/301/301
f 301/301/301 302/302/302 304/304/304
f 301/301/301 304/304/304 303/303/303
f 303/303/303 304/304/304 306/306/306
f 303/303/303 306/306/306 305/305/305
f 305/305/305 306/306/306 308/308/308
f 305/305/305 308/308/308 307/307/307
f 307/307/307 308/308/308 310/310/310
f 307/307/307 310/310/310 309/309/309
f 309/309/309 310/310/310 312/312/312
f 309/309/309 312/312/312 311/311/311
f 311/311/311 312/312/312 314/314/314
f 311/311/311 314/314/314 313/313/313
f 313/313/313 314/314/314 316/316/316
f 313/313/313 316/316/316 315/315/315
f 318/318/318 317/317/317 319/319/319
f 318/318/318 319/319/319 321/321/321
f 321/321/321 319/319/319 320/320/320
f 321/321/321 320/320/320 322/322/322
f 322/322/322 320/320/320 324/324/324
f 322/322/322 324/324/324 323/323/323
f 323/323/323 324/324/324 326/326/326
f 323/323/323 326/326/326 325/325/325
f 325/325/325 326/326/326 328/328/328
f 325/325/325 328/328/328 327/327/327
f 327/327/327 328/328/328 330/330/330
f 327/327/327 330/330/330 329/329/329
f 329/329/329 330/330/330 332/332/332
f 329/329/329 332/332/332 331/331/331
f 331/331/331 332/332/332 334/334/334
f 331/331/331 334/334/334 333/333/333
f 333/333/333 334/334/334 336/336/336
f 333/333/333 336/336/336 335/335/335
f 335/335/335 336/336/336 338/338/338
f 335/335/335 338/338/338 337/337/337
f 339/339/339 341/341/341 342/342/342
f 339/339/339 342/342/342 340/340/340
f 341/341/341 343/343/343 344/344/344
f 341/341/341 344/344/344 342/342/342
f 343/343/343 345/345/345 346/346/346
f 343/343/343 346/346/346 344/344/344
f 345/345/345 347/347/347 348/348/348
f 345/345/345 348/348/348 346/346/346
f 347/347/347 349/349/349 350/350/350
f 347/347/347 350/350/350 348/348/348
f 349/349/349 351/351/351 352/352/352
f 349/349/349 352/352/352 350/350/350
f 351/351/351 353/353/353 354/354/354
f 351/351/351 354/354/354 352/352/352
f 353/353/353 355/355/355 356/356/356
f 353/353/353 356/356/356 354/354/354
f 355/355/355 357/357/357 358/358/358
f 355/355/355 358/358/358 356/356/356
f 357/357/357 359/359/359 360/360/360
f 357/357/357 360/360/360 358/358/358
f 362/362/362 361/361/361 363/363/363
f 362/362/362 363/363/363 365/365/365
f 365/365/365 363/363/363 364/364/364
f 365/365/365 364/364/364 366/366/366
f 366/366/366 364/364/364 368/368/368
f 366/366/366 368/368/368 367/367/367
f 367/367/367 368/368/368 370/370/370
f 367/367/367 370/370/370 369/369/369
f 369/369/369 370/370/370 372/372/372
f 369/369/369 372/372/372 371/371/371
f 371/371/371 372/372/372 374/374/374
f 371/371/371 374/374/374 373/373/373
f 373/373/373 374/374/374 376/376/376
f 373/373/373 376/376/376 375/375/375
f 375/375/375 376/376/376 378/378/378
f 375/375/375 378/378/378 377/377/377
f 377/377/377 378/378/378 380/380/380
f 377/377/377 380/380/380 379/379/379
f 379/379/379 380/380/380 382/382/382
f 379/379/379 382/382/382 381/381/381
f 384/384/384 383/383/383 385/385/385
f 384/384/384 385/385/385 387/387/387
f 387/387/387 385/385/385 386/386/386
f 387/387/387 386/386/386 388/388/388
f 388/388/388 386/386/386 390/390/390
f 388/388/388 390/390/390 389/389/389
f 389/389/389 390/390/390 392/392/392
f 389/389/389 392/392/392 391/391/391
f 391/391/391 392/392/392 394/394/394
f 391/391/391 394/394/394 393/393/393
f 393/393/393 394/394/394 396/396/396
f 393/393/393 396/396/396 395/395/395
f 395/395/395 396/396/396 398/398/398
f 395/395/395 398/398/398 397/397/397
f 397/397/397 398/398/398 400/400/400
f 397/397/397 400/400/400 399/399/399
f 399/399/399 400/400/400 402/402/402
f 399/399/399 402/402/402 401/401/401
f 401/401/401 402/402/402 404/404/404
f 401/401/401 404/404/404 403/403/403
f 405/405/405 407/407/407 408/408/408
f 405/405/405 408/408/408 406/406/406
f 407/407/407 409/409/409 410/410/410
f 407/407/407 410/410/410 408/408/408
f 409/409/409 411/411/411 412/412/412
f 409/409/409 412/412/412 410/410/410
f 411/411/411 413/413/413 414/414/414
f 411/411/411 414/414/414 412/412/412
f 413/413/413 415/415/415 416/416/416
f 413/413/413 416/416/416 414/414/414
f 415/415/415 417/417/417 418/418/418
f 415/415/415 418/418/418 416/416/416
f 417/417/417 419/419/419 420/420/420
f 417/417/417 420/420/420 418/418/418
f 419/419/419 421/421/421 422/422/422
f 419/419/419 422/422/422 420/420/420
f 421/421/421 423/423/423 422/422/422
f 424/424/424 425/425/425 427/427/427
f 424/424/424 427/427/427 426/426/426
f 425/425/425 424/424/424 428/428/428
f 425/425/425 428/428/428 429/429/429
f 429/429/429 428/428/428 430/430/430
f 429/429/429 430/430/430 431/431/431
f 431/431/431 430/430/430 432/432/432
f 431/431/431 432/432/432 433/433/433
f 433/433/433 432/432/432 434/434/434
f 433/433/433 434/434/434 435/435/435
f 435/435/435 434/434/434 436/436/436
f 435/435/435 436/436/436 437/437/437
f 437/437/437 436/436/436 438/438/438
f 437/437/437 438/438/438 439/439/439
f 439/439/439 438/438/438 440/440/440
f 439/439/439 440/440/440 441/441/441
f 441/441/441 440/440/440 442/442/442
f 441/441/441 442/442/442 443/443/443
f 443/443/443 442/442/442 444/444/444
f 443/443/443 444/444/444 445/445/445
f 445/445/445 444/444/444 446/446/446
f 445/445/445 446/446/446 447/447/447
f 448/448/448 449/449/449 451/451/451
f 448/448/448 451/451/451 450/450/450
f 449/449/449 448/448/448 452/452/452
f 449/449/449 452/452/452 453/453/453
f 453/453/453 452/452/452 454/454/454
f 453/453/453 454/454/454 455/455/455
f 455/455/455 454/454/454 456/456/456
f 455/455/455 456/456/456 457/457/457
f 457/457/457 456/456/456 458/458/458
f 457/457/457 458/458/458 459/459/459
f 459/459/459 458/458/458 460/460/460
f 459/459/459 460/460/460 461/461/461
f 461/461/461 460/460/460 462/462/462
f 461/461/461 462/462/462 463/463/463
f 463/463/463 462/462/462 464/464/464
f 463/463/463 464/464/464 465/465/465
f 465/465/465 464/464/464 466/466/466
f 465/465/465 466/466/466 467/467/467
f 467/467/467 466/466/466 468/468/468
f 467/467/467 468/468/468 469/469/469
f 469/469/469 468/468/468 470/470/470
f 469/469/469 470/470/470 471/471/471
f 473/473/473 474/474/474 472/472/472
f 473/473/473 472/472/472 491/491/491
f 475/475/475 476/476/476 474/474/474
f 475/475/475 474/474/474 473/473/473
f 477/477/477 478/478/478 476/476/476
f 477/477/477 476/476/476 475/475/475
f 479/479/479 480/480/480 478/478/478
f 479/479/479 478/478/478 477/477/477
f 481/481/481 482/482/482 480/480/480
f 481/481/481 480/480/480 479/479/479
f 483/483/483 484/484/484 482/482/482
f 483/483/483 482/482/482 481/481/481
f 485/485/485 486/486/486 484/484/484
f 485/485/485 484/484/484 483/483/483
f 489/489/489 490/490/490 486/486/486
f 489/489/489 486/486/486 485/485/485
f 490/490/490 489/489/489 487/487/487
f 490/490/490 487/487/487 488/488/488
f 491/491/491 472/472/472 492/492/492
f 491/491/491 492/492/492 493/493/493
f 493/493/493 492/492/492 494/494/494
f 493/493/493 494/494/494 495/495/495
f 497/497/497 496/496/496 498/498/498
f 497/497/497 498/498/498 499/499/499
f 499/499/499 498/498/498 500/500/500
f 499/499/499 500/500/500 501/501/501
f 501/501/501 500/500/500 502/502/502
f 501/501/501 502/502/502 503/503/503
f 503/503/503 502/502/502 504/504/504
f 503/503/503 504/504/504 505/505/505
f 505/505/505 504/504/504 506/506/506
f 505/505/505 506/506/506 507/507/507
f 507/507/507 506/506/506 508/508/508
f 507/507/507 508/508/508 509/509/509
f 509/509/509 508/508/508 510/510/510
f 509/509/509 510/510/510 511/511/511
f 511/511/511 510/510/510 512/512/512
f 511/511/511 512/512/512 513/513/513
f 513/513/513 512/512/512 514/514/514
f 515/515/515 517/517/517 518/518/518
f 515/515/515 518/518/518 516/516/516
f 517/517/517 519/519/519 520/520/520
f 517/517/517 520/520/520 518/518/518
f 519/519/519 521/521/521 522/522/522
f 519/519/519 522/522/522 520/520/520
f 521/521/521 523/523/523 524/524/524
f 521/521/521 524/524/524 522/522/522
f 523/523/523 525/525/525 526/526/526
f 523/523/523 526/526/526 524/524/524
f 525/525/525 527/527/527 528/528/528
f 525/525/525 528/528/528 526/526/526
f 527/527/527 529/529/529 530/530/530
f 527/527/527 530/530/530 528/528/528
f 529/529/529 531/531/531 532/532/532
f 529/529/529 532/532/532 530/530/530
f 531/531/531 533/533/533 534/534/534
f 531/531/531 534/534/534 532/532/532
f 536/536/536 537/537/537 535/535/535
f 536/536/536 535/535/535 554/554/554
f 539/539/539 538/538/538 560/560/560
f 539/539/539 560/560/560 559/559/559
f 538/538/538 539/539/539 561/561/561
f 538/538/538 561/561/561 562/562/562
f 542/542/542 543/543/543 541/541/541
f 542/542/542 541/541/541 540/540/540
f 544/544/544 545/545/545 543/543/543
f 544/544/544 543/543/543 542/542/542
f 546/546/546 547/547/547 545/545/545
f 546/546/546 545/545/545 544/544/544
f 548/548/548 549/549/549 547/547/547
f 548/548/548 547/547/547 546/546/546
f 552/552/552 553/553/553 549/549/549
f 552/552/552 549/549/549 548/548/548
f 553/553/553 552/552/552 550/550/550
f 553/553/553 550/550/550 551/551/551
f 554/554/554 535/535/535 555/555/555
f 554/554/554 555/555/555 556/556/556
f 556/556/556 555/555/555 557/557/557
f 556/556/556 557/557/557 558/558/558
f 540/540/540 541/541/541 537/537/537
f 540/540/540 537/537/537 536/536/536
f 562/562/562 561/561/561 563/563/563
f 562/562/562 563/563/563 564/564/564
f 564/564/564 563/563/563 565/565/565
f 564/564/564 565/565/565 566/566/566
f 566/566/566 565/565/565 567/567/567
f 566/566/566 567/567/567 568/568/568
f 568/568/568 567/567/567 569/569/569
f 568/568/568 569/569/569 570/570/570
f 570/570/570 569/569/569 571/571/571
f 570/570/570 571/571/571 572/572/572
f 572/572/572 571/571/571 573/573/573
f 572/572/572 573/573/573 574/574/574
f 574/574/574 573/573/573 575/575/575
f 574/574/574 575/575/575 576/576/576
f 576/576/576 575/575/575 577/577/577
f 576/576/576 577/577/577 578/578/578
f 578/578/578 577/577/577 579/579/579
f 578/578/578 579/579/579 580/580/580
f 582/582/582 583/583/583 581/581/581
f 582/582/582 581/581/581 600/600/600
f 584/584/584 585/585/585 583/583/583
f 584/584/584 583/583/583 582/582/582
f 586/586/586 587/587/587 585/585/585
f 586/586/586 585/585/585 584/584/584
f 588/588/588 589/589/589 587/587/587
f 588/588/588 587/587/587 586/586/586
f 590/590/590 591/591/591 589/589/589
f 590/590/590 589/589/589 588/588/588
f 592/592/592 593/593/593 591/591/591
f 592/592/592 591/591/591 590/590/590
f 594/594/594 595/595/595 593/593/593
f 594/594/594 593/593/593 592/592/592
f 598/598/598 599/599/599 595/595/595
f 598/598/598 595/595/595 594/594/594
f 599/599/599 598/598/598 596/596/596
f 599/599/599 596/596/596 597/597/597
f 600/600/600 581/581/581 601/601/601
f 600/600/600 601/601/601 602/602/602
f 602/602/602 601/601/601 603/603/603
f 602/602/602 603/603/603 604/604/604
f 606/606/606 605/605/605 607/607/607
f 606/606/606 607/607/607 608/608/608
f 608/608/608 607/607/607 609/609/609
f 608/608/608 609/609/609 610/610/610
f 610/610/610 609/609/609 611/611/611
f 610/610/610 611/611/611 612/612/612
f 612/612/612 611/611/611 613/613/613
f 612/612/612 613/613/613 614/614/614
f 614/614/614 613/613/613 615/615/615
f 614/614/614 615/615/615 616/616/616
f 616/616/616 615/615/615 617/617/617
f 616/616/616 617/617/617 618/618/618
f 618/618/618 617/617/617 619/619/619
f 618/618/618 619/619/619 620/620/620
f 620/620/620 619/619/619 621/621/621
f 620/620/620 621/621/621 622/622/622
f 622/622/622 621/621/621 623/623/623
f 624/624/624 626/626/626 627/627/627
f 624/624/624 627/627/627 625/625/625
f 626/626/626 628/628/628 629/629/629
f 626/626/626 629/629/629 627/627/627
f 628/628/628 630/630/630 631/631/631
f 628/628/628 631/631/631 629/629/629
f 630/630/630 632/632/632 633/633/633
f 630/630/630 633/633/633 631/631/631
f 632/632/632 634/634/634 635/635/635
f 632/632/632 635/635/635 633/633/633
f 634/634/634 636/636/636 637/637/637
f 634/634/634 637/637/637 635/635/635
f 636/636/636 638/638/638 639/639/639
f 636/636/636 639/639/639 637/637/637
f 638/638/638 640/640/640 641/641/641
f 638/638/638 641/641/641 639/639/639
f 640/640/640 642/642/642 643/643/643
f 640/640/640 643/643/643 641/641/641
f 645/645/645 646/646/646 644/644/644
f 645/645/645 644/644/644 661/661/661
f 649/649/649 650/650/650 648/648/648
f 649/649/649 648/648/648 647/647/647
f 651/651/651 652/652/652 650/650/650
f 651/651/651 650/650/650 649/649/649
f 653/653/653 654/654/654 652/652/652
f 653/653/653 652/652/652 651/651/651
f 655/655/655 656/656/656 654/654/654
f 655/655/655 654/654/654 653/653/653
f 659/659/659 660/660/660 656/656/656
f 659/659/659 656/656/656 655/655/655
f 660/660/660 659/659/659 657/657/657
f 660/660/660 657/657/657 658/658/658
f 661/661/661 644/644/644 662/662/662
f 661/661/661 662/662/662 663/663/663
f 663/663/663 662/662/662 664/664/664
f 663/663/663 664/664/664 665/665/665
f 647/647/647 648/648/648 646/646/646
f 647/647/647 646/646/646 645/645/645
f 667/667/667 668/668/668 666/666/666
f 667/667/667 666/666/666 685/685/685
f 669/669/669 670/670/670 668/668/668
f 669/669/669 668/668/668 667/667/667
f 671/671/671 672/672/672 670/670/670
f 671/671/671 670/670/670 669/669/669
f 673/673/673 674/674/674 672/672/672
f 673/673/673 672/672/672 671/671/671
f 675/675/675 676/676/676 674/674/674
f 675/675/675 674/674/674 673/673/673
f 677/677/677 678/678/678 676/676/676
f 677/677/677 676/676/676 675/675/675
f 679/679/679 680/680/680 678/678/678
f 679/679/679 678/678/678 677/677/677
f 683/683/683 684/684/684 680/680/680
f 683/683/683 680/680/680 679/679/679
f 684/684/684 683/683/683 681/681/681
f 684/684/684 681/681/681 682/682/682
f 685/685/685 666/666/666 686/686/686
f 685/685/685 686/686/686 687/687/687
f 687/687/687 686/686/686 688/688/688
f 687/687/687 688/688/688 689/689/689
f 691/691/691 692/692/692 690/690/690
f 691/691/691 690/690/690 709/709/709
f 693/693/693 694/694/694 692/692/692
f 693/693/693 692/692/692 691/691/691
f 695/695/695 696/696/696 694/694/694
f 695/695/695 694/694/694 693/693/693
f 697/697/697 698/698/698 696/696/696
f 697/697/697 696/696/696 695/695/695
f 699/699/699 700/700/700 698/698/698
f 699/699/699 698/698/698 697/697/697
f 701/701/701 702/702/702 700/700/700
f 701/701/701 700/700/700 699/699/699
f 703/703/703 704/704/704 702/702/702
f 703/703/703 702/702/702 701/701/701
f 707/707/707 708/708/708 704/704/704
f 707/707/707 704/704/704 703/703/703
f 708/708/708 707/707/707 705/705/705
f 708/708/708 705/705/705 706/706/706
f 709/709/709 690/690/690 710/710/710
f 709/709/709 710/710/710 711/711/711
f 711/711/711 710/710/710 712/712/712
f 711/711/711 712/712/712 713/713/713
f 715/715/715 716/716/716 714/714/714
f 715/715/715 714/714/714 731/731/731
f 719/719/719 720/720/720 718/718/718
f 719/719/719 718/718/718 717/717/717
f 721/721/721 722/722/722 720/720/720
f 721/721/721 720/720/720 719/719/719
f 723/723/723 724/724/724 722/722/722
f 723/723/723 722/722/722 721/721/721
f 725/725/725 726/726/726 724/724/724
f 725/725/725 724/724/724 723/723/723
f 729/729/729 730/730/730 726/726/726
f 729/729/729 726/726/726 725/725/725
f 730/730/730 729/729/729 727/727/727
f 730/730/730 727/727/727 728/728/728
f 731/731/731 714/714/714 732/732/732
f 731/731/731 732/732/732 733/733/733
f 733/733/733 732/732/732 734/734/734
f 733/733/733 734/734/734 735/735/735
f 717/717/717 718/718/718 716/716/716
f 717/717/717 716/716/716 715/715/715
f 737/737/737 738/738/738 736/736/736
f 737/737/737 736/736/736 755/755/755
f 739/739/739 740/740/740 738/738/738
f 739/739/739 738/738/738 737/737/737
f 741/741/741 742/742/742 740/740/740
f 741/741/741 740/740/740 739/739/739
f 743/743/743 744/744/744 742/742/742
f 743/743/743 742/742/742 741/741/741
f 745/745/745 746/746/746 744/744/744
f 745/745/745 744/744/744 743/743/743
f 747/747/747 748/748/748 746/746/746
f 747/747/747 746/746/746 745/745/745
f 749/749/749 750/750/750 748/748/748
f 749/749/749 748/748/748 747/747/747
f 753/753/753 754/754/754 750/750/750
f 753/753/753 750/750/750 749/749/749
f 754/754/754 753/753/753 751/751/751
f 754/754/754 751/751/751 752/752/752
f 755/755/755 736/736/736 756/756/756
f 755/755/755 756/756/756 757/757/757
f 757/757/757 756/756/756 758/758/758
f 757/757/757 758/758/758 759/759/759
f 761/761/761 760/760/760 762/762/762
f 761/761/761 762/762/762 764/764/764
f 764/764/764 762/762/762 763/763/763
f 764/764/764 763/763/763 765/765/765
f 765/765/765 763/763/763 767/767/767
f 765/765/765 767/767/767 766/766/766
f 766/766/766 767/767/767 769/769/769
f 766/766/766 769/769/769 768/768/768
f 768/768/768 769/769/769 771/771/771
f 768/768/768 771/771/771 770/770/770
f 770/770/770 771/771/771 773/773/773
f 770/770/770 773/773/773 772/772/772
f 772/772/772 773/773/773 775/775/775
f 772/772/772 775/775/775 774/774/774
f 774/774/774 775/775/775 777/777/777
f 774/774/774 777/777/777 776/776/776
f 776/776/776 777/777/777 779/779/779
f 776/776/776 779/779/779 778/778/778
f 778/778/778 779/779/779 781/781/781
f 778/778/778 781/781/781 780/780/780
f 783/783/783 782/782/782 784/784/784
f 783/783/783 784/784/784 786/786/786
f 786/786/786 784/784/784 785/785/785
f 786/786/786 785/785/785 787/787/787
f 787/787/787 785/785/785 789/789/789
f 787/787/787 789/789/789 788/788/788
f 788/788/788 789/789/789 791/791/791
f 788/788/788 791/791/791 790/790/790
f 790/790/790 791/791/791 793/793/793
f 790/790/790 793/793/793 792/792/792
f 792/792/792 793/793/793 795/795/795
f 792/792/792 795/795/795 794/794/794
f 794/794/794 795/795/795 797/797/797
f 794/794/794 797/797/797 796/796/796
f 796/796/796 797/797/797 799/799/799
f 796/796/796 799/799/799 798/798/798
f 798/798/798 799/799/799 801/801/801
f 798/798/798 801/801/801 800/800/800
f 800/800/800 801/801/801 803/803/803
f 800/800/800 803/803/803 802/802/802
f 805/805/805 804/804/804 806/806/806
f 805/805/805 806/806/806 808/808/808
f 808/808/808 806/806/806 807/807/807
f 808/808/808 807/807/807 809/809/809
f 809/809/809 807/807/807 811/811/811
f 809/809/809 811/811/811 810/810/810
f 810/810/810 811/811/811 813/813/813
f 810/810/810 813/813/813 812/812/812
f 812/812/812 813/813/813 815/815/815
f 812/812/812 815/815/815 814/814/814
f 814/814/814 815/815/815 817/817/817
f 814/814/814 817/817/817 816/816/816
f 816/816/816 817/817/817 819/819/819
f 816/816/816 819/819/819 818/818/818
f 818/818/818 819/819/819 821/821/821
f 818/818/818 821/821/821 820/820/820
f 820/820/820 821/821/821 823/823/823
f 820/820/820 823/823/823 822/822/822
f 822/822/822 823/823/823 825/825/825
f 822/822/822 825/825/825 824/824/824
f 826/826/826 827/827/827 829/829/829
f 826/826/826 829/829/829 828/828/828
f 827/827/827 826/826/826 830/830/830
f 827/827/827 830/830/830 831/831/831
f 831/831/831 830/830/830 832/832/832
f 831/831/831 832/832/832 833/833/833
f 833/833/833 832/832/832 834/834/834
f 833/833/833 834/834/834 835/835/835
f 835/835/835 834/834/834 836/836/836
f 835/835/835 836/836/836 837/837/837
f 837/837/837 836/836/836 838/838/838
f 837/837/837 838/838/838 839/839/839
f 839/839/839 838/838/838 840/840/840
f 839/839/839 840/840/840 841/841/841
f 841/841/841 840/840/840 842/842/842
f 841/841/841 842/842/842 843/843/843
f 843/843/843 842/842/842 844/844/844
f 843/843/843 844/844/844 845/845/845
f 845/845/845 844/844/844 846/846/846
f 845/845/845 846/846/846 847/847/847
f 847/847/847 846/846/846 848/848/848
f 847/847/847 848/848/848 849/849/849
f 851/851/851 852/852/852 850/850/850
f 851/851/851 850/850/850 869/869/869
f 853/853/853 854/854/854 852/852/852
f 853/853/853 852/852/852 851/851/851
f 855/855/855 856/856/856 854/854/854
f 855/855/855 854/854/854 853/853/853
f 857/857/857 858/858/858 856/856/856
f 857/857/857 856/856/856 855/855/855
f 859/859/859 860/860/860 858/858/858
f 859/859/859 858/858/858 857/857/857
f 861/861/861 862/862/862 860/860/860
f 861/861/861 860/860/860 859/859/859
f 863/863/863 864/864/864 862/862/862
f 863/863/863 862/862/862 861/861/861
f 867/867/867 868/868/868 864/864/864
f 867/867/867 864/864/864 863/863/863
f 868/868/868 867/867/867 865/865/865
f 868/868/868 865/865/865 866/866/866
f 869/869/869 850/850/850 870/870/870
f 869/869/869 870/870/870 871/871/871
f 871/871/871 870/870/870 872/872/872
f 871/871/871 872/872/872 873/873/873
f 875/875/875 874/874/874 876/876/876
f 875/875/875 876/876/876 877/877/877
f 877/877/877 876/876/876 878/878/878
f 877/877/877 878/878/878 879/879/879
f 879/879/879 878/878/878 880/880/880
f 879/879/879 880/880/880 881/881/881
f 881/881/881 880/880/880 882/882/882
f 881/881/881 882/882/882 883/883/883
f 883/883/883 882/882/882 884/884/884
f 883/883/883 884/884/884 885/885/885
f 885/885/885 884/884/884 886/886/886
f 885/885/885 886/886/886 887/887/887
f 887/887/887 886/886/886 888/888/888
f 887/887/887 888/888/888 889/889/889
f 889/889/889 888/888/888 890/890/890
f 889/889/889 890/890/890 891/891/891
f 891/891/891 890/890/890 892/892/892
f 893/893/893 895/895/895 896/896/896
f 893/893/893 896/896/896 894/894/894
f 895/895/895 897/897/897 898/898/898
f 895/895/895 898/898/898 896/896/896
f 897/897/897 899/899/899 900/900/900
f 897/897/897 900/900/900 898/898/898
f 899/899/899 901/901/901 902/902/902
f 899/899/899 902/902/902 900/900/900
f 901/901/901 903/903/903 904/904/904
f 901/901/901 904/904/904 902/902/902
f 1088/1088/1088 905/905/905 906/906/906
f 1088/1088/1088 906/906/906 1089/1089/1089
f 905/905/905 907/907/907 908/908/908
f 905/905/905 908/908/908 906/906/906
f 907/907/907 909/909/909 910/910/910
f 907/907/907 910/910/910 908/908/908
f 1090/1090/1090 911/911/911 912/912/912
f 1090/1090/1090 912/912/912 1091/1091/1091
f 914/914/914 915/915/915 913/913/913
f 914/914/914 913/913/913 932/932/932
f 917/917/917 916/916/916 938/938/938
f 917/917/917 938/938/938 937/937/937
f 916/916/916 917/917/917 939/939/939
f 916/916/916 939/939/939 940/940/940
f 920/920/920 921/921/921 919/919/919
f 920/920/920 919/919/919 918/918/918
f 922/922/922 923/923/923 921/921/921
f 922/922/922 921/921/921 920/920/920
f 924/924/924 925/925/925 923/923/923
f 924/924/924 923/923/923 922/922/922
f 926/926/926 927/927/927 925/925/925
f 926/926/926 925/925/925 924/924/924
f 930/930/930 931/931/931 927/927/927
f 930/930/930 927/927/927 926/926/926
f 931/931/931 930/930/930 928/928/928
f 931/931/931 928/928/928 929/929/929
f 932/932/932 913/913/913 933/933/933
f 932/932/932 933/933/933 934/934/934
f 934/934/934 933/933/933 935/935/935
f 934/934/934 935/935/935 936/936/936
f 918/918/918 919/919/919 915/915/915
f 918/918/918 915/915/915 914/914/914
f 940/940/940 939/939/939 941/941/941
f 940/940/940 941/941/941 942/942/942
f 942/942/942 941/941/941 943/943/943
f 942/942/942 943/943/943 944/944/944
f 944/944/944 943/943/943 945/945/945
f 944/944/944 945/945/945 946/946/946
f 946/946/946 945/945/945 947/947/947
f 946/946/946 947/947/947 948/948/948
f 948/948/948 947/947/947 949/949/949
f 948/948/948 949/949/949 950/950/950
f 950/950/950 949/949/949 951/951/951
f 950/950/950 951/951/951 952/952/952
f 952/952/952 951/951/951 953/953/953
f 952/952/952 953/953/953 954/954/954
f 954/954/954 953/953/953 955/955/955
f 954/954/954 955/955/955 956/956/956
f 956/956/956 955/955/955 957/957/957
f 956/956/956 957/957/957 958/958/958
f 960/960/960 961/961/961 959/959/959
f 960/960/960 959/959/959 978/978/978
f 962/962/962 963/963/963 961/961/961
f 962/962/962 961/961/961 960/960/960
f 964/964/964 965/965/965 963/963/963
f 964/964/964 963/963/963 962/962/962
f 966/966/966 967/967/967 965/965/965
f 966/966/966 965/965/965 964/964/964
f 968/968/968 969/969/969 967/967/967
f 968/968/968 967/967/967 966/966/966
f 970/970/970 971/971/971 969/969/969
f 970/970/970 969/969/969 968/968/968
f 972/972/972 973/973/973 971/971/971
f 972/972/972 971/971/971 970/970/970
f 976/976/976 977/977/977 973/973/973
f 976/976/976 973/973/973 972/972/972
f 977/977/977 976/976/976 974/974/974
f 977/977/977 974/974/974 975/975/975
f 978/978/978 959/959/959 979/979/979
f 978/978/978 979/979/979 980/980/980
f 980/980/980 979/979/979 981/981/981
f 980/980/980 981/981/981 982/982/982
f 984/984/984 983/983/983 985/985/985
f 984/984/984 985/985/985 986/986/986
f 986/986/986 985/985/985 987/987/987
f 986/986/986 987/987/987 988/988/988
f 988/988/988 987/987/987 989/989/989
f 988/988/988 989/989/989 990/990/990
f 990/990/990 989/989/989 991/991/991
f 990/990/990 991/991/991 992/992/992
f 992/992/992 991/991/991 993/993/993
f 992/992/992 993/993/993 994/994/994
f 994/994/994 993/993/993 995/995/995
f 994/994/994 995/995/995 996/996/996
f 996/996/996 995/995/995 997/997/997
f 996/996/996 997/997/997 998/998/998
f 998/998/998 997/997/997 999/999/999
f 998/998/998 999/999/999 1000/1000/1000
f 1000/1000/1000 999/999/999 1001/1001/1001
f 1002/1002/1002 1004/1004/1004 1005/1005/1005
f 1002/1002/1002 1005/1005/1005 1003/1003/1003
f 1004/1004/1004 1006/1006/1006 1007/1007/1007
f 1004/1004/1004 1007/1007/1007 1005/1005/1005
f 1006/1006/1006 1008/1008/1008 1009/1009/1009
f 1006/1006/1006 1009/1009/1009 1007/1007/1007
f 1008/1008/1008 1010/1010/1010 1011/1011/1011
f 1008/1008/1008 1011/1011/1011 1009/1009/1009
f 1010/1010/1010 1012/1012/1012 1013/1013/1013
f 1010/1010/1010 1013/1013/1013 1011/1011/1011
f 1012/1012/1012 1014/1014/1014 1015/1015/1015
f 1012/1012/1012 1015/1015/1015 1013/1013/1013
f 1014/1014/1014 1016/1016/1016 1017/1017/1017
f 1014/1014/1014 1017/1017/1017 1015/1015/1015
f 1016/1016/1016 1018/1018/1018 1019/1019/1019
f 1016/1016/1016 1019/1019/1019 1017/1017/1017
f 1018/1018/1018 1020/1020/1020 1021/1021/1021
f 1018/1018/1018 1021/1021/1021 1019/1019/1019
f 1023/1023/1023 1024/1024/1024 1022/1022/1022
f 1023/1023/1023 1022/1022/1022 1039/1039/1039
f 1027/1027/1027 1028/1028/1028 1026/1026/1026
f 1027/1027/1027 1026/1026/1026 1025/1025/1025
f 1029/1029/1029 1030/1030/1030 1028/1028/1028
f 1029/1029/1029 1028/1028/1028 1027/1027/1027
f 1031/1031/1031 1032/1032/1032 1030/1030/1030
f 1031/1031/1031 1030/1030/1030 1029/1029/1029
f 1033/1033/1033 1034/1034/1034 1032/1032/1032
f 1033/1033/1033 1032/1032/1032 1031/1031/1031
f 1037/1037/1037 1038/1038/1038 1034/1034/1034
f 1037/1037/1037 1034/1034/1034 1033/1033/1033
f 1038/1038/1038 1037/1037/1037 1035/1035/1035
f 1038/1038/1038 1035/1035/1035 1036/1036/1036
f 1039/1039/1039 1022/1022/1022 1040/1040/1040
f 1039/1039/1039 1040/1040/1040 1041/1041/1041
f 1041/1041/1041 1040/1040/1040 1042/1042/1042
f 1041/1041/1041 1042/1042/1042 1043/1043/1043
f 1025/1025/1025 1026/1026/1026 1024/1024/1024
f 1025/1025/1025 1024/1024/1024 1023/1023/1023
f 1045/1045/1045 1046/1046/1046 1044/1044/1044
f 1045/1045/1045 1044/1044/1044 1063/1063/1063
f 1047/1047/1047 1048/1048/1048 1046/1046/1046
f 1047/1047/1047 1046/1046/1046 1045/1045/1045
f 1049/1049/1049 1050/1050/1050 1048/1048/1048
f 1049/1049/1049 1048/1048/1048 1047/1047/1047
f 1051/1051/1051 1052/1052/1052 1050/1050/1050
f 1051/1051/1051 1050/1050/1050 1049/1049/1049
f 1053/1053/1053 1054/1054/1054 1052/1052/1052
f 1053/1053/1053 1052/1052/1052 1051/1051/1051
f 1055/1055/1055 1056/1056/1056 1054/1054/1054
f 1055/1055/1055 1054/1054/1054 1053/1053/1053
f 1057/1057/1057 1058/1058/1058 1056/1056/1056
f 1057/1057/1057 1056/1056/1056 1055/1055/1055
f 1061/1061/1061 1062/1062/1062 1058/1058/1058
f 1061/1061/1061 1058/1058/1058 1057/1057/1057
f 1062/1062/1062 1061/1061/1061 1059/1059/1059
f 1062/1062/1062 1059/1059/1059 1060/1060/1060
f 1063/1063/1063 1044/1044/1044 1064/1064/1064
f 1063/1063/1063 1064/1064/1064 1065/1065/1065
f 1065/1065/1065 1064/1064/1064 1066/1066/1066
f 1065/1065/1065 1066/1066/1066 1067/1067/1067
f 1068/1068/1068 1070/1070/1070 1071/1071/1071
f 1068/1068/1068 1071/1071/1071 1069/1069/1069
f 1070/1070/1070 1072/1072/1072 1073/1073/1073
f 1070/1070/1070 1073/1073/1073 1071/1071/1071
f 1072/1072/1072 1074/1074/1074 1075/1075/1075
f 1072/1072/1072 1075/1075/1075 1073/1073/1073
f 1074/1074/1074 1076/1076/1076 1077/1077/1077
f 1074/1074/1074 1077/1077/1077 1075/1075/1075
f 1076/1076/1076 1078/1078/1078 1079/1079/1079
f 1076/1076/1076 1079/1079/1079 1077/1077/1077
f 1078/1078/1078 1080/1080/1080 1081/1081/1081
f 1078/1078/1078 1081/1081/1081 1079/1079/1079
f 1080/1080/1080 1082/1082/1082 1083/1083/1083
f 1080/1080/1080 1083/1083/1083 1081/1081/1081
f 1082/1082/1082 1084/1084/1084 1085/1085/1085
f 1082/1082/1082 1085/1085/1085 1083/1083/1083
f 1084/1084/1084 1086/1086/1086 1087/1087/1087
f 1084/1084/1084 1087/1087/1087 1085/1085/1085
f 903/903/903 1088/1088/1088 1089/1089/1089
f 903/903/903 1089/1089/1089 904/904/904
f 909/909/909 1090/1090/1090 1091/1091/1091
f 909/909/909 1091/1091/1091 910/910/910
f 1092/1092/1092 1094/1094/1094 1095/1095/1095
f 1092/1092/1092 1095/1095/1095 1093/1093/1093
f 1094/1094/1094 1096/1096/1096 1097/1097/1097
f 1094/1094/1094 1097/1097/1097 1095/1095/1095
f 1096/1096/1096 1098/1098/1098 1099/1099/1099
f 1096/1096/1096 1099/1099/1099 1097/1097/1097
f 1098/1098/1098 1100/1100/1100 1101/1101/1101
f 1098/1098/1098 1101/1101/1101 1099/1099/1099
f 1100/1100/1100 1102/1102/1102 1103/1103/1103
f 1100/1100/1100 1103/1103/1103 1101/1101/1101
f 1102/1102/1102 1104/1104/1104 1105/1105/1105
f 1102/1102/1102 1105/1105/1105 1103/1103/1103
f 1104/1104/1104 1106/1106/1106 1107/1107/1107
f 1104/1104/1104 1107/1107/1107 1105/1105/1105
f 1106/1106/1106 1108/1108/1108 1109/1109/1109
f 1106/1106/1106 1109/1109/1109 1107/1107/1107
f 1108/1108/1108 1110/1110/1110 1111/1111/1111
f 1108/1108/1108 1111/1111/1111 1109/1109/1109
f 1112/1112/1112 1114/1114/1114 1115/1115/1115
f 1112/1112/1112 1115/1115/1115 1113/1113/1113
f 1114/1114/1114 1116/1116/1116 1117/1117/1117
f 1114/1114/1114 1117/1117/1117 1115/1115/1115
f 1116/1116/1116 1118/1118/1118 1119/1119/1119
f 1116/1116/1116 1119/1119/1119 1117/1117/1117
f 1118/1118/1118 1120/1120/1120 1121/1121/1121
f 1118/1118/1118 1121/1121/1121 1119/1119/1119
f 1120/1120/1120 1122/1122/1122 1123/1123/1123
f 1120/1120/1120 1123/1123/1123 1121/1121/1121
f 1132/1132/1132 1124/1124/1124 1125/1125/1125
f 1132/1132/1132 1125/1125/1125 1133/1133/1133
f 1124/1124/1124 1126/1126/1126 1127/1127/1127
f 1124/1124/1124 1127/1127/1127 1125/1125/1125
f 1126/1126/1126 1128/1128/1128 1129/1129/1129
f 1126/1126/1126 1129/1129/1129 1127/1127/1127
f 1134/1134/1134 1130/1130/1130 1131/1131/1131
f 1134/1134/1134 1131/1131/1131 1135/1135/1135
f 1122/1122/1122 1132/1132/1132 1133/1133/1133
f 1122/1122/1122 1133/1133/1133 1123/1123/1123
f 1128/1128/1128 1134/1134/1134 1135/1135/1135
f 1128/1128/1128 1135/1135/1135 1129/1129/1129
f 1136/1136/1136 1138/1138/1138 1139/1139/1139
f 1136/1136/1136 1139/1139/1139 1137/1137/1137
f 1138/1138/1138 1140/1140/1140 1141/1141/1141
f 1138/1138/1138 1141/1141/1141 1139/1139/1139
f 1140/1140/1140 1142/1142/1142 1143/1143/1143
f 1140/1140/1140 1143/1143/1143 1141/1141/1141
f 1142/1142/1142 1144/1144/1144 1145/1145/1145
f 1142/1142/1142 1145/1145/1145 1143/1143/1143
f 1144/1144/1144 1146/1146/1146 1147/1147/1147
f 1144/1144/1144 1147/1147/1147 1145/1145/1145
f 1148/1148/1148 1150/1150/1150 1151/1151/1151
f 1148/1148/1148 1151/1151/1151 1149/1149/1149
f 1150/1150/1150 1152/1152/1152 1151/1151/1151
f 1153/1153/1153 1154/1154/1154 1156/1156/1156
f 1153/1153/1153 1156/1156/1156 1155/1155/1155
f 1154/1154/1154 1153/1153/1153 1157/1157/1157
f 1154/1154/1154 1157/1157/1157 1158/1158/1158
f 1158/1158/1158 1157/1157/1157 1159/1159/1159
f 1158/1158/1158 1159/1159/1159 1160/1160/1160
f 1160/1160/1160 1159/1159/1159 1161/1161/1161
f 1160/1160/1160 1161/1161/1161 1162/1162/1162
f 1162/1162/1162 1161/1161/1161 1163/1163/1163
f 1162/1162/1162 1163/1163/1163 1164/1164/1164
f 1164/1164/1164 1163/1163/1163 1165/1165/1165
f 1164/1164/1164 1165/1165/1165 1166/1166/1166
f 1166/1166/1166 1165/1165/1165 1167/1167/1167
f 1166/1166/1166 1167/1167/1167 1168/1168/1168
f 1168/1168/1168 1167/1167/1167 1169/1169/1169
f 1168/1168/1168 1169/1169/1169 1170/1170/1170
f 1170/1170/1170 1169/1169/1169 1171/1171/1171
f 1170/1170/1170 1171/1171/1171 1172/1172/1172
f 1172/1172/1172 1171/1171/1171 1173/1173/1173
f 1172/1172/1172 1173/1173/1173 1174/1174/1174
f 1174/1174/1174 1173/1173/1173 1175/1175/1175
f 1174/1174/1174 1175/1175/1175 1176/1176/1176
f 1146/1146/1146 1148/1148/1148 1149/1149/1149
f 1146/1146/1146 1149/1149/1149 1147/1147/1147
f 1177/1177/1177 1179/1179/1179 1180/1180/1180
f 1177/1177/1177 1180/1180/1180 1178/1178/1178
f 1179/1179/1179 1181/1181/1181 1182/1182/1182
f 1179/1179/1179 1182/1182/1182 1180/1180/1180
f 1214/1214/1214 1185/1185/1185 1186/1186/1186
f 1214/1214/1214 1186/1186/1186 1215/1215/1215
f 1185/1185/1185 1187/1187/1187 1188/1188/1188
f 1185/1185/1185 1188/1188/1188 1186/1186/1186
f 1187/1187/1187 1189/1189/1189 1188/1188/1188
f 1190/1190/1190 1191/1191/1191 1193/1193/1193
f 1190/1190/1190 1193/1193/1193 1192/1192/1192
f 1191/1191/1191 1190/1190/1190 1194/1194/1194
f 1191/1191/1191 1194/1194/1194 1195/1195/1195
f 1195/1195/1195 1194/1194/1194 1196/1196/1196
f 1195/1195/1195 1196/1196/1196 1197/1197/1197
f 1197/1197/1197 1196/1196/1196 1198/1198/1198
f 1197/1197/1197 1198/1198/1198 1199/1199/1199
f 1199/1199/1199 1198/1198/1198 1200/1200/1200
f 1199/1199/1199 1200/1200/1200 1201/1201/1201
f 1201/1201/1201 1200/1200/1200 1202/1202/1202
f 1201/1201/1201 1202/1202/1202 1203/1203/1203
f 1203/1203/1203 1202/1202/1202 1204/1204/1204
f 1203/1203/1203 1204/1204/1204 1205/1205/1205
f 1205/1205/1205 1204/1204/1204 1206/1206/1206
f 1205/1205/1205 1206/1206/1206 1207/1207/1207
f 1207/1207/1207 1206/1206/1206 1208/1208/1208
f 1207/1207/1207 1208/1208/1208 1209/1209/1209
f 1209/1209/1209 1208/1208/1208 1210/1210/1210
f 1209/1209/1209 1210/1210/1210 1211/1211/1211
f 1211/1211/1211 1210/1210/1210 1212/1212/1212
f 1211/1211/1211 1212/1212/1212 1213/1213/1213
f 1216/1216/1216 1183/1183/1183 1184/1184/1184
f 1216/1216/1216 1184/1184/1184 1217/1217/1217
f 1183/1183/1183 1214/1214/1214 1215/1215/1215
f 1183/1183/1183 1215/1215/1215 1184/1184/1184
f 1181/1181/1181 1216/1216/1216 1217/1217/1217
f 1181/1181/1181 1217/1217/1217 1182/1182/1182
f 1218/1218/1218 1220/1220/1220 1221/1221/1221
f 1218/1218/1218 1221/1221/1221 1219/1219/1219
f 1220/1220/1220 1222/1222/1222 1223/1223/1223
f 1220/1220/1220 1223/1223/1223 1221/1221/1221
f 1255/1255/1255 1226/1226/1226 1227/1227/1227
f 1255/1255/1255 1227/1227/1227 1256/1256/1256
f 1226/1226/1226 1228/1228/1228 1229/1229/1229
f 1226/1226/1226 1229/1229/1229 1227/1227/1227
f 1228/1228/1228 1230/1230/1230 1229/1229/1229
f 1231/1231/1231 1232/1232/1232 1234/1234/1234
f 1231/1231/1231 1234/1234/1234 1233/1233/1233
f 1232/1232/1232 1231/1231/1231 1235/1235/1235
f 1232/1232/1232 1235/1235/1235 1236/1236/1236
f 1236/1236/1236 1235/1235/1235 1237/1237/1237
f 1236/1236/1236 1237/1237/1237 1238/1238/1238
f 1238/1238/1238 1237/1237/1237 1239/1239/1239
f 1238/1238/1238 1239/1239/1239 1240/1240/1240
f 1240/1240/1240 1239/1239/1239 1241/1241/1241
f 1240/1240/1240 1241/1241/1241 1242/1242/1242
f 1242/1242/1242 1241/1241/1241 1243/1243/1243
f 1242/1242/1242 1243/1243/1243 1244/1244/1244
f 1244/1244/1244 1243/1243/1243 1245/1245/1245
f 1244/1244/1244 1245/1245/1245 1246/1246/1246
f 1246/1246/1246 1245/1245/1245 1247/1247/1247
f 1246/1246/1246 1247/1247/1247 1248/1248/1248
f 1248/1248/1248 1247/1247/1247 1249/1249/1249
f 1248/1248/1248 1249/1249/1249 1250/1250/1250
f 1250/1250/1250 1249/1249/1249 1251/1251/1251
f 1250/1250/1250 1251/1251/1251 1252/1252/1252
f 1252/1252/1252 1251/1251/1251 1253/1253/1253
f 1252/1252/1252 1253/1253/1253 1254/1254/1254
f 1257/1257/1257 1224/1224/1224 1225/1225/1225
f 1257/1257/1257 1225/1225/1225 1258/1258/1258
f 1224/1224/1224 1255/1255/1255 1256/1256/1256
f 1224/1224/1224 1256/1256/1256 1225/1225/1225
f 1222/1222/1222 1257/1257/1257 1258/1258/1258
f 1222/1222/1222 1258/1258/1258 1223/1223/1223
f 1259/1259/1259 1260/1260/1260 1262/1262/1262
f 1259/1259/1259 1262/1262/1262 1261/1261/1261
f 1273/1273/1273 1272/1272/1272 1264/1264/1264
f 1273/1273/1273 1264/1264/1264 1263/1263/1263
f 1264/1264/1264 1266/1266/1266 1265/1265/1265
f 1264/1264/1264 1265/1265/1265 1271/1271/1271
f 1265/1265/1265 1266/1266/1266 1268/1268/1268
f 1265/1265/1265 1268/1268/1268 1267/1267/1267
f 1267/1267/1267 1268/1268/1268 1270/1270/1270
f 1267/1267/1267 1270/1270/1270 1269/1269/1269
f 1263/1263/1263 1264/1264/1264 1271/1271/1271
f 1261/1261/1261 1262/1262/1262 1272/1272/1272
f 1261/1261/1261 1272/1272/1272 1273/1273/1273
f 1269/1269/1269 1270/1270/1270 1274/1274/1274
f 1275/1275/1275 1276/1276/1276 1278/1278/1278
f 1275/1275/1275 1278/1278/1278 1277/1277/1277
f 1277/1277/1277 1278/1278/1278 1280/1280/1280
f 1277/1277/1277 1280/1280/1280 1279/1279/1279
f 1279/1279/1279 1280/1280/1280 1282/1282/1282
f 1279/1279/1279 1282/1282/1282 1281/1281/1281
f 1281/1281/1281 1282/1282/1282 1284/1284/1284
f 1281/1281/1281 1284/1284/1284 1283/1283/1283
f 1283/1283/1283 1284/1284/1284 1286/1286/1286
f 1283/1283/1283 1286/1286/1286 1285/1285/1285
f 1285/1285/1285 1286/1286/1286 1288/1288/1288
f 1285/1285/1285 1288/1288/1288 1287/1287/1287
f 1287/1287/1287 1288/1288/1288 1290/1290/1290
f 1287/1287/1287 1290/1290/1290 1289/1289/1289
f 1291/1291/1291 1292/1292/1292 1294/1294/1294
f 1291/1291/1291 1294/1294/1294 1293/1293/1293
f 1305/1305/1305 1304/1304/1304 1296/1296/1296
f 1305/1305/1305 1296/1296/1296 1295/1295/1295
f 1296/1296/1296 1298/1298/1298 1297/1297/1297
f 1296/1296/1296 1297/1297/1297 1303/1303/1303
f 1297/1297/1297 1298/1298/1298 1300/1300/1300
f 1297/1297/1297 1300/1300/1300 1299/1299/1299
f 1299/1299/1299 1300/1300/1300 1302/1302/1302
f 1299/1299/1299 1302/1302/1302 1301/1301/1301
f 1295/1295/1295 1296/1296/1296 1303/1303/1303
f 1293/1293/1293 1294/1294/1294 1304/1304/1304
f 1293/1293/1293 1304/1304/1304 1305/1305/1305
f 1301/1301/1301 1302/1302/1302 1306/1306/1306
f 1307/1307/1307 1308/1308/1308 1310/1310/1310
f 1307/1307/1307 1310/1310/1310 1309/1309/1309
f 1309/1309/1309 1310/1310/1310 1312/1312/1312
f 1309/1309/1309 1312/1312/1312 1311/1311/1311
f 1311/1311/1311 1312/1312/1312 1314/1314/1314
f 1311/1311/1311 1314/1314/1314 1313/1313/1313
f 1313/1313/1313 1314/1314/1314 1316/1316/1316
f 1313/1313/1313 1316/1316/1316 1315/1315/1315
f 1315/1315/1315 1316/1316/1316 1318/1318/1318
f 1315/1315/1315 1318/1318/1318 1317/1317/1317
f 1317/1317/1317 1318/1318/1318 1320/1320/1320
f 1317/1317/1317 1320/1320/1320 1319/1319/1319
f 1319/1319/1319 1320/1320/1320 1322/1322/1322
f 1319/1319/1319 1322/1322/1322 1321/1321/1321
f 1323/1323/1323 1325/1325/1325 1326/1326/1326
f 1323/1323/1323 1326/1326/1326 1324/1324/1324
f 1325/1325/1325 1327/1327/1327 1328/1328/1328
f 1325/1325/1325 1328/1328/1328 1326/1326/1326
f 1327/1327/1327 1329/1329/1329 1330/1330/1330
f 1327/1327/1327 1330/1330/1330 1328/1328/1328
f 1329/1329/1329 1331/1331/1331 1332/1332/1332
f 1329/1329/1329 1332/1332/1332 1330/1330/1330
f 1331/1331/1331 1333/1333/1333 1334/1334/1334
f 1331/1331/1331 1334/1334/1334 1332/1332/1332
f 1333/1333/1333 1335/1335/1335 1336/1336/1336
f 1333/1333/1333 1336/1336/1336 1334/1334/1334
f 1335/1335/1335 1337/1337/1337 1338/1338/1338
f 1335/1335/1335 1338/1338/1338 1336/1336/1336
f 1337/1337/1337 1339/1339/1339 1340/1340/1340
f 1337/1337/1337 1340/1340/1340 1338/1338/1338
f 1339/1339/1339 1341/1341/1341 1342/1342/1342
f 1339/1339/1339 1342/1342/1342 1340/1340/1340
f 1343/1343/1343 1345/1345/1345 1346/1346/1346
f 1343/1343/1343 1346/1346/1346 1344/1344/1344
f 1345/1345/1345 1347/1347/1347 1348/1348/1348
f 1345/1345/1345 1348/1348/1348 1346/1346/1346
f 1347/1347/1347 1349/1349/1349 1350/1350/1350
f 1347/1347/1347 1350/1350/1350 1348/1348/1348
f 1349/1349/1349 1351/1351/1351 1352/1352/1352
f 1349/1349/1349 1352/1352/1352 1350/1350/1350
f 1351/1351/1351 1353/1353/1353 1354/1354/1354
f 1351/1351/1351 1354/1354/1354 1352/1352/1352
f 1353/1353/1353 1355/1355/1355 1356/1356/1356
f 1353/1353/1353 1356/1356/1356 1354/1354/1354
f 1355/1355/1355 1357/1357/1357 1358/1358/1358
f 1355/1355/1355 1358/1358/1358 1356/1356/1356
f 1357/1357/1357 1359/1359/1359 1360/1360/1360
f 1357/1357/1357 1360/1360/1360 1358/1358/1358
f 1359/1359/1359 1361/1361/1361 1362/1362/1362
f 1359/1359/1359 1362/1362/1362 1360/1360/1360
f 1363/1363/1363 1364/1364/1364 1366/1366/1366
f 1363/1363/1363 1366/1366/1366 1365/1365/1365
f 1365/1365/1365 1366/1366/1366 1368/1368/1368
f 1365/1365/1365 1368/1368/1368 1367/1367/1367
f 1367/1367/1367 1368/1368/1368 1370/1370/1370
f 1367/1367/1367 1370/1370/1370 1369/1369/1369
f 1369/1369/1369 1370/1370/1370 1373/1373/1373
f 1369/1369/1369 1373/1373/1373 1372/1372/1372
f 1371/1371/1371 1369/1369/1369 1372/1372/1372
f 1372/1372/1372 1373/1373/1373 1375/1375/1375
f 1372/1372/1372 1375/1375/1375 1374/1374/1374
f 1371/1371/1371 1372/1372/1372 1374/1374/1374
f 1371/1371/1371 1374/1374/1374 1376/1376/1376
f 1378/1378/1378 1380/1380/1380 1379/1379/1379
f 1378/1378/1378 1379/1379/1379 1377/1377/1377
f 1380/1380/1380 1382/1382/1382 1381/1381/1381
f 1380/1380/1380 1381/1381/1381 1379/1379/1379
f 1382/1382/1382 1384/1384/1384 1383/1383/1383
f 1382/1382/1382 1383/1383/1383 1381/1381/1381
f 1384/1384/1384 1386/1386/1386 1385/1385/1385
f 1384/1384/1384 1385/1385/1385 1383/1383/1383
