# shrub - imported by tools/vegetation-import. Do not hand-edit.
# UVs are TOP-DOWN (glTF convention: v = 0 at the top of the image). OloEngine's Model flips the v of every OBJ it imports, so this is what renders correctly; see docs/agent-rules/vegetation-asset-import.md rule 4.
mtllib shrub.mtl
o shrub
v -0.232517 0.112963 0.317185
v -0.227547 0.111632 0.320791
v -0.238587 0.085864 0.321445
v -0.23272 0.085864 0.325231
v -0.210597 0.155347 0.319979
v -0.215584 0.157638 0.3161
v -0.229596 0.123264 0.316139
v -0.225041 0.121311 0.319647
v -0.205412 0.163203 0.321433
v -0.211184 0.166861 0.31669
v -0.201176 0.171537 0.3222
v -0.205195 0.174514 0.31879
v -0.17995 0.19969 0.329741
v -0.183608 0.203696 0.326325
v -0.174326 0.205002 0.332301
v -0.178675 0.21068 0.328024
v -0.168393 0.212956 0.334461
v -0.171856 0.216719 0.331233
v -0.138345 0.239962 0.348395
v -0.140895 0.244084 0.345702
v -0.133114 0.243323 0.351085
v -0.135877 0.249486 0.347761
v -0.127853 0.248503 0.353345
v -0.130463 0.252853 0.35056
v -0.108299 0.26339 0.362507
v -0.110116 0.267918 0.3602
v -0.102611 0.266524 0.36537
v -0.105102 0.27267 0.362219
v -0.0956888 0.272875 0.368167
v -0.0974255 0.277206 0.365955
v -0.0697324 0.29026 0.379477
v -0.0715359 0.294995 0.37711
v -0.0574167 0.298184 0.384467
v -0.0594838 0.302722 0.381998
v -0.0532074 0.300497 0.38619
v -0.0557763 0.305707 0.383249
v -0.0481498 0.303479 0.388164
v -0.0481498 0.303479 0.388164
v -0.0505423 0.309296 0.385147
v -0.0505423 0.309296 0.385147
v -0.235293 0.0863621 0.325814
v -0.230178 0.112576 0.321203
v -0.213073 0.156426 0.320456
v -0.227403 0.122303 0.320223
v -0.208001 0.164626 0.32175
v -0.203269 0.172692 0.322913
v -0.18194 0.201011 0.330483
v -0.176395 0.206754 0.332888
v -0.169994 0.214134 0.3355
v -0.139899 0.241428 0.349397
v -0.135004 0.245521 0.351686
v -0.129599 0.250039 0.354202
v -0.10976 0.264871 0.363565
v -0.104134 0.268892 0.366162
v -0.0970251 0.274213 0.369338
v -0.071033 0.291689 0.380643
v -0.0587276 0.299499 0.385657
v -0.0547465 0.302247 0.387126
v -0.0496977 0.305496 0.389018
v -0.0496977 0.305496 0.389018
v -0.232087 0.112979 0.31985
v -0.21533 0.157436 0.318708
v -0.21084 0.166324 0.319442
v -0.205312 0.174207 0.321179
v -0.183842 0.203206 0.32868
v -0.178842 0.209792 0.330519
v -0.172259 0.216094 0.333506
v -0.141515 0.243474 0.347825
v -0.136377 0.248128 0.350143
v -0.13089 0.252191 0.352824
v -0.110764 0.267336 0.362299
v -0.105456 0.271794 0.364582
v -0.0980294 0.276571 0.368097
v -0.0722008 0.294546 0.379167
v -0.060085 0.302413 0.384054
v -0.0561493 0.305013 0.385543
v -0.0508814 0.308374 0.387526
v -0.0508814 0.308374 0.387526
v -0.238195 0.0863622 0.323942
v -0.229421 0.123208 0.318658
v -0.233249 0.0853659 0.322646
v -0.228119 0.111651 0.318023
v -0.210972 0.155615 0.317273
v -0.225337 0.121405 0.31704
v -0.205889 0.163833 0.318569
v -0.201149 0.171913 0.319734
v -0.179796 0.200265 0.327312
v -0.174248 0.206011 0.329719
v -0.167846 0.213391 0.332331
v -0.13777 0.240669 0.346219
v -0.132882 0.244757 0.348505
v -0.127485 0.249268 0.351017
v -0.107689 0.264068 0.36036
v -0.102078 0.268079 0.36295
v -0.0949906 0.273385 0.366116
v -0.0690964 0.290794 0.377379
v -0.0568482 0.298568 0.382371
v -0.052888 0.301304 0.383834
v -0.0478662 0.304537 0.385716
v -0.0478662 0.304537 0.385716
v -0.230029 0.112054 0.31667
v -0.213229 0.156624 0.315525
v -0.208728 0.16553 0.316261
v -0.203192 0.173428 0.318001
v -0.181698 0.20246 0.325509
v -0.176695 0.209049 0.327349
v -0.170112 0.215351 0.330337
v -0.139386 0.242716 0.344647
v -0.134255 0.247363 0.346962
v -0.128776 0.25142 0.349639
v -0.108693 0.266533 0.359094
v -0.1034 0.27098 0.361369
v -0.095995 0.275742 0.364875
v -0.0702644 0.293652 0.375903
v -0.0582051 0.301483 0.380769
v -0.0542898 0.304071 0.382251
v -0.0490499 0.307414 0.384223
v -0.0490499 0.307414 0.384223
v -0.236151 0.0853659 0.320774
v -0.227354 0.122311 0.315475
v -0.0275338 0.322068 0.393569
v -0.0258657 0.316595 0.396104
v 0.0154872 0.337124 0.408338
v 0.0131388 0.342632 0.405478
v -0.0186261 0.327014 0.396428
v -0.0173602 0.321575 0.398763
v 0.0243785 0.34004 0.410814
v 0.0219315 0.347102 0.407387
v 0.0327401 0.344346 0.412387
v 0.031063 0.349514 0.409926
v 0.06674 0.356105 0.418639
v 0.0651849 0.361586 0.416117
v 0.0746844 0.357713 0.420078
v 0.0730951 0.364943 0.416869
v 0.0841451 0.361583 0.420706
v 0.0824072 0.366615 0.418329
v 0.126083 0.370199 0.423929
v 0.125066 0.37487 0.421879
v 0.132837 0.370632 0.424433
v 0.132363 0.377082 0.421697
v 0.140333 0.372531 0.424272
v 0.139285 0.377357 0.422164
v 0.166364 0.375916 0.424154
v 0.166177 0.380407 0.422233
v 0.173442 0.3759 0.424312
v 0.173171 0.38197 0.421716
v 0.183 0.377803 0.423488
v 0.182839 0.38203 0.421674
v 0.216111 0.379483 0.421507
v 0.21606 0.383889 0.419595
v 0.231514 0.379866 0.420062
v 0.231118 0.384164 0.418225
v 0.236596 0.379717 0.419631
v 0.235941 0.384704 0.417519
v 0.242757 0.379653 0.418958
v 0.242757 0.379653 0.418958
v 0.242494 0.384967 0.416665
v 0.242494 0.384967 0.416665
v -0.0272097 0.318915 0.396968
v 0.0141321 0.339301 0.409223
v -0.0185628 0.323675 0.39976
v 0.0231056 0.342562 0.411609
v 0.0316926 0.34629 0.413466
v 0.065867 0.358091 0.419735
v 0.0739417 0.360105 0.421041
v 0.083614 0.363229 0.422
v 0.125822 0.37204 0.425123
v 0.132525 0.373238 0.425293
v 0.139927 0.374504 0.425377
v 0.166287 0.377676 0.425321
v 0.17365 0.378394 0.425159
v 0.183031 0.379367 0.424706
v 0.216247 0.381043 0.422648
v 0.2316 0.381317 0.421219
v 0.236613 0.381581 0.420603
v 0.24286 0.381702 0.419826
v 0.24286 0.381702 0.419826
v -0.02793 0.32094 0.395977
v 0.0130522 0.34177 0.407929
v 0.0218417 0.345952 0.409929
v 0.0308413 0.348919 0.412215
v 0.0651109 0.361039 0.4184
v 0.0729746 0.364041 0.419271
v 0.0822515 0.366085 0.420566
v 0.124952 0.374527 0.423999
v 0.132113 0.376059 0.424076
v 0.139408 0.376892 0.424334
v 0.16617 0.380127 0.424272
v 0.173371 0.381324 0.423903
v 0.182882 0.381694 0.423707
v 0.216136 0.383739 0.421484
v 0.231316 0.384091 0.420037
v 0.236226 0.384246 0.419478
v 0.24273 0.384331 0.418692
v 0.24273 0.384331 0.418692
v -0.0190942 0.326115 0.39873
v -0.0255139 0.317881 0.393625
v 0.015516 0.338125 0.405815
v -0.0169262 0.322611 0.396401
v 0.0244137 0.341357 0.408192
v 0.0329239 0.345059 0.410042
v 0.0667779 0.356769 0.416301
v 0.0747754 0.358766 0.41761
v 0.0843531 0.361872 0.418575
v 0.126188 0.370645 0.421765
v 0.132839 0.371841 0.421951
v 0.140186 0.373108 0.422053
v 0.166366 0.376291 0.422074
v 0.173682 0.377014 0.421935
v 0.183007 0.377996 0.421515
v 0.216037 0.379712 0.419583
v 0.231311 0.380009 0.418221
v 0.236299 0.380281 0.417627
v 0.242515 0.380413 0.416879
v 0.242515 0.380413 0.416879
v -0.0262346 0.319906 0.392633
v 0.0144381 0.340595 0.404522
v 0.0231514 0.344748 0.406512
v 0.0320731 0.347687 0.408791
v 0.0660222 0.359717 0.414966
v 0.0738089 0.362702 0.41584
v 0.0829974 0.364729 0.417141
v 0.125322 0.373132 0.42064
v 0.132427 0.374662 0.420734
v 0.139668 0.375496 0.421011
v 0.166249 0.378742 0.421026
v 0.173404 0.379944 0.420679
v 0.182858 0.380323 0.420516
v 0.215926 0.382407 0.418419
v 0.231027 0.382782 0.417038
v 0.235913 0.382946 0.416501
v 0.242384 0.383042 0.415744
v 0.242384 0.383042 0.415744
v -0.0174599 0.32505 0.395371
v 0.269845 0.38395 0.413197
v 0.26958 0.379389 0.415246
v 0.316494 0.376578 0.40617
v 0.315895 0.381109 0.404332
v 0.280258 0.383597 0.411477
v 0.279649 0.379299 0.413486
v 0.325861 0.375115 0.404111
v 0.32553 0.380607 0.401781
v 0.335034 0.374849 0.401364
v 0.334802 0.378759 0.399709
v 0.369978 0.372213 0.389961
v 0.369332 0.375997 0.388521
v 0.377786 0.371604 0.387161
v 0.377149 0.376397 0.385268
v 0.38718 0.372541 0.38299
v 0.385962 0.375884 0.381981
v 0.426495 0.376917 0.365293
v 0.425316 0.379479 0.364612
v 0.432618 0.377931 0.362469
v 0.431733 0.381469 0.361241
v 0.439273 0.379948 0.359004
v 0.437918 0.38242 0.358428
v 0.461991 0.386937 0.347488
v 0.461251 0.38913 0.346805
v 0.468159 0.388728 0.344492
v 0.467092 0.39161 0.343632
v 0.475886 0.392964 0.339933
v 0.475643 0.393585 0.339752
v 0.269958 0.381487 0.415979
v 0.316684 0.378439 0.406905
v 0.280068 0.381154 0.414285
v 0.326185 0.377135 0.404706
v 0.335361 0.376386 0.40214
v 0.370198 0.373615 0.390696
v 0.378097 0.373203 0.387737
v 0.387512 0.373612 0.383752
v 0.426703 0.377952 0.365933
v 0.432674 0.379356 0.362965
v 0.439233 0.380968 0.359685
v 0.462097 0.387788 0.348078
v 0.468368 0.389984 0.344841
v 0.47593 0.393195 0.340115
v 0.269955 0.38322 0.415218
v 0.31639 0.380481 0.406084
v 0.325942 0.379806 0.403598
v 0.335245 0.378374 0.401298
v 0.369926 0.375631 0.389901
v 0.377655 0.375831 0.386737
v 0.38647 0.375563 0.383298
v 0.425781 0.379282 0.365702
v 0.432102 0.380882 0.36251
v 0.438563 0.382192 0.3594
v 0.461679 0.388981 0.347711
v 0.467725 0.391335 0.344489
v 0.475779 0.393532 0.340024
v 0.280376 0.383066 0.413383
v 0.269482 0.380251 0.413166
v 0.315985 0.377319 0.404373
v 0.279544 0.37994 0.411527
v 0.325444 0.376044 0.402239
v 0.334585 0.375323 0.399739
v 0.369366 0.372658 0.388552
v 0.377272 0.37227 0.385651
v 0.386703 0.372707 0.381733
v 0.426018 0.377173 0.364183
v 0.432013 0.378598 0.361256
v 0.438597 0.380232 0.35802
v 0.461548 0.387133 0.346566
v 0.467842 0.389351 0.343373
v 0.47577 0.393 0.33966
v 0.269478 0.381984 0.412405
v 0.315692 0.37936 0.40355
v 0.325202 0.378715 0.40113
v 0.334469 0.37731 0.398896
v 0.369095 0.374674 0.387757
v 0.37683 0.374897 0.38465
v 0.38566 0.374656 0.381275
v 0.425095 0.378502 0.363949
v 0.431441 0.380123 0.3608
v 0.437926 0.381455 0.357734
v 0.461131 0.388326 0.3462
v 0.4672 0.390702 0.34302
v 0.47562 0.393337 0.339569
v 0.279851 0.381853 0.410627
v -0.191547 0.119794 0.244734
v -0.189832 0.118704 0.245855
v -0.193407 0.123326 0.231671
v -0.187609 0.116834 0.234916
v -0.193542 0.122135 0.214057
v -0.183878 0.111834 0.216651
v -0.193466 0.110683 0.19596
v -0.183081 0.0999163 0.200483
v -0.193396 0.0954137 0.178605
v -0.180715 0.0842572 0.185005
v -0.190082 0.07836 0.168267
v -0.179928 0.0679863 0.173424
v -0.187883 0.0586088 0.15695
v -0.181889 0.0485882 0.160961
v -0.197946 0.0345092 0.142518
v -0.195279 0.0287595 0.145811
v -0.209815 0.0185934 0.136156
v -0.207369 0.0168693 0.137397
v -0.212488 0.0108119 0.134334
v -0.210897 0.0100864 0.134757
v -0.215834 0.00529601 0.132804
v -0.21436 0.00449102 0.13317
v -0.220095 0 0.131639
v -0.212949 0.00367275 0.132894
v -0.209337 0.00940948 0.134451
v -0.20465 0.0158433 0.136618
v -0.189194 0.0275428 0.1448
v -0.173192 0.049204 0.160477
v -0.169523 0.0697639 0.17294
v -0.168509 0.0861274 0.186355
v -0.17042 0.102019 0.202597
v -0.17317 0.113374 0.217861
v -0.183083 0.11731 0.236872
v -0.187443 0.118399 0.245538
v -0.127741 0.192319 0.121958
v -0.128271 0.193877 0.123799
v -0.117309 0.192063 0.111845
v -0.117158 0.197023 0.120391
v -0.100259 0.193454 0.10409
v -0.0976479 0.202057 0.116442
v -0.0775299 0.193806 0.105613
v -0.0764971 0.202924 0.119478
v -0.0535444 0.193593 0.11104
v -0.0541173 0.204897 0.126568
v -0.0352718 0.195893 0.122147
v -0.0350269 0.204757 0.13593
v -0.0146842 0.196771 0.135083
v -0.0134539 0.201413 0.147308
v 0.0113109 0.184494 0.148543
v 0.0111099 0.186251 0.155933
v 0.0256418 0.170589 0.158198
v 0.0253069 0.172822 0.160801
v 0.0313744 0.166959 0.164059
v 0.0313126 0.168499 0.165193
v 0.0356935 0.162883 0.167865
v 0.0357282 0.164296 0.169025
v 0.0395803 0.157837 0.171506
v 0.0363709 0.165701 0.169866
v 0.0319074 0.170083 0.165912
v 0.0264947 0.175627 0.161788
v 0.0125338 0.192593 0.157511
v -0.0135168 0.210687 0.147867
v -0.0357221 0.215974 0.135685
v -0.0566132 0.217844 0.127441
v -0.0798349 0.216306 0.120591
v -0.0998096 0.213401 0.117313
v -0.119332 0.201657 0.121646
v -0.127874 0.196381 0.124299
v -0.0851886 0.259651 0.0455577
v -0.0840829 0.259955 0.0476154
v -0.0812266 0.261122 0.0323496
v -0.0756159 0.259997 0.0398464
v -0.0710142 0.260117 0.0176544
v -0.0604156 0.25864 0.0275562
v -0.0546539 0.251381 0.00630854
v -0.0443822 0.250027 0.0183251
v -0.0365639 0.239711 -0.00303749
v -0.0256162 0.239586 0.0116724
v -0.0192145 0.228831 -0.00440245
v -0.00966027 0.227626 0.00792038
v -0.000539297 0.215141 -0.00609854
v 0.00675474 0.211439 0.00339869
v 0.0143486 0.18996 -0.0139669
v 0.0174932 0.187323 -0.00798883
v 0.019072 0.169857 -0.0186109
v 0.0209399 0.170161 -0.0159215
v 0.0226999 0.162109 -0.0184871
v 0.0239031 0.162611 -0.0172076
v 0.0244643 0.155653 -0.0192019
v 0.0256677 0.156016 -0.0179911
v 0.0253134 0.148757 -0.0200614
v 0.0271888 0.156326 -0.0173515
v 0.025458 0.163129 -0.0165821
v 0.0236985 0.171182 -0.0150968
v 0.0226606 0.190435 -0.00590374
v 0.0122964 0.217695 0.00635748
v -0.00366592 0.235908 0.0111686
v -0.0195131 0.249137 0.0172003
v -0.0385332 0.260059 0.0246107
v -0.0550188 0.266943 0.032463
v -0.0740271 0.263373 0.0432191
v -0.0821936 0.261309 0.0484406
v -0.0804784 0.261214 0.0451416
v -0.0853316 0.261963 0.0461667
v -0.0702436 0.274792 0.0462148
v -0.0825266 0.275465 0.0416764
v -0.061192 0.294423 0.0439498
v -0.0790389 0.299123 0.0348828
v -0.0572735 0.32229 0.0411875
v -0.0762776 0.325929 0.0327613
v -0.0598361 0.354794 0.0430816
v -0.0808627 0.355489 0.0335081
v -0.0691823 0.387374 0.0478927
v -0.0877186 0.385828 0.0397564
v -0.080745 0.419849 0.057619
v -0.0949936 0.418379 0.0525449
v -0.0955334 0.449703 0.0714904
v -0.105037 0.447754 0.0691704
v -0.109441 0.465788 0.0812867
v -0.114516 0.463296 0.0814023
v -0.117796 0.471894 0.0895944
v -0.121141 0.469254 0.0908481
v -0.1227 0.47843 0.0982166
v -0.125974 0.475711 0.0996825
v -0.126092 0.483796 0.10792
v -0.126569 0.478165 0.095911
v -0.121488 0.471392 0.0866604
v -0.115643 0.465082 0.0762717
v -0.108377 0.448287 0.0615877
v -0.100662 0.418949 0.0435386
v -0.0951679 0.386028 0.0294337
v -0.0905295 0.355041 0.0217466
v -0.0862585 0.326096 0.0210408
v -0.0874159 0.299993 0.0237443
v -0.0857776 0.273002 0.0350577
v -0.085345 0.261676 0.0409827
v -0.10073 0.230545 0.0756514
v -0.103573 0.230844 0.0782255
v -0.0888759 0.234441 0.0795181
v -0.0973385 0.239103 0.0822987
v -0.0760057 0.243172 0.0855103
v -0.0872413 0.253087 0.0904137
v -0.0637793 0.255925 0.0987236
v -0.0775272 0.26491 0.104562
v -0.06565 0.253888 0.131007
v -0.0791958 0.265376 0.132578
v -0.0791502 0.242901 0.160027
v -0.0863456 0.256704 0.160211
v -0.0843868 0.243431 0.186982
v -0.0905227 0.253336 0.187071
v -0.0939149 0.24302 0.212958
v -0.0986849 0.248976 0.212439
v -0.101334 0.244662 0.228936
v -0.104927 0.247093 0.228262
v -0.10473 0.24472 0.238064
v -0.108021 0.245693 0.237586
v -0.106515 0.242833 0.246766
v -0.109847 0.243693 0.246493
v -0.109921 0.239337 0.254198
v -0.107449 0.246152 0.247055
v -0.105589 0.248262 0.237882
v -0.102767 0.250642 0.228618
v -0.0969672 0.255104 0.212263
v -0.0894779 0.26144 0.187037
v -0.0857827 0.266446 0.159959
v -0.0826851 0.276493 0.131093
v -0.0852008 0.274574 0.103265
v -0.0937953 0.26144 0.0890309
v -0.101161 0.242563 0.0793073
v -0.104286 0.233943 0.0758297
v -0.0479572 0.317988 -0.00502891
v -0.0487559 0.319382 -0.00410901
v -0.0384847 0.320596 -0.00258368
v -0.0394535 0.321671 -0.000967195
v -0.0248792 0.325249 -0.00156787
v -0.0316918 0.328091 0.0040525
v -0.0109043 0.334814 0.00653513
v -0.0221687 0.338116 0.0134346
v 0.00124803 0.3469 0.0246217
v -0.0115973 0.350499 0.031175
v 0.00997518 0.355155 0.0424037
v -0.000503713 0.358405 0.0518673
v -0.00880528 0.371399 0.0496578
v 0.00351408 0.366051 0.0709171
v 0.0126564 0.360728 0.0543458
v 0.0158347 0.365182 0.0669177
v 0.0178089 0.371422 0.0885032
v 0.0076798 0.371733 0.0918112
v 0.0173678 0.375529 0.116699
v 0.0129164 0.376121 0.117657
v 0.0167524 0.381569 0.13368
v 0.0151693 0.382359 0.134172
v 0.0136399 0.383155 0.132452
v 0.010694 0.379214 0.117561
v 0.00376818 0.379754 0.0902035
v -0.00190006 0.376914 0.0686307
v -0.0190437 0.362457 0.02811
v -0.0278851 0.347589 0.00973583
v -0.035166 0.334009 0.0021315
v -0.0398159 0.323639 -0.00135564
v -0.0492687 0.321068 -0.00388528
v -0.00351054 0.392082 -0.0570942
v -0.00179099 0.390581 -0.056634
v 0.000962498 0.394824 -0.0681129
v 0.00278694 0.393386 -0.0679308
v -0.000769456 0.401772 -0.0825445
v 0.00806897 0.396351 -0.0807934
v 0.000592034 0.407602 -0.103682
v 0.0121824 0.399039 -0.100985
v 0.00814195 0.406592 -0.132767
v 0.0200469 0.397068 -0.129274
v 0.0137822 0.398802 -0.166206
v 0.0258452 0.388919 -0.158439
v 0.0210211 0.385533 -0.187125
v 0.0308865 0.377555 -0.18093
v 0.0273969 0.369344 -0.208646
v 0.0352657 0.36324 -0.203932
v 0.0345648 0.349925 -0.233952
v 0.0383899 0.347486 -0.231942
v 0.0410252 0.340494 -0.251568
v 0.0429556 0.339511 -0.251296
v 0.0445179 0.339545 -0.248903
v 0.0424809 0.346243 -0.231224
v 0.0445629 0.361742 -0.201978
v 0.0437973 0.375874 -0.178454
v 0.0415024 0.387344 -0.154911
v 0.0365755 0.395718 -0.125124
v 0.0241072 0.398008 -0.0975086
v 0.0154589 0.395114 -0.0778921
v 0.00500061 0.393493 -0.0674046
v 0.000326918 0.390615 -0.0557929
v -0.0317769 0.345315 -0.0246554
v -0.0312666 0.344353 -0.0264752
v -0.0360913 0.354835 -0.0296842
v -0.0362983 0.353357 -0.0316718
v -0.0396172 0.369669 -0.0360263
v -0.0394673 0.360725 -0.0417667
v -0.0458818 0.382948 -0.0517416
v -0.0445879 0.368864 -0.0583184
v -0.0579471 0.390765 -0.076402
v -0.0554946 0.375199 -0.0828512
v -0.0708615 0.394388 -0.0970042
v -0.0720577 0.380102 -0.10537
v -0.0580129 0.374537 -0.114867
v -0.0844225 0.378123 -0.125799
v -0.0781605 0.39346 -0.11054
v -0.0869408 0.392606 -0.123536
v -0.101473 0.387199 -0.144207
v -0.0996885 0.375212 -0.145713
v -0.12187 0.376211 -0.167206
v -0.120372 0.371223 -0.167944
v -0.131623 0.369866 -0.184277
v -0.130828 0.368136 -0.185172
v -0.128222 0.367347 -0.184564
v -0.11728 0.369466 -0.170474
v -0.0913331 0.373158 -0.151534
v -0.0729671 0.375262 -0.133596
v -0.0417978 0.370694 -0.0909055
v -0.0327637 0.365996 -0.0638483
v -0.0324446 0.35888 -0.0454975
v -0.0345072 0.353483 -0.033166
v -0.0301064 0.344025 -0.0281156
v -0.0464325 0.322809 -0.00576645
v -0.0470759 0.321042 -0.00727139
v -0.0474994 0.336933 -0.00637044
v -0.0526127 0.330525 -0.0114458
v -0.0546806 0.353544 -0.00938576
v -0.0634758 0.345948 -0.0184401
v -0.0683898 0.371174 -0.0136684
v -0.0767848 0.36151 -0.0231158
v -0.0859038 0.3866 -0.0176537
v -0.0940555 0.3742 -0.029006
v -0.108023 0.396606 -0.0239713
v -0.114782 0.384888 -0.0327594
v -0.134933 0.403012 -0.0277869
v -0.140383 0.393659 -0.0331973
v -0.163464 0.405724 -0.0276369
v -0.166249 0.399779 -0.0312996
v -0.181627 0.405955 -0.0275144
v -0.182565 0.403709 -0.0295873
v -0.191425 0.407574 -0.0277243
v -0.191893 0.406389 -0.0290703
v -0.199175 0.410935 -0.0269856
v -0.199844 0.409885 -0.0282686
v -0.205941 0.414825 -0.0255531
v -0.200334 0.40936 -0.0298341
v -0.192176 0.405758 -0.0307286
v -0.182899 0.402874 -0.0325639
v -0.166337 0.398854 -0.0373093
v -0.140239 0.392718 -0.0419342
v -0.113565 0.383331 -0.0432723
v -0.0914086 0.371179 -0.041252
v -0.0738477 0.35765 -0.0356897
v -0.0613067 0.343343 -0.0292248
v -0.0513723 0.327973 -0.0157333
v -0.0474305 0.320804 -0.00975662
v 0.0294486 0.442445 -0.0846205
v 0.0290642 0.439342 -0.0856092
v 0.0236052 0.450195 -0.0900786
v 0.0270426 0.443366 -0.0939507
v 0.0178194 0.458446 -0.100093
v 0.023022 0.449353 -0.108512
v 0.00917692 0.463834 -0.115903
v 0.0144478 0.452385 -0.123773
v -0.0116343 0.449329 -0.12683
v -0.00274252 0.440038 -0.134932
v -0.029007 0.426381 -0.12875
v -0.0209316 0.422648 -0.138596
v -0.0440337 0.411811 -0.139238
v -0.037814 0.408426 -0.146204
v -0.0570372 0.394325 -0.148268
v -0.0524874 0.391715 -0.152141
v -0.0636782 0.382642 -0.155116
v -0.0608521 0.380537 -0.156375
v -0.0681508 0.376487 -0.158438
v -0.0661298 0.37435 -0.158701
v -0.0737476 0.371461 -0.160266
v -0.071885 0.369197 -0.160522
v -0.0784779 0.365539 -0.160249
v -0.0722886 0.371058 -0.162797
v -0.0663339 0.376355 -0.160959
v -0.0606104 0.382436 -0.15937
v -0.0507405 0.393812 -0.156831
v -0.0351313 0.410209 -0.15238
v -0.0172874 0.42436 -0.145878
v 0.00387305 0.439397 -0.142421
v 0.022096 0.44838 -0.129883
v 0.0297692 0.446054 -0.113698
v 0.0318478 0.442139 -0.0950589
v 0.032079 0.440146 -0.0869438
v 0.0430106 0.456414 -0.0936975
v 0.0413526 0.457223 -0.0929575
v 0.0490528 0.464031 -0.0899578
v 0.0475475 0.465025 -0.089119
v 0.061553 0.469034 -0.0871596
v 0.0544668 0.47391 -0.0845949
v 0.0762819 0.478325 -0.080204
v 0.066073 0.48426 -0.0760617
v 0.0900751 0.493363 -0.0646385
v 0.0788195 0.499057 -0.0602636
v 0.104047 0.506865 -0.042176
v 0.0900242 0.511192 -0.0397742
v 0.107394 0.516223 -0.0225154
v 0.0960679 0.519837 -0.0205411
v 0.109367 0.523646 7.12952e-05
v 0.10042 0.526433 0.00160029
v 0.104704 0.523422 0.0305437
v 0.100531 0.524634 0.0309523
v 0.102863 0.525335 0.0486411
v 0.101361 0.526326 0.0491255
v 0.0995287 0.526947 0.0476382
v 0.0976264 0.52687 0.0314719
v 0.0948634 0.532482 0.00142164
v 0.0886768 0.52839 -0.0209834
v 0.0809656 0.521496 -0.0408975
v 0.0691496 0.509865 -0.0618823
v 0.0587835 0.491886 -0.0774397
v 0.049227 0.478255 -0.0854301
v 0.0464045 0.466547 -0.0895158
v 0.0400266 0.458552 -0.0934654
v 0.139625 0.609409 -0.16511
v 0.139866 0.608947 -0.161715
v 0.149583 0.611427 -0.170843
v 0.147941 0.614655 -0.162628
v 0.162662 0.616893 -0.17538
v 0.162176 0.623971 -0.163218
v 0.181163 0.623659 -0.175045
v 0.179711 0.62971 -0.160777
v 0.201185 0.612557 -0.157349
v 0.197593 0.621962 -0.145012
v 0.21057 0.594993 -0.134619
v 0.210062 0.606678 -0.127105
v 0.225819 0.587651 -0.116867
v 0.224896 0.596061 -0.110809
v 0.237854 0.579853 -0.0967433
v 0.236329 0.58509 -0.0926321
v 0.24486 0.576675 -0.0829421
v 0.243034 0.578967 -0.0803385
v 0.249112 0.574106 -0.0758022
v 0.247233 0.575106 -0.0735569
v 0.253493 0.57 -0.0703513
v 0.251702 0.570845 -0.0679892
v 0.255762 0.564925 -0.064682
v 0.253967 0.572728 -0.0689818
v 0.249366 0.577159 -0.0746923
v 0.245291 0.581832 -0.0810852
v 0.238605 0.590293 -0.0929068
v 0.227371 0.602899 -0.110201
v 0.212519 0.614968 -0.125993
v 0.19735 0.631821 -0.141438
v 0.176969 0.638339 -0.154389
v 0.159674 0.631504 -0.157887
v 0.144689 0.618494 -0.160888
v 0.138618 0.612269 -0.161929
v 0.177695 0.680222 -0.200655
v 0.178584 0.680037 -0.198732
v 0.186063 0.68702 -0.205023
v 0.187424 0.686068 -0.203164
v 0.195983 0.698945 -0.210825
v 0.19854 0.69265 -0.202612
v 0.214464 0.710032 -0.211694
v 0.215953 0.700168 -0.199644
v 0.242312 0.71535 -0.207737
v 0.242699 0.704808 -0.19431
v 0.266767 0.715904 -0.20465
v 0.271125 0.704957 -0.192891
v 0.268617 0.709339 -0.175723
v 0.294017 0.701052 -0.186712
v 0.281456 0.714095 -0.200213
v 0.296663 0.711483 -0.19704
v 0.320413 0.70364 -0.190261
v 0.318128 0.69478 -0.18212
v 0.348487 0.688578 -0.18272
v 0.347154 0.685299 -0.178808
v 0.366344 0.681669 -0.174805
v 0.3662 0.680799 -0.172888
v 0.36397 0.681345 -0.17129
v 0.346834 0.685904 -0.174485
v 0.317011 0.698476 -0.172444
v 0.292336 0.706045 -0.173537
v 0.239508 0.709616 -0.178784
v 0.212308 0.704893 -0.187642
v 0.19669 0.695426 -0.195136
v 0.187483 0.687385 -0.201227
v 0.179057 0.680679 -0.196853
v -0.0110867 0.349175 -0.0441018
v -0.0103189 0.356879 -0.0326912
v -0.0261695 0.346279 -0.0308693
v 0.0214685 0.360439 -0.0558678
v 0.0221042 0.369524 -0.0397238
v 0.0653005 0.372086 -0.0538067
v 0.0645946 0.380382 -0.0362598
v 0.103305 0.377823 -0.0427694
v 0.101248 0.385022 -0.0255836
v 0.136222 0.378996 -0.0239989
v 0.133192 0.384235 -0.0123179
v 0.166053 0.380919 -0.00153258
v 0.163982 0.38406 0.00357556
v 0.182928 0.383104 0.00702935
v 0.182037 0.384581 0.00900143
v 0.181239 0.386415 0.0107225
v 0.162223 0.388911 0.00713789
v 0.130362 0.394996 -0.0060954
v 0.0980198 0.400639 -0.0172268
v 0.0611949 0.398924 -0.0263952
v 0.0189354 0.388446 -0.0304338
v -0.0142756 0.371199 -0.0258619
v -0.0279441 0.352754 -0.0240555
v -0.0293343 0.347964 -0.0255596
v 0.114514 0.571803 -0.160562
v 0.1217 0.572239 -0.150708
v 0.109349 0.560804 -0.147195
v 0.137927 0.594575 -0.179458
v 0.148365 0.593468 -0.168303
v 0.175224 0.609632 -0.190514
v 0.182776 0.605089 -0.182127
v 0.20086 0.613511 -0.204525
v 0.208275 0.609334 -0.196912
v 0.228046 0.616044 -0.22306
v 0.234252 0.612236 -0.215972
v 0.259728 0.622407 -0.237702
v 0.262746 0.619691 -0.23393
v 0.275657 0.626092 -0.243793
v 0.27691 0.624971 -0.242128
v 0.278224 0.624086 -0.240349
v 0.265782 0.618153 -0.229642
v 0.239971 0.612255 -0.208071
v 0.214656 0.610606 -0.187895
v 0.189906 0.60589 -0.170605
v 0.155654 0.598854 -0.151996
v 0.125956 0.577267 -0.137814
v 0.112799 0.561499 -0.139292
v 0.109895 0.558849 -0.14183
v 0.148701 0.633185 -0.157878
v 0.145096 0.63141 -0.169264
v 0.141626 0.617213 -0.161034
v 0.155538 0.663842 -0.163308
v 0.149566 0.660879 -0.178107
v 0.151028 0.700696 -0.177517
v 0.143994 0.696237 -0.192346
v 0.138676 0.730262 -0.191638
v 0.131585 0.724708 -0.205361
v 0.119864 0.753514 -0.20604
v 0.115577 0.748381 -0.21542
v 0.099666 0.773317 -0.222535
v 0.0984032 0.770479 -0.22714
v 0.0915673 0.785555 -0.230464
v 0.0912403 0.784393 -0.232415
v 0.0912497 0.783383 -0.234493
v 0.0990077 0.768341 -0.232162
v 0.1178 0.744942 -0.225805
v 0.135068 0.720619 -0.220183
v 0.148075 0.691759 -0.209964
v 0.15418 0.656749 -0.195715
v 0.149054 0.627021 -0.182305
v 0.140948 0.61435 -0.168876
v 0.139687 0.613348 -0.164608
v 0.203542 0.721867 -0.239562
v 0.203794 0.728 -0.231783
v 0.195149 0.717853 -0.228351
v 0.222459 0.734972 -0.252
v 0.222854 0.742309 -0.240891
v 0.250476 0.751212 -0.255962
v 0.250249 0.757838 -0.243681
v 0.276568 0.762807 -0.25272
v 0.275587 0.768404 -0.240506
v 0.300856 0.770754 -0.243278
v 0.299006 0.774498 -0.234797
v 0.323274 0.778866 -0.23088
v 0.321792 0.780955 -0.227108
v 0.335312 0.783975 -0.226836
v 0.334627 0.784948 -0.225376
v 0.333911 0.78617 -0.224116
v 0.320036 0.784195 -0.224516
v 0.295668 0.781787 -0.230362
v 0.271275 0.779105 -0.23465
v 0.24542 0.770618 -0.236818
v 0.21805 0.755362 -0.234473
v 0.19907 0.73758 -0.226887
v 0.193413 0.722402 -0.223499
v 0.193217 0.718744 -0.224268
v 0.176479 0.684141 -0.19841
v 0.175619 0.681918 -0.198631
v 0.174118 0.689059 -0.205728
v 0.172967 0.688058 -0.206532
v 0.174821 0.702096 -0.203288
v 0.170943 0.6983 -0.210627
v 0.17203 0.717081 -0.205878
v 0.165771 0.711475 -0.215588
v 0.160553 0.741363 -0.208404
v 0.15337 0.733304 -0.221867
v 0.146528 0.759251 -0.210795
v 0.138226 0.749579 -0.225535
v 0.12485 0.774466 -0.216785
v 0.117402 0.764084 -0.229251
v 0.104673 0.782507 -0.223864
v 0.0986649 0.774157 -0.231818
v 0.0864875 0.788357 -0.231547
v 0.0821646 0.782674 -0.234889
v 0.0726111 0.792554 -0.23852
v 0.0707838 0.789041 -0.239272
v 0.062096 0.793836 -0.245146
v 0.0730013 0.78943 -0.242376
v 0.0842775 0.782753 -0.241502
v 0.100371 0.771926 -0.242707
v 0.119017 0.75969 -0.244103
v 0.137767 0.743406 -0.243092
v 0.153641 0.726567 -0.238944
v 0.167703 0.706447 -0.229056
v 0.172097 0.694407 -0.220302
v 0.173903 0.686971 -0.208394
v 0.176397 0.680719 -0.201355
v 0.200717 0.743598 -0.245477
v 0.197358 0.744491 -0.244846
v 0.199529 0.753357 -0.247464
v 0.202653 0.751459 -0.247778
v 0.200258 0.788592 -0.255067
v 0.226022 0.780567 -0.258635
v 0.197203 0.76575 -0.251561
v 0.214849 0.758446 -0.253918
v 0.207505 0.813981 -0.252648
v 0.237789 0.804598 -0.25621
v 0.223657 0.841793 -0.24031
v 0.248675 0.833106 -0.243561
v 0.242432 0.866363 -0.221588
v 0.255646 0.862152 -0.22311
v 0.254043 0.880738 -0.212347
v 0.258375 0.879359 -0.212865
v 0.262023 0.890057 -0.208592
v 0.199123 0.743165 -0.244339
v 0.200994 0.752453 -0.24699
v 0.213714 0.784813 -0.253427
v 0.20691 0.76244 -0.250743
v 0.223944 0.808611 -0.250573
v 0.236532 0.836651 -0.238312
v 0.24907 0.863799 -0.220953
v 0.256211 0.879987 -0.212435
v 0.212635 0.811682 -0.335456
v 0.208996 0.819568 -0.330074
v 0.208688 0.808173 -0.321286
v 0.219816 0.830753 -0.35959
v 0.217251 0.84108 -0.352437
v 0.230818 0.860509 -0.374181
v 0.230664 0.867178 -0.366486
v 0.245386 0.87799 -0.383714
v 0.245454 0.884463 -0.376681
v 0.263779 0.895321 -0.394873
v 0.263574 0.900828 -0.388394
v 0.279429 0.917899 -0.406154
v 0.279575 0.92045 -0.402282
v 0.286311 0.929655 -0.411426
v 0.286311 0.930737 -0.409767
v 0.286144 0.931948 -0.408191
v 0.278833 0.923407 -0.39886
v 0.260809 0.90704 -0.383874
v 0.241621 0.891732 -0.372309
v 0.225848 0.875485 -0.36041
v 0.207384 0.851671 -0.346574
v 0.200315 0.826959 -0.32596
v 0.204844 0.812794 -0.317247
v 0.206717 0.809358 -0.31707
v 0.203777 0.818493 -0.331973
v 0.206291 0.819357 -0.331317
v 0.208349 0.817897 -0.33823
v 0.205601 0.817182 -0.338096
v 0.221823 0.813834 -0.362367
v 0.20233 0.806723 -0.366159
v 0.214246 0.818437 -0.346627
v 0.200107 0.813939 -0.348126
v 0.229548 0.803274 -0.37821
v 0.206811 0.794526 -0.382427
v 0.235595 0.782357 -0.393655
v 0.216318 0.775535 -0.396721
v 0.240226 0.757249 -0.405182
v 0.230261 0.753441 -0.406939
v 0.242151 0.743314 -0.412827
v 0.23888 0.742076 -0.413412
v 0.242585 0.735422 -0.41886
v 0.204793 0.818603 -0.330801
v 0.207207 0.817193 -0.337894
v 0.212686 0.807926 -0.363094
v 0.207304 0.814531 -0.346965
v 0.218065 0.796191 -0.378625
v 0.226274 0.776807 -0.393271
v 0.235363 0.754604 -0.405204
v 0.240528 0.742607 -0.413011
v 0.193833 0.803605 -0.316027
v 0.199372 0.799209 -0.318581
v 0.20154 0.801127 -0.308392
v 0.182357 0.801516 -0.336133
v 0.188358 0.794833 -0.339023
v 0.174167 0.789055 -0.357062
v 0.178439 0.782899 -0.357255
v 0.164184 0.778872 -0.368299
v 0.16802 0.772986 -0.368643
v 0.151249 0.767881 -0.379488
v 0.154874 0.762779 -0.379604
v 0.140648 0.755582 -0.394117
v 0.142547 0.752772 -0.39373
v 0.136125 0.749445 -0.401694
v 0.136974 0.748271 -0.401534
v 0.137905 0.747137 -0.401514
v 0.144842 0.750309 -0.393936
v 0.159294 0.759161 -0.38147
v 0.173163 0.769362 -0.371353
v 0.185022 0.778498 -0.35994
v 0.198163 0.791474 -0.343991
v 0.207281 0.797575 -0.322368
v 0.206163 0.79888 -0.309801
v 0.20463 0.799666 -0.30749
v 0.20318 0.833986 -0.361916
v 0.203629 0.834409 -0.359437
v 0.203394 0.842442 -0.366747
v 0.204078 0.843625 -0.365514
v 0.205473 0.840467 -0.380629
v 0.205946 0.849038 -0.376024
v 0.209343 0.844936 -0.396035
v 0.210999 0.856672 -0.389154
v 0.223112 0.853152 -0.419948
v 0.223894 0.86884 -0.410333
v 0.238543 0.861846 -0.43672
v 0.239711 0.879143 -0.42523
v 0.259763 0.876882 -0.449506
v 0.260862 0.89155 -0.437398
v 0.278073 0.892035 -0.45494
v 0.27977 0.901775 -0.445201
v 0.293881 0.906914 -0.458359
v 0.29606 0.911569 -0.451697
v 0.305479 0.919357 -0.460685
v 0.306497 0.920606 -0.456696
v 0.313485 0.930019 -0.460441
v 0.303175 0.922877 -0.45744
v 0.291452 0.917358 -0.452094
v 0.273597 0.91185 -0.44309
v 0.252954 0.905486 -0.432985
v 0.23256 0.896461 -0.418621
v 0.216127 0.885373 -0.403239
v 0.20322 0.869074 -0.384122
v 0.20055 0.858021 -0.372076
v 0.202289 0.845064 -0.364505
v 0.201648 0.83676 -0.358285
v 0.188682 0.868873 -0.426811
v 0.187516 0.866073 -0.425241
v 0.179328 0.867682 -0.429062
v 0.181421 0.870315 -0.430184
v 0.145982 0.867804 -0.439185
v 0.155971 0.889624 -0.449969
v 0.167481 0.864915 -0.433091
v 0.176055 0.879791 -0.440245
v 0.122004 0.876563 -0.441449
v 0.133659 0.902419 -0.453555
v 0.0957971 0.896765 -0.43775
v 0.106344 0.917974 -0.447952
v 0.0725236 0.921245 -0.428814
v 0.0777195 0.93253 -0.434057
v 0.0590622 0.93558 -0.425341
v 0.0607646 0.939275 -0.427077
v 0.0505092 0.944561 -0.425266
v 0.1889 0.867769 -0.425231
v 0.180284 0.869118 -0.429023
v 0.150587 0.880359 -0.441669
v 0.171387 0.873822 -0.435166
v 0.12835 0.891883 -0.444356
v 0.101645 0.908834 -0.439608
v 0.0754782 0.927344 -0.430138
v 0.0599627 0.937481 -0.42605
v 0.152854 0.903662 -0.53189
v 0.145816 0.899808 -0.531466
v 0.153087 0.893876 -0.525134
v 0.14241 0.922233 -0.544665
v 0.133222 0.918456 -0.542929
v 0.122241 0.93973 -0.551093
v 0.115824 0.936678 -0.547397
v 0.110728 0.955348 -0.551324
v 0.104578 0.952731 -0.547882
v 0.0996867 0.974044 -0.550556
v 0.0943649 0.971416 -0.547469
v 0.0845755 0.991808 -0.551851
v 0.0819697 0.990307 -0.549785
v 0.0765795 1 -0.552814
v 0.0754698 0.999318 -0.55196
v 0.0742718 0.998593 -0.551253
v 0.0791083 0.988544 -0.548483
v 0.0887754 0.968303 -0.546917
v 0.098178 0.949181 -0.548081
v 0.10832 0.931828 -0.547208
v 0.12389 0.910962 -0.545692
v 0.139261 0.89349 -0.534291
v 0.148777 0.890154 -0.525232
v 0.151427 0.890764 -0.523784
v 0.161747 0.883881 -0.493287
v 0.164603 0.884556 -0.493927
v 0.163269 0.881961 -0.501453
v 0.160566 0.881563 -0.499951
v 0.1649 0.873193 -0.530773
v 0.143337 0.867649 -0.524478
v 0.165175 0.880867 -0.512507
v 0.150173 0.877697 -0.50681
v 0.164286 0.859031 -0.548295
v 0.139199 0.852096 -0.540681
v 0.16144 0.833911 -0.563069
v 0.140454 0.828731 -0.556202
v 0.158736 0.804857 -0.572694
v 0.147786 0.801855 -0.569271
v 0.156009 0.788683 -0.578967
v 0.152412 0.787709 -0.577854
v 0.153015 0.779426 -0.583897
v 0.163311 0.883991 -0.492616
v 0.162248 0.881385 -0.50049
v 0.155099 0.867917 -0.526394
v 0.157872 0.877514 -0.509057
v 0.152228 0.852825 -0.542353
v 0.152007 0.829167 -0.557566
v 0.153728 0.802629 -0.57008
v 0.154268 0.78811 -0.578296
v -0.220496 0.0941836 0.297509
v -0.215489 0.0961451 0.30161
v -0.23445 0.083932 0.321604
v -0.228657 0.0862821 0.325797
v -0.192858 0.114953 0.259117
v -0.198697 0.112448 0.255674
v -0.215538 0.0980861 0.28806
v -0.21087 0.0998549 0.292295
v -0.187708 0.119346 0.251117
v -0.194777 0.116398 0.246441
v -0.184186 0.123079 0.242157
v -0.189309 0.120949 0.23872
v -0.168019 0.139718 0.210157
v -0.173459 0.137435 0.206562
v -0.163803 0.143919 0.203519
v -0.17072 0.141127 0.198515
v -0.160682 0.148432 0.193891
v -0.165961 0.146081 0.190864
v -0.142581 0.170995 0.157625
v -0.147259 0.169028 0.154459
v -0.139189 0.17499 0.152502
v -0.145169 0.17282 0.147459
v -0.136783 0.179024 0.1456
v -0.141666 0.176959 0.142302
v -0.126255 0.194286 0.124231
v -0.130486 0.192821 0.120513
v -0.122665 0.198822 0.119239
v -0.128427 0.196831 0.114192
v -0.119754 0.204353 0.110735
v -0.12379 0.202979 0.107153
v -0.105698 0.225585 0.0856329
v -0.10998 0.224237 0.0816114
v -0.0990898 0.235805 0.0742636
v -0.103485 0.234261 0.070478
v -0.0966562 0.239313 0.0708034
v -0.101868 0.23739 0.0665064
v -0.093878 0.243516 0.0664349
v -0.093878 0.243516 0.0664349
v -0.0992714 0.241766 0.0614845
v -0.0992714 0.241766 0.0614845
v -0.231114 0.0875337 0.32492
v -0.218035 0.0973865 0.300496
v -0.195517 0.116062 0.258458
v -0.213188 0.101186 0.291365
v -0.190588 0.120386 0.250177
v -0.186507 0.124339 0.241652
v -0.170403 0.140912 0.209765
v -0.166465 0.145045 0.202757
v -0.162643 0.14983 0.193681
v -0.144733 0.172311 0.157306
v -0.142074 0.176025 0.151611
v -0.139189 0.180154 0.145333
v -0.128396 0.195584 0.123994
v -0.12537 0.200058 0.118189
v -0.121722 0.205721 0.110631
v -0.107725 0.226924 0.0855091
v -0.101086 0.237098 0.0742897
v -0.099107 0.240422 0.0704873
v -0.0964975 0.244612 0.0658772
v -0.0964975 0.244612 0.0658772
v -0.219984 0.0966032 0.299035
v -0.198157 0.114924 0.256929
v -0.194053 0.118921 0.247986
v -0.189111 0.123257 0.239903
v -0.173273 0.139731 0.207779
v -0.170297 0.143468 0.200102
v -0.165885 0.148277 0.192211
v -0.147405 0.171066 0.155849
v -0.144804 0.174951 0.149551
v -0.141604 0.179133 0.143701
v -0.130714 0.194775 0.121976
v -0.128226 0.199002 0.115856
v -0.123973 0.204926 0.108702
v -0.110382 0.226045 0.0831057
v -0.103935 0.236082 0.0718667
v -0.101908 0.23937 0.0682164
v -0.0991658 0.243747 0.0634281
v -0.0991658 0.243747 0.0634281
v -0.23398 0.0863711 0.322845
v -0.215249 0.100412 0.289446
v -0.229261 0.0837885 0.324459
v -0.216142 0.0936714 0.299962
v -0.193544 0.112413 0.257774
v -0.211279 0.0974833 0.290802
v -0.188597 0.116754 0.249457
v -0.184499 0.120724 0.240897
v -0.168323 0.137372 0.208866
v -0.164368 0.141523 0.201823
v -0.160526 0.146332 0.192705
v -0.142529 0.168923 0.156152
v -0.139857 0.172654 0.150431
v -0.136957 0.176803 0.144123
v -0.126117 0.192301 0.12269
v -0.123078 0.196794 0.116861
v -0.119414 0.202479 0.109274
v -0.10537 0.223755 0.0840655
v -0.0987108 0.23396 0.0728121
v -0.0967261 0.237293 0.0689993
v -0.0941088 0.241495 0.0643764
v -0.0941088 0.241495 0.0643764
v -0.218091 0.0928881 0.298501
v -0.196185 0.111275 0.256246
v -0.192062 0.115289 0.247267
v -0.187103 0.119641 0.239148
v -0.171193 0.13619 0.20688
v -0.168201 0.139946 0.199169
v -0.163769 0.144777 0.191238
v -0.145202 0.167676 0.154698
v -0.142586 0.17158 0.14837
v -0.139373 0.175781 0.142492
v -0.128434 0.191492 0.120671
v -0.125934 0.195738 0.114528
v -0.121666 0.201684 0.107344
v -0.108027 0.222876 0.0816619
v -0.101561 0.232943 0.0703893
v -0.0995275 0.236241 0.066729
v -0.0967771 0.24063 0.0619272
v -0.0967771 0.24063 0.0619272
v -0.232127 0.0826258 0.322385
v -0.213339 0.0967096 0.288882
v -0.0866076 0.260992 0.0425483
v -0.0820458 0.262133 0.0474073
v -0.0601119 0.296456 0.0159112
v -0.0652901 0.294753 0.0111631
v -0.0819649 0.268404 0.0352204
v -0.0777561 0.269212 0.0401622
v -0.054905 0.303736 0.0105406
v -0.0611089 0.302001 0.00429577
v -0.0510695 0.310643 0.00395702
v -0.0555357 0.309453 -0.000650848
v -0.0332737 0.338357 -0.0176724
v -0.0379244 0.337218 -0.0226521
v -0.028654 0.344776 -0.0217235
v -0.0344947 0.343623 -0.0284501
v -0.0245973 0.352464 -0.0285447
v -0.0291314 0.351135 -0.0330429
v -0.00263458 0.386319 -0.0512779
v -0.00653799 0.385521 -0.0557342
v 0.00137407 0.391793 -0.0540353
v -0.00345093 0.391441 -0.0605506
v 0.00475433 0.397869 -0.0586404
v 0.000688116 0.397045 -0.0633015
v 0.0183754 0.419055 -0.0714905
v 0.0150111 0.418946 -0.0762331
v 0.022689 0.424844 -0.0739876
v 0.0181072 0.424693 -0.0804409
v 0.0270002 0.432689 -0.0795743
v 0.0238023 0.43262 -0.0841291
v 0.045169 0.46008 -0.0936945
v 0.0418009 0.460148 -0.0986962
v 0.0536779 0.472955 -0.100003
v 0.0501396 0.472745 -0.104845
v 0.0566648 0.477203 -0.101812
v 0.0524273 0.476801 -0.107393
v 0.06017 0.482394 -0.104135
v 0.06017 0.482394 -0.104135
v 0.0558643 0.482331 -0.110307
v 0.0558643 0.482331 -0.110307
v -0.0847131 0.263334 0.0465683
v -0.0628312 0.297468 0.0153515
v -0.0802025 0.270487 0.0395273
v -0.0577974 0.304785 0.00965045
v -0.0534647 0.311812 0.0036005
v -0.0356927 0.339496 -0.0180132
v -0.0312786 0.345984 -0.022489
v -0.0266233 0.353781 -0.0286034
v -0.00477703 0.387663 -0.0515488
v -0.00135941 0.393073 -0.0550715
v 0.00237926 0.399043 -0.0589838
v 0.0162676 0.420408 -0.0717206
v 0.0201962 0.426416 -0.0751111
v 0.0250464 0.434079 -0.0796334
v 0.0431752 0.461468 -0.0938083
v 0.05169 0.47426 -0.0999856
v 0.0543016 0.478449 -0.102256
v 0.057688 0.483702 -0.104842
v 0.057688 0.483702 -0.104842
v -0.0864899 0.262827 0.0447986
v -0.0651737 0.296683 0.0132293
v -0.0608447 0.303881 0.00667719
v -0.0557347 0.311209 0.00125634
v -0.0381365 0.338948 -0.0207159
v -0.0345277 0.345276 -0.0261168
v -0.0294565 0.352727 -0.0310413
v -0.00706089 0.386976 -0.0538038
v -0.00360067 0.392753 -0.0578511
v 0.000367626 0.398636 -0.0612899
v 0.014422 0.420336 -0.074304
v 0.0178948 0.426223 -0.0781743
v 0.0232496 0.433992 -0.0821199
v 0.0410686 0.461444 -0.0968375
v 0.0493903 0.4741 -0.1031
v 0.0520169 0.478204 -0.105224
v 0.0555577 0.483671 -0.107895
v 0.0555577 0.483671 -0.107895
v -0.0820603 0.270153 0.0373021
v -0.0822921 0.260268 0.0450161
v -0.0603578 0.294484 0.0137233
v -0.0777697 0.267439 0.0379573
v -0.0553138 0.301818 0.00800835
v -0.0509713 0.30886 0.00194556
v -0.0331627 0.336601 -0.0197136
v -0.0287403 0.343102 -0.0241991
v -0.0240753 0.350914 -0.0303246
v -0.00218851 0.384859 -0.053313
v 0.00123532 0.39028 -0.0568419
v 0.00498092 0.39626 -0.0607609
v 0.0188933 0.417662 -0.0735197
v 0.0228285 0.42368 -0.0769159
v 0.027687 0.431356 -0.0814453
v 0.0458439 0.458788 -0.0956425
v 0.0543705 0.471598 -0.101829
v 0.0569859 0.475793 -0.104101
v 0.0603767 0.481053 -0.10669
v 0.0603767 0.481053 -0.10669
v -0.0840688 0.259761 0.0432463
v -0.0627005 0.293699 0.0116014
v -0.0583612 0.300913 0.00503539
v -0.0532413 0.308257 -0.000398515
v -0.0356065 0.336053 -0.0224163
v -0.0319895 0.342394 -0.0278267
v -0.0269092 0.349859 -0.0327617
v -0.00447282 0.384172 -0.0555676
v -0.00100594 0.389959 -0.0596215
v 0.00296906 0.395852 -0.0630668
v 0.0170477 0.41759 -0.0761032
v 0.0205271 0.423487 -0.0799791
v 0.0258903 0.431269 -0.0839319
v 0.0437373 0.458763 -0.0986717
v 0.0520708 0.471438 -0.104942
v 0.054701 0.475548 -0.10707
v 0.0582464 0.481022 -0.109744
v 0.0582464 0.481022 -0.109744
v -0.0796271 0.267106 0.0357315
v 0.0715208 0.505506 -0.120437
v 0.0750986 0.505138 -0.114715
v 0.101676 0.545754 -0.132358
v 0.0973326 0.545329 -0.138096
v 0.0772923 0.51442 -0.124528
v 0.0805421 0.513766 -0.11889
v 0.10756 0.554 -0.135059
v 0.102389 0.553838 -0.142358
v 0.112204 0.56217 -0.13936
v 0.10846 0.562073 -0.144675
v 0.132032 0.593729 -0.152774
v 0.127984 0.593459 -0.158303
v 0.136903 0.600857 -0.15514
v 0.131804 0.600772 -0.162443
v 0.141308 0.609674 -0.160323
v 0.137242 0.608959 -0.165295
v 0.162874 0.647229 -0.17773
v 0.159173 0.646551 -0.182234
v 0.166526 0.653215 -0.180093
v 0.161865 0.652955 -0.186526
v 0.16946 0.659882 -0.184342
v 0.165514 0.658967 -0.188902
v 0.180485 0.682836 -0.197366
v 0.176958 0.682239 -0.20172
v 0.183745 0.689116 -0.200488
v 0.178868 0.688112 -0.206287
v 0.186401 0.69729 -0.206825
v 0.182918 0.696441 -0.210805
v 0.196731 0.725636 -0.226764
v 0.192845 0.724188 -0.230656
v 0.20042 0.738483 -0.237046
v 0.19645 0.736464 -0.240455
v 0.201624 0.742731 -0.240426
v 0.196964 0.740109 -0.244179
v 0.202905 0.747814 -0.244702
v 0.202905 0.747814 -0.244702
v 0.198002 0.745201 -0.248909
v 0.198002 0.745201 -0.248909
v 0.072614 0.506613 -0.115663
v 0.0990685 0.546927 -0.133073
v 0.0782322 0.515243 -0.119585
v 0.104823 0.555273 -0.136101
v 0.109872 0.563418 -0.139784
v 0.129648 0.59488 -0.153161
v 0.134349 0.602131 -0.155941
v 0.139269 0.610927 -0.160355
v 0.160692 0.648426 -0.177935
v 0.163767 0.654336 -0.181046
v 0.167045 0.660842 -0.1846
v 0.178288 0.683883 -0.197461
v 0.181075 0.690263 -0.201405
v 0.184342 0.698325 -0.20674
v 0.19461 0.726509 -0.226659
v 0.198345 0.73923 -0.236782
v 0.199151 0.743208 -0.240454
v 0.200266 0.748214 -0.244924
v 0.200266 0.748214 -0.244924
v 0.0711989 0.506663 -0.117792
v 0.0970996 0.546715 -0.135647
v 0.10227 0.555122 -0.139608
v 0.107969 0.56337 -0.142487
v 0.12753 0.594804 -0.156142
v 0.131504 0.601998 -0.159904
v 0.136703 0.610201 -0.163131
v 0.158533 0.64778 -0.180241
v 0.16161 0.654043 -0.183802
v 0.165093 0.66039 -0.186856
v 0.176356 0.683544 -0.19983
v 0.178652 0.689646 -0.204139
v 0.182399 0.697806 -0.208901
v 0.19221 0.725555 -0.228991
v 0.195776 0.737904 -0.238964
v 0.196653 0.741778 -0.242434
v 0.19784 0.746922 -0.247005
v 0.19784 0.746922 -0.247005
v 0.0768053 0.515565 -0.12211
v 0.0753209 0.503994 -0.117524
v 0.1018 0.544359 -0.134952
v 0.0809451 0.512636 -0.121451
v 0.10756 0.552716 -0.137982
v 0.112611 0.560871 -0.141668
v 0.132398 0.592374 -0.155052
v 0.137099 0.599634 -0.157833
v 0.14202 0.608442 -0.162247
v 0.16344 0.645998 -0.179827
v 0.166513 0.651918 -0.182938
v 0.169788 0.658436 -0.186491
v 0.181016 0.681521 -0.199346
v 0.183797 0.687913 -0.203288
v 0.187056 0.695994 -0.208618
v 0.197299 0.724249 -0.228502
v 0.201029 0.737011 -0.238593
v 0.201837 0.741006 -0.24225
v 0.202954 0.746033 -0.246702
v 0.202954 0.746033 -0.246702
v 0.0739058 0.504045 -0.119654
v 0.0998314 0.544147 -0.137526
v 0.105006 0.552564 -0.141489
v 0.110709 0.560823 -0.144371
v 0.130279 0.592298 -0.158032
v 0.134254 0.599501 -0.161795
v 0.139455 0.607716 -0.165023
v 0.161281 0.645351 -0.182134
v 0.164356 0.651625 -0.185694
v 0.167836 0.657983 -0.188747
v 0.179084 0.681182 -0.201716
v 0.181374 0.687297 -0.206021
v 0.185114 0.695474 -0.21078
v 0.194898 0.723295 -0.230834
v 0.19846 0.735685 -0.240775
v 0.199339 0.739575 -0.244231
v 0.200528 0.74474 -0.248784
v 0.200528 0.74474 -0.248784
v 0.0795184 0.512958 -0.123976
v 0.202332 0.766477 -0.268624
v 0.206499 0.769022 -0.264925
v 0.207978 0.803523 -0.303912
v 0.204412 0.799116 -0.306524
v 0.203208 0.774142 -0.276808
v 0.207095 0.776552 -0.273101
v 0.208023 0.810533 -0.311804
v 0.203965 0.805095 -0.315353
v 0.206979 0.816097 -0.320531
v 0.204347 0.812003 -0.323109
v 0.203267 0.838202 -0.35344
v 0.202305 0.833315 -0.355961
v 0.202139 0.843331 -0.360744
v 0.201514 0.837098 -0.364262
v 0.200371 0.847505 -0.370952
v 0.20061 0.84266 -0.37273
v 0.190261 0.865764 -0.412698
v 0.192483 0.86219 -0.414246
v 0.18798 0.868517 -0.419119
v 0.191077 0.864223 -0.422013
v 0.185976 0.870381 -0.427026
v 0.188769 0.867032 -0.428498
v 0.177291 0.877544 -0.453078
v 0.180152 0.875269 -0.455046
v 0.174289 0.879656 -0.459768
v 0.178298 0.876748 -0.462374
v 0.171439 0.881374 -0.469759
v 0.174329 0.879505 -0.471575
v 0.158243 0.888358 -0.502337
v 0.161444 0.886816 -0.504277
v 0.151807 0.891209 -0.517474
v 0.155133 0.889727 -0.519009
v 0.149498 0.892204 -0.522368
v 0.15346 0.890478 -0.523951
v 0.148444 0.892577 -0.529242
v 0.149196 0.892254 -0.529632
v 0.203783 0.769267 -0.265338
v 0.205473 0.803069 -0.304012
v 0.204582 0.776838 -0.273359
v 0.205411 0.809829 -0.312187
v 0.204749 0.815692 -0.320636
v 0.201377 0.837164 -0.353723
v 0.200318 0.841917 -0.361389
v 0.198749 0.846543 -0.371259
v 0.189421 0.864121 -0.413187
v 0.187641 0.866311 -0.419925
v 0.185536 0.868498 -0.427384
v 0.177039 0.875829 -0.453541
v 0.174481 0.877671 -0.460823
v 0.171222 0.879766 -0.470182
v 0.158263 0.886784 -0.502771
v 0.151857 0.889672 -0.517768
v 0.149909 0.890526 -0.522764
v 0.148544 0.892259 -0.529343
v 0.202194 0.768223 -0.266659
v 0.203868 0.801071 -0.305166
v 0.203448 0.807139 -0.313833
v 0.203411 0.813612 -0.321949
v 0.200854 0.834599 -0.35514
v 0.199989 0.838451 -0.363223
v 0.198942 0.843544 -0.37196
v 0.190711 0.862072 -0.413713
v 0.189065 0.864337 -0.421005
v 0.186916 0.866843 -0.428113
v 0.178608 0.874582 -0.454601
v 0.176482 0.876227 -0.461941
v 0.172839 0.878721 -0.471125
v 0.160255 0.885824 -0.50388
v 0.154015 0.888711 -0.518731
v 0.152041 0.889597 -0.523575
v 0.148916 0.892099 -0.529536
v 0.202852 0.775789 -0.27504
v 0.206516 0.767211 -0.267002
v 0.208439 0.801455 -0.305333
v 0.207347 0.774847 -0.274967
v 0.208448 0.808363 -0.313409
v 0.207858 0.814395 -0.321749
v 0.204704 0.836811 -0.354311
v 0.203646 0.841852 -0.361861
v 0.202036 0.846846 -0.37161
v 0.192073 0.865816 -0.413279
v 0.190153 0.868163 -0.42
v 0.187897 0.870497 -0.427445
v 0.178895 0.87818 -0.453564
v 0.176212 0.880082 -0.460838
v 0.172813 0.882232 -0.47019
v 0.159487 0.889323 -0.502773
v 0.152978 0.892201 -0.517779
v 0.151 0.893049 -0.522779
v 0.148742 0.892725 -0.529347
v 0.204927 0.766167 -0.268323
v 0.206832 0.799453 -0.30649
v 0.206482 0.80567 -0.315057
v 0.206519 0.812314 -0.323062
v 0.204181 0.834245 -0.355728
v 0.203317 0.838384 -0.363696
v 0.202234 0.843819 -0.372319
v 0.193372 0.863755 -0.413806
v 0.191576 0.866189 -0.42108
v 0.18928 0.868838 -0.428173
v 0.180461 0.876934 -0.454624
v 0.178213 0.878639 -0.461956
v 0.174429 0.881187 -0.471133
v 0.161479 0.888363 -0.503882
v 0.155137 0.891239 -0.518742
v 0.153133 0.89212 -0.52359
v 0.149114 0.892565 -0.52954
v 0.205619 0.773801 -0.276645
v -0.250068 0.134727 0.299659
v -0.249215 0.133249 0.298087
v -0.258269 0.145615 0.298763
v -0.257378 0.138782 0.292532
v -0.271805 0.155777 0.29374
v -0.272069 0.146564 0.282727
v -0.291449 0.158294 0.285591
v -0.2903 0.147537 0.274313
v -0.31273 0.157383 0.276609
v -0.309556 0.145239 0.263621
v -0.328679 0.150807 0.266069
v -0.326933 0.139945 0.255286
v -0.347303 0.142708 0.255553
v -0.347788 0.132664 0.24839
v -0.375377 0.132674 0.254308
v -0.375231 0.126255 0.25118
v -0.39362 0.123831 0.25917
v -0.39276 0.121816 0.256784
v -0.400401 0.118829 0.259014
v -0.399895 0.118067 0.257464
v -0.405938 0.115372 0.260175
v -0.405563 0.114579 0.258696
v -0.411436 0.111816 0.262342
v -0.405688 0.114178 0.257097
v -0.399903 0.117801 0.255757
v -0.392865 0.121626 0.253783
v -0.374321 0.126207 0.24496
v -0.344448 0.133817 0.240403
v -0.322276 0.142071 0.246042
v -0.302821 0.146359 0.253244
v -0.282702 0.148376 0.263789
v -0.266199 0.147454 0.273602
v -0.253946 0.138113 0.289023
v -0.248702 0.133313 0.295713
v -0.303547 0.249313 0.209171
v -0.303183 0.250565 0.214015
v -0.300059 0.261534 0.197823
v -0.306264 0.263871 0.209135
v -0.299612 0.280075 0.186485
v -0.310808 0.287295 0.20215
v -0.299819 0.307408 0.179235
v -0.310624 0.313676 0.196248
v -0.29604 0.339844 0.178563
v -0.308476 0.343488 0.197705
v -0.290355 0.372986 0.184991
v -0.30117 0.374042 0.202143
v -0.280145 0.406021 0.194352
v -0.287313 0.40649 0.207745
v -0.266493 0.436608 0.207791
v -0.270292 0.435904 0.216989
v -0.257702 0.453655 0.221221
v -0.258495 0.451766 0.226492
v -0.250279 0.460237 0.230035
v -0.249709 0.45794 0.233794
v -0.242017 0.466829 0.23546
v -0.241233 0.464433 0.23919
v -0.232552 0.472026 0.239687
v -0.24487 0.467138 0.238941
v -0.253743 0.460325 0.233273
v -0.263597 0.453943 0.226632
v -0.278221 0.437225 0.219067
v -0.296982 0.408195 0.211892
v -0.312421 0.375658 0.207881
v -0.321512 0.344795 0.205474
v -0.323622 0.315628 0.204266
v -0.322951 0.289726 0.208604
v -0.31344 0.26216 0.211593
v -0.308323 0.250559 0.213275
v -0.291185 0.231654 0.225364
v -0.289337 0.231781 0.228735
v -0.284072 0.234072 0.214676
v -0.282652 0.238881 0.22339
v -0.273913 0.240875 0.203348
v -0.270272 0.25076 0.215081
v -0.25634 0.25064 0.19426
v -0.25254 0.259654 0.208688
v -0.226145 0.244055 0.204002
v -0.225993 0.256147 0.217107
v -0.203237 0.229962 0.224541
v -0.202553 0.244078 0.231071
v -0.178534 0.226933 0.236158
v -0.178313 0.23714 0.241776
v -0.155928 0.223431 0.251731
v -0.156598 0.22973 0.256017
v -0.142087 0.223259 0.262753
v -0.14319 0.226018 0.265985
v -0.134122 0.222232 0.268264
v -0.135199 0.223501 0.271303
v -0.126497 0.21923 0.272179
v -0.127404 0.22036 0.275312
v -0.120727 0.214944 0.277413
v -0.125911 0.22253 0.273037
v -0.133935 0.225815 0.268926
v -0.141777 0.22931 0.263852
v -0.155388 0.235677 0.254091
v -0.17681 0.245065 0.240467
v -0.201112 0.253687 0.230118
v -0.226467 0.267587 0.219733
v -0.254049 0.269937 0.215467
v -0.271808 0.25968 0.220801
v -0.285868 0.24301 0.226245
v -0.291309 0.23524 0.228733
v -0.332284 0.280282 0.184813
v -0.331303 0.279559 0.183419
v -0.341248 0.279349 0.180197
v -0.340207 0.277868 0.179001
v -0.353785 0.280615 0.173194
v -0.346958 0.274948 0.170481
v -0.366248 0.275902 0.159966
v -0.355058 0.268612 0.157309
v -0.377131 0.26171 0.142614
v -0.364313 0.25465 0.140007
v -0.385351 0.246754 0.129601
v -0.375115 0.237028 0.126345
v -0.364404 0.24074 0.115659
v -0.378918 0.220237 0.114464
v -0.387749 0.236389 0.121372
v -0.390885 0.225251 0.114014
v -0.39312 0.205511 0.103328
v -0.383357 0.201294 0.104084
v -0.393832 0.178667 0.0937844
v -0.389423 0.177382 0.0937768
v -0.393253 0.163123 0.0846544
v -0.391587 0.162626 0.0840625
v -0.389823 0.164297 0.0838992
v -0.386661 0.177819 0.0911886
v -0.377918 0.203948 0.0973301
v -0.37143 0.223925 0.10536
v -0.354576 0.259094 0.130347
v -0.347437 0.273392 0.14988
v -0.342318 0.277563 0.165746
v -0.339458 0.278575 0.17724
v -0.330501 0.2796 0.181833
v -0.354185 0.298837 0.167227
v -0.353462 0.297229 0.165705
v -0.365491 0.299028 0.162633
v -0.365052 0.297421 0.161004
v -0.380923 0.303533 0.163716
v -0.378209 0.297406 0.155611
v -0.402748 0.305385 0.16199
v -0.398541 0.296 0.15154
v -0.431176 0.298383 0.155137
v -0.426016 0.288158 0.144483
v -0.46272 0.284251 0.151118
v -0.453287 0.274397 0.140279
v -0.480972 0.266735 0.145994
v -0.473431 0.258751 0.137118
v -0.499312 0.246374 0.142108
v -0.493567 0.24022 0.135
v -0.520813 0.222101 0.137914
v -0.518389 0.219576 0.134397
v -0.536485 0.209006 0.133015
v -0.536036 0.207845 0.131221
v -0.533677 0.208093 0.129626
v -0.517444 0.217961 0.130485
v -0.491333 0.2379 0.125936
v -0.470633 0.255879 0.124485
v -0.449458 0.271458 0.124889
v -0.421608 0.285435 0.12819
v -0.394876 0.294063 0.139784
v -0.375098 0.295752 0.148389
v -0.364541 0.297332 0.158785
v -0.352629 0.297136 0.163586
v -0.331324 0.282561 0.183513
v -0.332657 0.280728 0.184328
v -0.333538 0.296541 0.182673
v -0.338139 0.290291 0.188395
v -0.338742 0.31347 0.187467
v -0.347357 0.306056 0.196843
v -0.345662 0.332087 0.198544
v -0.354418 0.32254 0.207783
v -0.352245 0.349053 0.213693
v -0.362577 0.336558 0.222982
v -0.360789 0.360996 0.234035
v -0.368577 0.349293 0.241951
v -0.366705 0.370295 0.259694
v -0.371332 0.361147 0.266129
v -0.368363 0.376621 0.287601
v -0.37149 0.370694 0.291009
v -0.369227 0.379179 0.305566
v -0.371087 0.376846 0.306714
v -0.370132 0.381999 0.315048
v -0.371362 0.380735 0.315618
v -0.370179 0.386384 0.322307
v -0.371372 0.385286 0.32306
v -0.369544 0.391246 0.328547
v -0.372894 0.384649 0.323556
v -0.372953 0.379957 0.315919
v -0.373967 0.37572 0.307043
v -0.377358 0.369096 0.290991
v -0.379892 0.359186 0.265779
v -0.378776 0.346382 0.240553
v -0.374259 0.331821 0.220296
v -0.366317 0.316901 0.204908
v -0.357659 0.301959 0.19463
v -0.342048 0.28712 0.187342
v -0.335116 0.28025 0.184616
v -0.390839 0.336408 0.133102
v -0.391182 0.333224 0.13381
v -0.397616 0.343474 0.13841
v -0.400118 0.335712 0.135771
v -0.408958 0.350129 0.14379
v -0.415499 0.339092 0.13978
v -0.425354 0.353133 0.152502
v -0.43089 0.3399 0.148621
v -0.432768 0.338883 0.174976
v -0.439032 0.327354 0.167301
v -0.429742 0.317825 0.194461
v -0.438806 0.311456 0.187151
v -0.436827 0.303029 0.211168
v -0.4431 0.297748 0.205561
v -0.441941 0.285474 0.226074
v -0.445305 0.28172 0.221938
v -0.446197 0.273385 0.234029
v -0.447067 0.270806 0.23146
v -0.448139 0.267167 0.239177
v -0.448012 0.264831 0.237374
v -0.448821 0.262455 0.245282
v -0.448658 0.260013 0.243648
v -0.447533 0.257145 0.250537
v -0.45125 0.261421 0.243965
v -0.450619 0.266365 0.237479
v -0.450384 0.272047 0.231159
v -0.450353 0.282675 0.220187
v -0.449559 0.298011 0.202965
v -0.446354 0.311339 0.183648
v -0.446372 0.324608 0.161066
v -0.43623 0.334041 0.141617
v -0.420057 0.334191 0.133572
v -0.401053 0.333825 0.131146
v -0.392709 0.33345 0.130787
v -0.397508 0.340904 0.12422
v -0.396897 0.34198 0.125776
v -0.395265 0.348465 0.117412
v -0.394592 0.349725 0.118796
v -0.393588 0.3527 0.104435
v -0.391814 0.358584 0.110978
v -0.38861 0.361658 0.0887273
v -0.385422 0.369145 0.0982366
v -0.376157 0.377838 0.0731719
v -0.372682 0.385226 0.0837374
v -0.356647 0.393698 0.0573565
v -0.354829 0.399659 0.0708607
v -0.338999 0.405991 0.0525759
v -0.337518 0.410929 0.0634714
v -0.318107 0.417024 0.0492423
v -0.316956 0.420853 0.0578555
v -0.288002 0.422551 0.052944
v -0.287749 0.424197 0.0569783
v -0.270497 0.427753 0.0540365
v -0.270172 0.428948 0.0554296
v -0.271717 0.429467 0.0572457
v -0.287587 0.426749 0.0596566
v -0.318113 0.427267 0.0628592
v -0.339349 0.419922 0.070088
v -0.357614 0.410405 0.0790042
v -0.376033 0.396436 0.0924606
v -0.388012 0.377057 0.104864
v -0.393322 0.363185 0.115837
v -0.395233 0.351254 0.119812
v -0.397611 0.343318 0.126995
v -0.442813 0.422917 0.0616608
v -0.439484 0.422122 0.0619649
v -0.446737 0.42502 0.0508743
v -0.43858 0.427522 0.0536769
v -0.448662 0.430299 0.037088
v -0.436059 0.436202 0.0392468
v -0.444842 0.436162 0.0186652
v -0.430418 0.440887 0.0221354
v -0.425524 0.422528 0.00197286
v -0.412985 0.43087 0.00715594
v -0.403521 0.402468 -0.0032382
v -0.395027 0.413398 -0.00191834
v -0.384491 0.392785 -0.0153195
v -0.377823 0.400615 -0.0137182
v -0.363662 0.382567 -0.0238453
v -0.35932 0.387454 -0.0218572
v -0.349347 0.377775 -0.0285252
v -0.346832 0.379889 -0.0263853
v -0.34194 0.374347 -0.0315372
v -0.339915 0.375213 -0.0293631
v -0.336329 0.369545 -0.0348945
v -0.334192 0.370242 -0.0327839
v -0.330922 0.363855 -0.0361027
v -0.334635 0.372107 -0.0352315
v -0.340501 0.377266 -0.0317071
v -0.346934 0.382708 -0.0288163
v -0.358719 0.392552 -0.0243037
v -0.376158 0.407246 -0.0162731
v -0.392722 0.421427 -0.00442053
v -0.40851 0.440347 0.00765657
v -0.423679 0.448985 0.0255778
v -0.430434 0.443301 0.0423201
v -0.436974 0.431322 0.057044
v -0.439548 0.425503 0.0630648
v -0.362957 0.288689 0.153808
v -0.352844 0.297899 0.152052
v -0.34975 0.28983 0.169149
v -0.375634 0.29373 0.120055
v -0.361058 0.305041 0.118253
v -0.374474 0.299832 0.0750776
v -0.358419 0.310758 0.0747092
v -0.363661 0.302277 0.0366524
v -0.347823 0.312246 0.0377664
v -0.344614 0.302097 0.00387079
v -0.333936 0.309422 0.00620005
v -0.322093 0.303619 -0.0259472
v -0.317569 0.307751 -0.0242994
v -0.313619 0.304915 -0.0429598
v -0.311915 0.306781 -0.0422669
v -0.310511 0.308946 -0.0417128
v -0.314827 0.31328 -0.0231835
v -0.329491 0.321289 0.00761119
v -0.342021 0.329252 0.0389418
v -0.351578 0.330883 0.0756753
v -0.354838 0.32542 0.11894
v -0.348368 0.313491 0.154118
v -0.344044 0.297453 0.170071
v -0.344827 0.292707 0.172071
v -0.448701 0.398134 0.067101
v -0.437162 0.396967 0.0632934
v -0.436869 0.39487 0.0803603
v -0.460945 0.400219 0.0314622
v -0.447067 0.396376 0.0262336
v -0.460956 0.390475 -0.0091065
v -0.450365 0.384697 -0.0106946
v -0.466617 0.377007 -0.0347096
v -0.456827 0.371425 -0.0365645
v -0.476007 0.360591 -0.0617625
v -0.467112 0.355827 -0.0629819
v -0.480571 0.345845 -0.0937137
v -0.475879 0.342892 -0.0937452
v -0.481691 0.339119 -0.109778
v -0.47965 0.337921 -0.109773
v -0.477498 0.336911 -0.109926
v -0.470771 0.341015 -0.0943481
v -0.457852 0.354642 -0.0658131
v -0.446387 0.371175 -0.0403907
v -0.437285 0.384239 -0.0143016
v -0.429702 0.400686 0.0209353
v -0.423946 0.401798 0.0598638
v -0.42835 0.395431 0.078947
v -0.431477 0.394202 0.0822064
v -0.429361 0.443715 0.0611526
v -0.441147 0.443568 0.0637895
v -0.436694 0.427548 0.0615503
v -0.427067 0.475045 0.0666068
v -0.442654 0.473789 0.0709697
v -0.432965 0.50985 0.0849118
v -0.449019 0.506866 0.0896809
v -0.441164 0.535188 0.107661
v -0.456399 0.530932 0.112064
v -0.451673 0.552535 0.133951
v -0.462334 0.548637 0.13593
v -0.46512 0.56679 0.160195
v -0.470346 0.564904 0.160267
v -0.470818 0.576676 0.172367
v -0.473003 0.57599 0.172221
v -0.475246 0.575597 0.171822
v -0.475641 0.564442 0.158883
v -0.472971 0.548924 0.132547
v -0.471366 0.53219 0.107261
v -0.466729 0.508683 0.0841749
v -0.460226 0.476113 0.0651046
v -0.45441 0.4443 0.0584358
v -0.44501 0.426649 0.0610688
v -0.441216 0.424239 0.0618529
v -0.45012 0.463609 0.0395622
v -0.448411 0.461591 0.0364075
v -0.450929 0.470225 0.0299638
v -0.452377 0.471254 0.0338514
v -0.457278 0.497502 -0.00134308
v -0.471029 0.511262 0.0237029
v -0.450048 0.479395 0.0175636
v -0.45892 0.487686 0.0364108
v -0.473397 0.514896 -0.0211394
v -0.490095 0.530593 0.0081261
v -0.50519 0.531159 -0.0394565
v -0.518412 0.543822 -0.0143323
v -0.543089 0.541982 -0.0542983
v -0.550361 0.548735 -0.0414251
v -0.564329 0.550067 -0.0622279
v -0.566699 0.552298 -0.0580057
v -0.576607 0.557378 -0.0666202
v -0.449704 0.461475 0.0387044
v -0.452113 0.470201 0.0316738
v -0.467474 0.502121 0.0106364
v -0.456904 0.482676 0.0268325
v -0.485654 0.520038 -0.00580525
v -0.514776 0.534335 -0.0266364
v -0.547737 0.543988 -0.0476917
v -0.565634 0.55101 -0.0600917
v -0.452015 0.507079 0.0133788
v -0.451964 0.508226 0.0167208
v -0.448442 0.516452 0.0135354
v -0.448873 0.51436 0.0105519
v -0.434475 0.549422 0.00925414
v -0.434525 0.538992 -0.0158937
v -0.445365 0.529345 0.0139407
v -0.446341 0.520657 -0.0032069
v -0.416361 0.567642 0.00268167
v -0.4159 0.555098 -0.0266559
v -0.386655 0.580818 -0.00876708
v -0.387037 0.569837 -0.0330884
v -0.353043 0.587442 -0.0203245
v -0.352882 0.581855 -0.0331104
v -0.334539 0.592065 -0.0282781
v -0.334499 0.590245 -0.0324768
v -0.324161 0.596115 -0.0346502
v -0.451814 0.506482 0.0152839
v -0.448167 0.515139 0.0123565
v -0.431535 0.54251 -0.00264935
v -0.443856 0.524063 0.00523903
v -0.413137 0.558537 -0.0118165
v -0.384361 0.572718 -0.0199662
v -0.35212 0.583543 -0.0262404
v -0.334421 0.591015 -0.030317
v -0.460629 0.572857 -0.0202568
v -0.451336 0.574596 -0.0163826
v -0.455543 0.561818 -0.0112566
v -0.458613 0.598793 -0.0381818
v -0.446239 0.600178 -0.0351138
v -0.442141 0.622179 -0.0582186
v -0.432275 0.620233 -0.0565971
v -0.432501 0.633642 -0.0778278
v -0.423164 0.631996 -0.0766026
v -0.42368 0.64482 -0.101505
v -0.415465 0.643148 -0.100053
v -0.410835 0.660027 -0.123551
v -0.406511 0.658515 -0.12281
v -0.40388 0.667964 -0.133652
v -0.402041 0.667334 -0.133275
v -0.400155 0.666899 -0.132792
v -0.402174 0.657894 -0.121462
v -0.407975 0.644271 -0.0970014
v -0.414967 0.634213 -0.0727855
v -0.422312 0.622123 -0.0514686
v -0.434864 0.605365 -0.0257501
v -0.443499 0.578861 -0.00817597
v -0.449693 0.56281 -0.007101
v -0.452267 0.560071 -0.008209
v -0.457015 0.566002 0.00319651
v -0.461701 0.563308 -0.0020308
v -0.453836 0.556264 -0.00115612
v -0.471643 0.583449 0.00789888
v -0.478312 0.579489 0.00252316
v -0.494764 0.594223 0.0110429
v -0.49948 0.589226 0.00804577
v -0.510287 0.59993 0.0185405
v -0.514909 0.595356 0.0158559
v -0.526602 0.606171 0.028946
v -0.530479 0.601968 0.0263969
v -0.545904 0.613317 0.0363075
v -0.547771 0.610708 0.035137
v -0.555656 0.616812 0.0391777
v -0.556434 0.615704 0.0386361
v -0.55726 0.614691 0.0379671
v -0.549699 0.608595 0.0333505
v -0.5342 0.599628 0.0222986
v -0.519105 0.59337 0.0108172
v -0.504185 0.586254 0.00180345
v -0.483385 0.577649 -0.00762616
v -0.464809 0.562297 -0.0103318
v -0.456183 0.554329 -0.00553351
v -0.454248 0.553655 -0.00350484
v -0.246114 0.108587 0.314612
v -0.240969 0.107945 0.312585
v -0.243291 0.0872808 0.326086
v -0.237597 0.0868095 0.32369
v -0.248668 0.144272 0.291662
v -0.253939 0.143967 0.294399
v -0.24767 0.116677 0.31024
v -0.242663 0.115851 0.308413
v -0.249829 0.151418 0.286914
v -0.256462 0.151296 0.290166
v -0.252643 0.158367 0.282838
v -0.257458 0.158259 0.285218
v -0.261617 0.184403 0.265269
v -0.266602 0.184024 0.267976
v -0.263343 0.190071 0.260867
v -0.269902 0.189752 0.264264
v -0.267531 0.196903 0.256397
v -0.272021 0.196146 0.259241
v -0.28232 0.224689 0.234388
v -0.286391 0.223957 0.237059
v -0.284404 0.228923 0.230547
v -0.290231 0.228394 0.233779
v -0.288216 0.233479 0.226979
v -0.292366 0.232587 0.229879
v -0.299887 0.248718 0.213483
v -0.303931 0.248119 0.215982
v -0.302571 0.252772 0.20941
v -0.308002 0.251869 0.212893
v -0.3082 0.257894 0.205083
v -0.311977 0.2572 0.207586
v -0.325113 0.275348 0.188136
v -0.329043 0.274413 0.191019
v -0.33355 0.28312 0.180472
v -0.337185 0.281928 0.1836
v -0.336197 0.285694 0.177817
v -0.340305 0.284183 0.181591
v -0.339578 0.288774 0.17472
v -0.339578 0.288774 0.17472
v -0.344195 0.287334 0.17859
v -0.344195 0.287334 0.17859
v -0.23845 0.0877302 0.325714
v -0.242004 0.109047 0.314582
v -0.249566 0.145149 0.293745
v -0.243473 0.11695 0.310302
v -0.251011 0.152397 0.289058
v -0.253274 0.15934 0.284724
v -0.262245 0.185373 0.267163
v -0.264342 0.191143 0.262844
v -0.267852 0.198009 0.258019
v -0.282856 0.225853 0.236044
v -0.285632 0.230008 0.232601
v -0.288831 0.234508 0.228823
v -0.300406 0.249894 0.215106
v -0.303865 0.254003 0.211294
v -0.308583 0.259117 0.206585
v -0.325541 0.276553 0.189677
v -0.333852 0.284289 0.182013
v -0.336829 0.28672 0.179693
v -0.340422 0.28978 0.176707
v -0.340422 0.28978 0.176707
v -0.24394 0.109209 0.315395
v -0.251934 0.144994 0.294989
v -0.25421 0.152274 0.290673
v -0.255722 0.159286 0.285933
v -0.264928 0.185224 0.26857
v -0.267907 0.1909 0.264754
v -0.270372 0.197327 0.259864
v -0.284945 0.225256 0.237659
v -0.288127 0.229652 0.234136
v -0.290883 0.234066 0.230258
v -0.302608 0.249559 0.216479
v -0.306431 0.253482 0.213061
v -0.310637 0.258702 0.207997
v -0.327905 0.27594 0.191482
v -0.336182 0.283505 0.184046
v -0.339005 0.285894 0.181728
v -0.342707 0.289067 0.178621
v -0.342707 0.289067 0.178621
v -0.241267 0.0879634 0.3269
v -0.245709 0.117346 0.311099
v -0.239753 0.0861379 0.322931
v -0.24329 0.107345 0.311858
v -0.250806 0.143237 0.291141
v -0.244752 0.115204 0.307601
v -0.252239 0.150439 0.286482
v -0.254488 0.157336 0.282177
v -0.263397 0.183192 0.264735
v -0.265476 0.188921 0.260445
v -0.268964 0.195737 0.255657
v -0.283859 0.223382 0.233838
v -0.286616 0.227509 0.23042
v -0.289795 0.231977 0.226668
v -0.301297 0.247267 0.213038
v -0.304737 0.251353 0.209246
v -0.309432 0.256441 0.204563
v -0.326323 0.273807 0.187721
v -0.334612 0.281524 0.180076
v -0.337586 0.283951 0.177761
v -0.341173 0.287007 0.174779
v -0.341173 0.287007 0.174779
v -0.245226 0.107507 0.312671
v -0.253175 0.143083 0.292384
v -0.255438 0.150317 0.288097
v -0.256937 0.157283 0.283386
v -0.266079 0.183043 0.266142
v -0.269041 0.188678 0.262356
v -0.271485 0.195059 0.257499
v -0.285949 0.222788 0.235452
v -0.289112 0.227152 0.231955
v -0.291848 0.231536 0.228102
v -0.303499 0.246931 0.214411
v -0.307303 0.250832 0.211013
v -0.311486 0.256025 0.205974
v -0.328687 0.273194 0.189527
v -0.336943 0.280741 0.182109
v -0.339761 0.283126 0.179795
v -0.343458 0.286294 0.176694
v -0.343458 0.286294 0.176694
v -0.24257 0.086371 0.324117
v -0.246987 0.115599 0.308399
v -0.359353 0.300816 0.165026
v -0.355019 0.301934 0.161731
v -0.381545 0.32579 0.138744
v -0.385724 0.324224 0.142598
v -0.365422 0.305931 0.160053
v -0.361057 0.306836 0.157048
v -0.386002 0.331004 0.133591
v -0.3915 0.329355 0.138101
v -0.391494 0.33592 0.129459
v -0.395558 0.334805 0.132657
v -0.408377 0.356704 0.111364
v -0.412843 0.355797 0.114465
v -0.411203 0.3617 0.106893
v -0.41721 0.360849 0.110641
v -0.416202 0.367795 0.102437
v -0.420298 0.366848 0.105401
v -0.429855 0.395706 0.080605
v -0.433848 0.395399 0.0828084
v -0.431093 0.400277 0.0769225
v -0.436737 0.400522 0.0794019
v -0.433614 0.405571 0.0733975
v -0.437758 0.405309 0.0756203
v -0.439318 0.424111 0.0605751
v -0.443264 0.424493 0.0621609
v -0.439962 0.429172 0.0569226
v -0.445291 0.429694 0.0590595
v -0.442494 0.436347 0.0527724
v -0.446202 0.436751 0.0542379
v -0.446645 0.461344 0.0377502
v -0.450496 0.461896 0.0391998
v -0.448129 0.47331 0.0311821
v -0.451847 0.473588 0.0327365
v -0.448361 0.477268 0.028996
v -0.452654 0.477439 0.0308782
v -0.448792 0.482101 0.0264073
v -0.448792 0.482101 0.0264073
v -0.453391 0.482625 0.0282257
v -0.453391 0.482625 0.0282257
v -0.356083 0.302982 0.163737
v -0.382345 0.326688 0.140832
v -0.361934 0.307944 0.158894
v -0.387086 0.331908 0.13578
v -0.392106 0.336939 0.131287
v -0.40897 0.357678 0.113187
v -0.412155 0.362727 0.108809
v -0.41652 0.36889 0.103965
v -0.430325 0.396784 0.0821517
v -0.432227 0.401355 0.0787745
v -0.434173 0.406493 0.0751001
v -0.439716 0.425104 0.062081
v -0.441032 0.430415 0.0585371
v -0.442728 0.437304 0.0541908
v -0.446898 0.462204 0.0391654
v -0.448296 0.474036 0.0325975
v -0.448886 0.477971 0.0305768
v -0.449491 0.482865 0.0280148
v -0.449491 0.482865 0.0280148
v -0.357666 0.302507 0.165037
v -0.384214 0.32597 0.142579
v -0.389708 0.331064 0.138008
v -0.394173 0.336374 0.132912
v -0.411386 0.357241 0.114803
v -0.415407 0.3622 0.110912
v -0.418782 0.368118 0.10588
v -0.43241 0.396401 0.0835105
v -0.43467 0.401323 0.079976
v -0.436223 0.406363 0.0761997
v -0.441868 0.425301 0.0629544
v -0.443591 0.430561 0.0596444
v -0.444765 0.437482 0.0550273
v -0.449248 0.46248 0.040088
v -0.450693 0.474194 0.0336128
v -0.451178 0.478035 0.031598
v -0.451766 0.483124 0.0289144
v -0.451766 0.483124 0.0289144
v -0.363899 0.307559 0.160215
v -0.356833 0.300213 0.161813
v -0.383163 0.324007 0.138858
v -0.362691 0.305185 0.156964
v -0.387927 0.32926 0.133788
v -0.39297 0.334327 0.129276
v -0.409929 0.355239 0.111094
v -0.413133 0.360334 0.106697
v -0.417519 0.366555 0.101832
v -0.431385 0.394708 0.0799426
v -0.433293 0.399324 0.0765547
v -0.435245 0.404513 0.0728686
v -0.440798 0.423311 0.0598154
v -0.442115 0.428676 0.0562647
v -0.44381 0.435634 0.0519121
v -0.447961 0.460772 0.0368863
v -0.449343 0.47271 0.0303304
v -0.449928 0.476679 0.0283153
v -0.450524 0.481614 0.0257609
v -0.450524 0.481614 0.0257609
v -0.358416 0.299738 0.163112
v -0.385031 0.323289 0.140605
v -0.390548 0.328414 0.136016
v -0.395038 0.333761 0.130901
v -0.412345 0.354802 0.11271
v -0.416385 0.359806 0.108801
v -0.41978 0.365779 0.103749
v -0.433469 0.394323 0.0813022
v -0.435735 0.399292 0.0777562
v -0.437295 0.404382 0.0739685
v -0.442951 0.423509 0.0606887
v -0.444674 0.428823 0.0573719
v -0.445847 0.435813 0.0527486
v -0.450311 0.461049 0.0378089
v -0.451741 0.472866 0.0313456
v -0.45222 0.476741 0.0293362
v -0.452799 0.481874 0.0266605
v -0.452799 0.481874 0.0266605
v -0.364656 0.3048 0.158285
v -0.454374 0.504538 0.0173397
v -0.450425 0.503691 0.0159733
v -0.451538 0.542753 -0.000712852
v -0.455342 0.542851 0.000918526
v -0.454843 0.513036 0.0134179
v -0.451104 0.511941 0.0122565
v -0.451043 0.550689 -0.00397892
v -0.45568 0.551166 -0.0021424
v -0.451512 0.558703 -0.00670665
v -0.454807 0.559078 -0.00541507
v -0.450814 0.589483 -0.0172404
v -0.453983 0.589779 -0.0159875
v -0.450164 0.596396 -0.0195521
v -0.454175 0.59707 -0.0180548
v -0.451467 0.605098 -0.0215654
v -0.452386 0.60506 -0.0211654
v -0.451214 0.504549 0.0174985
v -0.452179 0.543199 0.000785302
v -0.451702 0.51275 0.0136891
v -0.45185 0.551238 -0.00248182
v -0.451927 0.559159 -0.00537625
v -0.451197 0.589802 -0.0160031
v -0.45073 0.596865 -0.0183101
v -0.451514 0.605216 -0.0212213
v -0.452707 0.504785 0.018056
v -0.453891 0.543223 0.00152826
v -0.454098 0.551398 -0.00156483
v -0.453602 0.559351 -0.00471998
v -0.452885 0.590026 -0.015355
v -0.452931 0.59715 -0.0174632
v -0.452057 0.605097 -0.0209559
v -0.453369 0.513267 0.0141919
v -0.452207 0.503471 0.015295
v -0.453084 0.542385 -0.00128201
v -0.452679 0.511733 0.0115091
v -0.452734 0.550472 -0.00451423
v -0.452791 0.558439 -0.00737262
v -0.451979 0.589239 -0.0178454
v -0.451492 0.596335 -0.0201135
v -0.451754 0.605057 -0.0217908
v -0.4537 0.503707 0.0158526
v -0.454796 0.542408 -0.00053995
v -0.454983 0.550632 -0.00359801
v -0.454466 0.558631 -0.00671662
v -0.453668 0.589463 -0.0171975
v -0.453693 0.596619 -0.0192669
v -0.452297 0.604936 -0.0215265
v -0.454345 0.512252 0.0120129
v -0.216854 0.148047 0.317261
v -0.215274 0.146583 0.318125
v -0.215961 0.16032 0.311326
v -0.209172 0.154034 0.312176
v -0.210066 0.173261 0.300861
v -0.198114 0.165298 0.301066
v -0.199172 0.180158 0.283758
v -0.187005 0.170442 0.28512
v -0.186775 0.184085 0.264643
v -0.173096 0.172787 0.268044
v -0.173035 0.18161 0.250018
v -0.161438 0.171634 0.251848
v -0.158694 0.178145 0.23254
v -0.150374 0.169062 0.231685
v -0.151641 0.173728 0.203883
v -0.147818 0.167705 0.203511
v -0.152325 0.168071 0.183825
v -0.149884 0.166154 0.184755
v -0.150448 0.164469 0.17644
v -0.148921 0.163769 0.177086
v -0.150253 0.162024 0.170279
v -0.14877 0.161313 0.170779
v -0.151037 0.159385 0.163955
v -0.147135 0.161089 0.170884
v -0.147216 0.163665 0.177346
v -0.146906 0.166261 0.185172
v -0.141872 0.16805 0.205525
v -0.143245 0.170285 0.23658
v -0.153413 0.173675 0.258415
v -0.16418 0.173555 0.276661
v -0.178052 0.170786 0.29455
v -0.190254 0.16589 0.308575
v -0.206219 0.153051 0.31603
v -0.213042 0.146764 0.319069
v -0.0960121 0.274391 0.365345
v -0.096829 0.273177 0.367192
v -0.0834218 0.279074 0.361885
v -0.0854077 0.272171 0.368001
v -0.0656573 0.279335 0.359485
v -0.0661844 0.268591 0.369331
v -0.0465475 0.269252 0.35702
v -0.0488803 0.257869 0.367828
v -0.0278729 0.255243 0.354562
v -0.0317636 0.243285 0.367914
v -0.0156817 0.23881 0.356226
v -0.0187138 0.227774 0.36689
v -0.0024322 0.219741 0.356586
v -0.00487633 0.209202 0.362922
v 0.0127228 0.196661 0.344107
v 0.0102265 0.19054 0.347091
v 0.0188794 0.181211 0.331008
v 0.0180874 0.179336 0.333592
v 0.0209982 0.173516 0.327919
v 0.0208362 0.17273 0.32956
v 0.0225529 0.168097 0.324239
v 0.0224396 0.167236 0.325753
v 0.0236051 0.16288 0.319686
v 0.0229645 0.166416 0.327121
v 0.0213985 0.172053 0.331078
v 0.0193021 0.178334 0.336211
v 0.0121215 0.189327 0.353066
v -0.0033236 0.209773 0.371634
v -0.0170363 0.229502 0.377347
v -0.0317043 0.244935 0.380419
v -0.0495483 0.259685 0.380893
v -0.0661492 0.269935 0.380303
v -0.0868296 0.272442 0.372818
v -0.0961787 0.272869 0.369551
v -0.093059 0.272905 0.368499
v -0.0971994 0.275488 0.367331
v -0.0859814 0.276227 0.383641
v -0.0915013 0.285483 0.376166
v -0.0771545 0.285989 0.400947
v -0.0832867 0.303219 0.391537
v -0.071293 0.304369 0.42163
v -0.0787413 0.321168 0.411241
v -0.0731213 0.327048 0.44507
v -0.0813219 0.343478 0.431025
v -0.0818187 0.351931 0.466926
v -0.0893491 0.364786 0.453127
v -0.0955482 0.37547 0.490184
v -0.102177 0.38457 0.479972
v -0.114589 0.396862 0.512157
v -0.119798 0.401738 0.505183
v -0.130703 0.410388 0.522442
v -0.134494 0.411322 0.51835
v -0.14223 0.414869 0.527263
v -0.145596 0.414214 0.524439
v -0.151506 0.417653 0.534147
v -0.154974 0.416801 0.531406
v -0.160514 0.418292 0.541425
v -0.152649 0.420678 0.531
v -0.142815 0.417952 0.523706
v -0.13162 0.415702 0.516522
v -0.116826 0.40766 0.500176
v -0.09986 0.392466 0.473196
v -0.0873891 0.374031 0.444592
v -0.0799548 0.354177 0.420265
v -0.0776012 0.332434 0.400806
v -0.0813862 0.313824 0.382648
v -0.0892656 0.288826 0.369511
v -0.0935801 0.277884 0.36448
v -0.117544 0.255824 0.355929
v -0.121384 0.25607 0.355938
v -0.111995 0.250252 0.366365
v -0.120112 0.256155 0.366988
v -0.107386 0.246216 0.381869
v -0.119143 0.255869 0.386027
v -0.108458 0.241243 0.403342
v -0.122624 0.25105 0.406008
v -0.132465 0.223228 0.41557
v -0.143565 0.236926 0.418265
v -0.162116 0.206982 0.413973
v -0.167814 0.219733 0.420858
v -0.184842 0.195301 0.42406
v -0.18959 0.204971 0.428508
v -0.209889 0.185719 0.43091
v -0.213106 0.192398 0.432799
v -0.226464 0.181881 0.43578
v -0.228619 0.185699 0.43554
v -0.235307 0.178673 0.438315
v -0.237336 0.18126 0.437222
v -0.242641 0.173581 0.439989
v -0.24484 0.176003 0.438885
v -0.250174 0.16894 0.439096
v -0.243618 0.176107 0.442143
v -0.235907 0.181565 0.440458
v -0.227458 0.186762 0.439402
v -0.211971 0.195691 0.43813
v -0.189099 0.209844 0.435051
v -0.167567 0.22606 0.428291
v -0.145368 0.246909 0.424191
v -0.127478 0.262102 0.408897
v -0.123098 0.265524 0.388445
v -0.120832 0.26204 0.366352
v -0.120305 0.259801 0.356816
v -0.0499885 0.304905 0.386467
v -0.0509462 0.305968 0.387643
v -0.0443178 0.300518 0.39362
v -0.0459184 0.301154 0.39494
v -0.034351 0.295914 0.402965
v -0.0425627 0.299387 0.405539
v -0.0280219 0.291685 0.420132
v -0.0402365 0.29742 0.421972
v -0.0292599 0.286111 0.444392
v -0.0423382 0.293081 0.44557
v -0.0334248 0.279801 0.46448
v -0.0467929 0.283993 0.468188
v -0.0491311 0.298877 0.472156
v -0.0553206 0.279322 0.486713
v -0.0385207 0.277345 0.476685
v -0.0438673 0.273544 0.488728
v -0.0558085 0.267932 0.507029
v -0.0653063 0.272383 0.505113
v -0.0742792 0.259359 0.526973
v -0.0780449 0.26185 0.526132
v -0.0850531 0.256961 0.54124
v -0.0863952 0.258201 0.541423
v -0.0862191 0.26034 0.540271
v -0.0790677 0.26535 0.52724
v -0.0657078 0.281001 0.507911
v -0.055876 0.291104 0.490386
v -0.0436604 0.307102 0.448666
v -0.0403023 0.308957 0.423717
v -0.0427941 0.306378 0.406909
v -0.0455881 0.302936 0.395876
v -0.0511817 0.307374 0.388705
v -0.0156833 0.326014 0.397493
v -0.0151295 0.323752 0.397503
v -0.00478823 0.329324 0.393094
v -0.00396722 0.327145 0.392986
v 0.00486201 0.340525 0.386686
v 0.00872956 0.3308 0.387726
v 0.0206381 0.351479 0.37601
v 0.0250557 0.337516 0.376753
v 0.0439838 0.356624 0.357764
v 0.0478682 0.341491 0.358581
v 0.0667524 0.359432 0.331593
v 0.0679925 0.342436 0.335233
v 0.0813731 0.35287 0.311356
v 0.0825143 0.339102 0.314288
v 0.0949229 0.344875 0.28858
v 0.0960472 0.334165 0.29092
v 0.110509 0.335384 0.261444
v 0.111377 0.330665 0.262712
v 0.123573 0.330927 0.245612
v 0.124542 0.328989 0.245886
v 0.124205 0.327264 0.248141
v 0.113578 0.327126 0.263912
v 0.101217 0.326983 0.294695
v 0.0899525 0.329507 0.31961
v 0.0768155 0.330955 0.342342
v 0.0570038 0.329451 0.366578
v 0.0313306 0.328616 0.382823
v 0.011987 0.324582 0.39164
v -0.00264491 0.325754 0.394214
v -0.0140938 0.322252 0.398872
v -0.0486391 0.307237 0.389615
v -0.0484406 0.306988 0.387227
v -0.0465067 0.318128 0.398444
v -0.0480793 0.318607 0.388941
v -0.0468409 0.335228 0.405091
v -0.048722 0.338628 0.390877
v -0.0509568 0.357234 0.409108
v -0.0526553 0.359111 0.393398
v -0.0584547 0.379664 0.41033
v -0.0592145 0.380281 0.391668
v -0.0687729 0.401812 0.404624
v -0.0700691 0.401035 0.388559
v -0.0848913 0.422993 0.396157
v -0.0870177 0.421712 0.384309
v -0.105458 0.440744 0.387007
v -0.106164 0.439647 0.379602
v -0.118835 0.45097 0.38018
v -0.118566 0.450789 0.377
v -0.125603 0.457667 0.377345
v -0.125277 0.457665 0.37552
v -0.131179 0.464052 0.37708
v -0.131018 0.464232 0.375308
v -0.136393 0.469968 0.377989
v -0.130445 0.464805 0.373787
v -0.124511 0.458088 0.37395
v -0.11701 0.451663 0.374453
v -0.102456 0.441627 0.375205
v -0.0813545 0.424725 0.378299
v -0.0625647 0.403778 0.381443
v -0.0497855 0.381935 0.383035
v -0.0429481 0.360146 0.384102
v -0.0405274 0.340212 0.383248
v -0.0448144 0.317949 0.385022
v -0.0471151 0.308086 0.385384
v 0.0501048 0.355352 0.416182
v 0.048835 0.353647 0.413685
v 0.0523255 0.366101 0.414287
v 0.0534708 0.359994 0.408381
v 0.0571044 0.378349 0.408895
v 0.060711 0.370655 0.398478
v 0.0613446 0.391921 0.396579
v 0.0635981 0.382362 0.385425
v 0.0448287 0.397984 0.375278
v 0.050847 0.387662 0.365877
v 0.0222512 0.393454 0.357893
v 0.0312135 0.388077 0.349711
v 0.0096622 0.395585 0.338263
v 0.0160121 0.39092 0.332211
v -0.00359133 0.39394 0.318813
v 0.000378199 0.390115 0.315328
v -0.0105613 0.391717 0.305619
v -0.00889995 0.3887 0.304154
v -0.01508 0.391107 0.298679
v -0.0145125 0.388334 0.297834
v -0.0206149 0.391648 0.293291
v -0.0202267 0.388886 0.292351
v -0.0268761 0.390507 0.289171
v -0.0184901 0.391065 0.29133
v -0.0125716 0.390481 0.296948
v -0.00631979 0.390671 0.302708
v 0.00498806 0.391686 0.31293
v 0.0218892 0.392041 0.32864
v 0.0383038 0.388807 0.345412
v 0.0590585 0.38483 0.360891
v 0.070255 0.376102 0.380093
v 0.0665938 0.365247 0.394063
v 0.0569065 0.356273 0.407951
v 0.0520639 0.3526 0.413693
v 0.0646413 0.35608 0.416703
v 0.0635372 0.357583 0.417393
v 0.0711635 0.35642 0.424823
v 0.0702182 0.357924 0.425717
v 0.081354 0.35081 0.432164
v 0.0776581 0.358367 0.435299
v 0.0934171 0.345684 0.445581
v 0.0873126 0.355703 0.449945
v 0.103771 0.343112 0.46893
v 0.0966864 0.353611 0.473163
v 0.110205 0.337673 0.497418
v 0.101365 0.349562 0.49875
v 0.108233 0.337182 0.51936
v 0.10114 0.346859 0.520523
v 0.102895 0.335555 0.542561
v 0.0972714 0.343159 0.543421
v 0.0851306 0.331148 0.567377
v 0.082605 0.334707 0.567477
v 0.0763109 0.329333 0.583304
v 0.0755328 0.33092 0.583897
v 0.0752539 0.332949 0.582569
v 0.0814642 0.3381 0.568427
v 0.0965666 0.35117 0.54511
v 0.100564 0.357919 0.522844
v 0.10084 0.363133 0.501014
v 0.096223 0.368067 0.47513
v 0.0867647 0.366274 0.451039
v 0.0765972 0.365135 0.435662
v 0.0703879 0.359854 0.425895
v 0.0635284 0.359528 0.417346
v 0.195984 0.380154 0.419901
v 0.19466 0.379587 0.42302
v 0.204654 0.373111 0.416525
v 0.203703 0.375975 0.424983
v 0.217303 0.365299 0.415729
v 0.218731 0.369166 0.429196
v 0.232274 0.353494 0.420723
v 0.231711 0.357539 0.435748
v 0.228414 0.330073 0.437286
v 0.229984 0.337807 0.451123
v 0.21225 0.31186 0.455196
v 0.218783 0.318418 0.465572
v 0.20882 0.294489 0.472178
v 0.213021 0.299654 0.480179
v 0.202579 0.279479 0.490799
v 0.204586 0.283479 0.495962
v 0.199351 0.271415 0.504004
v 0.199362 0.274109 0.506853
v 0.197282 0.266213 0.510665
v 0.196363 0.268257 0.512798
v 0.194612 0.260119 0.515306
v 0.193579 0.262002 0.517519
v 0.189996 0.255257 0.519564
v 0.196573 0.261167 0.517452
v 0.199467 0.267631 0.512625
v 0.203047 0.27381 0.507299
v 0.209972 0.284425 0.497524
v 0.219517 0.301297 0.483074
v 0.226253 0.320853 0.469357
v 0.23648 0.343277 0.457285
v 0.23502 0.364335 0.443855
v 0.221643 0.375198 0.436024
v 0.204458 0.380737 0.427245
v 0.196688 0.382454 0.423581
v -0.00193956 0.315767 0.39041
v -0.00660987 0.31636 0.403374
v -0.0220973 0.317144 0.392122
v 0.0322911 0.309778 0.40128
v 0.0249001 0.309573 0.418282
v 0.0662898 0.292136 0.425671
v 0.0568326 0.291583 0.442631
v 0.0888915 0.270065 0.450205
v 0.0783894 0.269643 0.465732
v 0.101755 0.244596 0.475179
v 0.0934972 0.245496 0.485385
v 0.110209 0.219983 0.502044
v 0.106257 0.221415 0.506798
v 0.117861 0.208481 0.515165
v 0.116333 0.209276 0.51714
v 0.115119 0.210373 0.519212
v 0.103928 0.224504 0.511735
v 0.0901756 0.252394 0.495582
v 0.0746411 0.279414 0.480387
v 0.0527383 0.302957 0.460145
v 0.0214307 0.321314 0.435738
v -0.0102614 0.32622 0.415901
v -0.026072 0.320127 0.400298
v -0.0273454 0.31808 0.395678
v 0.168161 0.377883 0.405293
v 0.169904 0.369491 0.413986
v 0.154716 0.376841 0.417319
v 0.19928 0.366547 0.387189
v 0.200515 0.354405 0.396451
v 0.226929 0.338424 0.373565
v 0.22428 0.328425 0.379975
v 0.240547 0.318279 0.356897
v 0.238277 0.308664 0.362629
v 0.253895 0.297107 0.335374
v 0.251628 0.288831 0.340822
v 0.271912 0.272203 0.317639
v 0.269964 0.267851 0.320467
v 0.281292 0.259597 0.310042
v 0.280479 0.257774 0.311314
v 0.279895 0.255946 0.312727
v 0.269072 0.263751 0.323986
v 0.2527 0.282041 0.347744
v 0.240626 0.301436 0.37075
v 0.226169 0.319891 0.390364
v 0.206248 0.346254 0.412229
v 0.17466 0.364692 0.426797
v 0.15567 0.372376 0.424671
v 0.152492 0.374737 0.422174
v 0.232189 0.391729 0.410728
v 0.232625 0.381184 0.411422
v 0.219293 0.385193 0.416736
v 0.257888 0.392316 0.396002
v 0.259114 0.378251 0.39567
v 0.281868 0.385377 0.371979
v 0.281729 0.370792 0.371932
v 0.298283 0.377501 0.345407
v 0.296711 0.363256 0.345714
v 0.307194 0.364902 0.319039
v 0.305851 0.355037 0.320322
v 0.313836 0.352877 0.294194
v 0.313379 0.348205 0.295307
v 0.319519 0.34707 0.281678
v 0.319424 0.3451 0.282237
v 0.319555 0.343135 0.282858
v 0.314052 0.343742 0.296897
v 0.308188 0.346286 0.323688
v 0.300677 0.350903 0.350285
v 0.28708 0.356208 0.376835
v 0.264336 0.363578 0.401685
v 0.235239 0.370278 0.417053
v 0.219248 0.377994 0.418832
v 0.216821 0.381216 0.418407
v 0.220056 0.368182 0.423653
v 0.219909 0.377054 0.42886
v 0.207635 0.376555 0.421553
v 0.242995 0.360068 0.435726
v 0.241687 0.371767 0.442986
v 0.265248 0.35497 0.46075
v 0.26248 0.367223 0.467975
v 0.278793 0.352185 0.487189
v 0.275077 0.364068 0.493562
v 0.285075 0.351697 0.514765
v 0.282088 0.360418 0.518137
v 0.289121 0.354074 0.542269
v 0.287955 0.358556 0.543248
v 0.293552 0.354222 0.555772
v 0.2932 0.356121 0.556076
v 0.293162 0.358079 0.556284
v 0.28837 0.363208 0.543531
v 0.28407 0.369711 0.518582
v 0.278554 0.377017 0.49439
v 0.266799 0.382451 0.469178
v 0.246509 0.386888 0.444017
v 0.223026 0.388848 0.428656
v 0.207627 0.383491 0.423234
v 0.205225 0.380644 0.422124
v 0.258155 0.382942 0.418586
v 0.256021 0.382925 0.4175
v 0.264249 0.387168 0.41326
v 0.263278 0.38789 0.412031
v 0.274805 0.391263 0.420211
v 0.272879 0.393677 0.411618
v 0.287657 0.399473 0.422785
v 0.284207 0.403498 0.411085
v 0.305404 0.419187 0.427736
v 0.300904 0.423273 0.411581
v 0.316703 0.438899 0.430272
v 0.310892 0.443466 0.412234
v 0.324325 0.464839 0.427666
v 0.317366 0.468284 0.411587
v 0.326713 0.486762 0.421682
v 0.320345 0.489489 0.410674
v 0.328144 0.506044 0.414585
v 0.322962 0.508057 0.40899
v 0.329417 0.520691 0.408044
v 0.326028 0.521112 0.4059
v 0.329245 0.531127 0.401168
v 0.328292 0.519286 0.4034
v 0.32622 0.506317 0.403109
v 0.32305 0.487398 0.399957
v 0.319643 0.465594 0.396414
v 0.311903 0.442124 0.393689
v 0.301512 0.42103 0.393363
v 0.28554 0.400238 0.397011
v 0.273511 0.391449 0.401382
v 0.263362 0.386673 0.410021
v 0.256271 0.381839 0.414632
v 0.31144 0.37687 0.406429
v 0.311425 0.380358 0.406999
v 0.320722 0.379798 0.408859
v 0.319676 0.376364 0.408098
v 0.355194 0.385423 0.417828
v 0.353692 0.358501 0.414074
v 0.333107 0.384264 0.41045
v 0.330454 0.365487 0.407153
v 0.377437 0.383147 0.432087
v 0.375426 0.351532 0.428257
v 0.398614 0.37292 0.457268
v 0.396273 0.346616 0.453415
v 0.414425 0.359728 0.486986
v 0.41343 0.345913 0.485292
v 0.424554 0.351336 0.502923
v 0.424238 0.346807 0.502353
v 0.432212 0.345375 0.511321
v 0.310299 0.378394 0.407065
v 0.319935 0.378206 0.409049
v 0.353168 0.37156 0.419164
v 0.331301 0.374141 0.41083
v 0.374269 0.366071 0.433448
v 0.395141 0.359383 0.45825
v 0.412892 0.352751 0.48718
v 0.424264 0.349064 0.502762
v 0.388738 0.364191 0.374901
v 0.391738 0.370851 0.382046
v 0.377414 0.369917 0.383129
v 0.418772 0.357519 0.367725
v 0.422876 0.364193 0.377877
v 0.45253 0.352107 0.374848
v 0.453598 0.355646 0.384339
v 0.473776 0.341104 0.380879
v 0.475083 0.344243 0.389814
v 0.496232 0.326124 0.38677
v 0.497035 0.329145 0.394682
v 0.52275 0.315105 0.394361
v 0.522653 0.316459 0.398799
v 0.536079 0.310685 0.398385
v 0.536023 0.311321 0.40026
v 0.5361 0.312131 0.402082
v 0.523049 0.318664 0.402797
v 0.49925 0.334354 0.400568
v 0.478131 0.350709 0.395778
v 0.456422 0.36367 0.391874
v 0.427144 0.377538 0.384781
v 0.394512 0.381857 0.386304
v 0.378486 0.375616 0.38747
v 0.375779 0.372969 0.386459
v 0.374903 0.386565 0.383818
v 0.372387 0.381435 0.37893
v 0.368448 0.378732 0.388385
v 0.384347 0.398964 0.366568
v 0.38007 0.393536 0.36014
v 0.385385 0.4088 0.342846
v 0.380159 0.404953 0.339093
v 0.383188 0.419882 0.32863
v 0.378286 0.416458 0.324924
v 0.380383 0.433958 0.314228
v 0.376026 0.430683 0.311148
v 0.37825 0.445932 0.296067
v 0.375611 0.444207 0.294756
v 0.377309 0.451154 0.286717
v 0.376206 0.450378 0.286164
v 0.375208 0.449523 0.28551
v 0.37357 0.442089 0.293106
v 0.373834 0.426589 0.307334
v 0.376518 0.411678 0.320345
v 0.377675 0.398788 0.334018
v 0.379584 0.384183 0.353477
v 0.372783 0.37381 0.374315
v 0.367159 0.374328 0.385674
v 0.366629 0.375711 0.388148
v 0.488183 0.392647 0.34487
v 0.481998 0.400549 0.342942
v 0.47355 0.388937 0.343953
v 0.51299 0.412018 0.347594
v 0.505274 0.422254 0.347238
v 0.529157 0.441595 0.356729
v 0.521508 0.448044 0.358638
v 0.541387 0.458596 0.369778
v 0.534435 0.464856 0.371748
v 0.556051 0.475303 0.386186
v 0.549595 0.480628 0.387715
v 0.57014 0.497389 0.400183
v 0.566353 0.499819 0.401319
v 0.576607 0.508934 0.40637
v 0.574972 0.509968 0.406794
v 0.573378 0.511141 0.407046
v 0.562803 0.502711 0.401511
v 0.544471 0.48684 0.386357
v 0.529201 0.472181 0.369375
v 0.514378 0.456405 0.355741
v 0.497195 0.433153 0.339497
v 0.475941 0.408244 0.335798
v 0.468683 0.393628 0.341351
v 0.468983 0.390099 0.343026
v 0.464927 0.391167 0.336769
v 0.46729 0.387098 0.33853
v 0.463731 0.389858 0.343991
v 0.469498 0.38789 0.32229
v 0.471653 0.382262 0.324146
v 0.473261 0.377491 0.309153
v 0.473562 0.372962 0.311269
v 0.472215 0.370595 0.299226
v 0.472481 0.366272 0.301054
v 0.469777 0.36366 0.287802
v 0.470039 0.3599 0.289618
v 0.4696 0.354908 0.276111
v 0.469489 0.352937 0.277253
v 0.469949 0.350371 0.270554
v 0.469926 0.349539 0.271058
v 0.470012 0.348693 0.271547
v 0.469905 0.35101 0.278347
v 0.471816 0.356617 0.291097
v 0.474948 0.362716 0.302544
v 0.476402 0.368704 0.313511
v 0.477121 0.377731 0.327071
v 0.471855 0.384154 0.340983
v 0.465701 0.387482 0.345768
v 0.464174 0.388639 0.345965
v -0.242812 0.112032 0.272461
v -0.24243 0.109752 0.27266
v -0.250797 0.119489 0.264262
v -0.251699 0.110449 0.266201
v -0.265034 0.124497 0.255101
v -0.268359 0.110592 0.256457
v -0.286102 0.124002 0.251287
v -0.288157 0.108676 0.253551
v -0.309019 0.121236 0.250034
v -0.309598 0.103311 0.252176
v -0.327294 0.112766 0.251757
v -0.328644 0.0976319 0.254298
v -0.347796 0.104469 0.254377
v -0.351124 0.093263 0.257466
v -0.375306 0.109619 0.251435
v -0.37808 0.103695 0.252094
v -0.392483 0.118885 0.246508
v -0.39291 0.115811 0.245668
v -0.39998 0.120057 0.243717
v -0.399999 0.118426 0.242954
v -0.406241 0.121552 0.243286
v -0.406372 0.120025 0.242508
v -0.412856 0.123147 0.244411
v -0.406635 0.118945 0.241283
v -0.400108 0.117289 0.241676
v -0.393102 0.113967 0.24337
v -0.378119 0.0987665 0.248831
v -0.349626 0.0868413 0.252185
v -0.326591 0.0905759 0.246705
v -0.30586 0.0943159 0.244469
v -0.28363 0.0992085 0.245867
v -0.265123 0.102639 0.249766
v -0.249337 0.106539 0.264283
v -0.242567 0.107815 0.2712
v -0.227187 0.134324 0.113724
v -0.230596 0.13752 0.115551
v -0.214759 0.14102 0.104184
v -0.227125 0.145371 0.103861
v -0.203469 0.15183 0.0890778
v -0.221725 0.160189 0.0846421
v -0.194742 0.171392 0.0706172
v -0.21392 0.17967 0.067602
v -0.188099 0.199413 0.0552066
v -0.210248 0.205798 0.0534825
v -0.185743 0.231691 0.0440441
v -0.205646 0.235702 0.0439352
v -0.182907 0.266786 0.0374561
v -0.197705 0.270098 0.0384536
v -0.181423 0.302833 0.0365007
v -0.191015 0.304675 0.0385289
v -0.184504 0.325841 0.039559
v -0.189324 0.32618 0.0424958
v -0.186049 0.337738 0.0452342
v -0.1889 0.337613 0.0486378
v -0.184433 0.348539 0.0499079
v -0.187142 0.348401 0.0535008
v -0.181307 0.358132 0.0556236
v -0.188866 0.349188 0.0493764
v -0.190694 0.337873 0.0442847
v -0.192314 0.326146 0.0378219
v -0.197354 0.303689 0.0332579
v -0.206682 0.269647 0.0327272
v -0.216847 0.235252 0.0378983
v -0.224167 0.205276 0.047318
v -0.227935 0.179801 0.0612278
v -0.233938 0.160383 0.0778724
v -0.233651 0.142309 0.100948
v -0.233177 0.135295 0.111633
v -0.236258 0.136606 0.146488
v -0.234722 0.13402 0.146671
v -0.245014 0.136389 0.141196
v -0.238629 0.132294 0.139079
v -0.254086 0.134749 0.131952
v -0.245187 0.128354 0.126255
v -0.263577 0.1275 0.11946
v -0.25324 0.119839 0.11489
v -0.269925 0.10293 0.119986
v -0.258298 0.098476 0.113656
v -0.268961 0.0789031 0.128045
v -0.261184 0.0765026 0.119108
v -0.271033 0.0605342 0.127156
v -0.264679 0.0574868 0.121741
v -0.268122 0.047343 0.137283
v -0.263361 0.0452123 0.134603
v -0.264054 0.0413076 0.146427
v -0.260826 0.0405426 0.145508
v -0.262479 0.038006 0.152364
v -0.259775 0.0378359 0.152308
v -0.262533 0.034797 0.158526
v -0.25984 0.0346107 0.158669
v -0.2616 0.0324683 0.165023
v -0.261247 0.0329074 0.157071
v -0.261158 0.0362113 0.150473
v -0.261841 0.0383592 0.143151
v -0.263511 0.0423937 0.130378
v -0.263916 0.055641 0.116182
v -0.259664 0.076293 0.112082
v -0.253349 0.0986313 0.1059
v -0.245567 0.118909 0.108996
v -0.238552 0.127764 0.121158
v -0.234527 0.133605 0.137271
v -0.233082 0.135607 0.144546
v -0.218844 0.142755 0.0657613
v -0.21878 0.144559 0.0661709
v -0.209174 0.142144 0.0628219
v -0.208952 0.143952 0.0640006
v -0.196402 0.141282 0.056191
v -0.198678 0.148113 0.0620432
v -0.178757 0.146749 0.0528316
v -0.184014 0.156086 0.061235
v -0.157023 0.158204 0.0570089
v -0.163727 0.168299 0.0656171
v -0.139025 0.167548 0.0640329
v -0.142312 0.177334 0.0742016
v -0.147985 0.191138 0.0697365
v -0.127714 0.188349 0.0843568
v -0.129592 0.17507 0.0699786
v -0.119627 0.181622 0.0767458
v -0.105692 0.192986 0.0903682
v -0.112406 0.198172 0.096826
v -0.0907686 0.205472 0.111191
v -0.0938895 0.207993 0.113425
v -0.0814108 0.216229 0.122238
v -0.0823355 0.217676 0.122888
v -0.0843538 0.218422 0.121747
v -0.0952242 0.211507 0.112802
v -0.115018 0.206152 0.0934008
v -0.131406 0.199168 0.0796766
v -0.169317 0.18061 0.0606079
v -0.188944 0.165373 0.0561801
v -0.201477 0.153999 0.059159
v -0.20909 0.145683 0.0629315
v -0.21878 0.146292 0.0657786
v -0.213238 0.157081 0.0328766
v -0.211789 0.155258 0.032932
v -0.215432 0.155794 0.0209385
v -0.214046 0.153936 0.0206989
v -0.224012 0.159579 0.00783547
v -0.216591 0.152197 0.00681715
v -0.234015 0.159889 -0.0117252
v -0.224261 0.148953 -0.0122257
v -0.244426 0.150196 -0.038219
v -0.234101 0.138448 -0.0378988
v -0.259797 0.133872 -0.064832
v -0.246982 0.122684 -0.0610607
v -0.26757 0.114741 -0.0803208
v -0.257163 0.105654 -0.0773989
v -0.276794 0.0930482 -0.0948276
v -0.268585 0.0859899 -0.0927703
v -0.287962 0.0672888 -0.111589
v -0.284056 0.0642836 -0.111
v -0.293966 0.0526767 -0.125429
v -0.292379 0.0512253 -0.125811
v -0.289753 0.0512972 -0.124685
v -0.280496 0.0620173 -0.111995
v -0.260126 0.0821354 -0.0952449
v -0.245495 0.100619 -0.0811669
v -0.23247 0.117122 -0.0653771
v -0.218497 0.13296 -0.0422271
v -0.212739 0.145046 -0.0149443
v -0.209113 0.149388 0.005939
v -0.211932 0.153461 0.0199932
v -0.209586 0.154815 0.03255
v -0.217299 0.145536 0.0639126
v -0.219019 0.143857 0.0637673
v -0.215432 0.158086 0.0575822
v -0.223724 0.15325 0.0585046
v -0.2193 0.174668 0.0507448
v -0.232995 0.169238 0.0505478
v -0.228936 0.194489 0.0451338
v -0.242967 0.18699 0.0453799
v -0.241978 0.214049 0.0423068
v -0.257437 0.203553 0.0421565
v -0.261199 0.230169 0.0419345
v -0.273989 0.220388 0.0429465
v -0.283735 0.245824 0.0471275
v -0.29312 0.238476 0.0492339
v -0.30624 0.260018 0.057787
v -0.311775 0.255006 0.0586677
v -0.320877 0.267763 0.0652601
v -0.323247 0.265635 0.0649973
v -0.328597 0.273164 0.0684059
v -0.329964 0.271962 0.0680562
v -0.333763 0.27949 0.0706879
v -0.33523 0.278506 0.0704108
v -0.33764 0.286059 0.0728807
v -0.33659 0.277825 0.0696014
v -0.331228 0.271079 0.0671347
v -0.325312 0.264237 0.0631394
v -0.315303 0.252602 0.0543368
v -0.297941 0.235218 0.0426454
v -0.279035 0.215668 0.0347783
v -0.262576 0.196498 0.0326729
v -0.24823 0.178995 0.0358901
v -0.237641 0.163139 0.0422384
v -0.225592 0.149351 0.0557209
v -0.220705 0.14312 0.0620431
v -0.200272 0.191518 -0.0206085
v -0.201315 0.188427 -0.0202709
v -0.207904 0.199083 -0.0235389
v -0.207875 0.191071 -0.0265858
v -0.218276 0.206225 -0.0301208
v -0.219755 0.194791 -0.0370324
v -0.234587 0.210073 -0.0386604
v -0.235775 0.196474 -0.0445337
v -0.258308 0.198285 -0.030815
v -0.256698 0.185968 -0.03958
v -0.274131 0.179453 -0.015736
v -0.274003 0.172294 -0.0269114
v -0.293033 0.166504 -0.0109085
v -0.292575 0.160622 -0.0189016
v -0.309569 0.150627 -0.00533087
v -0.308486 0.146435 -0.0102067
v -0.319508 0.139442 -0.00341873
v -0.31815 0.136598 -0.00543712
v -0.325335 0.133804 -0.00162505
v -0.323998 0.131289 -0.00240588
v -0.331078 0.129771 0.00164662
v -0.329866 0.127168 0.000999916
v -0.335039 0.125062 0.00607348
v -0.331506 0.128591 -0.00102222
v -0.325464 0.132812 -0.00457098
v -0.319724 0.137785 -0.00839481
v -0.309913 0.147173 -0.0153916
v -0.294194 0.160576 -0.0256776
v -0.27555 0.171768 -0.0350723
v -0.256135 0.182535 -0.0489708
v -0.233692 0.189872 -0.0525326
v -0.217782 0.189231 -0.0439988
v -0.204829 0.188694 -0.0298881
v -0.199732 0.188321 -0.0232711
v -0.196765 0.195326 -0.0319835
v -0.197571 0.196581 -0.0306695
v -0.189477 0.20218 -0.0348921
v -0.190096 0.203602 -0.0336461
v -0.17782 0.205047 -0.0416055
v -0.181594 0.211654 -0.0368401
v -0.161692 0.212421 -0.0477126
v -0.166883 0.220984 -0.040203
v -0.140734 0.227226 -0.0483876
v -0.146603 0.235814 -0.0400139
v -0.115372 0.241909 -0.0435333
v -0.124676 0.249341 -0.0346212
v -0.10018 0.254175 -0.0333225
v -0.107669 0.260298 -0.0261319
v -0.0842908 0.265446 -0.0195439
v -0.090228 0.270212 -0.0138682
v -0.0688876 0.272294 0.00627373
v -0.0718495 0.274371 0.0087157
v -0.0589514 0.278138 0.0204794
v -0.0597899 0.279485 0.021457
v -0.0621295 0.280147 0.021247
v -0.0737214 0.2772 0.0102012
v -0.0944868 0.277086 -0.0124098
v -0.113446 0.269888 -0.0244898
v -0.132125 0.260806 -0.0329968
v -0.154822 0.247784 -0.0385424
v -0.173194 0.229476 -0.0390659
v -0.186068 0.2167 -0.0355857
v -0.191188 0.20521 -0.0336961
v -0.198882 0.198019 -0.0306405
v -0.180361 0.262259 -0.127503
v -0.178067 0.262602 -0.124969
v -0.176107 0.26056 -0.138234
v -0.172203 0.265986 -0.132237
v -0.168594 0.261721 -0.151034
v -0.161247 0.271495 -0.144048
v -0.153779 0.264109 -0.163805
v -0.145895 0.273643 -0.154354
v -0.127324 0.253549 -0.158685
v -0.122247 0.266249 -0.150525
v -0.106182 0.240472 -0.141493
v -0.101653 0.25346 -0.139465
v -0.0833464 0.234531 -0.134785
v -0.0801171 0.244161 -0.132518
v -0.0615536 0.229449 -0.124291
v -0.0600745 0.235739 -0.122073
v -0.0475386 0.228289 -0.117081
v -0.0472961 0.231495 -0.114837
v -0.0398175 0.226677 -0.113412
v -0.0398657 0.228587 -0.110978
v -0.033079 0.22317 -0.110567
v -0.0329895 0.224944 -0.108047
v -0.0278762 0.219269 -0.106009
v -0.031798 0.225978 -0.110725
v -0.0388635 0.229776 -0.113742
v -0.0459373 0.233519 -0.117652
v -0.0583579 0.240082 -0.125319
v -0.0776606 0.25022 -0.135762
v -0.0988659 0.261018 -0.142802
v -0.120005 0.276488 -0.150976
v -0.143878 0.283963 -0.150852
v -0.159723 0.280468 -0.141111
v -0.173581 0.270755 -0.130313
v -0.179107 0.265962 -0.125494
v -0.208362 0.142988 0.0208599
v -0.200221 0.152508 0.0266298
v -0.21388 0.148706 0.0395135
v -0.186397 0.139298 -0.00794032
v -0.175535 0.15127 0.00113372
v -0.147508 0.135493 -0.0310685
v -0.137097 0.147547 -0.0199495
v -0.109379 0.130487 -0.0420529
v -0.100448 0.141914 -0.0301726
v -0.0718771 0.124946 -0.0427476
v -0.0670873 0.133582 -0.0340527
v -0.0347452 0.122035 -0.0393569
v -0.0331271 0.126837 -0.0355385
v -0.0158533 0.120375 -0.0411726
v -0.0152621 0.122501 -0.0397582
v -0.0146765 0.124858 -0.0387252
v -0.0318358 0.132711 -0.0337593
v -0.0642707 0.145837 -0.0319419
v -0.0960108 0.159237 -0.0280536
v -0.131506 0.167952 -0.0176794
v -0.170012 0.171803 0.00269154
v -0.197429 0.168527 0.0283687
v -0.210551 0.156852 0.0432664
v -0.213278 0.152605 0.0445622
v -0.191892 0.241965 -0.117786
v -0.180029 0.242454 -0.114955
v -0.188524 0.241304 -0.100048
v -0.183717 0.240253 -0.15459
v -0.168841 0.238405 -0.151428
v -0.161207 0.229937 -0.189648
v -0.151063 0.226218 -0.184266
v -0.150497 0.209727 -0.210001
v -0.141389 0.206356 -0.203809
v -0.143228 0.176533 -0.218776
v -0.135852 0.174915 -0.211616
v -0.131941 0.140256 -0.215288
v -0.128684 0.140153 -0.210747
v -0.125164 0.123894 -0.214701
v -0.123753 0.123967 -0.212803
v -0.122128 0.124085 -0.211064
v -0.124558 0.14051 -0.207215
v -0.126861 0.175431 -0.207858
v -0.13065 0.207415 -0.201121
v -0.138144 0.227619 -0.180294
v -0.151875 0.245145 -0.14757
v -0.167603 0.249143 -0.111704
v -0.180655 0.24314 -0.0969512
v -0.184873 0.241598 -0.095631
v -0.187012 0.284577 -0.155535
v -0.178982 0.278327 -0.158419
v -0.181215 0.275863 -0.143895
v -0.1916 0.292507 -0.183705
v -0.181592 0.283919 -0.188751
v -0.197473 0.289956 -0.217749
v -0.187207 0.280385 -0.22171
v -0.206066 0.281168 -0.247518
v -0.196121 0.271164 -0.250063
v -0.212841 0.265082 -0.272589
v -0.205293 0.258538 -0.273559
v -0.219505 0.248812 -0.294875
v -0.215553 0.246067 -0.295196
v -0.222522 0.242129 -0.307869
v -0.220773 0.241072 -0.308032
v -0.218937 0.240179 -0.308336
v -0.211177 0.244345 -0.296083
v -0.196323 0.255872 -0.275961
v -0.183431 0.267697 -0.254077
v -0.172407 0.276433 -0.227247
v -0.166012 0.280386 -0.193597
v -0.166906 0.275543 -0.160383
v -0.174722 0.272201 -0.144696
v -0.177826 0.272681 -0.142132
v -0.170147 0.289601 -0.16726
v -0.173966 0.290628 -0.166118
v -0.172408 0.300449 -0.170967
v -0.168751 0.298312 -0.171538
v -0.174861 0.339705 -0.185696
v -0.1453 0.330699 -0.192803
v -0.176479 0.313921 -0.17733
v -0.156112 0.305686 -0.181794
v -0.167593 0.369599 -0.188451
v -0.132745 0.35918 -0.196093
v -0.148586 0.404316 -0.181825
v -0.119793 0.394577 -0.188331
v -0.125323 0.436503 -0.167821
v -0.110106 0.431828 -0.171099
v -0.111272 0.455056 -0.161687
v -0.106286 0.453523 -0.162783
v -0.102006 0.466708 -0.160337
v -0.171772 0.28925 -0.165618
v -0.17059 0.29954 -0.170524
v -0.158873 0.33609 -0.185483
v -0.164971 0.310576 -0.177494
v -0.148005 0.364327 -0.187983
v -0.133128 0.399173 -0.180875
v -0.117423 0.433884 -0.167796
v -0.108745 0.454248 -0.162031
v -0.164496 0.317087 -0.21179
v -0.166644 0.319442 -0.210266
v -0.163049 0.326041 -0.216072
v -0.16129 0.322936 -0.216924
v -0.15392 0.3561 -0.233768
v -0.13726 0.337149 -0.24398
v -0.162609 0.33758 -0.22259
v -0.151776 0.323003 -0.228957
v -0.138186 0.375761 -0.242074
v -0.118294 0.353606 -0.253539
v -0.109747 0.394861 -0.245709
v -0.0937767 0.375689 -0.255165
v -0.0773139 0.410703 -0.243722
v -0.06866 0.400937 -0.248661
v -0.0586209 0.419486 -0.244295
v -0.0557913 0.416283 -0.245931
v -0.0471679 0.424704 -0.246796
v -0.16542 0.317547 -0.21007
v -0.16194 0.324649 -0.215922
v -0.143453 0.347 -0.236153
v -0.155428 0.330451 -0.224453
v -0.125625 0.363982 -0.244695
v -0.100056 0.384848 -0.247149
v -0.0724709 0.405571 -0.244838
v -0.057147 0.41785 -0.244945
v -0.162132 0.341807 -0.282846
v -0.157362 0.350055 -0.279159
v -0.161459 0.3423 -0.267747
v -0.154562 0.34996 -0.312407
v -0.146822 0.359217 -0.308071
v -0.133879 0.363173 -0.337245
v -0.12669 0.368143 -0.332017
v -0.116762 0.365226 -0.354892
v -0.109811 0.36989 -0.350277
v -0.0978548 0.36446 -0.375018
v -0.0919207 0.368621 -0.370565
v -0.0774296 0.369352 -0.396014
v -0.0741819 0.371123 -0.393214
v -0.0673952 0.372798 -0.406052
v -0.0660523 0.373594 -0.404833
v -0.0647683 0.374596 -0.403682
v -0.0714352 0.3738 -0.390706
v -0.0879856 0.375051 -0.36743
v -0.105958 0.37782 -0.347292
v -0.122153 0.377527 -0.327495
v -0.14423 0.373773 -0.303042
v -0.156727 0.361475 -0.275148
v -0.159446 0.34835 -0.264313
v -0.160351 0.344593 -0.263675
v -0.171852 0.351895 -0.2622
v -0.17201 0.344868 -0.264869
v -0.165132 0.344848 -0.256814
v -0.189114 0.358134 -0.276462
v -0.190536 0.349131 -0.278902
v -0.211033 0.354594 -0.289398
v -0.212143 0.347191 -0.28903
v -0.228671 0.354026 -0.293664
v -0.229963 0.347117 -0.293383
v -0.248742 0.354912 -0.296774
v -0.249588 0.348718 -0.296455
v -0.269524 0.353211 -0.303319
v -0.269867 0.34987 -0.302704
v -0.279504 0.35183 -0.307063
v -0.279611 0.350396 -0.306825
v -0.279697 0.348933 -0.306748
v -0.269977 0.346503 -0.302847
v -0.24971 0.343033 -0.298396
v -0.229965 0.340921 -0.296304
v -0.21167 0.339438 -0.292126
v -0.188238 0.339887 -0.285333
v -0.169392 0.338192 -0.270173
v -0.164073 0.340018 -0.258804
v -0.16363 0.341666 -0.25648
v -0.243255 0.0976269 0.302605
v -0.237695 0.0977518 0.302374
v -0.240615 0.0864797 0.324322
v -0.234484 0.0868849 0.323521
v -0.241212 0.11422 0.263502
v -0.247105 0.113886 0.264235
v -0.244432 0.101645 0.294186
v -0.239037 0.10161 0.294289
v -0.240715 0.116965 0.255378
v -0.248084 0.116724 0.255825
v -0.24179 0.119536 0.24739
v -0.247157 0.119399 0.247609
v -0.241319 0.127566 0.216021
v -0.247005 0.127501 0.215998
v -0.240241 0.128987 0.20894
v -0.247621 0.128986 0.208496
v -0.240941 0.130535 0.200012
v -0.246302 0.130443 0.200215
v -0.236491 0.134651 0.162433
v -0.241396 0.134682 0.162001
v -0.234934 0.135011 0.156631
v -0.241466 0.135104 0.155216
v -0.234614 0.135342 0.14979
v -0.239728 0.135382 0.14929
v -0.230551 0.13612 0.126887
v -0.235186 0.136185 0.125675
v -0.228515 0.136296 0.120935
v -0.234821 0.136386 0.119294
v -0.227859 0.13662 0.112273
v -0.232287 0.136686 0.111092
v -0.221178 0.139157 0.083657
v -0.225965 0.139257 0.0823519
v -0.218181 0.141719 0.0704807
v -0.223027 0.141753 0.0695287
v -0.216959 0.142847 0.0662575
v -0.222662 0.142832 0.0653254
v -0.215685 0.144334 0.0611076
v -0.215685 0.144334 0.0611076
v -0.221728 0.144409 0.0597641
v -0.221728 0.144409 0.0597641
v -0.236095 0.0882936 0.324567
v -0.239509 0.0992896 0.303159
v -0.242928 0.115759 0.264288
v -0.240607 0.103186 0.294996
v -0.242723 0.118555 0.256007
v -0.243191 0.121154 0.247955
v -0.242728 0.129237 0.216402
v -0.242002 0.130696 0.209105
v -0.241935 0.132252 0.200178
v -0.237642 0.136394 0.162298
v -0.236867 0.136765 0.156322
v -0.23596 0.137081 0.149737
v -0.23164 0.137865 0.126646
v -0.230293 0.13806 0.120251
v -0.22876 0.138364 0.112062
v -0.222176 0.140894 0.0836162
v -0.219142 0.143412 0.0706804
v -0.21842 0.14452 0.0664482
v -0.21737 0.14601 0.061241
v -0.21737 0.14601 0.061241
v -0.241606 0.0992022 0.303331
v -0.245579 0.115599 0.264639
v -0.246292 0.118413 0.256297
v -0.24592 0.121086 0.248065
v -0.24576 0.129216 0.216322
v -0.246051 0.13068 0.20895
v -0.245095 0.132143 0.20061
v -0.240349 0.136393 0.162345
v -0.239784 0.136796 0.155876
v -0.23849 0.137101 0.149491
v -0.234174 0.1379 0.125997
v -0.233379 0.138099 0.119583
v -0.231214 0.138398 0.111462
v -0.225123 0.140943 0.0828862
v -0.222276 0.14343 0.070089
v -0.221474 0.144505 0.0659782
v -0.22036 0.146047 0.0605763
v -0.22036 0.146047 0.0605763
v -0.239128 0.0880931 0.324963
v -0.243014 0.103216 0.29492
v -0.236113 0.0852621 0.322898
v -0.239503 0.0961743 0.301652
v -0.242891 0.112503 0.263117
v -0.240593 0.10004 0.293555
v -0.242682 0.115271 0.254914
v -0.243148 0.117846 0.246939
v -0.242687 0.125849 0.215699
v -0.241964 0.127293 0.208474
v -0.241902 0.128835 0.199633
v -0.237643 0.132941 0.162067
v -0.236873 0.13331 0.156129
v -0.235971 0.133624 0.149577
v -0.231661 0.134406 0.126539
v -0.230311 0.134601 0.120131
v -0.22877 0.134907 0.111906
v -0.222103 0.137473 0.0830969
v -0.219011 0.140044 0.0699027
v -0.218268 0.141175 0.0655813
v -0.217194 0.142698 0.0602642
v -0.217194 0.142698 0.0602642
v -0.2416 0.0960867 0.301824
v -0.245542 0.112344 0.263466
v -0.246251 0.11513 0.255202
v -0.245877 0.117778 0.247049
v -0.245719 0.125828 0.215618
v -0.246013 0.127278 0.208318
v -0.245062 0.128727 0.200059
v -0.24035 0.132941 0.162111
v -0.23979 0.13334 0.155683
v -0.238501 0.133644 0.14933
v -0.234195 0.134441 0.125891
v -0.233397 0.134641 0.119462
v -0.231225 0.134941 0.111306
v -0.225051 0.137523 0.0823658
v -0.222145 0.140061 0.0693135
v -0.221323 0.141158 0.0651156
v -0.220183 0.142735 0.0595996
v -0.220183 0.142735 0.0595996
v -0.239146 0.0850616 0.323294
v -0.242999 0.100069 0.293481
v -0.216228 0.15304 0.0376102
v -0.210896 0.152828 0.0391173
v -0.20288 0.173252 0.00269681
v -0.208679 0.173026 0.00190732
v -0.214527 0.157082 0.0293516
v -0.209454 0.156739 0.0310447
v -0.20057 0.177837 -0.00423716
v -0.207702 0.177758 -0.00552981
v -0.199885 0.182463 -0.0113371
v -0.205048 0.182421 -0.0122994
v -0.194197 0.20071 -0.0376995
v -0.199592 0.200611 -0.03863
v -0.192273 0.20487 -0.0434387
v -0.199213 0.204919 -0.0448956
v -0.191954 0.210053 -0.0509504
v -0.197043 0.20973 -0.0514953
v -0.185433 0.23205 -0.0815777
v -0.189975 0.231897 -0.0822624
v -0.183848 0.235507 -0.0862781
v -0.189865 0.235734 -0.0878098
v -0.183484 0.239442 -0.0919221
v -0.188195 0.239238 -0.0925669
v -0.180017 0.252812 -0.110773
v -0.184253 0.252945 -0.111813
v -0.178378 0.256374 -0.115711
v -0.184128 0.256516 -0.117071
v -0.178141 0.261254 -0.122916
v -0.182163 0.261343 -0.123851
v -0.173714 0.277781 -0.147001
v -0.177975 0.277843 -0.147951
v -0.171853 0.285341 -0.158352
v -0.176096 0.285194 -0.158974
v -0.171024 0.287829 -0.162057
v -0.175984 0.287553 -0.162615
v -0.170238 0.290797 -0.166637
v -0.170238 0.290797 -0.166637
v -0.175488 0.290691 -0.167526
v -0.175488 0.290691 -0.167526
v -0.212752 0.154488 0.0392814
v -0.204721 0.17464 0.00334266
v -0.211077 0.15837 0.0313239
v -0.202664 0.179266 -0.00371946
v -0.201393 0.183866 -0.0106737
v -0.195704 0.202036 -0.036969
v -0.194091 0.206271 -0.0428922
v -0.19305 0.211431 -0.0502405
v -0.186677 0.23342 -0.0809498
v -0.185813 0.236884 -0.0858153
v -0.184909 0.2407 -0.0911912
v -0.181197 0.254144 -0.110146
v -0.180192 0.257861 -0.115456
v -0.179138 0.262586 -0.122285
v -0.174737 0.279082 -0.1464
v -0.172799 0.28658 -0.157674
v -0.172389 0.289026 -0.161409
v -0.171784 0.29202 -0.166084
v -0.171784 0.29202 -0.166084
v -0.214792 0.154529 0.0387936
v -0.207335 0.174527 0.00300467
v -0.206134 0.179187 -0.00428369
v -0.204018 0.183846 -0.0111644
v -0.198571 0.202022 -0.0375214
v -0.197908 0.206247 -0.0436189
v -0.196085 0.211061 -0.0503066
v -0.189191 0.233173 -0.0810941
v -0.188505 0.23688 -0.0863469
v -0.18724 0.240599 -0.0915101
v -0.183513 0.254208 -0.110704
v -0.183001 0.257855 -0.116009
v -0.181365 0.262604 -0.122757
v -0.177356 0.279081 -0.146923
v -0.175541 0.286471 -0.158055
v -0.175044 0.288862 -0.16168
v -0.174381 0.291968 -0.166524
v -0.174381 0.291968 -0.166524
v -0.21333 0.158536 0.0305432
v -0.212482 0.151347 0.0378871
v -0.20437 0.171747 0.00157836
v -0.210781 0.155293 0.0298129
v -0.202306 0.176408 -0.00551703
v -0.201031 0.181038 -0.0124937
v -0.195334 0.199294 -0.0388253
v -0.193721 0.203546 -0.0447491
v -0.19268 0.208723 -0.0520947
v -0.186314 0.230778 -0.0827712
v -0.185451 0.234251 -0.0876281
v -0.184549 0.238076 -0.0929936
v -0.180846 0.251551 -0.111905
v -0.179843 0.255276 -0.117201
v -0.178794 0.260012 -0.12401
v -0.174407 0.276546 -0.148049
v -0.172476 0.284062 -0.159282
v -0.172069 0.286515 -0.163004
v -0.171467 0.289517 -0.16766
v -0.171467 0.289517 -0.16766
v -0.214522 0.151388 0.0373987
v -0.206985 0.171633 0.00124133
v -0.205776 0.176329 -0.00608059
v -0.203656 0.181017 -0.0129843
v -0.198201 0.199281 -0.0393778
v -0.197538 0.203522 -0.0454758
v -0.195715 0.208352 -0.0521611
v -0.188828 0.230531 -0.0829161
v -0.188143 0.234247 -0.0881597
v -0.18688 0.237975 -0.0933127
v -0.183162 0.251616 -0.112463
v -0.182653 0.255271 -0.117753
v -0.181021 0.260031 -0.124483
v -0.177026 0.276545 -0.148572
v -0.175219 0.283954 -0.159663
v -0.174724 0.286351 -0.163276
v -0.174065 0.289465 -0.168099
v -0.174065 0.289465 -0.168099
v -0.213034 0.155461 0.0290284
v -0.171953 0.303696 -0.187867
v -0.167406 0.303626 -0.18683
v -0.162949 0.325267 -0.223234
v -0.167642 0.324823 -0.223407
v -0.170927 0.308592 -0.195757
v -0.166628 0.308381 -0.194537
v -0.161549 0.329502 -0.230619
v -0.167286 0.329121 -0.231124
v -0.161539 0.33348 -0.238138
v -0.16565 0.333209 -0.238496
v -0.159477 0.34822 -0.267163
v -0.163577 0.34785 -0.267311
v -0.159276 0.352141 -0.27573
v -0.163121 0.352048 -0.276427
v -0.160592 0.354785 -0.282002
v -0.16172 0.354625 -0.281907
v -0.169028 0.304907 -0.186463
v -0.164434 0.326337 -0.222636
v -0.168026 0.309659 -0.194148
v -0.163226 0.330602 -0.230152
v -0.162727 0.334583 -0.237612
v -0.160599 0.349242 -0.266637
v -0.160332 0.352995 -0.275658
v -0.160833 0.355107 -0.28188
v -0.170763 0.304884 -0.186777
v -0.166549 0.326127 -0.222694
v -0.166013 0.33038 -0.23033
v -0.164817 0.334446 -0.237796
v -0.162783 0.349075 -0.266778
v -0.162406 0.35288 -0.275955
v -0.161497 0.354975 -0.281737
v -0.169937 0.309769 -0.19472
v -0.168726 0.302442 -0.187954
v -0.164159 0.323952 -0.223951
v -0.16773 0.307209 -0.195606
v -0.162957 0.328236 -0.231427
v -0.162464 0.332237 -0.238846
v -0.160359 0.346985 -0.267695
v -0.160162 0.351362 -0.276421
v -0.160764 0.35444 -0.282169
v -0.170461 0.302419 -0.188268
v -0.166274 0.323741 -0.224011
v -0.165745 0.328013 -0.231606
v -0.164555 0.3321 -0.23903
v -0.162543 0.346819 -0.267836
v -0.162234 0.351297 -0.276697
v -0.161427 0.354307 -0.282028
v -0.169641 0.30732 -0.196176
vt 0.138244 0.796243
vt 0.155304 0.796129
vt 0.141762 0.85706
vt 0.157233 0.856957
vt 0.142494 0.691027
vt 0.126644 0.693864
vt 0.135698 0.774278
vt 0.150401 0.774432
vt 0.140477 0.670854
vt 0.121853 0.672934
vt 0.139868 0.648653
vt 0.126964 0.650277
vt 0.137347 0.566951
vt 0.124442 0.56908
vt 0.138607 0.548543
vt 0.122173 0.549663
vt 0.131547 0.526857
vt 0.119903 0.52722
vt 0.121444 0.430791
vt 0.110338 0.431137
vt 0.120299 0.415618
vt 0.10644 0.41605
vt 0.119106 0.398621
vt 0.106539 0.40077
vt 0.115071 0.346927
vt 0.105783 0.347311
vt 0.114937 0.327128
vt 0.102555 0.327395
vt 0.108875 0.303318
vt 0.100338 0.303502
vt 0.0891423 0.185329
vt 0.0808589 0.185508
vt 0.0819314 0.155295
vt 0.0733602 0.156284
vt 0.0803595 0.140145
vt 0.0672621 0.14212
vt 0.0787151 0.120396
vt 0.157233 0.856957
vt 0.0693454 0.121621
vt 0.141762 0.85706
vt 0.153145 0.856984
vt 0.150796 0.796159
vt 0.138306 0.691777
vt 0.146516 0.774391
vt 0.135556 0.671404
vt 0.136458 0.649082
vt 0.133937 0.567514
vt 0.134265 0.548839
vt 0.12847 0.526953
vt 0.118509 0.430882
vt 0.116637 0.415732
vt 0.115785 0.399189
vt 0.112617 0.347029
vt 0.111665 0.327198
vt 0.10662 0.303367
vt 0.0869536 0.185377
vt 0.0796666 0.155556
vt 0.0768987 0.140667
vt 0.0762393 0.120719
vt 0.153145 0.856984
vt 0.142356 0.796215
vt 0.130465 0.69318
vt 0.126342 0.672433
vt 0.130074 0.649885
vt 0.127553 0.568567
vt 0.126134 0.549393
vt 0.12271 0.527133
vt 0.113015 0.431054
vt 0.10978 0.415946
vt 0.109568 0.400252
vt 0.108022 0.347219
vt 0.105539 0.32733
vt 0.102396 0.303458
vt 0.0828554 0.185465
vt 0.0754261 0.156046
vt 0.0704189 0.141644
vt 0.0716037 0.121325
vt 0.145491 0.857035
vt 0.145491 0.857035
vt 0.139241 0.774315
vt 0.153145 0.856984
vt 0.150796 0.796159
vt 0.138306 0.691777
vt 0.146516 0.774391
vt 0.135556 0.671404
vt 0.136458 0.649082
vt 0.133937 0.567514
vt 0.134265 0.548839
vt 0.12847 0.526953
vt 0.118509 0.430882
vt 0.116637 0.415732
vt 0.115785 0.399189
vt 0.112617 0.347029
vt 0.111665 0.327198
vt 0.10662 0.303367
vt 0.0869536 0.185377
vt 0.0796666 0.155556
vt 0.0768987 0.140667
vt 0.0762393 0.120719
vt 0.153145 0.856984
vt 0.142356 0.796215
vt 0.130465 0.69318
vt 0.126342 0.672433
vt 0.130074 0.649885
vt 0.127553 0.568567
vt 0.126134 0.549393
vt 0.12271 0.527133
vt 0.113015 0.431054
vt 0.10978 0.415946
vt 0.109568 0.400252
vt 0.108022 0.347219
vt 0.105539 0.32733
vt 0.102396 0.303458
vt 0.0828554 0.185465
vt 0.0754261 0.156046
vt 0.0704189 0.141644
vt 0.0716037 0.121325
vt 0.145491 0.857035
vt 0.145491 0.857035
vt 0.139241 0.774315
vt 0.138244 0.796243
vt 0.155304 0.796129
vt 0.142494 0.691027
vt 0.126644 0.693864
vt 0.135698 0.774278
vt 0.150401 0.774432
vt 0.140477 0.670854
vt 0.121853 0.672934
vt 0.139868 0.648653
vt 0.126964 0.650277
vt 0.137347 0.566951
vt 0.124442 0.56908
vt 0.138607 0.548543
vt 0.122173 0.549663
vt 0.131547 0.526857
vt 0.119903 0.52722
vt 0.121444 0.430791
vt 0.110338 0.431137
vt 0.120299 0.415618
vt 0.10644 0.41605
vt 0.119106 0.398621
vt 0.106539 0.40077
vt 0.115071 0.346927
vt 0.105783 0.347311
vt 0.114937 0.327128
vt 0.102555 0.327395
vt 0.108875 0.303318
vt 0.100338 0.303502
vt 0.0891423 0.185329
vt 0.0808589 0.185508
vt 0.0819314 0.155295
vt 0.0733602 0.156284
vt 0.0803595 0.140145
vt 0.0672621 0.14212
vt 0.0787151 0.120396
vt 0.157233 0.856957
vt 0.0693454 0.121621
vt 0.141762 0.85706
vt 0.150796 0.796159
vt 0.138306 0.691777
vt 0.146516 0.774391
vt 0.135556 0.671404
vt 0.136458 0.649082
vt 0.133937 0.567514
vt 0.134265 0.548839
vt 0.12847 0.526953
vt 0.118509 0.430882
vt 0.116637 0.415732
vt 0.115785 0.399189
vt 0.112617 0.347029
vt 0.111665 0.327198
vt 0.10662 0.303367
vt 0.0869536 0.185377
vt 0.0796666 0.155556
vt 0.0768987 0.140667
vt 0.0762393 0.120719
vt 0.153145 0.856984
vt 0.142356 0.796215
vt 0.130465 0.69318
vt 0.126342 0.672433
vt 0.130074 0.649885
vt 0.127553 0.568567
vt 0.126134 0.549393
vt 0.12271 0.527133
vt 0.113015 0.431054
vt 0.10978 0.415946
vt 0.109568 0.400252
vt 0.108022 0.347219
vt 0.105539 0.32733
vt 0.102396 0.303458
vt 0.0828554 0.185465
vt 0.0754261 0.156046
vt 0.0704189 0.141644
vt 0.0716037 0.121325
vt 0.145491 0.857035
vt 0.139241 0.774315
vt 0.150796 0.796159
vt 0.138306 0.691777
vt 0.146516 0.774391
vt 0.135556 0.671404
vt 0.136458 0.649082
vt 0.133937 0.567514
vt 0.134265 0.548839
vt 0.12847 0.526953
vt 0.118509 0.430882
vt 0.116637 0.415732
vt 0.115785 0.399189
vt 0.112617 0.347029
vt 0.111665 0.327198
vt 0.10662 0.303367
vt 0.0869536 0.185377
vt 0.0796666 0.155556
vt 0.0768987 0.140667
vt 0.0762393 0.120719
vt 0.153145 0.856984
vt 0.142356 0.796215
vt 0.130465 0.69318
vt 0.126342 0.672433
vt 0.130074 0.649885
vt 0.127553 0.568567
vt 0.126134 0.549393
vt 0.12271 0.527133
vt 0.113015 0.431054
vt 0.10978 0.415946
vt 0.109568 0.400252
vt 0.108022 0.347219
vt 0.105539 0.32733
vt 0.102396 0.303458
vt 0.0828554 0.185465
vt 0.0754261 0.156046
vt 0.0704189 0.141644
vt 0.0716037 0.121325
vt 0.145491 0.857035
vt 0.139241 0.774315
vt 0.138244 0.796243
vt 0.155304 0.796129
vt 0.142494 0.691027
vt 0.126644 0.693864
vt 0.135698 0.774278
vt 0.150401 0.774432
vt 0.140477 0.670854
vt 0.121853 0.672934
vt 0.139868 0.648653
vt 0.126964 0.650277
vt 0.137347 0.566951
vt 0.124442 0.56908
vt 0.138607 0.548543
vt 0.122173 0.549663
vt 0.131547 0.526857
vt 0.119903 0.52722
vt 0.121444 0.430791
vt 0.110338 0.431137
vt 0.120299 0.415618
vt 0.10644 0.41605
vt 0.119106 0.398621
vt 0.106539 0.40077
vt 0.115071 0.346927
vt 0.105783 0.347311
vt 0.114937 0.327128
vt 0.102555 0.327395
vt 0.108875 0.303318
vt 0.100338 0.303502
vt 0.150796 0.796159
vt 0.138306 0.691777
vt 0.146516 0.774391
vt 0.135556 0.671404
vt 0.136458 0.649082
vt 0.133937 0.567514
vt 0.134265 0.548839
vt 0.12847 0.526953
vt 0.118509 0.430882
vt 0.116637 0.415732
vt 0.115785 0.399189
vt 0.112617 0.347029
vt 0.111665 0.327198
vt 0.10662 0.303367
vt 0.142356 0.796215
vt 0.130465 0.69318
vt 0.126342 0.672433
vt 0.130074 0.649885
vt 0.127553 0.568567
vt 0.126134 0.549393
vt 0.12271 0.527133
vt 0.113015 0.431054
vt 0.10978 0.415946
vt 0.109568 0.400252
vt 0.108022 0.347219
vt 0.105539 0.32733
vt 0.102396 0.303458
vt 0.139241 0.774315
vt 0.150796 0.796159
vt 0.138306 0.691777
vt 0.146516 0.774391
vt 0.135556 0.671404
vt 0.136458 0.649082
vt 0.133937 0.567514
vt 0.134265 0.548839
vt 0.12847 0.526953
vt 0.118509 0.430882
vt 0.116637 0.415732
vt 0.115785 0.399189
vt 0.112617 0.347029
vt 0.111665 0.327198
vt 0.10662 0.303367
vt 0.142356 0.796215
vt 0.130465 0.69318
vt 0.126342 0.672433
vt 0.130074 0.649885
vt 0.127553 0.568567
vt 0.126134 0.549393
vt 0.12271 0.527133
vt 0.113015 0.431054
vt 0.10978 0.415946
vt 0.109568 0.400252
vt 0.108022 0.347219
vt 0.105539 0.32733
vt 0.102396 0.303458
vt 0.139241 0.774315
vt 0.77693 0.414978
vt 0.7817 0.413599
vt 0.751656 0.399149
vt 0.768607 0.392375
vt 0.728828 0.364457
vt 0.75399 0.352612
vt 0.717329 0.314759
vt 0.747084 0.309083
vt 0.709843 0.264753
vt 0.745948 0.262873
vt 0.718669 0.213816
vt 0.749478 0.214962
vt 0.73153 0.161156
vt 0.753738 0.161964
vt 0.745091 0.109287
vt 0.759285 0.110522
vt 0.755548 0.076567
vt 0.762053 0.077143
vt 0.759912 0.056968
vt 0.763771 0.057309
vt 0.759633 0.039206
vt 0.763359 0.039035
vt 0.757026 0.022658
vt 0.766923 0.038693
vt 0.767488 0.057452
vt 0.768317 0.077383
vt 0.770831 0.110966
vt 0.770075 0.161399
vt 0.76904 0.214351
vt 0.769544 0.262515
vt 0.772068 0.307006
vt 0.774038 0.345409
vt 0.778452 0.389723
vt 0.78494 0.409548
vt 0.77693 0.414978
vt 0.7817 0.413599
vt 0.751656 0.399149
vt 0.768607 0.392375
vt 0.728828 0.364457
vt 0.75399 0.352612
vt 0.717329 0.314759
vt 0.747084 0.309083
vt 0.709843 0.264753
vt 0.745948 0.262873
vt 0.718669 0.213816
vt 0.749478 0.214962
vt 0.73153 0.161156
vt 0.753738 0.161964
vt 0.745091 0.109287
vt 0.759285 0.110522
vt 0.755548 0.076567
vt 0.762053 0.077143
vt 0.759912 0.056968
vt 0.763771 0.057309
vt 0.759633 0.039206
vt 0.763359 0.039035
vt 0.757026 0.022658
vt 0.766923 0.038693
vt 0.767488 0.057452
vt 0.768317 0.077383
vt 0.770831 0.110966
vt 0.770075 0.161399
vt 0.76904 0.214351
vt 0.769544 0.262515
vt 0.772068 0.307006
vt 0.774038 0.345409
vt 0.778452 0.389723
vt 0.78494 0.409548
vt 0.77693 0.414978
vt 0.7817 0.413599
vt 0.751656 0.399149
vt 0.768607 0.392375
vt 0.728828 0.364457
vt 0.75399 0.352612
vt 0.717329 0.314759
vt 0.747084 0.309083
vt 0.709843 0.264753
vt 0.745948 0.262873
vt 0.718669 0.213816
vt 0.749478 0.214962
vt 0.73153 0.161156
vt 0.753738 0.161964
vt 0.745091 0.109287
vt 0.759285 0.110522
vt 0.755548 0.076567
vt 0.762053 0.077143
vt 0.759912 0.056968
vt 0.763771 0.057309
vt 0.759633 0.039206
vt 0.763359 0.039035
vt 0.757026 0.022658
vt 0.766923 0.038693
vt 0.767488 0.057452
vt 0.768317 0.077383
vt 0.770831 0.110966
vt 0.770075 0.161399
vt 0.76904 0.214351
vt 0.769544 0.262515
vt 0.772068 0.307006
vt 0.774038 0.345409
vt 0.778452 0.389723
vt 0.78494 0.409548
vt 0.398529 0.789038
vt 0.403298 0.787659
vt 0.373254 0.773208
vt 0.390205 0.766435
vt 0.350426 0.738516
vt 0.375588 0.726672
vt 0.338927 0.688818
vt 0.369893 0.683143
vt 0.331442 0.638813
vt 0.367546 0.636932
vt 0.340267 0.587875
vt 0.371077 0.589021
vt 0.353128 0.535215
vt 0.375966 0.535813
vt 0.366689 0.483346
vt 0.381304 0.484372
vt 0.377672 0.450277
vt 0.384527 0.451202
vt 0.381861 0.431027
vt 0.38572 0.431369
vt 0.381582 0.412565
vt 0.385308 0.412394
vt 0.378974 0.396017
vt 0.388872 0.412052
vt 0.389436 0.431512
vt 0.39044 0.451092
vt 0.39243 0.485025
vt 0.391673 0.535458
vt 0.390638 0.588411
vt 0.391142 0.636574
vt 0.393666 0.681065
vt 0.395636 0.719469
vt 0.400051 0.763783
vt 0.406538 0.783607
vt 0.398529 0.789038
vt 0.403298 0.787659
vt 0.373254 0.773208
vt 0.390205 0.766435
vt 0.350426 0.738516
vt 0.375588 0.726672
vt 0.338927 0.688818
vt 0.369893 0.683143
vt 0.331442 0.638813
vt 0.367546 0.636932
vt 0.340267 0.587875
vt 0.371077 0.589021
vt 0.353128 0.535215
vt 0.375966 0.535813
vt 0.366689 0.483346
vt 0.381304 0.484372
vt 0.377672 0.450277
vt 0.384527 0.451202
vt 0.381861 0.431027
vt 0.38572 0.431369
vt 0.381582 0.412565
vt 0.385308 0.412394
vt 0.378974 0.396017
vt 0.388872 0.412052
vt 0.389436 0.431512
vt 0.39044 0.451092
vt 0.39243 0.485025
vt 0.391673 0.535458
vt 0.390638 0.588411
vt 0.391142 0.636574
vt 0.393666 0.681065
vt 0.395636 0.719469
vt 0.400051 0.763783
vt 0.406538 0.783607
vt 0.367931 0.43312
vt 0.37104 0.43106
vt 0.355323 0.416519
vt 0.358432 0.41446
vt 0.337962 0.394665
vt 0.353535 0.391716
vt 0.326675 0.358885
vt 0.350471 0.357395
vt 0.322714 0.309694
vt 0.349486 0.308478
vt 0.319982 0.267877
vt 0.342719 0.2596
vt 0.37177 0.256143
vt 0.347384 0.218749
vt 0.323552 0.242156
vt 0.325043 0.215845
vt 0.331826 0.173996
vt 0.34972 0.175877
vt 0.34102 0.122911
vt 0.349357 0.123787
vt 0.351352 0.088402
vt 0.355019 0.087965
vt 0.35832 0.091487
vt 0.356743 0.123077
vt 0.365574 0.174353
vt 0.369038 0.216007
vt 0.375762 0.305525
vt 0.370816 0.355353
vt 0.366131 0.389269
vt 0.361315 0.412336
vt 0.373923 0.428937
vt 0.892288 0.376946
vt 0.895397 0.374886
vt 0.87968 0.360345
vt 0.882789 0.358285
vt 0.862319 0.338491
vt 0.877892 0.335542
vt 0.851032 0.302711
vt 0.874827 0.301221
vt 0.847071 0.25352
vt 0.87233 0.252556
vt 0.841817 0.198086
vt 0.86985 0.202921
vt 0.848962 0.159378
vt 0.871741 0.162575
vt 0.856183 0.117822
vt 0.874077 0.119703
vt 0.865377 0.066737
vt 0.873714 0.067613
vt 0.875709 0.032228
vt 0.879376 0.031791
vt 0.882677 0.035313
vt 0.8811 0.066903
vt 0.889931 0.118179
vt 0.893395 0.159832
vt 0.896127 0.199969
vt 0.900119 0.249351
vt 0.895173 0.299179
vt 0.890488 0.333095
vt 0.885672 0.356162
vt 0.89828 0.372763
vt 0.367931 0.43312
vt 0.37104 0.43106
vt 0.355323 0.416519
vt 0.358432 0.41446
vt 0.337962 0.394665
vt 0.353535 0.391716
vt 0.326675 0.358885
vt 0.350471 0.357395
vt 0.322714 0.309694
vt 0.349486 0.308478
vt 0.319982 0.267877
vt 0.342719 0.2596
vt 0.37177 0.256143
vt 0.347384 0.218749
vt 0.323552 0.242156
vt 0.325043 0.215845
vt 0.331826 0.173996
vt 0.34972 0.175877
vt 0.34102 0.122911
vt 0.349357 0.123787
vt 0.351352 0.088402
vt 0.355019 0.087965
vt 0.35832 0.091487
vt 0.356743 0.123077
vt 0.365574 0.174353
vt 0.369038 0.216007
vt 0.375762 0.305525
vt 0.370816 0.355353
vt 0.366131 0.389269
vt 0.361315 0.412336
vt 0.373923 0.428937
vt 0.77693 0.414978
vt 0.7817 0.413599
vt 0.751656 0.399149
vt 0.768607 0.392375
vt 0.728828 0.364457
vt 0.75399 0.352612
vt 0.717329 0.314759
vt 0.747084 0.309083
vt 0.709843 0.264753
vt 0.745948 0.262873
vt 0.718669 0.213816
vt 0.749478 0.214962
vt 0.73153 0.161156
vt 0.753738 0.161964
vt 0.745091 0.109287
vt 0.759285 0.110522
vt 0.755548 0.076567
vt 0.762053 0.077143
vt 0.759912 0.056968
vt 0.763771 0.057309
vt 0.759633 0.039206
vt 0.763359 0.039035
vt 0.757026 0.022658
vt 0.766923 0.038693
vt 0.767488 0.057452
vt 0.768317 0.077383
vt 0.770831 0.110966
vt 0.770075 0.161399
vt 0.76904 0.214351
vt 0.769544 0.262515
vt 0.772068 0.307006
vt 0.774038 0.345409
vt 0.778452 0.389723
vt 0.78494 0.409548
vt 0.398529 0.789038
vt 0.403298 0.787659
vt 0.373254 0.773208
vt 0.390205 0.766435
vt 0.350426 0.738516
vt 0.375588 0.726672
vt 0.338927 0.688818
vt 0.369893 0.683143
vt 0.331442 0.638813
vt 0.367546 0.636932
vt 0.340267 0.587875
vt 0.371077 0.589021
vt 0.353128 0.535215
vt 0.375966 0.535813
vt 0.366689 0.483346
vt 0.381304 0.484372
vt 0.377672 0.450277
vt 0.384527 0.451202
vt 0.381861 0.431027
vt 0.38572 0.431369
vt 0.381582 0.412565
vt 0.385308 0.412394
vt 0.378974 0.396017
vt 0.388872 0.412052
vt 0.389436 0.431512
vt 0.39044 0.451092
vt 0.39243 0.485025
vt 0.391673 0.535458
vt 0.390638 0.588411
vt 0.391142 0.636574
vt 0.393666 0.681065
vt 0.395636 0.719469
vt 0.400051 0.763783
vt 0.406538 0.783607
vt 0.892288 0.376946
vt 0.895397 0.374886
vt 0.87968 0.360345
vt 0.882789 0.358285
vt 0.862319 0.338491
vt 0.877892 0.335542
vt 0.851032 0.302711
vt 0.874827 0.301221
vt 0.847071 0.25352
vt 0.87233 0.252556
vt 0.841817 0.198086
vt 0.86985 0.202921
vt 0.848962 0.159378
vt 0.871741 0.162575
vt 0.856183 0.117822
vt 0.874077 0.119703
vt 0.865377 0.066737
vt 0.873714 0.067613
vt 0.875709 0.032228
vt 0.879376 0.031791
vt 0.882677 0.035313
vt 0.8811 0.066903
vt 0.889931 0.118179
vt 0.893395 0.159832
vt 0.896127 0.199969
vt 0.900119 0.249351
vt 0.895173 0.299179
vt 0.890488 0.333095
vt 0.885672 0.356162
vt 0.89828 0.372763
vt 0.398529 0.789038
vt 0.403298 0.787659
vt 0.373254 0.773208
vt 0.390205 0.766435
vt 0.350426 0.738516
vt 0.375588 0.726672
vt 0.338927 0.688818
vt 0.369893 0.683143
vt 0.331442 0.638813
vt 0.367546 0.636932
vt 0.340267 0.587875
vt 0.371077 0.589021
vt 0.353128 0.535215
vt 0.375966 0.535813
vt 0.366689 0.483346
vt 0.381304 0.484372
vt 0.377672 0.450277
vt 0.384527 0.451202
vt 0.381861 0.431027
vt 0.38572 0.431369
vt 0.381582 0.412565
vt 0.385308 0.412394
vt 0.378974 0.396017
vt 0.388872 0.412052
vt 0.389436 0.431512
vt 0.39044 0.451092
vt 0.39243 0.485025
vt 0.391673 0.535458
vt 0.390638 0.588411
vt 0.391142 0.636574
vt 0.393666 0.681065
vt 0.395636 0.719469
vt 0.400051 0.763783
vt 0.406538 0.783607
vt 0.367931 0.43312
vt 0.37104 0.43106
vt 0.355323 0.416519
vt 0.358432 0.41446
vt 0.337962 0.394665
vt 0.353535 0.391716
vt 0.326675 0.358885
vt 0.350471 0.357395
vt 0.322714 0.309694
vt 0.349486 0.308478
vt 0.319982 0.267877
vt 0.342719 0.2596
vt 0.37177 0.256143
vt 0.347384 0.218749
vt 0.323552 0.242156
vt 0.325043 0.215845
vt 0.331826 0.173996
vt 0.34972 0.175877
vt 0.34102 0.122911
vt 0.349357 0.123787
vt 0.351352 0.088402
vt 0.355019 0.087965
vt 0.35832 0.091487
vt 0.356743 0.123077
vt 0.365574 0.174353
vt 0.369038 0.216007
vt 0.375762 0.305525
vt 0.370816 0.355353
vt 0.366131 0.389269
vt 0.361315 0.412336
vt 0.373923 0.428937
vt 0.89129 0.784023
vt 0.916035 0.778228
vt 0.913968 0.815
vt 0.868785 0.719164
vt 0.901316 0.711366
vt 0.85308 0.637579
vt 0.886693 0.630036
vt 0.84327 0.568233
vt 0.875528 0.560994
vt 0.838427 0.506132
vt 0.861366 0.500984
vt 0.834613 0.442443
vt 0.846115 0.439862
vt 0.828488 0.407128
vt 0.833406 0.406024
vt 0.838325 0.404768
vt 0.857617 0.436925
vt 0.884306 0.495125
vt 0.907786 0.552756
vt 0.924805 0.619644
vt 0.939101 0.700323
vt 0.945476 0.772191
vt 0.932366 0.81352
vt 0.92498 0.820172
vt 0.742267 0.787683
vt 0.767012 0.781888
vt 0.764945 0.81866
vt 0.719762 0.722824
vt 0.752293 0.715026
vt 0.704057 0.641239
vt 0.73767 0.633696
vt 0.694247 0.571893
vt 0.726505 0.564654
vt 0.689403 0.509792
vt 0.712343 0.504644
vt 0.68559 0.446104
vt 0.697092 0.443522
vt 0.679465 0.410788
vt 0.684383 0.409685
vt 0.689302 0.408428
vt 0.708595 0.440585
vt 0.735283 0.498786
vt 0.758763 0.556417
vt 0.775782 0.623304
vt 0.790078 0.703983
vt 0.796453 0.775852
vt 0.783343 0.817181
vt 0.775957 0.823832
vt 0.89129 0.784023
vt 0.916035 0.778228
vt 0.913968 0.815
vt 0.868785 0.719164
vt 0.901316 0.711366
vt 0.85308 0.637579
vt 0.886693 0.630036
vt 0.84327 0.568233
vt 0.875528 0.560994
vt 0.838427 0.506132
vt 0.861366 0.500984
vt 0.834613 0.442443
vt 0.846115 0.439862
vt 0.828488 0.407128
vt 0.833406 0.406024
vt 0.838325 0.404768
vt 0.857617 0.436925
vt 0.884306 0.495125
vt 0.907786 0.552756
vt 0.924805 0.619644
vt 0.939101 0.700323
vt 0.945476 0.772191
vt 0.932366 0.81352
vt 0.92498 0.820172
vt 0.89129 0.784023
vt 0.916035 0.778228
vt 0.913968 0.815
vt 0.868785 0.719164
vt 0.901316 0.711366
vt 0.85308 0.637579
vt 0.886693 0.630036
vt 0.84327 0.568233
vt 0.875528 0.560994
vt 0.838427 0.506132
vt 0.861366 0.500984
vt 0.834613 0.442443
vt 0.846115 0.439862
vt 0.828488 0.407128
vt 0.833406 0.406024
vt 0.838325 0.404768
vt 0.857617 0.436925
vt 0.884306 0.495125
vt 0.907786 0.552756
vt 0.924805 0.619644
vt 0.939101 0.700323
vt 0.945476 0.772191
vt 0.932366 0.81352
vt 0.92498 0.820172
vt 0.249587 0.852197
vt 0.254291 0.857554
vt 0.263802 0.824389
vt 0.268277 0.824915
vt 0.234348 0.790911
vt 0.263851 0.787017
vt 0.21774 0.741474
vt 0.258153 0.73614
vt 0.188316 0.656641
vt 0.244302 0.649683
vt 0.17016 0.584744
vt 0.233045 0.576696
vt 0.169859 0.499807
vt 0.226901 0.495364
vt 0.18435 0.430763
vt 0.224095 0.427667
vt 0.203627 0.368099
vt 0.224626 0.366464
vt 0.222074 0.318359
vt 0.230865 0.320413
vt 0.243231 0.282895
vt 0.238627 0.322478
vt 0.243341 0.365579
vt 0.259518 0.425994
vt 0.277739 0.492962
vt 0.295623 0.570344
vt 0.306153 0.645509
vt 0.305846 0.73294
vt 0.298669 0.784681
vt 0.275297 0.826148
vt 0.264107 0.857535
vt 0.557227 0.846445
vt 0.56737 0.852134
vt 0.581778 0.823684
vt 0.569823 0.822303
vt 0.615211 0.708932
vt 0.525727 0.704694
vt 0.601912 0.784474
vt 0.540574 0.783068
vt 0.622545 0.624629
vt 0.517691 0.61951
vt 0.609645 0.520067
vt 0.521839 0.518511
vt 0.587858 0.413121
vt 0.541992 0.410977
vt 0.572447 0.348855
vt 0.557403 0.348152
vt 0.56009 0.308485
vt 0.56018 0.852013
vt 0.576254 0.82375
vt 0.570469 0.706813
vt 0.571243 0.783771
vt 0.567068 0.622505
vt 0.565306 0.519289
vt 0.564925 0.412049
vt 0.564925 0.348504
vt 0.742267 0.787683
vt 0.767012 0.781888
vt 0.764945 0.81866
vt 0.719762 0.722824
vt 0.752293 0.715026
vt 0.704057 0.641239
vt 0.73767 0.633696
vt 0.694247 0.571893
vt 0.726505 0.564654
vt 0.689403 0.509792
vt 0.712343 0.504644
vt 0.68559 0.446104
vt 0.697092 0.443522
vt 0.679465 0.410788
vt 0.684383 0.409685
vt 0.689302 0.408428
vt 0.708595 0.440585
vt 0.735283 0.498786
vt 0.758763 0.556417
vt 0.775782 0.623304
vt 0.790078 0.703983
vt 0.796453 0.775852
vt 0.783343 0.817181
vt 0.775957 0.823832
vt 0.557227 0.846445
vt 0.56737 0.852134
vt 0.581778 0.823684
vt 0.569823 0.822303
vt 0.615211 0.708932
vt 0.525727 0.704694
vt 0.601912 0.784474
vt 0.540574 0.783068
vt 0.622545 0.624629
vt 0.517691 0.61951
vt 0.609645 0.520067
vt 0.521839 0.518511
vt 0.587858 0.413121
vt 0.541992 0.410977
vt 0.572447 0.348855
vt 0.557403 0.348152
vt 0.56009 0.308485
vt 0.56018 0.852013
vt 0.576254 0.82375
vt 0.570469 0.706813
vt 0.571243 0.783771
vt 0.567068 0.622505
vt 0.565306 0.519289
vt 0.564925 0.412049
vt 0.564925 0.348504
vt 0.742267 0.787683
vt 0.767012 0.781888
vt 0.764945 0.81866
vt 0.719762 0.722824
vt 0.752293 0.715026
vt 0.704057 0.641239
vt 0.73767 0.633696
vt 0.694247 0.571893
vt 0.726505 0.564654
vt 0.689403 0.509792
vt 0.712343 0.504644
vt 0.68559 0.446104
vt 0.697092 0.443522
vt 0.679465 0.410788
vt 0.684383 0.409685
vt 0.689302 0.408428
vt 0.708595 0.440585
vt 0.735283 0.498786
vt 0.758763 0.556417
vt 0.775782 0.623304
vt 0.790078 0.703983
vt 0.796453 0.775852
vt 0.783343 0.817181
vt 0.775957 0.823832
vt 0.249587 0.852197
vt 0.254291 0.857554
vt 0.263802 0.824389
vt 0.268277 0.824915
vt 0.234348 0.790911
vt 0.263851 0.787017
vt 0.21774 0.741474
vt 0.258153 0.73614
vt 0.188316 0.656641
vt 0.244302 0.649683
vt 0.17016 0.584744
vt 0.233045 0.576696
vt 0.169859 0.499807
vt 0.226901 0.495364
vt 0.18435 0.430763
vt 0.224095 0.427667
vt 0.203627 0.368099
vt 0.224626 0.366464
vt 0.222074 0.318359
vt 0.230865 0.320413
vt 0.243231 0.282895
vt 0.238627 0.322478
vt 0.243341 0.365579
vt 0.259518 0.425994
vt 0.277739 0.492962
vt 0.295623 0.570344
vt 0.306153 0.645509
vt 0.305846 0.73294
vt 0.298669 0.784681
vt 0.275297 0.826148
vt 0.264107 0.857535
vt 0.557227 0.846445
vt 0.56737 0.852134
vt 0.581778 0.823684
vt 0.569823 0.822303
vt 0.615211 0.708932
vt 0.525727 0.704694
vt 0.601912 0.784474
vt 0.540574 0.783068
vt 0.622545 0.624629
vt 0.517691 0.61951
vt 0.609645 0.520067
vt 0.521839 0.518511
vt 0.587858 0.413121
vt 0.541992 0.410977
vt 0.572447 0.348855
vt 0.557403 0.348152
vt 0.56009 0.308485
vt 0.56018 0.852013
vt 0.576254 0.82375
vt 0.570469 0.706813
vt 0.571243 0.783771
vt 0.567068 0.622505
vt 0.565306 0.519289
vt 0.564925 0.412049
vt 0.564925 0.348504
vt 0.742267 0.787683
vt 0.767012 0.781888
vt 0.764945 0.81866
vt 0.719762 0.722824
vt 0.752293 0.715026
vt 0.704057 0.641239
vt 0.73767 0.633696
vt 0.694247 0.571893
vt 0.726505 0.564654
vt 0.689403 0.509792
vt 0.712343 0.504644
vt 0.68559 0.446104
vt 0.697092 0.443522
vt 0.679465 0.410788
vt 0.684383 0.409685
vt 0.689302 0.408428
vt 0.708595 0.440585
vt 0.735283 0.498786
vt 0.758763 0.556417
vt 0.775782 0.623304
vt 0.790078 0.703983
vt 0.796453 0.775852
vt 0.783343 0.817181
vt 0.775957 0.823832
vt 0.557227 0.846445
vt 0.56737 0.852134
vt 0.581778 0.823684
vt 0.569823 0.822303
vt 0.615211 0.708932
vt 0.525727 0.704694
vt 0.601912 0.784474
vt 0.540574 0.783068
vt 0.622545 0.624629
vt 0.517691 0.61951
vt 0.609645 0.520067
vt 0.521839 0.518511
vt 0.587858 0.413121
vt 0.541992 0.410977
vt 0.572447 0.348855
vt 0.557403 0.348152
vt 0.56009 0.308485
vt 0.56018 0.852013
vt 0.576254 0.82375
vt 0.570469 0.706813
vt 0.571243 0.783771
vt 0.567068 0.622505
vt 0.565306 0.519289
vt 0.564925 0.412049
vt 0.564925 0.348504
vt 0.138244 0.796243
vt 0.155304 0.796129
vt 0.141762 0.85706
vt 0.157233 0.856957
vt 0.142494 0.691027
vt 0.126644 0.693864
vt 0.135698 0.774278
vt 0.150401 0.774432
vt 0.140477 0.670854
vt 0.121853 0.672934
vt 0.139868 0.648653
vt 0.126964 0.650277
vt 0.137347 0.566951
vt 0.124442 0.56908
vt 0.138607 0.548543
vt 0.122173 0.549663
vt 0.131547 0.526857
vt 0.119903 0.52722
vt 0.121444 0.430791
vt 0.110338 0.431137
vt 0.120299 0.415618
vt 0.10644 0.41605
vt 0.119106 0.398621
vt 0.106539 0.40077
vt 0.115071 0.346927
vt 0.105783 0.347311
vt 0.114937 0.327128
vt 0.102555 0.327395
vt 0.108875 0.303318
vt 0.100338 0.303502
vt 0.0891423 0.185329
vt 0.0808589 0.185508
vt 0.0819314 0.155295
vt 0.0733602 0.156284
vt 0.0803595 0.140145
vt 0.0672621 0.14212
vt 0.0787151 0.120396
vt 0.157233 0.856957
vt 0.0693454 0.121621
vt 0.141762 0.85706
vt 0.153145 0.856984
vt 0.150796 0.796159
vt 0.138306 0.691777
vt 0.146516 0.774391
vt 0.135556 0.671404
vt 0.136458 0.649082
vt 0.133937 0.567514
vt 0.134265 0.548839
vt 0.12847 0.526953
vt 0.118509 0.430882
vt 0.116637 0.415732
vt 0.115785 0.399189
vt 0.112617 0.347029
vt 0.111665 0.327198
vt 0.10662 0.303367
vt 0.0869536 0.185377
vt 0.0796666 0.155556
vt 0.0768987 0.140667
vt 0.0762393 0.120719
vt 0.153145 0.856984
vt 0.142356 0.796215
vt 0.130465 0.69318
vt 0.126342 0.672433
vt 0.130074 0.649885
vt 0.127553 0.568567
vt 0.126134 0.549393
vt 0.12271 0.527133
vt 0.113015 0.431054
vt 0.10978 0.415946
vt 0.109568 0.400252
vt 0.108022 0.347219
vt 0.105539 0.32733
vt 0.102396 0.303458
vt 0.0828554 0.185465
vt 0.0754261 0.156046
vt 0.0704189 0.141644
vt 0.0716037 0.121325
vt 0.145491 0.857035
vt 0.145491 0.857035
vt 0.139241 0.774315
vt 0.153145 0.856984
vt 0.150796 0.796159
vt 0.138306 0.691777
vt 0.146516 0.774391
vt 0.135556 0.671404
vt 0.136458 0.649082
vt 0.133937 0.567514
vt 0.134265 0.548839
vt 0.12847 0.526953
vt 0.118509 0.430882
vt 0.116637 0.415732
vt 0.115785 0.399189
vt 0.112617 0.347029
vt 0.111665 0.327198
vt 0.10662 0.303367
vt 0.0869536 0.185377
vt 0.0796666 0.155556
vt 0.0768987 0.140667
vt 0.0762393 0.120719
vt 0.153145 0.856984
vt 0.142356 0.796215
vt 0.130465 0.69318
vt 0.126342 0.672433
vt 0.130074 0.649885
vt 0.127553 0.568567
vt 0.126134 0.549393
vt 0.12271 0.527133
vt 0.113015 0.431054
vt 0.10978 0.415946
vt 0.109568 0.400252
vt 0.108022 0.347219
vt 0.105539 0.32733
vt 0.102396 0.303458
vt 0.0828554 0.185465
vt 0.0754261 0.156046
vt 0.0704189 0.141644
vt 0.0716037 0.121325
vt 0.145491 0.857035
vt 0.145491 0.857035
vt 0.139241 0.774315
vt 0.138244 0.796243
vt 0.155304 0.796129
vt 0.142494 0.691027
vt 0.126644 0.693864
vt 0.135698 0.774278
vt 0.150401 0.774432
vt 0.140477 0.670854
vt 0.121853 0.672934
vt 0.139868 0.648653
vt 0.126964 0.650277
vt 0.137347 0.566951
vt 0.124442 0.56908
vt 0.138607 0.548543
vt 0.122173 0.549663
vt 0.131547 0.526857
vt 0.119903 0.52722
vt 0.121444 0.430791
vt 0.110338 0.431137
vt 0.120299 0.415618
vt 0.10644 0.41605
vt 0.119106 0.398621
vt 0.106539 0.40077
vt 0.115071 0.346927
vt 0.105783 0.347311
vt 0.114937 0.327128
vt 0.102555 0.327395
vt 0.108875 0.303318
vt 0.100338 0.303502
vt 0.0891423 0.185329
vt 0.0808589 0.185508
vt 0.0819314 0.155295
vt 0.0733602 0.156284
vt 0.0803595 0.140145
vt 0.0672621 0.14212
vt 0.0787151 0.120396
vt 0.157233 0.856957
vt 0.0693454 0.121621
vt 0.141762 0.85706
vt 0.150796 0.796159
vt 0.138306 0.691777
vt 0.146516 0.774391
vt 0.135556 0.671404
vt 0.136458 0.649082
vt 0.133937 0.567514
vt 0.134265 0.548839
vt 0.12847 0.526953
vt 0.118509 0.430882
vt 0.116637 0.415732
vt 0.115785 0.399189
vt 0.112617 0.347029
vt 0.111665 0.327198
vt 0.10662 0.303367
vt 0.0869536 0.185377
vt 0.0796666 0.155556
vt 0.0768987 0.140667
vt 0.0762393 0.120719
vt 0.153145 0.856984
vt 0.142356 0.796215
vt 0.130465 0.69318
vt 0.126342 0.672433
vt 0.130074 0.649885
vt 0.127553 0.568567
vt 0.126134 0.549393
vt 0.12271 0.527133
vt 0.113015 0.431054
vt 0.10978 0.415946
vt 0.109568 0.400252
vt 0.108022 0.347219
vt 0.105539 0.32733
vt 0.102396 0.303458
vt 0.0828554 0.185465
vt 0.0754261 0.156046
vt 0.0704189 0.141644
vt 0.0716037 0.121325
vt 0.145491 0.857035
vt 0.139241 0.774315
vt 0.150796 0.796159
vt 0.138306 0.691777
vt 0.146516 0.774391
vt 0.135556 0.671404
vt 0.136458 0.649082
vt 0.133937 0.567514
vt 0.134265 0.548839
vt 0.12847 0.526953
vt 0.118509 0.430882
vt 0.116637 0.415732
vt 0.115785 0.399189
vt 0.112617 0.347029
vt 0.111665 0.327198
vt 0.10662 0.303367
vt 0.0869536 0.185377
vt 0.0796666 0.155556
vt 0.0768987 0.140667
vt 0.0762393 0.120719
vt 0.153145 0.856984
vt 0.142356 0.796215
vt 0.130465 0.69318
vt 0.126342 0.672433
vt 0.130074 0.649885
vt 0.127553 0.568567
vt 0.126134 0.549393
vt 0.12271 0.527133
vt 0.113015 0.431054
vt 0.10978 0.415946
vt 0.109568 0.400252
vt 0.108022 0.347219
vt 0.105539 0.32733
vt 0.102396 0.303458
vt 0.0828554 0.185465
vt 0.0754261 0.156046
vt 0.0704189 0.141644
vt 0.0716037 0.121325
vt 0.145491 0.857035
vt 0.139241 0.774315
vt 0.138244 0.796243
vt 0.155304 0.796129
vt 0.142494 0.691027
vt 0.126644 0.693864
vt 0.135698 0.774278
vt 0.150401 0.774432
vt 0.140477 0.670854
vt 0.121853 0.672934
vt 0.139868 0.648653
vt 0.126964 0.650277
vt 0.137347 0.566951
vt 0.124442 0.56908
vt 0.138607 0.548543
vt 0.122173 0.549663
vt 0.131547 0.526857
vt 0.119903 0.52722
vt 0.121444 0.430791
vt 0.110338 0.431137
vt 0.120299 0.415618
vt 0.10644 0.41605
vt 0.119106 0.398621
vt 0.106539 0.40077
vt 0.115071 0.346927
vt 0.105783 0.347311
vt 0.114937 0.327128
vt 0.102555 0.327395
vt 0.108875 0.303318
vt 0.100338 0.303502
vt 0.0891423 0.185329
vt 0.0808589 0.185508
vt 0.0819314 0.155295
vt 0.0733602 0.156284
vt 0.0803595 0.140145
vt 0.0672621 0.14212
vt 0.0787151 0.120396
vt 0.157233 0.856957
vt 0.0693454 0.121621
vt 0.141762 0.85706
vt 0.150796 0.796159
vt 0.138306 0.691777
vt 0.146516 0.774391
vt 0.135556 0.671404
vt 0.136458 0.649082
vt 0.133937 0.567514
vt 0.134265 0.548839
vt 0.12847 0.526953
vt 0.118509 0.430882
vt 0.116637 0.415732
vt 0.115785 0.399189
vt 0.112617 0.347029
vt 0.111665 0.327198
vt 0.10662 0.303367
vt 0.0869536 0.185377
vt 0.0796666 0.155556
vt 0.0768987 0.140667
vt 0.0762393 0.120719
vt 0.153145 0.856984
vt 0.142356 0.796215
vt 0.130465 0.69318
vt 0.126342 0.672433
vt 0.130074 0.649885
vt 0.127553 0.568567
vt 0.126134 0.549393
vt 0.12271 0.527133
vt 0.113015 0.431054
vt 0.10978 0.415946
vt 0.109568 0.400252
vt 0.108022 0.347219
vt 0.105539 0.32733
vt 0.102396 0.303458
vt 0.0828554 0.185465
vt 0.0754261 0.156046
vt 0.0704189 0.141644
vt 0.0716037 0.121325
vt 0.145491 0.857035
vt 0.139241 0.774315
vt 0.150796 0.796159
vt 0.138306 0.691777
vt 0.146516 0.774391
vt 0.135556 0.671404
vt 0.136458 0.649082
vt 0.133937 0.567514
vt 0.134265 0.548839
vt 0.12847 0.526953
vt 0.118509 0.430882
vt 0.116637 0.415732
vt 0.115785 0.399189
vt 0.112617 0.347029
vt 0.111665 0.327198
vt 0.10662 0.303367
vt 0.0869536 0.185377
vt 0.0796666 0.155556
vt 0.0768987 0.140667
vt 0.0762393 0.120719
vt 0.153145 0.856984
vt 0.142356 0.796215
vt 0.130465 0.69318
vt 0.126342 0.672433
vt 0.130074 0.649885
vt 0.127553 0.568567
vt 0.126134 0.549393
vt 0.12271 0.527133
vt 0.113015 0.431054
vt 0.10978 0.415946
vt 0.109568 0.400252
vt 0.108022 0.347219
vt 0.105539 0.32733
vt 0.102396 0.303458
vt 0.0828554 0.185465
vt 0.0754261 0.156046
vt 0.0704189 0.141644
vt 0.0716037 0.121325
vt 0.145491 0.857035
vt 0.139241 0.774315
vt 0.138244 0.796243
vt 0.155304 0.796129
vt 0.142494 0.691027
vt 0.126644 0.693864
vt 0.135698 0.774278
vt 0.150401 0.774432
vt 0.140477 0.670854
vt 0.121853 0.672934
vt 0.139868 0.648653
vt 0.126964 0.650277
vt 0.137347 0.566951
vt 0.124442 0.56908
vt 0.138607 0.548543
vt 0.122173 0.549663
vt 0.131547 0.526857
vt 0.119903 0.52722
vt 0.121444 0.430791
vt 0.110338 0.431137
vt 0.120299 0.415618
vt 0.10644 0.41605
vt 0.119106 0.398621
vt 0.106539 0.40077
vt 0.115071 0.346927
vt 0.105783 0.347311
vt 0.114937 0.327128
vt 0.102555 0.327395
vt 0.108875 0.303318
vt 0.100338 0.303502
vt 0.0891423 0.185329
vt 0.0808589 0.185508
vt 0.0819314 0.155295
vt 0.0733602 0.156284
vt 0.0803595 0.140145
vt 0.0672621 0.14212
vt 0.0787151 0.120396
vt 0.0693454 0.121621
vt 0.150796 0.796159
vt 0.138306 0.691777
vt 0.146516 0.774391
vt 0.135556 0.671404
vt 0.136458 0.649082
vt 0.133937 0.567514
vt 0.134265 0.548839
vt 0.12847 0.526953
vt 0.118509 0.430882
vt 0.116637 0.415732
vt 0.115785 0.399189
vt 0.112617 0.347029
vt 0.111665 0.327198
vt 0.10662 0.303367
vt 0.0869536 0.185377
vt 0.0796666 0.155556
vt 0.0768987 0.140667
vt 0.0762393 0.120719
vt 0.142356 0.796215
vt 0.130465 0.69318
vt 0.126342 0.672433
vt 0.130074 0.649885
vt 0.127553 0.568567
vt 0.126134 0.549393
vt 0.12271 0.527133
vt 0.113015 0.431054
vt 0.10978 0.415946
vt 0.109568 0.400252
vt 0.108022 0.347219
vt 0.105539 0.32733
vt 0.102396 0.303458
vt 0.0828554 0.185465
vt 0.0754261 0.156046
vt 0.0704189 0.141644
vt 0.0716037 0.121325
vt 0.139241 0.774315
vt 0.150796 0.796159
vt 0.138306 0.691777
vt 0.146516 0.774391
vt 0.135556 0.671404
vt 0.136458 0.649082
vt 0.133937 0.567514
vt 0.134265 0.548839
vt 0.12847 0.526953
vt 0.118509 0.430882
vt 0.116637 0.415732
vt 0.115785 0.399189
vt 0.112617 0.347029
vt 0.111665 0.327198
vt 0.10662 0.303367
vt 0.0869536 0.185377
vt 0.0796666 0.155556
vt 0.0768987 0.140667
vt 0.0762393 0.120719
vt 0.142356 0.796215
vt 0.130465 0.69318
vt 0.126342 0.672433
vt 0.130074 0.649885
vt 0.127553 0.568567
vt 0.126134 0.549393
vt 0.12271 0.527133
vt 0.113015 0.431054
vt 0.10978 0.415946
vt 0.109568 0.400252
vt 0.108022 0.347219
vt 0.105539 0.32733
vt 0.102396 0.303458
vt 0.0828554 0.185465
vt 0.0754261 0.156046
vt 0.0704189 0.141644
vt 0.0716037 0.121325
vt 0.139241 0.774315
vt 0.77693 0.414978
vt 0.7817 0.413599
vt 0.751656 0.399149
vt 0.768607 0.392375
vt 0.728828 0.364457
vt 0.75399 0.352612
vt 0.717329 0.314759
vt 0.747084 0.309083
vt 0.709843 0.264753
vt 0.745948 0.262873
vt 0.718669 0.213816
vt 0.749478 0.214962
vt 0.73153 0.161156
vt 0.753738 0.161964
vt 0.745091 0.109287
vt 0.759285 0.110522
vt 0.755548 0.076567
vt 0.762053 0.077143
vt 0.759912 0.056968
vt 0.763771 0.057309
vt 0.759633 0.039206
vt 0.763359 0.039035
vt 0.757026 0.022658
vt 0.766923 0.038693
vt 0.767488 0.057452
vt 0.768317 0.077383
vt 0.770831 0.110966
vt 0.770075 0.161399
vt 0.76904 0.214351
vt 0.769544 0.262515
vt 0.772068 0.307006
vt 0.774038 0.345409
vt 0.778452 0.389723
vt 0.78494 0.409548
vt 0.398529 0.789038
vt 0.403298 0.787659
vt 0.373254 0.773208
vt 0.390205 0.766435
vt 0.350426 0.738516
vt 0.375588 0.726672
vt 0.338927 0.688818
vt 0.369893 0.683143
vt 0.331442 0.638813
vt 0.367546 0.636932
vt 0.340267 0.587875
vt 0.371077 0.589021
vt 0.353128 0.535215
vt 0.375966 0.535813
vt 0.366689 0.483346
vt 0.381304 0.484372
vt 0.377672 0.450277
vt 0.384527 0.451202
vt 0.381861 0.431027
vt 0.38572 0.431369
vt 0.381582 0.412565
vt 0.385308 0.412394
vt 0.378974 0.396017
vt 0.388872 0.412052
vt 0.389436 0.431512
vt 0.39044 0.451092
vt 0.39243 0.485025
vt 0.391673 0.535458
vt 0.390638 0.588411
vt 0.391142 0.636574
vt 0.393666 0.681065
vt 0.395636 0.719469
vt 0.400051 0.763783
vt 0.406538 0.783607
vt 0.398529 0.789038
vt 0.403298 0.787659
vt 0.373254 0.773208
vt 0.390205 0.766435
vt 0.350426 0.738516
vt 0.375588 0.726672
vt 0.338927 0.688818
vt 0.369893 0.683143
vt 0.331442 0.638813
vt 0.367546 0.636932
vt 0.340267 0.587875
vt 0.371077 0.589021
vt 0.353128 0.535215
vt 0.375966 0.535813
vt 0.366689 0.483346
vt 0.381304 0.484372
vt 0.377672 0.450277
vt 0.384527 0.451202
vt 0.381861 0.431027
vt 0.38572 0.431369
vt 0.381582 0.412565
vt 0.385308 0.412394
vt 0.378974 0.396017
vt 0.388872 0.412052
vt 0.389436 0.431512
vt 0.39044 0.451092
vt 0.39243 0.485025
vt 0.391673 0.535458
vt 0.390638 0.588411
vt 0.391142 0.636574
vt 0.393666 0.681065
vt 0.395636 0.719469
vt 0.400051 0.763783
vt 0.406538 0.783607
vt 0.367931 0.43312
vt 0.37104 0.43106
vt 0.355323 0.416519
vt 0.358432 0.41446
vt 0.337962 0.394665
vt 0.353535 0.391716
vt 0.326675 0.358885
vt 0.350471 0.357395
vt 0.322714 0.309694
vt 0.349486 0.308478
vt 0.319982 0.267877
vt 0.342719 0.2596
vt 0.37177 0.256143
vt 0.347384 0.218749
vt 0.323552 0.242156
vt 0.325043 0.215845
vt 0.331826 0.173996
vt 0.34972 0.175877
vt 0.34102 0.122911
vt 0.349357 0.123787
vt 0.351352 0.088402
vt 0.355019 0.087965
vt 0.35832 0.091487
vt 0.356743 0.123077
vt 0.365574 0.174353
vt 0.369038 0.216007
vt 0.375762 0.305525
vt 0.370816 0.355353
vt 0.366131 0.389269
vt 0.361315 0.412336
vt 0.373923 0.428937
vt 0.892288 0.376946
vt 0.895397 0.374886
vt 0.87968 0.360345
vt 0.882789 0.358285
vt 0.862319 0.338491
vt 0.877892 0.335542
vt 0.851032 0.302711
vt 0.874827 0.301221
vt 0.847071 0.25352
vt 0.87233 0.252556
vt 0.841817 0.198086
vt 0.86985 0.202921
vt 0.848962 0.159378
vt 0.871741 0.162575
vt 0.856183 0.117822
vt 0.874077 0.119703
vt 0.865377 0.066737
vt 0.873714 0.067613
vt 0.875709 0.032228
vt 0.879376 0.031791
vt 0.882677 0.035313
vt 0.8811 0.066903
vt 0.889931 0.118179
vt 0.893395 0.159832
vt 0.896127 0.199969
vt 0.900119 0.249351
vt 0.895173 0.299179
vt 0.890488 0.333095
vt 0.885672 0.356162
vt 0.89828 0.372763
vt 0.77693 0.414978
vt 0.7817 0.413599
vt 0.751656 0.399149
vt 0.768607 0.392375
vt 0.728828 0.364457
vt 0.75399 0.352612
vt 0.717329 0.314759
vt 0.747084 0.309083
vt 0.709843 0.264753
vt 0.745948 0.262873
vt 0.718669 0.213816
vt 0.749478 0.214962
vt 0.73153 0.161156
vt 0.753738 0.161964
vt 0.745091 0.109287
vt 0.759285 0.110522
vt 0.755548 0.076567
vt 0.762053 0.077143
vt 0.759912 0.056968
vt 0.763771 0.057309
vt 0.759633 0.039206
vt 0.763359 0.039035
vt 0.757026 0.022658
vt 0.766923 0.038693
vt 0.767488 0.057452
vt 0.768317 0.077383
vt 0.770831 0.110966
vt 0.770075 0.161399
vt 0.76904 0.214351
vt 0.769544 0.262515
vt 0.772068 0.307006
vt 0.774038 0.345409
vt 0.778452 0.389723
vt 0.78494 0.409548
vt 0.398529 0.789038
vt 0.403298 0.787659
vt 0.373254 0.773208
vt 0.390205 0.766435
vt 0.350426 0.738516
vt 0.375588 0.726672
vt 0.338927 0.688818
vt 0.369893 0.683143
vt 0.331442 0.638813
vt 0.367546 0.636932
vt 0.340267 0.587875
vt 0.371077 0.589021
vt 0.353128 0.535215
vt 0.375966 0.535813
vt 0.366689 0.483346
vt 0.381304 0.484372
vt 0.377672 0.450277
vt 0.384527 0.451202
vt 0.381861 0.431027
vt 0.38572 0.431369
vt 0.381582 0.412565
vt 0.385308 0.412394
vt 0.378974 0.396017
vt 0.388872 0.412052
vt 0.389436 0.431512
vt 0.39044 0.451092
vt 0.39243 0.485025
vt 0.391673 0.535458
vt 0.390638 0.588411
vt 0.391142 0.636574
vt 0.393666 0.681065
vt 0.395636 0.719469
vt 0.400051 0.763783
vt 0.406538 0.783607
vt 0.892288 0.376946
vt 0.895397 0.374886
vt 0.87968 0.360345
vt 0.882789 0.358285
vt 0.862319 0.338491
vt 0.877892 0.335542
vt 0.851032 0.302711
vt 0.874827 0.301221
vt 0.847071 0.25352
vt 0.87233 0.252556
vt 0.841817 0.198086
vt 0.86985 0.202921
vt 0.848962 0.159378
vt 0.871741 0.162575
vt 0.856183 0.117822
vt 0.874077 0.119703
vt 0.865377 0.066737
vt 0.873714 0.067613
vt 0.875709 0.032228
vt 0.879376 0.031791
vt 0.882677 0.035313
vt 0.8811 0.066903
vt 0.889931 0.118179
vt 0.893395 0.159832
vt 0.896127 0.199969
vt 0.900119 0.249351
vt 0.895173 0.299179
vt 0.890488 0.333095
vt 0.885672 0.356162
vt 0.89828 0.372763
vt 0.398529 0.789038
vt 0.403298 0.787659
vt 0.373254 0.773208
vt 0.390205 0.766435
vt 0.350426 0.738516
vt 0.375588 0.726672
vt 0.338927 0.688818
vt 0.369893 0.683143
vt 0.331442 0.638813
vt 0.367546 0.636932
vt 0.340267 0.587875
vt 0.371077 0.589021
vt 0.353128 0.535215
vt 0.375966 0.535813
vt 0.366689 0.483346
vt 0.381304 0.484372
vt 0.377672 0.450277
vt 0.384527 0.451202
vt 0.381861 0.431027
vt 0.38572 0.431369
vt 0.381582 0.412565
vt 0.385308 0.412394
vt 0.378974 0.396017
vt 0.388872 0.412052
vt 0.389436 0.431512
vt 0.39044 0.451092
vt 0.39243 0.485025
vt 0.391673 0.535458
vt 0.390638 0.588411
vt 0.391142 0.636574
vt 0.393666 0.681065
vt 0.395636 0.719469
vt 0.400051 0.763783
vt 0.406538 0.783607
vt 0.89129 0.784023
vt 0.916035 0.778228
vt 0.913968 0.815
vt 0.868785 0.719164
vt 0.901316 0.711366
vt 0.85308 0.637579
vt 0.886693 0.630036
vt 0.84327 0.568233
vt 0.875528 0.560994
vt 0.838427 0.506132
vt 0.861366 0.500984
vt 0.834613 0.442443
vt 0.846115 0.439862
vt 0.828488 0.407128
vt 0.833406 0.406024
vt 0.838325 0.404768
vt 0.857617 0.436925
vt 0.884306 0.495125
vt 0.907786 0.552756
vt 0.924805 0.619644
vt 0.939101 0.700323
vt 0.945476 0.772191
vt 0.932366 0.81352
vt 0.92498 0.820172
vt 0.742267 0.787683
vt 0.767012 0.781888
vt 0.764945 0.81866
vt 0.719762 0.722824
vt 0.752293 0.715026
vt 0.704057 0.641239
vt 0.73767 0.633696
vt 0.694247 0.571893
vt 0.726505 0.564654
vt 0.689403 0.509792
vt 0.712343 0.504644
vt 0.68559 0.446104
vt 0.697092 0.443522
vt 0.679465 0.410788
vt 0.684383 0.409685
vt 0.689302 0.408428
vt 0.708595 0.440585
vt 0.735283 0.498786
vt 0.758763 0.556417
vt 0.775782 0.623304
vt 0.790078 0.703983
vt 0.796453 0.775852
vt 0.783343 0.817181
vt 0.775957 0.823832
vt 0.89129 0.784023
vt 0.916035 0.778228
vt 0.913968 0.815
vt 0.868785 0.719164
vt 0.901316 0.711366
vt 0.85308 0.637579
vt 0.886693 0.630036
vt 0.84327 0.568233
vt 0.875528 0.560994
vt 0.838427 0.506132
vt 0.861366 0.500984
vt 0.834613 0.442443
vt 0.846115 0.439862
vt 0.828488 0.407128
vt 0.833406 0.406024
vt 0.838325 0.404768
vt 0.857617 0.436925
vt 0.884306 0.495125
vt 0.907786 0.552756
vt 0.924805 0.619644
vt 0.939101 0.700323
vt 0.945476 0.772191
vt 0.932366 0.81352
vt 0.92498 0.820172
vt 0.557227 0.846445
vt 0.56737 0.852134
vt 0.581778 0.823684
vt 0.569823 0.822303
vt 0.615211 0.708932
vt 0.525727 0.704694
vt 0.601912 0.784474
vt 0.540574 0.783068
vt 0.622545 0.624629
vt 0.517691 0.61951
vt 0.609645 0.520067
vt 0.521839 0.518511
vt 0.587858 0.413121
vt 0.541992 0.410977
vt 0.572447 0.348855
vt 0.557403 0.348152
vt 0.56009 0.308485
vt 0.56018 0.852013
vt 0.576254 0.82375
vt 0.570469 0.706813
vt 0.571243 0.783771
vt 0.567068 0.622505
vt 0.565306 0.519289
vt 0.564925 0.412049
vt 0.564925 0.348504
vt 0.557227 0.846445
vt 0.56737 0.852134
vt 0.581778 0.823684
vt 0.569823 0.822303
vt 0.615211 0.708932
vt 0.525727 0.704694
vt 0.601912 0.784474
vt 0.540574 0.783068
vt 0.622545 0.624629
vt 0.517691 0.61951
vt 0.609645 0.520067
vt 0.521839 0.518511
vt 0.587858 0.413121
vt 0.541992 0.410977
vt 0.572447 0.348855
vt 0.557403 0.348152
vt 0.56009 0.308485
vt 0.56018 0.852013
vt 0.576254 0.82375
vt 0.570469 0.706813
vt 0.571243 0.783771
vt 0.567068 0.622505
vt 0.565306 0.519289
vt 0.564925 0.412049
vt 0.564925 0.348504
vt 0.742267 0.787683
vt 0.767012 0.781888
vt 0.764945 0.81866
vt 0.719762 0.722824
vt 0.752293 0.715026
vt 0.704057 0.641239
vt 0.73767 0.633696
vt 0.694247 0.571893
vt 0.726505 0.564654
vt 0.689403 0.509792
vt 0.712343 0.504644
vt 0.68559 0.446104
vt 0.697092 0.443522
vt 0.679465 0.410788
vt 0.684383 0.409685
vt 0.689302 0.408428
vt 0.708595 0.440585
vt 0.735283 0.498786
vt 0.758763 0.556417
vt 0.775782 0.623304
vt 0.790078 0.703983
vt 0.796453 0.775852
vt 0.783343 0.817181
vt 0.775957 0.823832
vt 0.742267 0.787683
vt 0.767012 0.781888
vt 0.764945 0.81866
vt 0.719762 0.722824
vt 0.752293 0.715026
vt 0.704057 0.641239
vt 0.73767 0.633696
vt 0.694247 0.571893
vt 0.726505 0.564654
vt 0.689403 0.509792
vt 0.712343 0.504644
vt 0.68559 0.446104
vt 0.697092 0.443522
vt 0.679465 0.410788
vt 0.684383 0.409685
vt 0.689302 0.408428
vt 0.708595 0.440585
vt 0.735283 0.498786
vt 0.758763 0.556417
vt 0.775782 0.623304
vt 0.790078 0.703983
vt 0.796453 0.775852
vt 0.783343 0.817181
vt 0.775957 0.823832
vt 0.138244 0.796243
vt 0.155304 0.796129
vt 0.141762 0.85706
vt 0.157233 0.856957
vt 0.142494 0.691027
vt 0.126644 0.693864
vt 0.135698 0.774278
vt 0.150401 0.774432
vt 0.140477 0.670854
vt 0.121853 0.672934
vt 0.139868 0.648653
vt 0.126964 0.650277
vt 0.137347 0.566951
vt 0.124442 0.56908
vt 0.138607 0.548543
vt 0.122173 0.549663
vt 0.131547 0.526857
vt 0.119903 0.52722
vt 0.121444 0.430791
vt 0.110338 0.431137
vt 0.120299 0.415618
vt 0.10644 0.41605
vt 0.119106 0.398621
vt 0.106539 0.40077
vt 0.115071 0.346927
vt 0.105783 0.347311
vt 0.114937 0.327128
vt 0.102555 0.327395
vt 0.108875 0.303318
vt 0.100338 0.303502
vt 0.0891423 0.185329
vt 0.0808589 0.185508
vt 0.0819314 0.155295
vt 0.0733602 0.156284
vt 0.0803595 0.140145
vt 0.0672621 0.14212
vt 0.0787151 0.120396
vt 0.157233 0.856957
vt 0.0693454 0.121621
vt 0.141762 0.85706
vt 0.153145 0.856984
vt 0.150796 0.796159
vt 0.138306 0.691777
vt 0.146516 0.774391
vt 0.135556 0.671404
vt 0.136458 0.649082
vt 0.133937 0.567514
vt 0.134265 0.548839
vt 0.12847 0.526953
vt 0.118509 0.430882
vt 0.116637 0.415732
vt 0.115785 0.399189
vt 0.112617 0.347029
vt 0.111665 0.327198
vt 0.10662 0.303367
vt 0.0869536 0.185377
vt 0.0796666 0.155556
vt 0.0768987 0.140667
vt 0.0762393 0.120719
vt 0.153145 0.856984
vt 0.142356 0.796215
vt 0.130465 0.69318
vt 0.126342 0.672433
vt 0.130074 0.649885
vt 0.127553 0.568567
vt 0.126134 0.549393
vt 0.12271 0.527133
vt 0.113015 0.431054
vt 0.10978 0.415946
vt 0.109568 0.400252
vt 0.108022 0.347219
vt 0.105539 0.32733
vt 0.102396 0.303458
vt 0.0828554 0.185465
vt 0.0754261 0.156046
vt 0.0704189 0.141644
vt 0.0716037 0.121325
vt 0.145491 0.857035
vt 0.145491 0.857035
vt 0.139241 0.774315
vt 0.153145 0.856984
vt 0.150796 0.796159
vt 0.138306 0.691777
vt 0.146516 0.774391
vt 0.135556 0.671404
vt 0.136458 0.649082
vt 0.133937 0.567514
vt 0.134265 0.548839
vt 0.12847 0.526953
vt 0.118509 0.430882
vt 0.116637 0.415732
vt 0.115785 0.399189
vt 0.112617 0.347029
vt 0.111665 0.327198
vt 0.10662 0.303367
vt 0.0869536 0.185377
vt 0.0796666 0.155556
vt 0.0768987 0.140667
vt 0.0762393 0.120719
vt 0.153145 0.856984
vt 0.142356 0.796215
vt 0.130465 0.69318
vt 0.126342 0.672433
vt 0.130074 0.649885
vt 0.127553 0.568567
vt 0.126134 0.549393
vt 0.12271 0.527133
vt 0.113015 0.431054
vt 0.10978 0.415946
vt 0.109568 0.400252
vt 0.108022 0.347219
vt 0.105539 0.32733
vt 0.102396 0.303458
vt 0.0828554 0.185465
vt 0.0754261 0.156046
vt 0.0704189 0.141644
vt 0.0716037 0.121325
vt 0.145491 0.857035
vt 0.145491 0.857035
vt 0.139241 0.774315
vt 0.138244 0.796243
vt 0.155304 0.796129
vt 0.142494 0.691027
vt 0.126644 0.693864
vt 0.135698 0.774278
vt 0.150401 0.774432
vt 0.140477 0.670854
vt 0.121853 0.672934
vt 0.139868 0.648653
vt 0.126964 0.650277
vt 0.137347 0.566951
vt 0.124442 0.56908
vt 0.138607 0.548543
vt 0.122173 0.549663
vt 0.131547 0.526857
vt 0.119903 0.52722
vt 0.121444 0.430791
vt 0.110338 0.431137
vt 0.120299 0.415618
vt 0.10644 0.41605
vt 0.119106 0.398621
vt 0.106539 0.40077
vt 0.115071 0.346927
vt 0.105783 0.347311
vt 0.114937 0.327128
vt 0.102555 0.327395
vt 0.108875 0.303318
vt 0.100338 0.303502
vt 0.0891423 0.185329
vt 0.0808589 0.185508
vt 0.0819314 0.155295
vt 0.0733602 0.156284
vt 0.0803595 0.140145
vt 0.0672621 0.14212
vt 0.0787151 0.120396
vt 0.157233 0.856957
vt 0.0693454 0.121621
vt 0.141762 0.85706
vt 0.150796 0.796159
vt 0.138306 0.691777
vt 0.146516 0.774391
vt 0.135556 0.671404
vt 0.136458 0.649082
vt 0.133937 0.567514
vt 0.134265 0.548839
vt 0.12847 0.526953
vt 0.118509 0.430882
vt 0.116637 0.415732
vt 0.115785 0.399189
vt 0.112617 0.347029
vt 0.111665 0.327198
vt 0.10662 0.303367
vt 0.0869536 0.185377
vt 0.0796666 0.155556
vt 0.0768987 0.140667
vt 0.0762393 0.120719
vt 0.153145 0.856984
vt 0.142356 0.796215
vt 0.130465 0.69318
vt 0.126342 0.672433
vt 0.130074 0.649885
vt 0.127553 0.568567
vt 0.126134 0.549393
vt 0.12271 0.527133
vt 0.113015 0.431054
vt 0.10978 0.415946
vt 0.109568 0.400252
vt 0.108022 0.347219
vt 0.105539 0.32733
vt 0.102396 0.303458
vt 0.0828554 0.185465
vt 0.0754261 0.156046
vt 0.0704189 0.141644
vt 0.0716037 0.121325
vt 0.145491 0.857035
vt 0.139241 0.774315
vt 0.150796 0.796159
vt 0.138306 0.691777
vt 0.146516 0.774391
vt 0.135556 0.671404
vt 0.136458 0.649082
vt 0.133937 0.567514
vt 0.134265 0.548839
vt 0.12847 0.526953
vt 0.118509 0.430882
vt 0.116637 0.415732
vt 0.115785 0.399189
vt 0.112617 0.347029
vt 0.111665 0.327198
vt 0.10662 0.303367
vt 0.0869536 0.185377
vt 0.0796666 0.155556
vt 0.0768987 0.140667
vt 0.0762393 0.120719
vt 0.153145 0.856984
vt 0.142356 0.796215
vt 0.130465 0.69318
vt 0.126342 0.672433
vt 0.130074 0.649885
vt 0.127553 0.568567
vt 0.126134 0.549393
vt 0.12271 0.527133
vt 0.113015 0.431054
vt 0.10978 0.415946
vt 0.109568 0.400252
vt 0.108022 0.347219
vt 0.105539 0.32733
vt 0.102396 0.303458
vt 0.0828554 0.185465
vt 0.0754261 0.156046
vt 0.0704189 0.141644
vt 0.0716037 0.121325
vt 0.145491 0.857035
vt 0.139241 0.774315
vt 0.138244 0.796243
vt 0.155304 0.796129
vt 0.142494 0.691027
vt 0.126644 0.693864
vt 0.135698 0.774278
vt 0.150401 0.774432
vt 0.140477 0.670854
vt 0.121853 0.672934
vt 0.139868 0.648653
vt 0.126964 0.650277
vt 0.137347 0.566951
vt 0.124442 0.56908
vt 0.138607 0.548543
vt 0.122173 0.549663
vt 0.131547 0.526857
vt 0.119903 0.52722
vt 0.150796 0.796159
vt 0.138306 0.691777
vt 0.146516 0.774391
vt 0.135556 0.671404
vt 0.136458 0.649082
vt 0.133937 0.567514
vt 0.134265 0.548839
vt 0.12847 0.526953
vt 0.142356 0.796215
vt 0.130465 0.69318
vt 0.126342 0.672433
vt 0.130074 0.649885
vt 0.127553 0.568567
vt 0.126134 0.549393
vt 0.12271 0.527133
vt 0.139241 0.774315
vt 0.150796 0.796159
vt 0.138306 0.691777
vt 0.146516 0.774391
vt 0.135556 0.671404
vt 0.136458 0.649082
vt 0.133937 0.567514
vt 0.134265 0.548839
vt 0.12847 0.526953
vt 0.142356 0.796215
vt 0.130465 0.69318
vt 0.126342 0.672433
vt 0.130074 0.649885
vt 0.127553 0.568567
vt 0.126134 0.549393
vt 0.12271 0.527133
vt 0.139241 0.774315
vt 0.77693 0.414978
vt 0.7817 0.413599
vt 0.751656 0.399149
vt 0.768607 0.392375
vt 0.728828 0.364457
vt 0.75399 0.352612
vt 0.717329 0.314759
vt 0.747084 0.309083
vt 0.709843 0.264753
vt 0.745948 0.262873
vt 0.718669 0.213816
vt 0.749478 0.214962
vt 0.73153 0.161156
vt 0.753738 0.161964
vt 0.745091 0.109287
vt 0.759285 0.110522
vt 0.755548 0.076567
vt 0.762053 0.077143
vt 0.759912 0.056968
vt 0.763771 0.057309
vt 0.759633 0.039206
vt 0.763359 0.039035
vt 0.757026 0.022658
vt 0.766923 0.038693
vt 0.767488 0.057452
vt 0.768317 0.077383
vt 0.770831 0.110966
vt 0.770075 0.161399
vt 0.76904 0.214351
vt 0.769544 0.262515
vt 0.772068 0.307006
vt 0.774038 0.345409
vt 0.778452 0.389723
vt 0.78494 0.409548
vt 0.77693 0.414978
vt 0.7817 0.413599
vt 0.751656 0.399149
vt 0.768607 0.392375
vt 0.728828 0.364457
vt 0.75399 0.352612
vt 0.717329 0.314759
vt 0.747084 0.309083
vt 0.709843 0.264753
vt 0.745948 0.262873
vt 0.718669 0.213816
vt 0.749478 0.214962
vt 0.73153 0.161156
vt 0.753738 0.161964
vt 0.745091 0.109287
vt 0.759285 0.110522
vt 0.755548 0.076567
vt 0.762053 0.077143
vt 0.759912 0.056968
vt 0.763771 0.057309
vt 0.759633 0.039206
vt 0.763359 0.039035
vt 0.757026 0.022658
vt 0.766923 0.038693
vt 0.767488 0.057452
vt 0.768317 0.077383
vt 0.770831 0.110966
vt 0.770075 0.161399
vt 0.76904 0.214351
vt 0.769544 0.262515
vt 0.772068 0.307006
vt 0.774038 0.345409
vt 0.778452 0.389723
vt 0.78494 0.409548
vt 0.398529 0.789038
vt 0.403298 0.787659
vt 0.373254 0.773208
vt 0.390205 0.766435
vt 0.350426 0.738516
vt 0.375588 0.726672
vt 0.338927 0.688818
vt 0.369893 0.683143
vt 0.331442 0.638813
vt 0.367546 0.636932
vt 0.340267 0.587875
vt 0.371077 0.589021
vt 0.353128 0.535215
vt 0.375966 0.535813
vt 0.366689 0.483346
vt 0.381304 0.484372
vt 0.377672 0.450277
vt 0.384527 0.451202
vt 0.381861 0.431027
vt 0.38572 0.431369
vt 0.381582 0.412565
vt 0.385308 0.412394
vt 0.378974 0.396017
vt 0.388872 0.412052
vt 0.389436 0.431512
vt 0.39044 0.451092
vt 0.39243 0.485025
vt 0.391673 0.535458
vt 0.390638 0.588411
vt 0.391142 0.636574
vt 0.393666 0.681065
vt 0.395636 0.719469
vt 0.400051 0.763783
vt 0.406538 0.783607
vt 0.398529 0.789038
vt 0.403298 0.787659
vt 0.373254 0.773208
vt 0.390205 0.766435
vt 0.350426 0.738516
vt 0.375588 0.726672
vt 0.338927 0.688818
vt 0.369893 0.683143
vt 0.331442 0.638813
vt 0.367546 0.636932
vt 0.340267 0.587875
vt 0.371077 0.589021
vt 0.353128 0.535215
vt 0.375966 0.535813
vt 0.366689 0.483346
vt 0.381304 0.484372
vt 0.377672 0.450277
vt 0.384527 0.451202
vt 0.381861 0.431027
vt 0.38572 0.431369
vt 0.381582 0.412565
vt 0.385308 0.412394
vt 0.378974 0.396017
vt 0.388872 0.412052
vt 0.389436 0.431512
vt 0.39044 0.451092
vt 0.39243 0.485025
vt 0.391673 0.535458
vt 0.390638 0.588411
vt 0.391142 0.636574
vt 0.393666 0.681065
vt 0.395636 0.719469
vt 0.400051 0.763783
vt 0.406538 0.783607
vt 0.367931 0.43312
vt 0.37104 0.43106
vt 0.355323 0.416519
vt 0.358432 0.41446
vt 0.337962 0.394665
vt 0.353535 0.391716
vt 0.326675 0.358885
vt 0.350471 0.357395
vt 0.322714 0.309694
vt 0.349486 0.308478
vt 0.319982 0.267877
vt 0.342719 0.2596
vt 0.37177 0.256143
vt 0.347384 0.218749
vt 0.323552 0.242156
vt 0.325043 0.215845
vt 0.331826 0.173996
vt 0.34972 0.175877
vt 0.34102 0.122911
vt 0.349357 0.123787
vt 0.351352 0.088402
vt 0.355019 0.087965
vt 0.35832 0.091487
vt 0.356743 0.123077
vt 0.365574 0.174353
vt 0.369038 0.216007
vt 0.375762 0.305525
vt 0.370816 0.355353
vt 0.366131 0.389269
vt 0.361315 0.412336
vt 0.373923 0.428937
vt 0.892288 0.376946
vt 0.895397 0.374886
vt 0.87968 0.360345
vt 0.882789 0.358285
vt 0.862319 0.338491
vt 0.877892 0.335542
vt 0.851032 0.302711
vt 0.874827 0.301221
vt 0.847071 0.25352
vt 0.87233 0.252556
vt 0.841817 0.198086
vt 0.86985 0.202921
vt 0.848962 0.159378
vt 0.871741 0.162575
vt 0.856183 0.117822
vt 0.874077 0.119703
vt 0.865377 0.066737
vt 0.873714 0.067613
vt 0.875709 0.032228
vt 0.879376 0.031791
vt 0.882677 0.035313
vt 0.8811 0.066903
vt 0.889931 0.118179
vt 0.893395 0.159832
vt 0.896127 0.199969
vt 0.900119 0.249351
vt 0.895173 0.299179
vt 0.890488 0.333095
vt 0.885672 0.356162
vt 0.89828 0.372763
vt 0.77693 0.414978
vt 0.7817 0.413599
vt 0.751656 0.399149
vt 0.768607 0.392375
vt 0.728828 0.364457
vt 0.75399 0.352612
vt 0.717329 0.314759
vt 0.747084 0.309083
vt 0.709843 0.264753
vt 0.745948 0.262873
vt 0.718669 0.213816
vt 0.749478 0.214962
vt 0.73153 0.161156
vt 0.753738 0.161964
vt 0.745091 0.109287
vt 0.759285 0.110522
vt 0.755548 0.076567
vt 0.762053 0.077143
vt 0.759912 0.056968
vt 0.763771 0.057309
vt 0.759633 0.039206
vt 0.763359 0.039035
vt 0.757026 0.022658
vt 0.766923 0.038693
vt 0.767488 0.057452
vt 0.768317 0.077383
vt 0.770831 0.110966
vt 0.770075 0.161399
vt 0.76904 0.214351
vt 0.769544 0.262515
vt 0.772068 0.307006
vt 0.774038 0.345409
vt 0.778452 0.389723
vt 0.78494 0.409548
vt 0.398529 0.789038
vt 0.403298 0.787659
vt 0.373254 0.773208
vt 0.390205 0.766435
vt 0.350426 0.738516
vt 0.375588 0.726672
vt 0.338927 0.688818
vt 0.369893 0.683143
vt 0.331442 0.638813
vt 0.367546 0.636932
vt 0.340267 0.587875
vt 0.371077 0.589021
vt 0.353128 0.535215
vt 0.375966 0.535813
vt 0.366689 0.483346
vt 0.381304 0.484372
vt 0.377672 0.450277
vt 0.384527 0.451202
vt 0.381861 0.431027
vt 0.38572 0.431369
vt 0.381582 0.412565
vt 0.385308 0.412394
vt 0.378974 0.396017
vt 0.388872 0.412052
vt 0.389436 0.431512
vt 0.39044 0.451092
vt 0.39243 0.485025
vt 0.391673 0.535458
vt 0.390638 0.588411
vt 0.391142 0.636574
vt 0.393666 0.681065
vt 0.395636 0.719469
vt 0.400051 0.763783
vt 0.406538 0.783607
vt 0.892288 0.376946
vt 0.895397 0.374886
vt 0.87968 0.360345
vt 0.882789 0.358285
vt 0.862319 0.338491
vt 0.877892 0.335542
vt 0.851032 0.302711
vt 0.874827 0.301221
vt 0.847071 0.25352
vt 0.87233 0.252556
vt 0.841817 0.198086
vt 0.86985 0.202921
vt 0.848962 0.159378
vt 0.871741 0.162575
vt 0.856183 0.117822
vt 0.874077 0.119703
vt 0.865377 0.066737
vt 0.873714 0.067613
vt 0.875709 0.032228
vt 0.879376 0.031791
vt 0.882677 0.035313
vt 0.8811 0.066903
vt 0.889931 0.118179
vt 0.893395 0.159832
vt 0.896127 0.199969
vt 0.900119 0.249351
vt 0.895173 0.299179
vt 0.890488 0.333095
vt 0.885672 0.356162
vt 0.89828 0.372763
vt 0.398529 0.789038
vt 0.403298 0.787659
vt 0.373254 0.773208
vt 0.390205 0.766435
vt 0.350426 0.738516
vt 0.375588 0.726672
vt 0.338927 0.688818
vt 0.369893 0.683143
vt 0.331442 0.638813
vt 0.367546 0.636932
vt 0.340267 0.587875
vt 0.371077 0.589021
vt 0.353128 0.535215
vt 0.375966 0.535813
vt 0.366689 0.483346
vt 0.381304 0.484372
vt 0.377672 0.450277
vt 0.384527 0.451202
vt 0.381861 0.431027
vt 0.38572 0.431369
vt 0.381582 0.412565
vt 0.385308 0.412394
vt 0.378974 0.396017
vt 0.388872 0.412052
vt 0.389436 0.431512
vt 0.39044 0.451092
vt 0.39243 0.485025
vt 0.391673 0.535458
vt 0.390638 0.588411
vt 0.391142 0.636574
vt 0.393666 0.681065
vt 0.395636 0.719469
vt 0.400051 0.763783
vt 0.406538 0.783607
vt 0.89129 0.784023
vt 0.916035 0.778228
vt 0.913968 0.815
vt 0.868785 0.719164
vt 0.901316 0.711366
vt 0.85308 0.637579
vt 0.886693 0.630036
vt 0.84327 0.568233
vt 0.875528 0.560994
vt 0.838427 0.506132
vt 0.861366 0.500984
vt 0.834613 0.442443
vt 0.846115 0.439862
vt 0.828488 0.407128
vt 0.833406 0.406024
vt 0.838325 0.404768
vt 0.857617 0.436925
vt 0.884306 0.495125
vt 0.907786 0.552756
vt 0.924805 0.619644
vt 0.939101 0.700323
vt 0.945476 0.772191
vt 0.932366 0.81352
vt 0.92498 0.820172
vt 0.742267 0.787683
vt 0.767012 0.781888
vt 0.764945 0.81866
vt 0.719762 0.722824
vt 0.752293 0.715026
vt 0.704057 0.641239
vt 0.73767 0.633696
vt 0.694247 0.571893
vt 0.726505 0.564654
vt 0.689403 0.509792
vt 0.712343 0.504644
vt 0.68559 0.446104
vt 0.697092 0.443522
vt 0.679465 0.410788
vt 0.684383 0.409685
vt 0.689302 0.408428
vt 0.708595 0.440585
vt 0.735283 0.498786
vt 0.758763 0.556417
vt 0.775782 0.623304
vt 0.790078 0.703983
vt 0.796453 0.775852
vt 0.783343 0.817181
vt 0.775957 0.823832
vt 0.742267 0.787683
vt 0.767012 0.781888
vt 0.764945 0.81866
vt 0.719762 0.722824
vt 0.752293 0.715026
vt 0.704057 0.641239
vt 0.73767 0.633696
vt 0.694247 0.571893
vt 0.726505 0.564654
vt 0.689403 0.509792
vt 0.712343 0.504644
vt 0.68559 0.446104
vt 0.697092 0.443522
vt 0.679465 0.410788
vt 0.684383 0.409685
vt 0.689302 0.408428
vt 0.708595 0.440585
vt 0.735283 0.498786
vt 0.758763 0.556417
vt 0.775782 0.623304
vt 0.790078 0.703983
vt 0.796453 0.775852
vt 0.783343 0.817181
vt 0.775957 0.823832
vt 0.89129 0.784023
vt 0.916035 0.778228
vt 0.913968 0.815
vt 0.868785 0.719164
vt 0.901316 0.711366
vt 0.85308 0.637579
vt 0.886693 0.630036
vt 0.84327 0.568233
vt 0.875528 0.560994
vt 0.838427 0.506132
vt 0.861366 0.500984
vt 0.834613 0.442443
vt 0.846115 0.439862
vt 0.828488 0.407128
vt 0.833406 0.406024
vt 0.838325 0.404768
vt 0.857617 0.436925
vt 0.884306 0.495125
vt 0.907786 0.552756
vt 0.924805 0.619644
vt 0.939101 0.700323
vt 0.945476 0.772191
vt 0.932366 0.81352
vt 0.92498 0.820172
vt 0.249587 0.852197
vt 0.254291 0.857554
vt 0.263802 0.824389
vt 0.268277 0.824915
vt 0.234348 0.790911
vt 0.263851 0.787017
vt 0.21774 0.741474
vt 0.258153 0.73614
vt 0.188316 0.656641
vt 0.244302 0.649683
vt 0.17016 0.584744
vt 0.233045 0.576696
vt 0.169859 0.499807
vt 0.226901 0.495364
vt 0.18435 0.430763
vt 0.224095 0.427667
vt 0.203627 0.368099
vt 0.224626 0.366464
vt 0.222074 0.318359
vt 0.230865 0.320413
vt 0.243231 0.282895
vt 0.238627 0.322478
vt 0.243341 0.365579
vt 0.259518 0.425994
vt 0.277739 0.492962
vt 0.295623 0.570344
vt 0.306153 0.645509
vt 0.305846 0.73294
vt 0.298669 0.784681
vt 0.275297 0.826148
vt 0.264107 0.857535
vt 0.557227 0.846445
vt 0.56737 0.852134
vt 0.581778 0.823684
vt 0.569823 0.822303
vt 0.615211 0.708932
vt 0.525727 0.704694
vt 0.601912 0.784474
vt 0.540574 0.783068
vt 0.622545 0.624629
vt 0.517691 0.61951
vt 0.609645 0.520067
vt 0.521839 0.518511
vt 0.587858 0.413121
vt 0.541992 0.410977
vt 0.572447 0.348855
vt 0.557403 0.348152
vt 0.56009 0.308485
vt 0.56018 0.852013
vt 0.576254 0.82375
vt 0.570469 0.706813
vt 0.571243 0.783771
vt 0.567068 0.622505
vt 0.565306 0.519289
vt 0.564925 0.412049
vt 0.564925 0.348504
vt 0.742267 0.787683
vt 0.767012 0.781888
vt 0.764945 0.81866
vt 0.719762 0.722824
vt 0.752293 0.715026
vt 0.704057 0.641239
vt 0.73767 0.633696
vt 0.694247 0.571893
vt 0.726505 0.564654
vt 0.689403 0.509792
vt 0.712343 0.504644
vt 0.68559 0.446104
vt 0.697092 0.443522
vt 0.679465 0.410788
vt 0.684383 0.409685
vt 0.689302 0.408428
vt 0.708595 0.440585
vt 0.735283 0.498786
vt 0.758763 0.556417
vt 0.775782 0.623304
vt 0.790078 0.703983
vt 0.796453 0.775852
vt 0.783343 0.817181
vt 0.775957 0.823832
vt 0.742267 0.787683
vt 0.767012 0.781888
vt 0.764945 0.81866
vt 0.719762 0.722824
vt 0.752293 0.715026
vt 0.704057 0.641239
vt 0.73767 0.633696
vt 0.694247 0.571893
vt 0.726505 0.564654
vt 0.689403 0.509792
vt 0.712343 0.504644
vt 0.68559 0.446104
vt 0.697092 0.443522
vt 0.679465 0.410788
vt 0.684383 0.409685
vt 0.689302 0.408428
vt 0.708595 0.440585
vt 0.735283 0.498786
vt 0.758763 0.556417
vt 0.775782 0.623304
vt 0.790078 0.703983
vt 0.796453 0.775852
vt 0.783343 0.817181
vt 0.775957 0.823832
vt 0.742267 0.787683
vt 0.767012 0.781888
vt 0.764945 0.81866
vt 0.719762 0.722824
vt 0.752293 0.715026
vt 0.704057 0.641239
vt 0.73767 0.633696
vt 0.694247 0.571893
vt 0.726505 0.564654
vt 0.689403 0.509792
vt 0.712343 0.504644
vt 0.68559 0.446104
vt 0.697092 0.443522
vt 0.679465 0.410788
vt 0.684383 0.409685
vt 0.689302 0.408428
vt 0.708595 0.440585
vt 0.735283 0.498786
vt 0.758763 0.556417
vt 0.775782 0.623304
vt 0.790078 0.703983
vt 0.796453 0.775852
vt 0.783343 0.817181
vt 0.775957 0.823832
vt 0.742267 0.787683
vt 0.767012 0.781888
vt 0.764945 0.81866
vt 0.719762 0.722824
vt 0.752293 0.715026
vt 0.704057 0.641239
vt 0.73767 0.633696
vt 0.694247 0.571893
vt 0.726505 0.564654
vt 0.689403 0.509792
vt 0.712343 0.504644
vt 0.68559 0.446104
vt 0.697092 0.443522
vt 0.679465 0.410788
vt 0.684383 0.409685
vt 0.689302 0.408428
vt 0.708595 0.440585
vt 0.735283 0.498786
vt 0.758763 0.556417
vt 0.775782 0.623304
vt 0.790078 0.703983
vt 0.796453 0.775852
vt 0.783343 0.817181
vt 0.775957 0.823832
vt 0.77693 0.414978
vt 0.7817 0.413599
vt 0.751656 0.399149
vt 0.768607 0.392375
vt 0.728828 0.364457
vt 0.75399 0.352612
vt 0.717329 0.314759
vt 0.747084 0.309083
vt 0.709843 0.264753
vt 0.745948 0.262873
vt 0.718669 0.213816
vt 0.749478 0.214962
vt 0.73153 0.161156
vt 0.753738 0.161964
vt 0.745091 0.109287
vt 0.759285 0.110522
vt 0.755548 0.076567
vt 0.762053 0.077143
vt 0.759912 0.056968
vt 0.763771 0.057309
vt 0.759633 0.039206
vt 0.763359 0.039035
vt 0.757026 0.022658
vt 0.766923 0.038693
vt 0.767488 0.057452
vt 0.768317 0.077383
vt 0.770831 0.110966
vt 0.770075 0.161399
vt 0.76904 0.214351
vt 0.769544 0.262515
vt 0.772068 0.307006
vt 0.774038 0.345409
vt 0.778452 0.389723
vt 0.78494 0.409548
vt 0.398529 0.789038
vt 0.403298 0.787659
vt 0.373254 0.773208
vt 0.390205 0.766435
vt 0.350426 0.738516
vt 0.375588 0.726672
vt 0.338927 0.688818
vt 0.369893 0.683143
vt 0.331442 0.638813
vt 0.367546 0.636932
vt 0.340267 0.587875
vt 0.371077 0.589021
vt 0.353128 0.535215
vt 0.375966 0.535813
vt 0.366689 0.483346
vt 0.381304 0.484372
vt 0.377672 0.450277
vt 0.384527 0.451202
vt 0.381861 0.431027
vt 0.38572 0.431369
vt 0.381582 0.412565
vt 0.385308 0.412394
vt 0.378974 0.396017
vt 0.388872 0.412052
vt 0.389436 0.431512
vt 0.39044 0.451092
vt 0.39243 0.485025
vt 0.391673 0.535458
vt 0.390638 0.588411
vt 0.391142 0.636574
vt 0.393666 0.681065
vt 0.395636 0.719469
vt 0.400051 0.763783
vt 0.406538 0.783607
vt 0.398529 0.789038
vt 0.403298 0.787659
vt 0.373254 0.773208
vt 0.390205 0.766435
vt 0.350426 0.738516
vt 0.375588 0.726672
vt 0.338927 0.688818
vt 0.369893 0.683143
vt 0.331442 0.638813
vt 0.367546 0.636932
vt 0.340267 0.587875
vt 0.371077 0.589021
vt 0.353128 0.535215
vt 0.375966 0.535813
vt 0.366689 0.483346
vt 0.381304 0.484372
vt 0.377672 0.450277
vt 0.384527 0.451202
vt 0.381861 0.431027
vt 0.38572 0.431369
vt 0.381582 0.412565
vt 0.385308 0.412394
vt 0.378974 0.396017
vt 0.388872 0.412052
vt 0.389436 0.431512
vt 0.39044 0.451092
vt 0.39243 0.485025
vt 0.391673 0.535458
vt 0.390638 0.588411
vt 0.391142 0.636574
vt 0.393666 0.681065
vt 0.395636 0.719469
vt 0.400051 0.763783
vt 0.406538 0.783607
vt 0.367931 0.43312
vt 0.37104 0.43106
vt 0.355323 0.416519
vt 0.358432 0.41446
vt 0.337962 0.394665
vt 0.353535 0.391716
vt 0.326675 0.358885
vt 0.350471 0.357395
vt 0.322714 0.309694
vt 0.349486 0.308478
vt 0.319982 0.267877
vt 0.342719 0.2596
vt 0.37177 0.256143
vt 0.347384 0.218749
vt 0.323552 0.242156
vt 0.325043 0.215845
vt 0.331826 0.173996
vt 0.34972 0.175877
vt 0.34102 0.122911
vt 0.349357 0.123787
vt 0.351352 0.088402
vt 0.355019 0.087965
vt 0.35832 0.091487
vt 0.356743 0.123077
vt 0.365574 0.174353
vt 0.369038 0.216007
vt 0.375762 0.305525
vt 0.370816 0.355353
vt 0.366131 0.389269
vt 0.361315 0.412336
vt 0.373923 0.428937
vt 0.892288 0.376946
vt 0.895397 0.374886
vt 0.87968 0.360345
vt 0.882789 0.358285
vt 0.862319 0.338491
vt 0.877892 0.335542
vt 0.851032 0.302711
vt 0.874827 0.301221
vt 0.847071 0.25352
vt 0.87233 0.252556
vt 0.841817 0.198086
vt 0.86985 0.202921
vt 0.848962 0.159378
vt 0.871741 0.162575
vt 0.856183 0.117822
vt 0.874077 0.119703
vt 0.865377 0.066737
vt 0.873714 0.067613
vt 0.875709 0.032228
vt 0.879376 0.031791
vt 0.882677 0.035313
vt 0.8811 0.066903
vt 0.889931 0.118179
vt 0.893395 0.159832
vt 0.896127 0.199969
vt 0.900119 0.249351
vt 0.895173 0.299179
vt 0.890488 0.333095
vt 0.885672 0.356162
vt 0.89828 0.372763
vt 0.77693 0.414978
vt 0.7817 0.413599
vt 0.751656 0.399149
vt 0.768607 0.392375
vt 0.728828 0.364457
vt 0.75399 0.352612
vt 0.717329 0.314759
vt 0.747084 0.309083
vt 0.709843 0.264753
vt 0.745948 0.262873
vt 0.718669 0.213816
vt 0.749478 0.214962
vt 0.73153 0.161156
vt 0.753738 0.161964
vt 0.745091 0.109287
vt 0.759285 0.110522
vt 0.755548 0.076567
vt 0.762053 0.077143
vt 0.759912 0.056968
vt 0.763771 0.057309
vt 0.759633 0.039206
vt 0.763359 0.039035
vt 0.757026 0.022658
vt 0.766923 0.038693
vt 0.767488 0.057452
vt 0.768317 0.077383
vt 0.770831 0.110966
vt 0.770075 0.161399
vt 0.76904 0.214351
vt 0.769544 0.262515
vt 0.772068 0.307006
vt 0.774038 0.345409
vt 0.778452 0.389723
vt 0.78494 0.409548
vt 0.398529 0.789038
vt 0.403298 0.787659
vt 0.373254 0.773208
vt 0.390205 0.766435
vt 0.350426 0.738516
vt 0.375588 0.726672
vt 0.338927 0.688818
vt 0.369893 0.683143
vt 0.331442 0.638813
vt 0.367546 0.636932
vt 0.340267 0.587875
vt 0.371077 0.589021
vt 0.353128 0.535215
vt 0.375966 0.535813
vt 0.366689 0.483346
vt 0.381304 0.484372
vt 0.377672 0.450277
vt 0.384527 0.451202
vt 0.381861 0.431027
vt 0.38572 0.431369
vt 0.381582 0.412565
vt 0.385308 0.412394
vt 0.378974 0.396017
vt 0.388872 0.412052
vt 0.389436 0.431512
vt 0.39044 0.451092
vt 0.39243 0.485025
vt 0.391673 0.535458
vt 0.390638 0.588411
vt 0.391142 0.636574
vt 0.393666 0.681065
vt 0.395636 0.719469
vt 0.400051 0.763783
vt 0.406538 0.783607
vt 0.892288 0.376946
vt 0.895397 0.374886
vt 0.87968 0.360345
vt 0.882789 0.358285
vt 0.862319 0.338491
vt 0.877892 0.335542
vt 0.851032 0.302711
vt 0.874827 0.301221
vt 0.847071 0.25352
vt 0.87233 0.252556
vt 0.841817 0.198086
vt 0.86985 0.202921
vt 0.848962 0.159378
vt 0.871741 0.162575
vt 0.856183 0.117822
vt 0.874077 0.119703
vt 0.865377 0.066737
vt 0.873714 0.067613
vt 0.875709 0.032228
vt 0.879376 0.031791
vt 0.882677 0.035313
vt 0.8811 0.066903
vt 0.889931 0.118179
vt 0.893395 0.159832
vt 0.896127 0.199969
vt 0.900119 0.249351
vt 0.895173 0.299179
vt 0.890488 0.333095
vt 0.885672 0.356162
vt 0.89828 0.372763
vt 0.398529 0.789038
vt 0.403298 0.787659
vt 0.373254 0.773208
vt 0.390205 0.766435
vt 0.350426 0.738516
vt 0.375588 0.726672
vt 0.338927 0.688818
vt 0.369893 0.683143
vt 0.331442 0.638813
vt 0.367546 0.636932
vt 0.340267 0.587875
vt 0.371077 0.589021
vt 0.353128 0.535215
vt 0.375966 0.535813
vt 0.366689 0.483346
vt 0.381304 0.484372
vt 0.377672 0.450277
vt 0.384527 0.451202
vt 0.381861 0.431027
vt 0.38572 0.431369
vt 0.381582 0.412565
vt 0.385308 0.412394
vt 0.378974 0.396017
vt 0.388872 0.412052
vt 0.389436 0.431512
vt 0.39044 0.451092
vt 0.39243 0.485025
vt 0.391673 0.535458
vt 0.390638 0.588411
vt 0.391142 0.636574
vt 0.393666 0.681065
vt 0.395636 0.719469
vt 0.400051 0.763783
vt 0.406538 0.783607
vt 0.89129 0.784023
vt 0.916035 0.778228
vt 0.913968 0.815
vt 0.868785 0.719164
vt 0.901316 0.711366
vt 0.85308 0.637579
vt 0.886693 0.630036
vt 0.84327 0.568233
vt 0.875528 0.560994
vt 0.838427 0.506132
vt 0.861366 0.500984
vt 0.834613 0.442443
vt 0.846115 0.439862
vt 0.828488 0.407128
vt 0.833406 0.406024
vt 0.838325 0.404768
vt 0.857617 0.436925
vt 0.884306 0.495125
vt 0.907786 0.552756
vt 0.924805 0.619644
vt 0.939101 0.700323
vt 0.945476 0.772191
vt 0.932366 0.81352
vt 0.92498 0.820172
vt 0.742267 0.787683
vt 0.767012 0.781888
vt 0.764945 0.81866
vt 0.719762 0.722824
vt 0.752293 0.715026
vt 0.704057 0.641239
vt 0.73767 0.633696
vt 0.694247 0.571893
vt 0.726505 0.564654
vt 0.689403 0.509792
vt 0.712343 0.504644
vt 0.68559 0.446104
vt 0.697092 0.443522
vt 0.679465 0.410788
vt 0.684383 0.409685
vt 0.689302 0.408428
vt 0.708595 0.440585
vt 0.735283 0.498786
vt 0.758763 0.556417
vt 0.775782 0.623304
vt 0.790078 0.703983
vt 0.796453 0.775852
vt 0.783343 0.817181
vt 0.775957 0.823832
vt 0.742267 0.787683
vt 0.767012 0.781888
vt 0.764945 0.81866
vt 0.719762 0.722824
vt 0.752293 0.715026
vt 0.704057 0.641239
vt 0.73767 0.633696
vt 0.694247 0.571893
vt 0.726505 0.564654
vt 0.689403 0.509792
vt 0.712343 0.504644
vt 0.68559 0.446104
vt 0.697092 0.443522
vt 0.679465 0.410788
vt 0.684383 0.409685
vt 0.689302 0.408428
vt 0.708595 0.440585
vt 0.735283 0.498786
vt 0.758763 0.556417
vt 0.775782 0.623304
vt 0.790078 0.703983
vt 0.796453 0.775852
vt 0.783343 0.817181
vt 0.775957 0.823832
vt 0.557227 0.846445
vt 0.56737 0.852134
vt 0.581778 0.823684
vt 0.569823 0.822303
vt 0.615211 0.708932
vt 0.525727 0.704694
vt 0.601912 0.784474
vt 0.540574 0.783068
vt 0.622545 0.624629
vt 0.517691 0.61951
vt 0.609645 0.520067
vt 0.521839 0.518511
vt 0.587858 0.413121
vt 0.541992 0.410977
vt 0.572447 0.348855
vt 0.557403 0.348152
vt 0.56009 0.308485
vt 0.56018 0.852013
vt 0.576254 0.82375
vt 0.570469 0.706813
vt 0.571243 0.783771
vt 0.567068 0.622505
vt 0.565306 0.519289
vt 0.564925 0.412049
vt 0.564925 0.348504
vt 0.557227 0.846445
vt 0.56737 0.852134
vt 0.581778 0.823684
vt 0.569823 0.822303
vt 0.615211 0.708932
vt 0.525727 0.704694
vt 0.601912 0.784474
vt 0.540574 0.783068
vt 0.622545 0.624629
vt 0.517691 0.61951
vt 0.609645 0.520067
vt 0.521839 0.518511
vt 0.587858 0.413121
vt 0.541992 0.410977
vt 0.572447 0.348855
vt 0.557403 0.348152
vt 0.56009 0.308485
vt 0.56018 0.852013
vt 0.576254 0.82375
vt 0.570469 0.706813
vt 0.571243 0.783771
vt 0.567068 0.622505
vt 0.565306 0.519289
vt 0.564925 0.412049
vt 0.564925 0.348504
vt 0.742267 0.787683
vt 0.767012 0.781888
vt 0.764945 0.81866
vt 0.719762 0.722824
vt 0.752293 0.715026
vt 0.704057 0.641239
vt 0.73767 0.633696
vt 0.694247 0.571893
vt 0.726505 0.564654
vt 0.689403 0.509792
vt 0.712343 0.504644
vt 0.68559 0.446104
vt 0.697092 0.443522
vt 0.679465 0.410788
vt 0.684383 0.409685
vt 0.689302 0.408428
vt 0.708595 0.440585
vt 0.735283 0.498786
vt 0.758763 0.556417
vt 0.775782 0.623304
vt 0.790078 0.703983
vt 0.796453 0.775852
vt 0.783343 0.817181
vt 0.775957 0.823832
vt 0.742267 0.787683
vt 0.767012 0.781888
vt 0.764945 0.81866
vt 0.719762 0.722824
vt 0.752293 0.715026
vt 0.704057 0.641239
vt 0.73767 0.633696
vt 0.694247 0.571893
vt 0.726505 0.564654
vt 0.689403 0.509792
vt 0.712343 0.504644
vt 0.68559 0.446104
vt 0.697092 0.443522
vt 0.679465 0.410788
vt 0.684383 0.409685
vt 0.689302 0.408428
vt 0.708595 0.440585
vt 0.735283 0.498786
vt 0.758763 0.556417
vt 0.775782 0.623304
vt 0.790078 0.703983
vt 0.796453 0.775852
vt 0.783343 0.817181
vt 0.775957 0.823832
vt 0.138244 0.796243
vt 0.155304 0.796129
vt 0.141762 0.85706
vt 0.157233 0.856957
vt 0.142494 0.691027
vt 0.126644 0.693864
vt 0.135698 0.774278
vt 0.150401 0.774432
vt 0.140477 0.670854
vt 0.121853 0.672934
vt 0.139868 0.648653
vt 0.126964 0.650277
vt 0.137347 0.566951
vt 0.124442 0.56908
vt 0.138607 0.548543
vt 0.122173 0.549663
vt 0.131547 0.526857
vt 0.119903 0.52722
vt 0.121444 0.430791
vt 0.110338 0.431137
vt 0.120299 0.415618
vt 0.10644 0.41605
vt 0.119106 0.398621
vt 0.106539 0.40077
vt 0.115071 0.346927
vt 0.105783 0.347311
vt 0.114937 0.327128
vt 0.102555 0.327395
vt 0.108875 0.303318
vt 0.100338 0.303502
vt 0.0891423 0.185329
vt 0.0808589 0.185508
vt 0.0819314 0.155295
vt 0.0733602 0.156284
vt 0.0803595 0.140145
vt 0.0672621 0.14212
vt 0.0787151 0.120396
vt 0.157233 0.856957
vt 0.0693454 0.121621
vt 0.141762 0.85706
vt 0.153145 0.856984
vt 0.150796 0.796159
vt 0.138306 0.691777
vt 0.146516 0.774391
vt 0.135556 0.671404
vt 0.136458 0.649082
vt 0.133937 0.567514
vt 0.134265 0.548839
vt 0.12847 0.526953
vt 0.118509 0.430882
vt 0.116637 0.415732
vt 0.115785 0.399189
vt 0.112617 0.347029
vt 0.111665 0.327198
vt 0.10662 0.303367
vt 0.0869536 0.185377
vt 0.0796666 0.155556
vt 0.0768987 0.140667
vt 0.0762393 0.120719
vt 0.153145 0.856984
vt 0.142356 0.796215
vt 0.130465 0.69318
vt 0.126342 0.672433
vt 0.130074 0.649885
vt 0.127553 0.568567
vt 0.126134 0.549393
vt 0.12271 0.527133
vt 0.113015 0.431054
vt 0.10978 0.415946
vt 0.109568 0.400252
vt 0.108022 0.347219
vt 0.105539 0.32733
vt 0.102396 0.303458
vt 0.0828554 0.185465
vt 0.0754261 0.156046
vt 0.0704189 0.141644
vt 0.0716037 0.121325
vt 0.145491 0.857035
vt 0.145491 0.857035
vt 0.139241 0.774315
vt 0.153145 0.856984
vt 0.150796 0.796159
vt 0.138306 0.691777
vt 0.146516 0.774391
vt 0.135556 0.671404
vt 0.136458 0.649082
vt 0.133937 0.567514
vt 0.134265 0.548839
vt 0.12847 0.526953
vt 0.118509 0.430882
vt 0.116637 0.415732
vt 0.115785 0.399189
vt 0.112617 0.347029
vt 0.111665 0.327198
vt 0.10662 0.303367
vt 0.0869536 0.185377
vt 0.0796666 0.155556
vt 0.0768987 0.140667
vt 0.0762393 0.120719
vt 0.153145 0.856984
vt 0.142356 0.796215
vt 0.130465 0.69318
vt 0.126342 0.672433
vt 0.130074 0.649885
vt 0.127553 0.568567
vt 0.126134 0.549393
vt 0.12271 0.527133
vt 0.113015 0.431054
vt 0.10978 0.415946
vt 0.109568 0.400252
vt 0.108022 0.347219
vt 0.105539 0.32733
vt 0.102396 0.303458
vt 0.0828554 0.185465
vt 0.0754261 0.156046
vt 0.0704189 0.141644
vt 0.0716037 0.121325
vt 0.145491 0.857035
vt 0.145491 0.857035
vt 0.139241 0.774315
vt 0.138244 0.796243
vt 0.155304 0.796129
vt 0.142494 0.691027
vt 0.126644 0.693864
vt 0.135698 0.774278
vt 0.150401 0.774432
vt 0.140477 0.670854
vt 0.121853 0.672934
vt 0.139868 0.648653
vt 0.126964 0.650277
vt 0.137347 0.566951
vt 0.124442 0.56908
vt 0.138607 0.548543
vt 0.122173 0.549663
vt 0.131547 0.526857
vt 0.119903 0.52722
vt 0.121444 0.430791
vt 0.110338 0.431137
vt 0.120299 0.415618
vt 0.10644 0.41605
vt 0.119106 0.398621
vt 0.106539 0.40077
vt 0.115071 0.346927
vt 0.105783 0.347311
vt 0.114937 0.327128
vt 0.102555 0.327395
vt 0.108875 0.303318
vt 0.100338 0.303502
vt 0.0891423 0.185329
vt 0.0808589 0.185508
vt 0.0819314 0.155295
vt 0.0733602 0.156284
vt 0.0803595 0.140145
vt 0.0672621 0.14212
vt 0.0787151 0.120396
vt 0.157233 0.856957
vt 0.0693454 0.121621
vt 0.141762 0.85706
vt 0.150796 0.796159
vt 0.138306 0.691777
vt 0.146516 0.774391
vt 0.135556 0.671404
vt 0.136458 0.649082
vt 0.133937 0.567514
vt 0.134265 0.548839
vt 0.12847 0.526953
vt 0.118509 0.430882
vt 0.116637 0.415732
vt 0.115785 0.399189
vt 0.112617 0.347029
vt 0.111665 0.327198
vt 0.10662 0.303367
vt 0.0869536 0.185377
vt 0.0796666 0.155556
vt 0.0768987 0.140667
vt 0.0762393 0.120719
vt 0.153145 0.856984
vt 0.142356 0.796215
vt 0.130465 0.69318
vt 0.126342 0.672433
vt 0.130074 0.649885
vt 0.127553 0.568567
vt 0.126134 0.549393
vt 0.12271 0.527133
vt 0.113015 0.431054
vt 0.10978 0.415946
vt 0.109568 0.400252
vt 0.108022 0.347219
vt 0.105539 0.32733
vt 0.102396 0.303458
vt 0.0828554 0.185465
vt 0.0754261 0.156046
vt 0.0704189 0.141644
vt 0.0716037 0.121325
vt 0.145491 0.857035
vt 0.139241 0.774315
vt 0.150796 0.796159
vt 0.138306 0.691777
vt 0.146516 0.774391
vt 0.135556 0.671404
vt 0.136458 0.649082
vt 0.133937 0.567514
vt 0.134265 0.548839
vt 0.12847 0.526953
vt 0.118509 0.430882
vt 0.116637 0.415732
vt 0.115785 0.399189
vt 0.112617 0.347029
vt 0.111665 0.327198
vt 0.10662 0.303367
vt 0.0869536 0.185377
vt 0.0796666 0.155556
vt 0.0768987 0.140667
vt 0.0762393 0.120719
vt 0.153145 0.856984
vt 0.142356 0.796215
vt 0.130465 0.69318
vt 0.126342 0.672433
vt 0.130074 0.649885
vt 0.127553 0.568567
vt 0.126134 0.549393
vt 0.12271 0.527133
vt 0.113015 0.431054
vt 0.10978 0.415946
vt 0.109568 0.400252
vt 0.108022 0.347219
vt 0.105539 0.32733
vt 0.102396 0.303458
vt 0.0828554 0.185465
vt 0.0754261 0.156046
vt 0.0704189 0.141644
vt 0.0716037 0.121325
vt 0.145491 0.857035
vt 0.139241 0.774315
vt 0.138244 0.796243
vt 0.155304 0.796129
vt 0.142494 0.691027
vt 0.126644 0.693864
vt 0.135698 0.774278
vt 0.150401 0.774432
vt 0.140477 0.670854
vt 0.121853 0.672934
vt 0.139868 0.648653
vt 0.126964 0.650277
vt 0.137347 0.566951
vt 0.124442 0.56908
vt 0.138607 0.548543
vt 0.122173 0.549663
vt 0.131547 0.526857
vt 0.119903 0.52722
vt 0.150796 0.796159
vt 0.138306 0.691777
vt 0.146516 0.774391
vt 0.135556 0.671404
vt 0.136458 0.649082
vt 0.133937 0.567514
vt 0.134265 0.548839
vt 0.12847 0.526953
vt 0.142356 0.796215
vt 0.130465 0.69318
vt 0.126342 0.672433
vt 0.130074 0.649885
vt 0.127553 0.568567
vt 0.126134 0.549393
vt 0.12271 0.527133
vt 0.139241 0.774315
vt 0.150796 0.796159
vt 0.138306 0.691777
vt 0.146516 0.774391
vt 0.135556 0.671404
vt 0.136458 0.649082
vt 0.133937 0.567514
vt 0.134265 0.548839
vt 0.12847 0.526953
vt 0.142356 0.796215
vt 0.130465 0.69318
vt 0.126342 0.672433
vt 0.130074 0.649885
vt 0.127553 0.568567
vt 0.126134 0.549393
vt 0.12271 0.527133
vt 0.139241 0.774315
vn -0.8132 0.1294 -0.5674
vn 0.8211 -0.1107 0.56
vn -0.8197 0.0981 -0.5644
vn 0.8311 -0.0684 0.5518
vn 0.7061 -0.4206 0.5696
vn -0.736 0.3504 -0.5792
vn -0.7811 0.2366 -0.5779
vn 0.7844 -0.239 0.5724
vn 0.6728 -0.478 0.5646
vn -0.6639 0.4908 -0.5642
vn 0.644 -0.5253 0.5561
vn -0.6014 0.5833 -0.546
vn 0.5436 -0.6579 0.5212
vn -0.6013 0.5841 -0.5452
vn 0.5307 -0.6719 0.5167
vn -0.5329 0.6692 -0.518
vn 0.5129 -0.6907 0.5098
vn -0.4533 0.7496 -0.4823
vn 0.4184 -0.7786 0.4677
vn -0.4703 0.7347 -0.489
vn 0.4174 -0.7801 0.4661
vn -0.4171 0.7806 -0.4656
vn 0.4225 -0.7748 0.4703
vn -0.369 0.8182 -0.4409
vn 0.3604 -0.8216 0.4416
vn -0.4271 0.7742 -0.4671
vn 0.3787 -0.8097 0.4482
vn -0.3944 0.7988 -0.4542
vn 0.3966 -0.7948 0.4594
vn -0.3496 0.8321 -0.4306
vn 0.3546 -0.8245 0.441
vn -0.3658 0.8214 -0.4376
vn 0.3476 -0.8297 0.4368
vn -0.3848 0.808 -0.4462
vn 0.3456 -0.8317 0.4345
vn -0.3941 0.801 -0.4506
vn 0.3417 -0.8317 0.4375
vn 0.3417 -0.8317 0.4375
vn -0.3474 0.8337 -0.4293
vn -0.3474 0.8337 -0.4293
vn -0.1789 0.203 0.9627
vn -0.1806 0.1785 0.9672
vn -0.2459 0.0486 0.9681
vn -0.199 0.118 0.9729
vn -0.2444 0.0053 0.9697
vn -0.2463 -0.0248 0.9689
vn -0.2815 -0.088 0.9555
vn -0.2696 -0.1149 0.9561
vn -0.2647 -0.1378 0.9544
vn -0.3093 -0.1671 0.9362
vn -0.3327 -0.1294 0.9341
vn -0.3147 -0.1417 0.9386
vn -0.3257 -0.1692 0.9302
vn -0.3124 -0.1508 0.9379
vn -0.277 -0.1773 0.9444
vn -0.2535 -0.2183 0.9424
vn -0.249 -0.2032 0.947
vn -0.2768 -0.1458 0.9498
vn -0.2907 -0.099 0.9517
vn -0.2907 -0.099 0.9517
vn -0.8175 0.2706 0.5084
vn -0.7945 0.3385 0.5041
vn -0.7688 0.3914 0.5057
vn -0.7536 0.4335 0.4941
vn -0.7585 0.4314 0.4884
vn -0.7319 0.4679 0.4953
vn -0.6961 0.5113 0.504
vn -0.6995 0.5056 0.505
vn -0.6771 0.5125 0.528
vn -0.6487 0.541 0.5352
vn -0.6672 0.5378 0.5153
vn -0.6495 0.5594 0.515
vn -0.6202 0.5785 0.5298
vn -0.6162 0.6143 0.4929
vn -0.6114 0.6114 0.5025
vn -0.6042 0.5847 0.5414
vn -0.5667 0.5793 0.5859
vn -0.5667 0.5793 0.5859
vn -0.828 0.2646 0.4945
vn -0.8186 0.3039 0.4873
vn 0.7955 -0.2533 -0.5505
vn 0.7957 -0.2653 -0.5445
vn 0.7559 -0.3464 -0.5555
vn 0.7854 -0.3008 -0.541
vn 0.7567 -0.3702 -0.5388
vn 0.7548 -0.3877 -0.5291
vn 0.7223 -0.4402 -0.5335
vn 0.7254 -0.4591 -0.5129
vn 0.7202 -0.4799 -0.5009
vn 0.6745 -0.5162 -0.5279
vn 0.6664 -0.4889 -0.5628
vn 0.6685 -0.5041 -0.5468
vn 0.6364 -0.5398 -0.551
vn 0.6423 -0.5293 -0.5543
vn 0.6426 -0.561 -0.5219
vn 0.6118 -0.6134 -0.4995
vn 0.5935 -0.6176 -0.516
vn 0.5796 -0.5823 -0.57
vn 0.5626 -0.5598 -0.6084
vn 0.5626 -0.5598 -0.6084
vn 0.1438 -0.1657 -0.9756
vn 0.1854 -0.0483 -0.9815
vn 0.2155 0.0218 -0.9763
vn 0.2271 0.077 -0.9708
vn 0.2261 0.0856 -0.9703
vn 0.2533 0.1269 -0.959
vn 0.2834 0.1718 -0.9435
vn 0.276 0.1612 -0.9476
vn 0.3023 0.1602 -0.9396
vn 0.3195 0.1859 -0.9292
vn 0.2785 0.1752 -0.9443
vn 0.2812 0.1907 -0.9405
vn 0.2941 0.2005 -0.9345
vn 0.2416 0.2274 -0.9434
vn 0.2245 0.2034 -0.953
vn 0.2403 0.1551 -0.9582
vn 0.2728 0.1287 -0.9534
vn 0.2728 0.1287 -0.9534
vn 0.1233 -0.1797 -0.976
vn 0.142 -0.1039 -0.9844
vn -0.3308 0.8447 -0.4209
vn 0.3371 -0.8339 0.437
vn 0.2417 -0.8779 0.4133
vn -0.3149 0.8555 -0.411
vn -0.3232 0.8502 -0.4156
vn 0.3119 -0.8469 0.4306
vn 0.2612 -0.8729 0.4121
vn -0.2468 0.8819 -0.4016
vn 0.2706 -0.8655 0.4215
vn -0.2059 0.8996 -0.3851
vn 0.1827 -0.896 0.4047
vn -0.2737 0.8752 -0.3989
vn 0.2116 -0.8899 0.4042
vn -0.2145 0.8931 -0.3955
vn 0.2193 -0.8847 0.4113
vn -0.1367 0.9147 -0.3804
vn 0.1264 -0.907 0.4017
vn -0.1913 0.9031 -0.3844
vn 0.1407 -0.9077 0.3953
vn -0.1357 0.9107 -0.3901
vn 0.1522 -0.9044 0.3987
vn -0.079 0.9192 -0.3857
vn 0.0822 -0.9137 0.3981
vn -0.1544 0.9094 -0.3863
vn 0.0998 -0.9132 0.395
vn -0.1138 0.9142 -0.389
vn 0.1176 -0.9105 0.3965
vn -0.0527 0.9199 -0.3887
vn 0.0644 -0.9143 0.3998
vn -0.0661 0.9193 -0.3881
vn 0.0548 -0.9163 0.3967
vn -0.0848 0.9171 -0.3896
vn 0.0521 -0.916 0.3977
vn -0.0946 0.9168 -0.3879
vn 0.0507 -0.9147 0.4009
vn 0.0507 -0.9147 0.4009
vn -0.0435 0.9192 -0.3913
vn -0.0435 0.9192 -0.3913
vn -0.2767 -0.0778 0.9578
vn -0.2488 -0.0502 0.9673
vn -0.2563 -0.0725 0.9639
vn -0.2122 -0.048 0.976
vn -0.1704 -0.0499 0.9841
vn -0.1578 -0.0543 0.986
vn -0.1065 -0.0628 0.9923
vn -0.0588 -0.0689 0.9959
vn -0.0494 -0.0578 0.9971
vn -0.0204 -0.0074 0.9998
vn 0.0081 -0.0246 0.9997
vn 0.0059 -0.0396 0.9992
vn 0.0404 -0.0285 0.9988
vn 0.069 -0.0693 0.9952
vn 0.081 -0.1153 0.99
vn 0.1001 -0.1057 0.9893
vn 0.1107 -0.0427 0.9929
vn 0.1281 0.0039 0.9918
vn 0.1281 0.0039 0.9918
vn -0.535 0.5795 0.6148
vn -0.4631 0.6135 0.6397
vn -0.4097 0.6485 0.6416
vn -0.3647 0.6745 0.6419
vn -0.3489 0.6856 0.6389
vn -0.294 0.7117 0.6381
vn -0.2222 0.7337 0.6421
vn -0.1914 0.7396 0.6452
vn -0.1425 0.7405 0.6568
vn -0.0916 0.7527 0.652
vn -0.097 0.7637 0.6383
vn -0.0588 0.7746 0.6297
vn -0.0076 0.7782 0.628
vn 0.0144 0.8094 0.5871
vn 0.03 0.8051 0.5924
vn 0.0429 0.7759 0.6294
vn 0.0881 0.7489 0.6568
vn 0.0881 0.7489 0.6568
vn -0.5056 0.608 0.6121
vn 0.5383 -0.5657 -0.6247
vn 0.4365 -0.6081 -0.6631
vn 0.4999 -0.5891 -0.6349
vn 0.4142 -0.6269 -0.6598
vn 0.3918 -0.6517 -0.6495
vn 0.3139 -0.6848 -0.6577
vn 0.293 -0.7047 -0.6461
vn 0.2562 -0.7327 -0.6304
vn 0.1622 -0.7455 -0.6465
vn 0.1365 -0.7135 -0.6872
vn 0.1221 -0.7327 -0.6695
vn 0.066 -0.7495 -0.6587
vn 0.0565 -0.7429 -0.6671
vn 0.0383 -0.7748 -0.6311
vn -0.0143 -0.8071 -0.5903
vn -0.0436 -0.7998 -0.5987
vn -0.0628 -0.7607 -0.6461
vn -0.086 -0.7304 -0.6775
vn -0.086 -0.7304 -0.6775
vn 0.2715 0.1005 -0.9572
vn 0.2128 0.0713 -0.9745
vn 0.2094 0.08 -0.9745
vn 0.1892 0.0915 -0.9777
vn 0.1138 0.0729 -0.9908
vn 0.102 0.0786 -0.9917
vn 0.1007 0.0879 -0.991
vn 0.0256 0.0699 -0.9972
vn 0.0116 0.0506 -0.9987
vn 0.0211 0.0618 -0.9979
vn -0.0394 0.0717 -0.9967
vn -0.0436 0.0811 -0.9958
vn -0.0395 0.0839 -0.9957
vn -0.0808 0.1323 -0.9879
vn -0.1128 0.1195 -0.9864
vn -0.1279 0.0703 -0.9893
vn -0.123 0.0288 -0.992
vn -0.123 0.0288 -0.992
vn 0.2342 0.1052 -0.9665
vn -0.029 0.9196 -0.3917
vn 0.05 -0.9144 0.4017
vn -0.011 -0.909 0.4165
vn -0.0267 0.9216 -0.3872
vn -0.0264 0.9209 -0.3888
vn 0.0345 -0.9132 0.4061
vn 0.0147 -0.9144 0.4045
vn 0.0097 0.9149 -0.4035
vn 0.0625 -0.9166 0.395
vn 0.0066 0.9171 -0.3986
vn 0.0714 -0.9185 0.3889
vn -0.1097 0.9249 -0.3641
vn 0.1459 -0.9229 0.3562
vn -0.1367 0.9235 -0.3584
vn 0.2274 -0.9193 0.3211
vn -0.1668 0.9231 -0.3465
vn 0.2769 -0.914 0.2965
vn -0.3051 0.9079 -0.2873
vn 0.3442 -0.9004 0.2662
vn -0.3319 0.9031 -0.2725
vn 0.3841 -0.8905 0.244
vn -0.3397 0.9007 -0.2709
vn 0.3972 -0.8865 0.2374
vn -0.4238 0.8765 -0.2286
vn 0.4558 -0.8653 0.2086
vn -0.404 0.8835 -0.2373
vn 0.5371 -0.8276 0.1634
vn -0.3353 0.9025 -0.2703
vn 0.1549 0.0146 0.9878
vn 0.2126 0.0183 0.977
vn 0.1821 0.0069 0.9832
vn 0.2511 0.0081 0.9679
vn 0.2934 -0.0248 0.9557
vn 0.3255 -0.0412 0.9446
vn 0.3732 -0.0521 0.9263
vn 0.4119 -0.0918 0.9066
vn 0.43 -0.0749 0.8997
vn 0.4461 -0.0073 0.895
vn 0.4622 -0.0347 0.8861
vn 0.462 -0.0461 0.8857
vn 0.4977 -0.003 0.8673
vn 0.5202 0.0421 0.853
vn 0.1234 0.733 0.669
vn 0.2013 0.7241 0.6597
vn 0.2471 0.728 0.6394
vn 0.2682 0.7344 0.6235
vn 0.2476 0.7396 0.6258
vn 0.2482 0.7461 0.6179
vn 0.239 0.7471 0.6203
vn 0.1766 0.7432 0.6454
vn 0.1541 0.7339 0.6616
vn 0.1465 0.7373 0.6595
vn 0.0926 0.739 0.6674
vn 0.1125 0.742 0.6609
vn 0.1555 0.7481 0.6451
vn 0.1577 0.7409 0.6529
vn -0.1142 -0.7226 -0.6817
vn -0.217 -0.7107 -0.6692
vn -0.1556 -0.7242 -0.6718
vn -0.2379 -0.7136 -0.659
vn -0.24 -0.7345 -0.6347
vn -0.2634 -0.7407 -0.618
vn -0.2403 -0.7455 -0.6217
vn -0.1933 -0.7707 -0.6072
vn -0.1715 -0.7563 -0.6314
vn -0.1656 -0.7089 -0.6856
vn -0.1316 -0.7227 -0.6785
vn -0.1115 -0.7251 -0.6795
vn -0.0702 -0.6875 -0.7228
vn -0.0516 -0.6494 -0.7587
vn -0.1435 0.007 -0.9896
vn -0.2216 0.0109 -0.9751
vn -0.2352 0.0167 -0.9718
vn -0.2629 0.0361 -0.9642
vn -0.3415 0.0462 -0.9388
vn -0.3648 0.054 -0.9295
vn -0.3782 0.055 -0.9241
vn -0.4332 0.0514 -0.8999
vn -0.4477 0.0436 -0.8931
vn -0.4435 0.0506 -0.8949
vn -0.4726 0.0653 -0.8789
vn -0.4426 0.0716 -0.8939
vn -0.3972 0.0776 -0.9144
vn -0.1796 0.0282 -0.9833
vn 0.6915 0.7199 0.0603
vn 0.3938 0.9182 -0.0419
vn 0.7267 0.687 -0.0076
vn 0.3783 0.9194 -0.108
vn 0.7484 0.6313 -0.2032
vn 0.3832 0.8446 -0.3739
vn 0.7267 0.5547 -0.4053
vn 0.3972 0.7079 -0.584
vn 0.7137 0.501 -0.4896
vn 0.3647 0.6233 -0.6917
vn 0.721 0.4146 -0.5553
vn 0.3459 0.5355 -0.7705
vn 0.7497 0.2516 -0.6121
vn 0.3205 0.4599 -0.8281
vn 0.6726 0.012 -0.7399
vn 0.3341 0.3495 -0.8753
vn 0.5144 0.0045 -0.8576
vn 0.2796 0.2348 -0.931
vn 0.3573 0.0916 -0.9295
vn 0.1531 0.2239 -0.9625
vn 0.2675 0.0479 -0.9624
vn 0.1141 0.2003 -0.9731
vn 0.1373 0.1579 -0.9779
vn -0.0241 0.3032 -0.9526
vn -0.0623 0.342 -0.9376
vn -0.0424 0.5063 -0.8613
vn -0.0404 0.6086 -0.7924
vn -0.0895 0.5682 -0.818
vn -0.0858 0.5775 -0.8119
vn -0.0383 0.6647 -0.7461
vn -0.0283 0.7599 -0.6494
vn -0.0561 0.8892 -0.4541
vn -0.0333 0.9784 -0.2043
vn 0.0101 0.9892 -0.1459
vn -0.4131 0.7645 -0.4948
vn -0.4121 0.5032 -0.7596
vn -0.3385 0.8015 -0.493
vn -0.3543 0.4939 -0.794
vn -0.1407 0.8339 -0.5336
vn -0.0853 0.5138 -0.8537
vn 0.0737 0.8214 -0.5656
vn 0.1642 0.5301 -0.8319
vn 0.1738 0.8097 -0.5605
vn 0.2999 0.4975 -0.8139
vn 0.2727 0.8125 -0.5153
vn 0.4116 0.4755 -0.7775
vn 0.4001 0.8265 -0.3961
vn 0.4989 0.4465 -0.7428
vn 0.6287 0.733 -0.2596
vn 0.593 0.451 -0.667
vn 0.739 0.5862 -0.3321
vn 0.698 0.3883 -0.6016
vn 0.7637 0.4478 -0.465
vn 0.7337 0.2648 -0.6258
vn 0.8154 0.3568 -0.4558
vn 0.7551 0.2243 -0.616
vn 0.7791 0.2427 -0.578
vn 0.6908 0.0982 -0.7163
vn 0.6599 0.0637 -0.7486
vn 0.5137 0.0962 -0.8525
vn 0.4042 0.1043 -0.9087
vn 0.447 0.0532 -0.8929
vn 0.4371 0.0574 -0.8976
vn 0.3366 0.1089 -0.9353
vn 0.2059 0.1215 -0.971
vn -0.0268 0.092 -0.9954
vn -0.2893 0.1027 -0.9517
vn -0.3466 0.1417 -0.9272
vn 0.0106 0.9969 0.0782
vn -0.2334 0.9518 -0.199
vn 0.0877 0.995 0.0469
vn -0.2083 0.9425 -0.2615
vn 0.2376 0.9672 -0.0894
vn -0.0206 0.8892 -0.4571
vn 0.3748 0.8951 -0.2415
vn 0.1768 0.7951 -0.5802
vn 0.4416 0.846 -0.2988
vn 0.2608 0.7098 -0.6543
vn 0.5293 0.7855 -0.3207
vn 0.3398 0.6311 -0.6973
vn 0.6682 0.6811 -0.2994
vn 0.3963 0.5574 -0.7296
vn 0.8201 0.4496 -0.3539
vn 0.4913 0.4829 -0.7249
vn 0.7869 0.3402 -0.5148
vn 0.5499 0.3605 -0.7535
vn 0.6776 0.3032 -0.6701
vn 0.4924 0.2694 -0.8276
vn 0.6622 0.2113 -0.7189
vn 0.4863 0.226 -0.8441
vn 0.527 0.2092 -0.8237
vn 0.3305 0.2132 -0.9194
vn 0.2767 0.2175 -0.936
vn 0.1575 0.3547 -0.9216
vn 0.0653 0.4334 -0.8988
vn 0.0701 0.3707 -0.9261
vn 0.064 0.3801 -0.9227
vn 0.0107 0.4771 -0.8788
vn -0.0876 0.5556 -0.8268
vn -0.2818 0.6351 -0.7192
vn -0.4511 0.7174 -0.5309
vn -0.4608 0.7541 -0.4679
vn 0.1799 -0.2079 -0.9615
vn 0.6489 -0.2332 -0.7243
vn 0.2931 -0.2616 -0.9196
vn 0.6382 -0.2498 -0.7282
vn 0.377 -0.2109 -0.9019
vn 0.6207 -0.1915 -0.7603
vn 0.4103 -0.0329 -0.9114
vn 0.5995 -0.0023 -0.8004
vn 0.4061 0.1634 -0.8991
vn 0.6012 0.1975 -0.7743
vn 0.3557 0.3191 -0.8785
vn 0.5893 0.3354 -0.735
vn 0.2574 0.4464 -0.857
vn 0.551 0.4657 -0.6925
vn 0.0925 0.5307 -0.8425
vn 0.4848 0.6021 -0.6343
vn -0.203 0.552 -0.8087
vn 0.3702 0.7669 -0.5241
vn -0.5156 0.4876 -0.7045
vn 0.2843 0.8418 -0.4588
vn -0.6428 0.4708 -0.6043
vn 0.4008 0.7284 -0.5558
vn 0.217 0.6982 -0.6822
vn 0.9402 0.3335 0.0698
vn 0.8268 0.5453 0.1377
vn 0.8086 0.5845 -0.0678
vn 0.7992 0.5111 -0.3163
vn 0.7843 0.4102 -0.4654
vn 0.7683 0.3156 -0.5569
vn 0.7611 0.2023 -0.6163
vn 0.7714 0.0141 -0.6362
vn 0.7962 -0.1563 -0.5845
vn 0.8996 -0.2043 -0.3859
vn 0.9575 -0.1845 -0.2218
vn -0.0871 0.6324 -0.7697
vn 0.3442 0.3487 -0.8717
vn -0.0077 0.5496 -0.8354
vn 0.3266 0.3443 -0.8802
vn 0.1071 0.582 -0.8061
vn 0.3625 0.4421 -0.8204
vn 0.4068 0.7986 -0.4435
vn 0.6597 0.656 -0.3667
vn 0.6722 0.6997 0.2421
vn 0.8465 0.4949 0.1962
vn 0.7922 0.5216 0.3168
vn 0.9203 0.2913 0.2611
vn 0.8252 0.5109 0.2409
vn 0.9508 0.1982 0.2382
vn 0.729 0.612 0.3065
vn 0.9261 0.1998 0.3201
vn 0.5545 0.7919 0.2559
vn 0.9348 0.1959 0.2962
vn 0.3249 0.9172 0.2306
vn 0.9471 0.2071 0.2453
vn 0.2098 0.9081 0.3624
vn 0.9744 0.1714 0.1455
vn 0.9068 0.3632 0.214
vn 0.7277 -0.6724 -0.1354
vn 0.7623 -0.6434 0.0698
vn 0.8593 -0.4665 0.2099
vn 0.9321 -0.2526 0.2596
vn 0.9747 -0.1269 0.184
vn 0.9806 0.055 0.1879
vn 0.935 0.3468 0.0747
vn 0.8007 0.4518 -0.3933
vn 0.5783 0.288 -0.7633
vn 0.6268 0.0495 -0.7776
vn 0.7111 -0.0819 -0.6983
vn 0.0172 0.7225 -0.6911
vn 0.1677 0.3966 -0.9025
vn -0.1081 0.7415 -0.6621
vn 0.1336 0.4765 -0.869
vn -0.186 0.7575 -0.6258
vn 0.2197 0.495 -0.8407
vn -0.112 0.8075 -0.5791
vn 0.3304 0.5853 -0.7404
vn -0.0291 0.8833 -0.4679
vn 0.4324 0.6805 -0.5916
vn 0.0036 0.9213 -0.3888
vn 0.4907 0.7274 -0.4797
vn 0.7983 0.3882 -0.4605
vn 0.4838 0.7913 -0.374
vn -0.0739 0.9369 -0.3417
vn -0.0568 0.9497 -0.3078
vn -0.0149 0.9751 -0.2213
vn 0.5169 0.8118 -0.2715
vn 0.0632 0.9694 -0.2374
vn 0.4772 0.8286 -0.2927
vn 0.1293 0.929 -0.3469
vn 0.4137 0.8382 -0.3554
vn 0.7523 0.5799 -0.3125
vn 0.8153 0.5116 -0.2713
vn 0.8764 0.4058 -0.2593
vn 0.856 0.394 -0.3346
vn 0.7572 0.3204 -0.5691
vn 0.7051 0.1967 -0.6812
vn 0.6038 0.0707 -0.794
vn 0.4473 0.0224 -0.8941
vn 0.2835 0.0247 -0.9587
vn 0.54 0.7391 0.4027
vn 0.2327 0.9176 0.3223
vn 0.4966 0.7816 0.3774
vn 0.2429 0.9198 0.3082
vn 0.4937 0.8224 0.2825
vn 0.2667 0.9318 0.2462
vn 0.5544 0.8143 0.172
vn 0.3366 0.9335 0.1234
vn 0.6203 0.784 0.0221
vn 0.3871 0.9197 -0.0653
vn 0.6724 0.7272 -0.1382
vn 0.4451 0.8633 -0.238
vn 0.6949 0.6789 -0.237
vn 0.4691 0.8062 -0.3605
vn 0.6855 0.6648 -0.2968
vn 0.4733 0.7837 -0.4022
vn 0.6233 0.7348 -0.2676
vn 0.4726 0.8179 -0.3281
vn 0.5599 0.8014 -0.2103
vn 0.4801 0.8426 -0.2438
vn 0.3502 0.8905 -0.2904
vn 0.3088 0.8733 -0.3767
vn 0.2403 0.8459 -0.4762
vn 0.2033 0.869 -0.4511
vn 0.1667 0.9305 -0.3261
vn 0.1215 0.9816 -0.1471
vn 0.0806 0.9955 0.0504
vn 0.0523 0.9816 0.1835
vn -0.0159 0.9772 0.2117
vn -0.0959 0.9745 0.203
vn 0.9142 0.3704 -0.1645
vn 0.8208 0.532 0.208
vn 0.9509 0.2475 -0.1857
vn 0.8559 0.5013 0.1273
vn 0.9629 0.1654 -0.2132
vn 0.8142 0.5739 0.0879
vn 0.9309 0.2253 -0.2876
vn 0.7533 0.6554 -0.0539
vn 0.8639 0.2751 -0.4218
vn 0.6634 0.7127 -0.2278
vn 0.8168 0.2837 -0.5023
vn 0.5883 0.735 -0.3372
vn 0.2623 0.9592 -0.1059
vn 0.5518 0.7018 -0.4506
vn 0.8207 0.1982 -0.536
vn 0.7974 0.2041 -0.5679
vn 0.7341 0.2167 -0.6436
vn 0.4774 0.6999 -0.5312
vn 0.7133 0.2935 -0.6364
vn 0.5173 0.6732 -0.5284
vn 0.7442 0.3865 -0.5448
vn 0.5917 0.6379 -0.4928
vn 0.2843 0.8953 -0.3431
vn 0.1913 0.9283 -0.3189
vn 0.0981 0.964 -0.2472
vn 0.1533 0.9695 -0.191
vn 0.3164 0.9485 0.0167
vn 0.3446 0.92 0.1869
vn 0.3902 0.8458 0.3637
vn 0.4926 0.7285 0.4761
vn 0.6014 0.6 0.5275
vn 0.7142 0.0586 -0.6975
vn 0.861 0.2714 -0.4301
vn 0.6668 0.1035 -0.738
vn 0.8439 0.3319 -0.4216
vn 0.6098 0.1939 -0.7685
vn 0.7839 0.4534 -0.4241
vn 0.5441 0.307 -0.7808
vn 0.6748 0.5638 -0.4763
vn 0.4604 0.3905 -0.7972
vn 0.5485 0.6798 -0.4869
vn 0.3197 0.4461 -0.8359
vn 0.3869 0.7627 -0.5182
vn 0.1437 0.4752 -0.8681
vn 0.2152 0.8083 -0.548
vn 0.0381 0.5208 -0.8528
vn 0.1313 0.8244 -0.5506
vn 0.0736 0.6128 -0.7868
vn 0.1568 0.8216 -0.5481
vn 0.1853 0.68 -0.7094
vn 0.2435 0.8061 -0.5393
vn 0.2403 0.6857 -0.6871
vn 0.335 0.7745 -0.5365
vn 0.3508 0.7449 -0.5675
vn 0.3889 0.831 -0.3977
vn 0.2825 0.8918 -0.3534
vn 0.2119 0.9441 -0.2526
vn 0.2052 0.9666 -0.1537
vn 0.2753 0.9551 -0.1095
vn 0.4103 0.9068 -0.0969
vn 0.5553 0.8272 -0.0862
vn 0.6945 0.7181 -0.0453
vn 0.7911 0.6116 -0.0096
vn 0.8585 0.5114 -0.0373
vn 0.8853 0.4592 -0.0734
vn 0.906 0.3747 -0.1966
vn 0.6499 0.7579 0.0573
vn 0.8806 0.4628 -0.1014
vn 0.6628 0.7458 0.0669
vn 0.8181 0.5538 -0.1549
vn 0.6441 0.7633 -0.0505
vn 0.4974 0.6769 -0.5426
vn 0.2546 0.8411 -0.4773
vn -0.192 0.5737 -0.7962
vn -0.3323 0.7178 -0.6118
vn -0.3856 0.6178 -0.6853
vn -0.5076 0.7225 -0.4693
vn -0.3487 0.6806 -0.6444
vn -0.5465 0.7465 -0.3796
vn -0.3071 0.5806 -0.7541
vn -0.5959 0.6869 -0.4161
vn -0.1049 0.4778 -0.8722
vn -0.5838 0.7051 -0.4026
vn 0.0801 0.3073 -0.9482
vn -0.5461 0.7412 -0.3904
vn 0.0315 0.144 -0.9891
vn -0.4998 0.8065 -0.3158
vn -0.4335 0.7431 -0.5098
vn -0.5465 0.6014 0.5828
vn -0.7052 0.5398 0.4596
vn -0.7784 0.5844 0.2294
vn -0.7552 0.6554 0.0105
vn -0.6623 0.7459 -0.0702
vn -0.5868 0.7754 -0.2332
vn -0.349 0.8304 -0.4343
vn 0.1159 0.9472 -0.2989
vn 0.4287 0.9026 0.0377
vn 0.3098 0.9173 0.25
vn 0.1508 0.9349 0.3212
vn -0.1277 0.5172 -0.8463
vn 0.1692 0.3235 -0.931
vn -0.0665 0.4998 -0.8636
vn 0.1753 0.3385 -0.9245
vn 0.0231 0.5446 -0.8384
vn 0.214 0.3867 -0.8971
vn 0.0673 0.6386 -0.7666
vn 0.2677 0.4962 -0.8259
vn 0.1242 0.7468 -0.6534
vn 0.3679 0.6099 -0.7019
vn 0.1804 0.8396 -0.5124
vn 0.4302 0.7129 -0.5538
vn 0.2134 0.8945 -0.3929
vn 0.4782 0.778 -0.4075
vn 0.2663 0.9496 -0.1653
vn 0.5172 0.8454 -0.1334
vn 0.3212 0.947 -0.0041
vn 0.4812 0.8765 -0.0136
vn 0.3493 0.9333 -0.083
vn 0.4245 0.9015 -0.0844
vn 0.5273 0.8454 -0.0855
vn 0.6185 0.7856 -0.0155
vn 0.7219 0.6749 -0.1526
vn 0.7029 0.5917 -0.3947
vn 0.658 0.5184 -0.5463
vn 0.5825 0.4229 -0.6941
vn 0.4717 0.3143 -0.8238
vn 0.3848 0.2344 -0.8928
vn 0.3945 0.1619 -0.9045
vn 0.4363 0.0939 -0.8949
vn -0.4592 0.85 -0.258
vn -0.3481 0.6093 -0.7124
vn -0.4819 0.7921 -0.3745
vn -0.3664 0.6082 -0.7042
vn -0.3815 0.8116 -0.4424
vn -0.2737 0.6806 -0.6796
vn 0.1297 0.894 -0.4289
vn 0.3031 0.7307 -0.6117
vn 0.777 0.5731 -0.2605
vn 0.7944 0.3922 -0.4639
vn 0.8584 0.3788 -0.3459
vn 0.8335 0.1776 -0.5232
vn 0.819 0.393 -0.4181
vn 0.8102 0.0966 -0.5782
vn 0.8363 0.4685 -0.2847
vn 0.8567 0.0717 -0.5108
vn 0.7401 0.6574 -0.1418
vn 0.8432 0.0758 -0.5323
vn 0.6147 0.7873 0.0492
vn 0.8156 0.1028 -0.5694
vn 0.6405 0.7372 0.2151
vn 0.7482 0.1012 -0.6557
vn 0.8093 0.2611 -0.5262
vn 0.1632 -0.6013 -0.7822
vn 0.3453 -0.6414 -0.6851
vn 0.5561 -0.5211 -0.6474
vn 0.6946 -0.3362 -0.636
vn 0.6977 -0.1933 -0.6898
vn 0.7527 -0.0227 -0.658
vn 0.7181 0.2906 -0.6323
vn 0.3148 0.5444 -0.7775
vn -0.1406 0.5133 -0.8466
vn -0.1853 0.2919 -0.9383
vn -0.1098 0.1407 -0.9839
vn -0.3667 0.8081 0.461
vn -0.5618 0.822 0.0932
vn -0.397 0.728 0.5589
vn -0.5279 0.8301 0.1796
vn -0.3994 0.6708 0.6249
vn -0.458 0.8776 0.1418
vn -0.3112 0.7194 0.6209
vn -0.2965 0.943 0.1509
vn -0.1579 0.7537 0.6379
vn -0.0973 0.9798 0.1747
vn -0.0658 0.7529 0.6548
vn 0.0369 0.9819 0.1855
vn 0.1051 0.958 -0.267
vn 0.1395 0.958 0.2504
vn -0.0591 0.6899 0.7215
vn -0.0192 0.6894 0.7242
vn 0.08 0.6827 0.7263
vn 0.2464 0.9347 0.2563
vn 0.1023 0.7351 0.6702
vn 0.2145 0.932 0.2921
vn 0.0313 0.8105 0.5849
vn 0.1346 0.9333 0.333
vn 0.26 0.9627 -0.0751
vn 0.3054 0.9382 -0.1627
vn 0.3151 0.9065 -0.281
vn 0.2393 0.9281 -0.2854
vn -0.0239 0.9522 -0.3044
vn -0.1766 0.9089 -0.3778
vn -0.354 0.8349 -0.4214
vn -0.5257 0.7664 -0.3692
vn -0.657 0.704 -0.2699
vn -0.4655 0.7537 -0.4639
vn -0.4559 0.5652 -0.6875
vn -0.5268 0.7067 -0.4723
vn -0.3156 0.8319 -0.4564
vn -0.2603 0.6617 -0.7032
vn -0.1164 0.8935 -0.4337
vn -0.0127 0.728 -0.6855
vn 0.0653 0.9177 -0.3918
vn 0.1919 0.7477 -0.6357
vn 0.1908 0.9087 -0.3713
vn 0.2939 0.7578 -0.5826
vn 0.1807 0.8815 -0.4363
vn 0.2461 0.7583 -0.6036
vn 0.1345 0.8548 -0.5013
vn 0.1729 0.7696 -0.6147
vn 0.2113 0.6545 -0.7259
vn 0.317 0.6082 -0.7277
vn 0.3688 0.5385 -0.7576
vn 0.2643 0.5032 -0.8228
vn 0.0805 0.474 -0.8768
vn -0.1624 0.4136 -0.8959
vn -0.3782 0.3363 -0.8625
vn -0.4753 0.2973 -0.8281
vn -0.5194 0.5116 -0.6844
vn -0.4936 0.7824 0.3799
vn -0.6107 0.7683 0.1918
vn -0.5745 0.7326 0.365
vn -0.3289 0.8521 0.4072
vn -0.389 0.8992 0.2001
vn -0.0649 0.9039 0.4229
vn -0.1412 0.9706 0.1949
vn 0.1189 0.9144 0.3869
vn -0.0077 0.9815 0.1912
vn 0.1121 0.9042 0.4122
vn 0.0058 0.9648 0.263
vn 0.0415 0.8543 0.5181
vn -0.0258 0.9075 0.4193
vn 0.0224 0.825 0.5647
vn -0.0292 0.8678 0.4961
vn -0.0824 0.9038 0.42
vn -0.0924 0.9503 0.2974
vn -0.0975 0.9912 0.0892
vn -0.132 0.9912 0.0017
vn -0.229 0.9731 -0.0254
vn -0.4546 0.8892 -0.0507
vn -0.6736 0.739 -0.0127
vn -0.7562 0.6538 0.0255
vn -0.6832 0.705 0.1905
vn 0.9224 -0.2861 -0.2594
vn 0.9742 -0.2244 0.0218
vn 0.9151 -0.3449 -0.2091
vn 0.9278 -0.1405 -0.3456
vn 0.9971 -0.0278 -0.071
vn 0.8996 0.0475 -0.4341
vn 0.9637 0.2084 -0.1667
vn 0.8384 0.2117 -0.5022
vn 0.8883 0.3922 -0.2389
vn 0.7868 0.3263 -0.5239
vn 0.8295 0.4762 -0.2919
vn 0.8218 0.3331 -0.4622
vn 0.8574 0.436 -0.2736
vn 0.8659 0.3053 -0.3963
vn 0.8904 0.3692 -0.2662
vn 0.895 0.4313 -0.1139
vn 0.8425 0.5312 -0.09
vn 0.81 0.586 -0.0238
vn 0.8632 0.5017 0.0568
vn 0.931 0.3386 0.1363
vn 0.9678 0.1076 0.2275
vn 0.9482 -0.1124 0.2973
vn 0.9221 -0.2169 0.3205
vn 0.9548 -0.2888 0.0709
vn -0.7112 0.5698 -0.4118
vn -0.6847 0.3727 -0.6263
vn -0.7584 0.5081 -0.4082
vn -0.588 0.6841 -0.4316
vn -0.5261 0.5144 -0.6772
vn -0.4112 0.7962 -0.4439
vn -0.3051 0.643 -0.7024
vn -0.2384 0.8694 -0.4329
vn -0.1081 0.7184 -0.6872
vn -0.1133 0.8944 -0.4326
vn -0.0058 0.7584 -0.6517
vn -0.1252 0.8604 -0.494
vn -0.0546 0.7451 -0.6648
vn -0.1716 0.8176 -0.5496
vn -0.129 0.7362 -0.6643
vn -0.078 0.6263 -0.7756
vn 0.0347 0.6086 -0.7927
vn 0.0982 0.5523 -0.8279
vn -0.0015 0.4863 -0.8738
vn -0.1768 0.4068 -0.8962
vn -0.3951 0.285 -0.8733
vn -0.5754 0.158 -0.8025
vn -0.6526 0.0983 -0.7513
vn -0.7306 0.305 -0.611
vn 0.7952 -0.335 -0.5053
vn 0.9677 0.0821 -0.2384
vn 0.8378 -0.1425 -0.5271
vn 0.9681 0.1527 -0.1988
vn 0.8393 0.0619 -0.5401
vn 0.9438 0.1885 -0.2715
vn 0.7929 0.1934 -0.5778
vn 0.8857 0.3215 -0.3349
vn 0.6975 0.3637 -0.6175
vn 0.7723 0.4793 -0.4169
vn 0.5862 0.4766 -0.6551
vn 0.6452 0.606 -0.4653
vn 0.4802 0.5159 -0.7094
vn 0.5394 0.6929 -0.4785
vn 0.4203 0.4613 -0.7814
vn 0.5127 0.7087 -0.4847
vn 0.4258 0.2775 -0.8612
vn 0.568 0.6638 -0.4866
vn 0.4767 0.026 -0.8787
vn 0.624 0.6276 -0.4654
vn 0.6407 0.6384 -0.4264
vn 0.3823 0.8836 0.2704
vn 0.485 0.8682 0.1049
vn 0.5116 0.8546 -0.0886
vn 0.5733 0.7958 -0.1952
vn 0.6824 0.6926 -0.2337
vn 0.804 0.5654 -0.1841
vn 0.9 0.4295 -0.074
vn 0.9473 0.3199 0.015
vn 0.9326 0.3534 0.0738
vn 0.876 0.4736 0.0911
vn -0.5217 -0.1277 -0.8435
vn 0.0853 -0.2952 -0.9516
vn 0.0192 -0.3178 -0.948
vn -0.4643 -0.103 -0.8797
vn 0.1023 -0.0413 -0.9939
vn -0.3431 0.1334 -0.9298
vn 0.0319 -0.2166 -0.9757
vn -0.395 -0.0293 -0.9182
vn 0.1845 0.1655 -0.9688
vn -0.2649 0.3605 -0.8943
vn 0.2552 0.3479 -0.9021
vn -0.1912 0.5229 -0.8307
vn 0.2524 0.4144 -0.8744
vn -0.1373 0.5557 -0.82
vn 0.1523 0.366 -0.9181
vn -0.0955 0.4569 -0.8844
vn -0.0006 0.3569 -0.9342
vn -0.2228 -0.2252 -0.9485
vn -0.1955 -0.2263 -0.9542
vn -0.1203 0.0389 -0.992
vn -0.211 -0.1346 -0.9682
vn -0.0405 0.279 -0.9594
vn 0.0377 0.4616 -0.8863
vn 0.0545 0.491 -0.8694
vn 0.0238 0.4076 -0.9129
vn -0.9276 -0.1328 -0.3491
vn -0.8334 -0.2958 -0.4668
vn -0.9188 -0.2252 -0.3242
vn -0.9247 0.0457 -0.378
vn -0.8319 -0.0528 -0.5524
vn -0.8642 0.3075 -0.3981
vn -0.7749 0.1939 -0.6016
vn -0.7741 0.47 -0.4241
vn -0.7271 0.3189 -0.608
vn -0.7882 0.4677 -0.3999
vn -0.7619 0.3462 -0.5474
vn -0.8595 0.4177 -0.2946
vn -0.8487 0.3436 -0.402
vn -0.8818 0.4045 -0.2424
vn -0.8797 0.3503 -0.3215
vn -0.869 0.2906 -0.4005
vn -0.8153 0.2611 -0.5169
vn -0.6966 0.2112 -0.6856
vn -0.649 0.1556 -0.7447
vn -0.6568 0.0539 -0.7521
vn -0.6763 -0.1842 -0.7132
vn -0.6976 -0.4175 -0.5824
vn -0.7051 -0.5069 -0.4959
vn -0.8226 -0.3805 -0.4226
vn 0.052 0.9813 -0.1854
vn -0.5357 0.7771 -0.3303
vn -0.4979 0.8181 -0.2879
vn 0.0116 0.9697 -0.2441
vn -0.4154 0.7231 -0.5519
vn 0.0411 0.8689 -0.4932
vn -0.4578 0.8017 -0.3844
vn -0.0101 0.9384 -0.3454
vn -0.3499 0.595 -0.7235
vn 0.1245 0.7289 -0.6732
vn -0.2767 0.4487 -0.8498
vn 0.1829 0.5893 -0.7869
vn -0.2274 0.4086 -0.8839
vn 0.1646 0.541 -0.8248
vn -0.1938 0.5129 -0.8363
vn 0.0558 0.5975 -0.7999
vn -0.0891 0.6134 -0.7848
vn -0.2624 0.9253 -0.2738
vn -0.2855 0.9148 -0.2857
vn -0.2009 0.8214 -0.5337
vn -0.2253 0.9064 -0.3574
vn -0.112 0.6788 -0.7257
vn -0.0424 0.5233 -0.8511
vn -0.0327 0.4919 -0.8701
vn -0.0715 0.5679 -0.82
vn 0.5185 0.7807 -0.3489
vn 0.344 0.8973 -0.2765
vn 0.507 0.821 -0.2624
vn 0.5353 0.6814 -0.4992
vn 0.3428 0.7888 -0.5101
vn 0.5278 0.493 -0.6917
vn 0.3186 0.6278 -0.7102
vn 0.4733 0.3547 -0.8063
vn 0.3016 0.5258 -0.7954
vn 0.4979 0.3507 -0.7932
vn 0.3691 0.4943 -0.787
vn 0.6045 0.3638 -0.7087
vn 0.5203 0.4637 -0.7171
vn 0.6492 0.3557 -0.6723
vn 0.5921 0.4323 -0.6801
vn 0.5269 0.5076 -0.6817
vn 0.4122 0.5608 -0.7181
vn 0.2118 0.6201 -0.7554
vn 0.1292 0.6618 -0.7385
vn 0.111 0.7348 -0.6691
vn 0.1012 0.8755 -0.4724
vn 0.1457 0.9639 -0.223
vn 0.1828 0.9775 -0.1048
vn 0.3435 0.9211 -0.1833
vn -0.9605 0.1714 0.2193
vn -0.9688 -0.1174 -0.2183
vn -0.9822 0.1866 0.0227
vn -0.9456 -0.1509 -0.2883
vn -0.9613 0.2087 -0.1798
vn -0.9446 -0.0725 -0.3202
vn -0.9146 0.2673 -0.3033
vn -0.8961 0.0143 -0.4435
vn -0.8182 0.347 -0.4583
vn -0.8 0.1393 -0.5836
vn -0.714 0.4276 -0.5543
vn -0.6832 0.2362 -0.6909
vn -0.6304 0.518 -0.5781
vn -0.5788 0.2906 -0.762
vn -0.6082 0.6036 -0.5155
vn -0.5542 0.3068 -0.7738
vn -0.6662 0.6666 -0.3343
vn -0.6119 0.2866 -0.7372
vn -0.7527 0.6518 -0.0925
vn -0.6609 0.245 -0.7094
vn -0.6608 0.2032 -0.7225
vn -0.1393 -0.3425 -0.9291
vn -0.2957 -0.2254 -0.9283
vn -0.3916 -0.0549 -0.9185
vn -0.4947 0.0196 -0.8689
vn -0.6229 0.0113 -0.7822
vn -0.7343 -0.0848 -0.6735
vn -0.8013 -0.2287 -0.5527
vn -0.8275 -0.3343 -0.451
vn -0.7883 -0.3822 -0.4821
vn -0.714 -0.372 -0.5932
vn 0.1377 -0.7809 -0.6093
vn 0.3612 -0.2559 -0.8967
vn 0.3781 -0.3181 -0.8694
vn 0.1201 -0.7376 -0.6645
vn 0.1129 -0.2397 -0.9643
vn -0.1018 -0.6271 -0.7723
vn 0.2802 -0.3097 -0.9086
vn 0.055 -0.6812 -0.73
vn -0.0877 -0.1423 -0.9859
vn -0.3235 -0.5288 -0.7847
vn -0.2675 -0.0432 -0.9626
vn -0.4829 -0.429 -0.7634
vn -0.3356 -0.0327 -0.9414
vn -0.5118 -0.3728 -0.774
vn -0.293 -0.1442 -0.9452
vn -0.4059 -0.3608 -0.8397
vn -0.2955 -0.2939 -0.909
vn 0.2659 -0.5406 -0.7981
vn 0.2697 -0.5169 -0.8125
vn 0.0146 -0.4438 -0.896
vn 0.1781 -0.5309 -0.8285
vn -0.2197 -0.3443 -0.9128
vn -0.3995 -0.2359 -0.8859
vn -0.4285 -0.2127 -0.8782
vn -0.3453 -0.2609 -0.9015
vn 0.1786 -0.5106 -0.8411
vn 0.3654 -0.3908 -0.8448
vn 0.2638 -0.534 -0.8032
vn 0.0105 -0.462 -0.8868
vn 0.1465 -0.2975 -0.9434
vn -0.2393 -0.3618 -0.901
vn -0.0824 -0.1842 -0.9794
vn -0.3899 -0.251 -0.886
vn -0.2018 -0.1239 -0.9716
vn -0.3932 -0.2773 -0.8766
vn -0.2423 -0.1841 -0.9526
vn -0.3687 -0.4056 -0.8364
vn -0.2732 -0.3418 -0.8992
vn -0.3676 -0.4574 -0.8097
vn -0.2978 -0.4149 -0.8598
vn -0.2223 -0.3667 -0.9034
vn -0.1672 -0.2575 -0.9517
vn -0.0793 -0.069 -0.9945
vn -0.011 -0.0044 -0.9999
vn 0.0897 -0.0219 -0.9957
vn 0.3134 -0.0989 -0.9445
vn 0.5127 -0.234 -0.8261
vn 0.5814 -0.308 -0.7531
vn 0.4391 -0.4236 -0.7923
vn 0.0329 0.9451 -0.3252
vn -0.5723 0.7998 -0.1811
vn -0.5173 0.8398 -0.1646
vn -0.0295 0.9327 -0.3595
vn -0.5628 0.7103 -0.4228
vn -0.1168 0.8053 -0.5813
vn -0.5237 0.8094 -0.2657
vn -0.0947 0.8945 -0.4369
vn -0.5862 0.5591 -0.5863
vn -0.1284 0.6393 -0.7582
vn -0.5843 0.3934 -0.7098
vn -0.134 0.4832 -0.8652
vn -0.5573 0.3445 -0.7555
vn -0.17 0.434 -0.8847
vn -0.4996 0.4482 -0.7413
vn -0.2535 0.5053 -0.8249
vn -0.3764 0.5399 -0.7529
vn -0.292 0.9189 -0.2654
vn -0.3185 0.9101 -0.2649
vn -0.3553 0.7834 -0.5099
vn -0.2957 0.8875 -0.3533
vn -0.3673 0.6131 -0.6994
vn -0.3689 0.4388 -0.8194
vn -0.3704 0.4048 -0.836
vn -0.3788 0.4894 -0.7855
vn -0.7718 -0.3167 -0.5514
vn 0.7798 0.3169 0.5399
vn -0.7578 -0.3095 -0.5744
vn 0.7776 0.3115 0.5462
vn 0.7572 0.293 0.5837
vn -0.7836 -0.3319 -0.5252
vn -0.7769 -0.3247 -0.5395
vn 0.7787 0.3131 0.5437
vn 0.7722 0.3129 0.553
vn -0.7639 -0.3068 -0.5677
vn 0.7882 0.3211 0.5249
vn -0.7494 -0.3004 -0.5901
vn 0.7586 0.2918 0.5826
vn -0.7912 -0.342 -0.507
vn 0.777 0.3156 0.5446
vn -0.7763 -0.3212 -0.5424
vn 0.7891 0.3249 0.5213
vn -0.7481 -0.2934 -0.5952
vn 0.7578 0.2859 0.5865
vn -0.778 -0.3325 -0.5331
vn 0.7648 0.3026 0.5688
vn -0.7634 -0.3039 -0.57
vn 0.7721 0.3084 0.5556
vn -0.7389 -0.2753 -0.6151
vn 0.7427 0.2657 0.6146
vn -0.7692 -0.3197 -0.5533
vn 0.749 0.2812 0.5999
vn -0.7559 -0.2929 -0.5855
vn 0.7576 0.2884 0.5855
vn -0.7275 -0.2566 -0.6363
vn 0.7306 0.2494 0.6356
vn -0.7308 -0.2593 -0.6314
vn 0.7219 0.2378 0.6499
vn -0.7367 -0.2675 -0.621
vn 0.7184 0.2354 0.6545
vn -0.7412 -0.2723 -0.6136
vn 0.7184 0.2304 0.6564
vn 0.7184 0.2304 0.6564
vn -0.7158 -0.2355 -0.6574
vn -0.7158 -0.2355 -0.6574
vn -0.1098 0.9403 0.3221
vn -0.1112 0.9398 0.3232
vn -0.1462 0.9184 0.3677
vn -0.1147 0.9331 0.3409
vn -0.1378 0.9176 0.3728
vn -0.1173 0.9159 0.3838
vn -0.1319 0.8932 0.4299
vn -0.113 0.893 0.4357
vn -0.0942 0.8857 0.4546
vn -0.1299 0.8553 0.5017
vn -0.1795 0.8571 0.4828
vn -0.1603 0.8525 0.4975
vn -0.168 0.8224 0.5435
vn -0.1744 0.8256 0.5366
vn -0.1391 0.8156 0.5616
vn -0.1156 0.7798 0.6152
vn -0.1346 0.7674 0.6269
vn -0.195 0.7714 0.6057
vn -0.2398 0.771 0.59
vn -0.2398 0.771 0.59
vn -0.7203 0.6851 -0.1085
vn -0.7427 0.6666 -0.0638
vn -0.7457 0.6616 -0.0787
vn -0.7555 0.6499 -0.0827
vn -0.7866 0.6166 -0.0322
vn -0.7926 0.6085 -0.0394
vn -0.7909 0.6097 -0.0533
vn -0.8146 0.58 -0.0033
vn -0.8106 0.5855 0.0095
vn -0.807 0.5904 -0.0119
vn -0.8349 0.5501 0.0171
vn -0.836 0.5488 0.0042
vn -0.8294 0.5585 -0.0126
vn -0.8565 0.515 -0.0329
vn -0.8603 0.5097 -0.0111
vn -0.845 0.5338 0.0317
vn -0.8211 0.5691 0.0451
vn -0.8211 0.5691 0.0451
vn -0.7189 0.6833 -0.1273
vn -0.7417 0.6632 -0.1003
vn 0.7108 -0.6961 0.1014
vn 0.715 -0.6927 0.0947
vn 0.718 -0.6923 0.0719
vn 0.7235 -0.6848 0.0872
vn 0.7352 -0.6755 0.0563
vn 0.7577 -0.6511 0.0447
vn 0.7604 -0.6474 0.0516
vn 0.786 -0.6173 0.0339
vn 0.8078 -0.589 0.0215
vn 0.8001 -0.5995 0.02
vn 0.7883 -0.6144 -0.0326
vn 0.8052 -0.5921 -0.0327
vn 0.8059 -0.5919 -0.0127
vn 0.8135 -0.5805 -0.0363
vn 0.8349 -0.5501 -0.0178
vn 0.8486 -0.5284 0.0244
vn 0.8467 -0.5318 0.015
vn 0.8243 -0.5653 -0.0323
vn 0.8059 -0.5877 -0.071
vn 0.8059 -0.5877 -0.071
vn 0.1024 -0.9369 -0.3344
vn 0.1171 -0.9283 -0.353
vn 0.1172 -0.913 -0.3908
vn 0.1173 -0.9024 -0.4147
vn 0.1029 -0.9089 -0.4042
vn 0.1035 -0.8932 -0.4376
vn 0.119 -0.8699 -0.4786
vn 0.1186 -0.8718 -0.4753
vn 0.1392 -0.8575 -0.4952
vn 0.1494 -0.8339 -0.5313
vn 0.1281 -0.8398 -0.5275
vn 0.1278 -0.8224 -0.5544
vn 0.1441 -0.7979 -0.5852
vn 0.1036 -0.7813 -0.6155
vn 0.1157 -0.779 -0.6163
vn 0.1608 -0.7852 -0.598
vn 0.2105 -0.7685 -0.6043
vn 0.2105 -0.7685 -0.6043
vn 0.0962 -0.9343 -0.3433
vn 0.0905 -0.9325 -0.3496
vn -0.7059 -0.2195 -0.6735
vn 0.7146 0.2255 0.6622
vn 0.6668 0.1507 0.7298
vn -0.696 -0.2058 -0.6879
vn -0.7001 -0.2126 -0.6816
vn 0.7024 0.204 0.682
vn 0.6752 0.1653 0.7189
vn -0.6658 -0.1551 -0.7298
vn 0.6828 0.1755 0.7093
vn -0.6449 -0.1254 -0.7539
vn 0.6424 0.1134 0.758
vn -0.6828 -0.1842 -0.707
vn 0.6578 0.138 0.7404
vn -0.6579 -0.1427 -0.7395
vn 0.6648 0.1483 0.7322
vn -0.6207 -0.0866 -0.7792
vn 0.6209 0.0786 0.78
vn -0.6512 -0.1355 -0.7467
vn 0.6277 0.093 0.7729
vn -0.6273 -0.093 -0.7732
vn 0.6356 0.1031 0.7651
vn -0.5971 -0.049 -0.8007
vn 0.5963 0.0421 0.8017
vn -0.6352 -0.1087 -0.7647
vn 0.6054 0.0586 0.7937
vn -0.6149 -0.0739 -0.7851
vn 0.6154 0.0714 0.785
vn -0.58 -0.0232 -0.8143
vn 0.5825 0.0216 0.8126
vn -0.5851 -0.0304 -0.8104
vn 0.5761 0.0142 0.8173
vn -0.5978 -0.0481 -0.8002
vn 0.5746 0.01 0.8184
vn -0.6028 -0.0579 -0.7958
vn 0.573 0.0083 0.8195
vn 0.573 0.0083 0.8195
vn -0.5729 -0.0106 -0.8195
vn -0.5729 -0.0106 -0.8195
vn -0.2545 0.7626 0.5946
vn -0.2934 0.719 0.63
vn -0.2622 0.7456 0.6127
vn -0.2848 0.7149 0.6386
vn -0.2674 0.7113 0.65
vn -0.2805 0.6786 0.6789
vn -0.2604 0.6793 0.6861
vn -0.2421 0.6716 0.7003
vn -0.2769 0.635 0.7212
vn -0.3162 0.6472 0.6936
vn -0.297 0.644 0.705
vn -0.3065 0.6089 0.7317
vn -0.3078 0.6186 0.7229
vn -0.2751 0.6054 0.7468
vn -0.255 0.5631 0.7861
vn -0.2679 0.5585 0.7851
vn -0.3236 0.5731 0.7529
vn -0.3615 0.5801 0.7299
vn -0.3615 0.5801 0.7299
vn -0.8106 0.582 0.0642
vn -0.8175 0.5708 0.0766
vn -0.8129 0.5799 0.0535
vn -0.8145 0.579 0.0371
vn -0.8371 0.5442 0.056
vn -0.8344 0.5499 0.0371
vn -0.8228 0.5681 0.0174
vn -0.8409 0.5398 0.0374
vn -0.8327 0.5518 0.0457
vn -0.8215 0.5698 0.0243
vn -0.8458 0.5328 0.0269
vn -0.8411 0.5408 0.0106
vn -0.8284 0.5601 -0.002
vn -0.8454 0.5324 -0.0427
vn -0.8511 0.5245 -0.0248
vn -0.8455 0.5335 0.0209
vn -0.8238 0.5645 0.0517
vn -0.8238 0.5645 0.0517
vn -0.823 0.5654 0.0541
vn 0.8046 -0.5879 -0.0836
vn 0.7939 -0.6022 -0.0841
vn 0.8058 -0.5868 -0.0803
vn 0.805 -0.5874 -0.0827
vn 0.8196 -0.568 -0.0751
vn 0.8113 -0.5821 -0.0543
vn 0.8286 -0.5578 -0.0484
vn 0.8418 -0.5386 -0.0361
vn 0.8241 -0.5656 -0.0312
vn 0.817 -0.5711 -0.0801
vn 0.8283 -0.5565 -0.0655
vn 0.8188 -0.5727 -0.0406
vn 0.8265 -0.5603 -0.0551
vn 0.8402 -0.5419 -0.0204
vn 0.8403 -0.5413 0.0318
vn 0.8385 -0.5444 0.0243
vn 0.8251 -0.5638 -0.0379
vn 0.8155 -0.5732 -0.08
vn 0.8155 -0.5732 -0.08
vn 0.2413 -0.757 -0.6072
vn 0.2587 -0.7348 -0.627
vn 0.2635 -0.7058 -0.6576
vn 0.2626 -0.6865 -0.6781
vn 0.2451 -0.7029 -0.6678
vn 0.2482 -0.6786 -0.6913
vn 0.2642 -0.6453 -0.7168
vn 0.2572 -0.6574 -0.7083
vn 0.2787 -0.6433 -0.7131
vn 0.2895 -0.6143 -0.7341
vn 0.2627 -0.6294 -0.7313
vn 0.2651 -0.6087 -0.7478
vn 0.2829 -0.5811 -0.7631
vn 0.2434 -0.5638 -0.7892
vn 0.2495 -0.5724 -0.7811
vn 0.287 -0.5868 -0.7571
vn 0.3374 -0.5732 -0.7467
vn 0.3374 -0.5732 -0.7467
vn 0.231 -0.7445 -0.6264
vn -0.5663 -0.0018 -0.8242
vn 0.5753 0.011 0.8179
vn 0.5387 -0.0443 0.8414
vn -0.5749 -0.0154 -0.8181
vn -0.569 -0.006 -0.8223
vn 0.5678 -0.0006 0.8232
vn 0.5589 -0.0132 0.8291
vn -0.5484 0.0268 -0.8358
vn 0.5787 0.0178 0.8153
vn -0.5375 0.0428 -0.8422
vn 0.5492 -0.0291 0.8352
vn -0.5938 -0.047 -0.8033
vn 0.5803 0.0214 0.8141
vn -0.581 -0.0249 -0.8135
vn 0.6064 0.0662 0.7924
vn -0.5629 0.0045 -0.8265
vn 0.5903 0.0377 0.8063
vn -0.6197 -0.0963 -0.7789
vn 0.6169 0.0882 0.782
vn -0.6159 -0.0873 -0.7829
vn 0.6391 0.1316 0.7577
vn -0.6065 -0.0704 -0.7919
vn 0.6349 0.1225 0.7628
vn -0.6636 -0.1906 -0.7234
vn 0.6595 0.1789 0.7301
vn -0.6657 -0.1942 -0.7205
vn 0.6835 0.2415 0.6888
vn -0.6626 -0.1921 -0.7239
vn 0.6905 0.2749 0.669
vn -0.6916 -0.2827 -0.6646
vn 0.702 0.3325 0.6298
vn -0.7085 -0.3603 -0.6068
vn 0.7039 0.3586 0.6132
vn -0.7123 -0.396 -0.5795
vn 0.7021 0.3956 0.5921
vn 0.7021 0.3956 0.5921
vn -0.7009 -0.3946 -0.5942
vn -0.7009 -0.3946 -0.5942
vn -0.3715 0.5804 0.7246
vn -0.3982 0.5533 0.7316
vn -0.3738 0.5693 0.7322
vn -0.3856 0.5571 0.7355
vn -0.3616 0.5611 0.7446
vn -0.3689 0.5368 0.7588
vn -0.3415 0.5502 0.762
vn -0.3105 0.5586 0.7692
vn -0.3281 0.5441 0.7722
vn -0.3638 0.575 0.7328
vn -0.3328 0.5858 0.739
vn -0.3222 0.5762 0.7511
vn -0.3239 0.6052 0.7272
vn -0.2686 0.622 0.7355
vn -0.224 0.632 0.7419
vn -0.2393 0.6567 0.7152
vn -0.3086 0.6636 0.6814
vn -0.3531 0.6699 0.6531
vn -0.3531 0.6699 0.6531
vn -0.817 0.5718 0.074
vn -0.8261 0.5572 0.0842
vn -0.8203 0.5683 0.0647
vn -0.8221 0.567 0.0525
vn -0.8494 0.5239 0.0634
vn -0.8492 0.5257 0.0492
vn -0.8432 0.536 0.0421
vn -0.869 0.4902 0.0671
vn -0.8707 0.4859 0.0761
vn -0.8665 0.4943 0.0691
vn -0.8958 0.436 0.0866
vn -0.9037 0.4218 0.0735
vn -0.9012 0.4256 0.0812
vn -0.9331 0.3534 0.0673
vn -0.9448 0.3126 0.0981
vn -0.9378 0.3178 0.1398
vn -0.9245 0.3439 0.1641
vn -0.9245 0.3439 0.1641
vn -0.8268 0.5594 0.0596
vn 0.8156 -0.5712 -0.0925
vn 0.8061 -0.5839 -0.0967
vn 0.8168 -0.5703 -0.087
vn 0.8179 -0.5678 -0.0924
vn 0.8341 -0.546 -0.0782
vn 0.8269 -0.5587 -0.064
vn 0.847 -0.5287 -0.0557
vn 0.8658 -0.4987 -0.0412
vn 0.8592 -0.5095 -0.0465
vn 0.8583 -0.5013 -0.1094
vn 0.8759 -0.473 -0.0952
vn 0.8804 -0.4674 -0.0806
vn 0.8901 -0.4416 -0.1127
vn 0.9161 -0.3923 -0.083
vn 0.9369 -0.3456 -0.0532
vn 0.9428 -0.3224 -0.0845
vn 0.9264 -0.3478 -0.1442
vn 0.9205 -0.3488 -0.1762
vn 0.9205 -0.3488 -0.1762
vn 0.3622 -0.5715 -0.7363
vn 0.3674 -0.5696 -0.7353
vn 0.3698 -0.544 -0.7532
vn 0.3659 -0.5324 -0.7634
vn 0.339 -0.5642 -0.7529
vn 0.3356 -0.5496 -0.7651
vn 0.3443 -0.5315 -0.7739
vn 0.3256 -0.5701 -0.7543
vn 0.3302 -0.5716 -0.7512
vn 0.3353 -0.558 -0.7591
vn 0.3012 -0.6017 -0.7397
vn 0.2829 -0.6013 -0.7473
vn 0.2962 -0.5984 -0.7445
vn 0.2403 -0.6341 -0.735
vn 0.2406 -0.6693 -0.7029
vn 0.2815 -0.682 -0.675
vn 0.3417 -0.6703 -0.6588
vn 0.3417 -0.6703 -0.6588
vn 0.3491 -0.5648 -0.7478
vn -0.6896 -0.4571 -0.5616
vn 0.6934 0.4646 0.5507
vn 0.5931 0.6041 0.5323
vn -0.5945 -0.637 -0.4908
vn -0.6552 -0.5452 -0.5229
vn 0.6597 0.5376 0.5251
vn 0.5304 0.688 0.4953
vn -0.5311 -0.674 -0.5134
vn 0.4197 0.7731 0.4755
vn -0.424 -0.7305 -0.5354
vn 0.242 0.8191 0.5201
vn -0.2345 -0.8548 -0.463
vn 0.0826 0.8769 0.4735
vn -0.0783 -0.8754 -0.477
vn -0.1111 0.8986 0.4244
vn 0.124 -0.8597 -0.4955
vn -0.3601 0.8216 0.442
vn 0.406 -0.8227 -0.3978
vn -0.5307 0.7474 0.3997
vn 0.5426 -0.7354 -0.4059
vn -0.6128 0.6939 0.3782
vn 0.6041 -0.6678 -0.4348
vn -0.6784 0.6032 0.4195
vn 0.7093 -0.601 -0.3684
vn -0.7387 0.5411 0.402
vn 0.7491 -0.5348 -0.391
vn -0.7809 0.4927 0.384
vn 0.7704 -0.4696 -0.4312
vn -0.805 0.4191 0.4199
vn 0.8114 -0.4082 -0.4184
vn -0.8248 0.3737 0.4244
vn 0.8343 -0.3766 -0.4027
vn -0.8732 0.3828 0.3015
vn 0.7933 -0.3457 -0.5012
vn -0.907 0.3909 0.1568
vn 0.7088 -0.3096 -0.6338
vn -0.3844 0.6839 0.62
vn -0.5158 0.6558 0.5513
vn -0.4248 0.6875 0.5889
vn -0.5745 0.6418 0.508
vn -0.6468 0.6085 0.4597
vn -0.7772 0.4823 0.4042
vn -0.8565 0.3933 0.3342
vn -0.9219 0.2601 0.287
vn -0.9691 -0.0417 0.243
vn -0.9508 -0.248 0.1854
vn -0.9314 -0.3142 0.1836
vn -0.8834 -0.4269 0.1935
vn -0.8439 -0.5084 0.1711
vn -0.8314 -0.5239 0.1853
vn -0.8002 -0.5599 0.2149
vn -0.7647 -0.6091 0.2105
vn -0.7647 -0.6367 0.0994
vn -0.7557 -0.6548 -0.0136
vn -0.9289 0.3229 0.1814
vn -0.9736 0.1732 0.1489
vn -0.9899 0.1021 0.0985
vn -0.9993 -0.0142 0.0352
vn -0.9734 -0.228 -0.0222
vn -0.9267 -0.366 -0.0856
vn -0.8453 -0.5179 -0.1314
vn -0.6385 -0.7568 -0.1403
vn -0.4924 -0.8575 -0.1493
vn -0.4003 -0.8999 -0.1732
vn -0.2508 -0.954 -0.164
vn -0.1678 -0.9692 -0.1804
vn -0.1034 -0.9742 -0.2008
vn 0.026 -0.9768 -0.2128
vn 0.0658 -0.9771 -0.2026
vn 0.0132 -0.9609 -0.2765
vn -0.0678 -0.9326 -0.3544
vn -0.9561 0.2461 0.1589
vn 0.9301 -0.3146 -0.1895
vn 0.9728 -0.1856 -0.1386
vn 0.9529 -0.2514 -0.1695
vn 0.9865 -0.1069 -0.1241
vn 0.9972 0.033 -0.0678
vn 0.9766 0.2122 0.0353
vn 0.9261 0.3703 0.0722
vn 0.8118 0.5741 0.1066
vn 0.6198 0.7696 0.1533
vn 0.5224 0.8428 0.1292
vn 0.4161 0.8996 0.1323
vn 0.2904 0.942 0.1685
vn 0.2111 0.9647 0.1575
vn 0.1047 0.9794 0.1729
vn -0.0151 0.9782 0.2073
vn -0.0497 0.9772 0.2064
vn -0.0549 0.9945 0.0894
vn -0.0451 0.9985 -0.0317
vn 0.3856 -0.6778 -0.626
vn 0.5114 -0.674 -0.5331
vn 0.5565 -0.6486 -0.5193
vn 0.6423 -0.5962 -0.4817
vn 0.7817 -0.5001 -0.3727
vn 0.8562 -0.3975 -0.33
vn 0.9232 -0.2378 -0.3019
vn 0.9757 0.022 -0.2181
vn 0.958 0.2129 -0.1921
vn 0.9292 0.3035 -0.2108
vn 0.8987 0.4 -0.1796
vn 0.8614 0.4723 -0.187
vn 0.8229 0.5293 -0.2063
vn 0.8023 0.5562 -0.2166
vn 0.775 0.5977 -0.2053
vn 0.7102 0.6441 -0.2842
vn 0.6269 0.6852 -0.3709
vn 0.4189 -0.6893 -0.591
vn 0.7192 0.5498 -0.4248
vn 0.6434 0.7554 -0.1241
vn 0.6646 0.5686 -0.4848
vn 0.59 0.7972 -0.1276
vn 0.4991 0.6495 -0.5736
vn 0.3561 0.9069 -0.2253
vn 0.3003 0.7164 -0.6298
vn 0.131 0.9338 -0.333
vn 0.2034 0.7273 -0.6555
vn -0.0079 0.9346 -0.3556
vn 0.1093 0.7019 -0.7038
vn -0.1225 0.9152 -0.3838
vn -0.0138 0.6125 -0.7904
vn -0.2171 0.8919 -0.3968
vn -0.2727 0.5039 -0.8196
vn -0.3091 0.8366 -0.4524
vn -0.4232 0.5655 -0.7079
vn -0.4358 0.7803 -0.4486
vn -0.4863 0.6716 -0.559
vn -0.5135 0.7863 -0.3436
vn -0.5696 0.6546 -0.4971
vn -0.5496 0.773 -0.317
vn -0.5682 0.7441 -0.3512
vn -0.5293 0.834 -0.1558
vn -0.5109 0.8531 -0.1059
vn -0.3543 0.9333 -0.0585
vn -0.2452 0.9694 -0.0136
vn -0.3056 0.9521 0.0136
vn -0.2945 0.9556 0.0145
vn -0.1788 0.9838 0.0125
vn -0.0505 0.9972 0.0557
vn 0.1544 0.9733 0.17
vn 0.3955 0.8861 0.2418
vn 0.4609 0.8596 0.2206
vn -0.9376 -0.1757 -0.2999
vn -0.6376 -0.2679 -0.7222
vn -0.8837 -0.2443 -0.3992
vn -0.6442 -0.2829 -0.7106
vn -0.8506 -0.2047 -0.4843
vn -0.6744 -0.2213 -0.7045
vn -0.8427 -0.0316 -0.5375
vn -0.7037 -0.0291 -0.7099
vn -0.8174 0.1629 -0.5526
vn -0.6637 0.1674 -0.729
vn -0.7934 0.3221 -0.5165
vn -0.6169 0.3035 -0.7261
vn -0.7775 0.4587 -0.4303
vn -0.5714 0.4349 -0.696
vn -0.781 0.5607 -0.2751
vn -0.5139 0.5748 -0.6368
vn -0.7888 0.6143 0.0181
vn -0.4102 0.7457 -0.5251
vn -0.7356 0.5812 0.348
vn -0.3528 0.8264 -0.4388
vn -0.6562 0.5739 0.4899
vn -0.4397 0.7055 -0.5558
vn -0.5931 0.7038 -0.3911
vn 0.228 0.2178 -0.949
vn 0.2934 0.4374 -0.85
vn 0.0907 0.4894 -0.8673
vn -0.1611 0.4309 -0.8879
vn -0.3174 0.3406 -0.885
vn -0.4167 0.2535 -0.873
vn -0.4843 0.1452 -0.8628
vn -0.5157 -0.0416 -0.8558
vn -0.473 -0.2163 -0.8541
vn -0.2654 -0.2865 -0.9206
vn -0.0937 -0.2824 -0.9547
vn -0.6579 0.7426 -0.1254
vn -0.6995 0.4462 -0.5582
vn -0.7154 0.6647 -0.2154
vn -0.7125 0.4444 -0.543
vn -0.6552 0.684 -0.3206
vn -0.6312 0.5295 -0.5667
vn -0.2026 0.8231 -0.5306
vn -0.0923 0.6527 -0.7519
vn 0.5014 0.606 -0.6175
vn 0.4657 0.398 -0.7904
vn 0.5729 0.4107 -0.7093
vn 0.5129 0.1823 -0.8389
vn 0.5061 0.4088 -0.7594
vn 0.4833 0.0915 -0.8707
vn 0.5626 0.506 -0.6538
vn 0.5563 0.083 -0.8269
vn 0.5017 0.7036 -0.5033
vn 0.5348 0.082 -0.841
vn 0.4434 0.8476 -0.2913
vn 0.4906 0.0996 -0.8656
vn 0.5414 0.8278 -0.1474
vn 0.3957 0.0769 -0.9151
vn 0.476 0.2611 -0.8398
vn -0.0659 -0.6966 -0.7144
vn 0.1436 -0.7005 -0.6991
vn 0.3288 -0.5534 -0.7653
vn 0.4277 -0.355 -0.8313
vn 0.3853 -0.223 -0.8955
vn 0.4193 -0.0445 -0.9067
vn 0.3465 0.2632 -0.9004
vn -0.1171 0.4449 -0.8879
vn -0.5502 0.3535 -0.7565
vn -0.5905 0.1167 -0.7985
vn -0.5156 -0.0306 -0.8563
vn 0.1647 0.811 -0.5614
vn -0.0293 0.9727 -0.2302
vn 0.2892 0.7732 -0.5643
vn 0.0168 0.9512 -0.3082
vn 0.366 0.7327 -0.5738
vn -0.066 0.9358 -0.3463
vn 0.2997 0.7039 -0.644
vn -0.1645 0.8659 -0.4724
vn 0.225 0.6178 -0.7535
vn -0.2568 0.7485 -0.6113
vn 0.1947 0.5509 -0.8116
vn -0.3128 0.6539 -0.6889
vn -0.6788 0.604 -0.4177
vn -0.3012 0.5617 -0.7706
vn 0.2703 0.4997 -0.8229
vn 0.2537 0.4707 -0.845
vn 0.2115 0.3952 -0.8939
vn -0.3368 0.4687 -0.8166
vn 0.1349 0.4179 -0.8984
vn -0.2933 0.4885 -0.8218
vn 0.07 0.5242 -0.8487
vn -0.2251 0.545 -0.8077
vn -0.608 0.4901 -0.6246
vn -0.6852 0.4436 -0.5777
vn -0.7658 0.4186 -0.4883
vn -0.7428 0.4879 -0.4584
vn -0.6439 0.6934 -0.3235
vn -0.6083 0.7747 -0.1728
vn -0.5248 0.8511 -0.0115
vn -0.3736 0.924 0.0818
vn -0.2083 0.9706 0.1203
vn 0.2706 0.7221 -0.6367
vn 0.1587 0.922 -0.3533
vn 0.238 0.7648 -0.5987
vn 0.1445 0.9203 -0.3635
vn 0.1375 0.7886 -0.5994
vn 0.0815 0.9183 -0.3875
vn 0.0304 0.7537 -0.6565
vn -0.0393 0.8896 -0.455
vn -0.1116 0.6896 -0.7155
vn -0.2225 0.837 -0.4999
vn -0.2593 0.5997 -0.7571
vn -0.3825 0.7444 -0.5473
vn -0.3481 0.5324 -0.7716
vn -0.493 0.6644 -0.5617
vn -0.4046 0.5095 -0.7594
vn -0.5301 0.6346 -0.5623
vn -0.3884 0.5909 -0.7071
vn -0.4631 0.681 -0.5672
vn -0.3438 0.6741 -0.6538
vn -0.3844 0.7188 -0.5793
vn -0.4393 0.7742 -0.4557
vn -0.5215 0.7477 -0.411
vn -0.6151 0.7124 -0.3378
vn -0.5945 0.7442 -0.3045
vn -0.4824 0.8306 -0.2782
vn -0.3153 0.9174 -0.243
vn -0.1234 0.9704 -0.2077
vn 0.0099 0.9836 -0.1802
vn 0.0382 0.9929 -0.1124
vn 0.0296 0.999 -0.0326
vn -0.661 -0.1144 -0.7416
vn -0.4113 0.1075 -0.9052
vn -0.7086 -0.0689 -0.7022
vn -0.4104 0.1703 -0.8959
vn -0.7519 0.024 -0.6589
vn -0.4295 0.2974 -0.8527
vn -0.7801 0.1423 -0.6093
vn -0.4992 0.4139 -0.7612
vn -0.8099 0.2332 -0.5381
vn -0.5292 0.543 -0.6519
vn -0.862 0.3015 -0.4076
vn -0.578 0.6417 -0.5041
vn -0.9063 0.3489 -0.2384
vn -0.6217 0.705 -0.3412
vn -0.9019 0.409 -0.1393
vn -0.6304 0.7313 -0.2603
vn -0.8446 0.5028 -0.1841
vn -0.6263 0.7256 -0.2852
vn -0.7692 0.5638 -0.3008
vn -0.6113 0.7003 -0.3686
vn -0.7449 0.5649 -0.3551
vn -0.6002 0.6578 -0.455
vn -0.6269 0.623 -0.4679
vn -0.4658 0.7227 -0.5106
vn -0.4341 0.8013 -0.4116
vn -0.3437 0.8735 -0.3447
vn -0.2483 0.908 -0.3373
vn -0.1994 0.8929 -0.4036
vn -0.1745 0.8296 -0.5303
vn -0.1474 0.7339 -0.663
vn -0.0874 0.6135 -0.7848
vn -0.0352 0.5004 -0.8651
vn -0.0481 0.3899 -0.9196
vn -0.0767 0.3309 -0.9406
vn -0.2849 0.2379 -0.9285
vn -0.1074 0.6867 -0.719
vn -0.2087 0.345 -0.9151
vn -0.0959 0.6755 -0.7311
vn -0.278 0.4295 -0.8592
vn -0.214 0.6714 -0.7095
vn -0.6761 0.505 -0.5365
vn -0.64 0.7019 -0.3127
vn -0.8906 0.4224 0.1687
vn -0.7358 0.6129 0.2878
vn -0.7869 0.5062 0.3529
vn -0.5937 0.6628 0.4563
vn -0.76 0.5719 0.3089
vn -0.5098 0.7076 0.4894
vn -0.8484 0.4487 0.281
vn -0.5327 0.6471 0.5454
vn -0.9476 0.3053 0.0939
vn -0.5234 0.6663 0.5311
vn -0.9918 0.1059 -0.0715
vn -0.5193 0.7002 0.4899
vn -0.9984 -0.0566 -0.0064
vn -0.4602 0.7741 0.4348
vn -0.6389 0.6676 0.3822
vn 0.462 0.7549 0.4655
vn 0.3567 0.6862 0.6339
vn 0.1237 0.6917 0.7115
vn -0.1054 0.7157 0.6904
vn -0.2043 0.7791 0.5927
vn -0.3713 0.7685 0.5211
vn -0.584 0.7593 0.2872
vn -0.4837 0.8541 -0.1914
vn -0.1511 0.8459 -0.5116
vn 0.0563 0.9135 -0.4028
vn 0.1257 0.9603 -0.249
vn -0.9222 0.3713 0.108
vn -0.976 0.1391 -0.1677
vn -0.9371 0.3456 0.0493
vn -0.9723 0.1544 -0.1754
vn -0.9216 0.3856 -0.0447
vn -0.9544 0.2028 -0.219
vn -0.8682 0.4862 -0.0993
vn -0.9045 0.3177 -0.2844
vn -0.7768 0.6066 -0.1691
vn -0.8041 0.4415 -0.3981
vn -0.6553 0.717 -0.2377
vn -0.6775 0.5625 -0.4739
vn -0.5479 0.7886 -0.2792
vn -0.5458 0.6473 -0.532
vn -0.3345 0.8774 -0.3439
vn -0.2885 0.7576 -0.5855
vn -0.1761 0.8979 -0.4034
vn -0.1756 0.8123 -0.5562
vn -0.2519 0.8681 -0.4277
vn -0.2488 0.8297 -0.4997
vn -0.2415 0.765 -0.597
vn -0.1635 0.7102 -0.6848
vn -0.2805 0.5682 -0.7736
vn -0.5038 0.4461 -0.7397
vn -0.6393 0.352 -0.6837
vn -0.7668 0.2396 -0.5955
vn -0.8736 0.1208 -0.4715
vn -0.926 0.0384 -0.3757
vn -0.9249 -0.0355 -0.3786
vn -0.904 -0.1044 -0.4145
vn -0.2374 0.8906 0.3879
vn -0.6917 0.6895 0.2148
vn -0.3613 0.8452 0.3939
vn -0.6865 0.6884 0.2341
vn -0.4108 0.8665 0.2836
vn -0.6409 0.7539 0.1443
vn -0.3117 0.924 -0.2215
vn -0.4817 0.7712 -0.4162
vn -0.0804 0.5597 -0.8248
vn -0.296 0.3983 -0.8682
vn -0.1716 0.3709 -0.9127
vn -0.37 0.1888 -0.9096
vn -0.2471 0.3937 -0.8854
vn -0.4359 0.1146 -0.8927
vn -0.1058 0.4552 -0.8841
vn -0.3651 0.0813 -0.9274
vn 0.0393 0.6338 -0.7725
vn -0.3879 0.088 -0.9175
vn 0.2212 0.7504 -0.6228
vn -0.4258 0.1196 -0.8969
vn 0.3832 0.6837 -0.6211
vn -0.521 0.1293 -0.8437
vn -0.3683 0.2732 -0.8887
vn -0.8051 -0.5308 -0.2647
vn -0.6861 -0.5881 -0.4282
vn -0.6049 -0.4816 -0.6341
vn -0.554 -0.3051 -0.7746
vn -0.592 -0.158 -0.7903
vn -0.5351 0.0061 -0.8448
vn -0.4835 0.3168 -0.816
vn -0.6617 0.6012 -0.448
vn -0.8018 0.5975 -0.0081
vn -0.9212 0.3881 0.0285
vn -0.9699 0.2386 -0.0487
vn -0.5833 0.7265 0.3633
vn -0.7751 0.5062 0.3782
vn -0.5856 0.687 0.4302
vn -0.5847 0.7851 0.2045
vn -0.8013 0.5731 0.1717
vn -0.5676 0.8233 -0.001
vn -0.7889 0.609 -0.0825
vn -0.5261 0.8302 -0.1842
vn -0.7385 0.6098 -0.2878
vn -0.5018 0.8084 -0.3076
vn -0.6855 0.6147 -0.3902
vn -0.5621 0.773 -0.294
vn -0.7073 0.6182 -0.3429
vn -0.6232 0.7428 -0.2448
vn -0.7215 0.6368 -0.2718
vn -0.813 0.502 -0.295
vn -0.8055 0.4428 -0.3938
vn -0.8233 0.3633 -0.4361
vn -0.8844 0.332 -0.3279
vn -0.9372 0.3187 -0.142
vn -0.9517 0.2878 0.1067
vn -0.9114 0.2449 0.3307
vn -0.8734 0.2244 0.4321
vn -0.7652 0.4622 0.4481
vn 0.1563 0.9873 0.0298
vn -0.0573 0.9943 0.0899
vn 0.1206 0.9855 0.119
vn 0.2283 0.9643 -0.1345
vn 0.01 0.9873 -0.1587
vn 0.321 0.8718 -0.37
vn 0.0767 0.9146 -0.397
vn 0.3428 0.7758 -0.5298
vn 0.1135 0.8527 -0.51
vn 0.3654 0.7767 -0.513
vn 0.187 0.8482 -0.4955
vn 0.4475 0.797 -0.4057
vn 0.3294 0.8534 -0.4039
vn 0.4878 0.7936 -0.3636
vn 0.404 0.8401 -0.362
vn 0.3129 0.8802 -0.3567
vn 0.1904 0.8957 -0.4019
vn -0.0115 0.8845 -0.4665
vn -0.1052 0.8826 -0.4581
vn -0.1596 0.9125 -0.3767
vn -0.2475 0.9563 -0.1555
vn -0.2688 0.9567 0.1119
vn -0.2523 0.9389 0.2342
vn -0.0767 0.9801 0.183
vn -0.2286 0.1505 -0.9618
vn 0.0629 0.1562 -0.9857
vn -0.1938 0.0828 -0.9776
vn -0.2789 0.3039 -0.911
vn 0.0194 0.3635 -0.9314
vn -0.325 0.4834 -0.8129
vn -0.0233 0.5859 -0.81
vn -0.3598 0.6243 -0.6934
vn -0.0591 0.7401 -0.6699
vn -0.3598 0.7131 -0.6017
vn -0.0971 0.8064 -0.5834
vn -0.2952 0.7171 -0.6314
vn -0.0857 0.7763 -0.6245
vn -0.2333 0.6924 -0.6827
vn -0.0905 0.727 -0.6807
vn 0.0716 0.747 -0.6609
vn 0.1123 0.8111 -0.574
vn 0.1858 0.8319 -0.5229
vn 0.25 0.7565 -0.6043
vn 0.2967 0.6162 -0.7295
vn 0.3366 0.4008 -0.8521
vn 0.3528 0.1795 -0.9183
vn 0.3492 0.0705 -0.9344
vn 0.0941 0.0794 -0.9924
vn 0.9687 0.2448 -0.0402
vn 0.7013 0.5505 0.4529
vn 0.7481 0.5021 0.4338
vn 0.9498 0.3121 -0.022
vn 0.6456 0.7167 0.2637
vn 0.8374 0.529 -0.1376
vn 0.7298 0.579 0.3635
vn 0.9105 0.4119 -0.0365
vn 0.5141 0.8467 0.1373
vn 0.6952 0.6601 -0.2845
vn 0.368 0.9297 0.017
vn 0.5552 0.7366 -0.3863
vn 0.3308 0.9427 -0.0434
vn 0.5031 0.7738 -0.3848
vn 0.4405 0.8962 -0.0523
vn 0.5504 0.79 -0.2701
vn 0.5534 0.8232 -0.1273
vn 0.8779 0.4234 0.2238
vn 0.8646 0.441 0.2409
vn 0.7648 0.64 0.0742
vn 0.8575 0.4888 0.1603
vn 0.6198 0.7804 -0.0819
vn 0.4643 0.863 -0.1993
vn 0.4328 0.875 -0.2167
vn 0.5077 0.8468 -0.1586
vn -0.8759 0.4425 0.1923
vn -0.8838 0.2272 -0.4091
vn -0.9121 0.2209 -0.3454
vn -0.8742 0.4692 0.1252
vn -0.7701 0.4556 -0.4465
vn -0.7472 0.6645 -0.0119
vn -0.8736 0.3163 -0.3697
vn -0.8436 0.535 0.0449
vn -0.6119 0.5962 -0.5198
vn -0.5707 0.8174 -0.0783
vn -0.4381 0.6976 -0.5669
vn -0.4096 0.9031 -0.1288
vn -0.38 0.739 -0.5562
vn -0.3678 0.913 -0.1763
vn -0.4693 0.7433 -0.4768
vn -0.4616 0.8552 -0.2356
vn -0.5297 0.7773 -0.3394
vn -0.9285 0.3507 -0.1217
vn -0.926 0.3468 -0.1493
vn -0.7862 0.5696 -0.2398
vn -0.89 0.4333 -0.1421
vn -0.6042 0.7345 -0.309
vn -0.4232 0.8311 -0.3609
vn -0.3888 0.8431 -0.3715
vn -0.4779 0.803 -0.356
vn -0.3692 0.5278 0.765
vn -0.5638 0.4897 0.6651
vn -0.4294 0.4545 0.7804
vn -0.2405 0.6477 0.7229
vn -0.4155 0.6883 0.5947
vn -0.0353 0.7864 0.6167
vn -0.2396 0.8414 0.4844
vn 0.0876 0.8631 0.4974
vn -0.1386 0.8982 0.4172
vn 0.0989 0.849 0.5191
vn -0.0836 0.8812 0.4653
vn 0.1144 0.7691 0.6288
vn -0.0072 0.8037 0.595
vn 0.1325 0.7311 0.6693
vn 0.0428 0.7589 0.6497
vn -0.0507 0.7805 0.6231
vn -0.1386 0.8307 0.5392
vn -0.2691 0.8847 0.3807
vn -0.3455 0.88 0.3259
vn -0.433 0.8317 0.3476
vn -0.6054 0.6772 0.4182
vn -0.7209 0.4576 0.5205
vn -0.7441 0.3462 0.5713
vn -0.6064 0.4055 0.6839
vn 0.4364 0.5295 -0.7275
vn 0.5618 0.6073 -0.5617
vn 0.5203 0.4945 -0.6963
vn 0.2674 0.5742 -0.7738
vn 0.3336 0.7137 -0.616
vn 0.0006 0.6059 -0.7955
vn 0.0829 0.7728 -0.6292
vn -0.1819 0.6272 -0.7574
vn -0.0508 0.7807 -0.6229
vn -0.1755 0.6065 -0.7755
vn -0.0664 0.7322 -0.6779
vn -0.107 0.5151 -0.8504
vn -0.0384 0.6098 -0.7916
vn -0.0884 0.468 -0.8793
vn -0.0363 0.539 -0.8415
vn 0.0182 0.6076 -0.794
vn 0.0309 0.7059 -0.7076
vn 0.0426 0.8389 -0.5426
vn 0.0807 0.8805 -0.4672
vn 0.1795 0.8795 -0.4408
vn 0.41 0.8229 -0.3934
vn 0.6347 0.6779 -0.371
vn 0.7199 0.5869 -0.3706
vn 0.6375 0.5538 -0.5357
vn -0.9148 0.0602 0.3995
vn 0.9162 -0.0451 -0.3983
vn -0.9174 0.0908 0.3875
vn 0.9199 -0.0535 -0.3886
vn 0.9205 -0.0592 -0.3862
vn -0.9005 0.0059 0.4348
vn -0.9081 0.0365 0.4171
vn 0.916 -0.0346 -0.3997
vn 0.9086 -0.0128 -0.4174
vn -0.9096 0.0329 0.4141
vn 0.8956 0.0337 -0.4437
vn -0.9098 0.0389 0.4133
vn 0.907 0.0048 -0.4212
vn -0.871 -0.0667 0.4867
vn 0.882 0.0574 -0.4677
vn -0.8796 -0.0581 0.4722
vn 0.8613 0.109 -0.4963
vn -0.8879 -0.0291 0.4591
vn 0.8722 0.0866 -0.4815
vn -0.8352 -0.1261 0.5353
vn 0.8434 0.1267 -0.5221
vn -0.8421 -0.1238 0.525
vn 0.8206 0.1623 -0.5479
vn -0.8536 -0.1026 0.5108
vn 0.8362 0.1418 -0.5298
vn -0.7873 -0.1881 0.5871
vn 0.806 0.1736 -0.5659
vn -0.7939 -0.1847 0.5794
vn 0.773 0.2122 -0.5978
vn -0.8074 -0.1662 0.5662
vn 0.7748 0.2084 -0.5968
vn -0.7667 -0.2099 0.6067
vn 0.7564 0.2239 -0.6147
vn -0.7282 -0.2463 0.6396
vn 0.749 0.2295 -0.6215
vn -0.7104 -0.2618 0.6533
vn 0.7411 0.237 -0.6282
vn 0.7411 0.237 -0.6282
vn -0.7398 -0.2367 0.6298
vn -0.7398 -0.2367 0.6298
vn 0.6994 0.4179 0.5798
vn 0.6972 0.4305 0.5732
vn 0.682 0.4795 0.5521
vn 0.6972 0.4545 0.5544
vn 0.6788 0.5153 0.5231
vn 0.6821 0.5498 0.4822
vn 0.6816 0.5657 0.4641
vn 0.6764 0.606 0.4186
vn 0.6728 0.6408 0.3699
vn 0.6535 0.6657 0.3603
vn 0.5964 0.7131 0.3685
vn 0.5945 0.7339 0.3285
vn 0.5973 0.7396 0.3103
vn 0.5663 0.7716 0.2896
vn 0.5753 0.7839 0.2335
vn 0.5908 0.7856 0.1838
vn 0.5671 0.8036 0.1805
vn 0.5243 0.82 0.2295
vn 0.4939 0.8294 0.2609
vn 0.4939 0.8294 0.2609
vn -0.0239 0.47 0.8823
vn -0.0231 0.4989 0.8664
vn -0.0496 0.5293 0.847
vn -0.0656 0.5482 0.8338
vn -0.0661 0.5324 0.8439
vn -0.0939 0.5509 0.8293
vn -0.1052 0.5824 0.8061
vn -0.0991 0.574 0.8128
vn -0.106 0.5917 0.7992
vn -0.1245 0.6142 0.7792
vn -0.1246 0.5887 0.7987
vn -0.1493 0.5922 0.7919
vn -0.1577 0.6125 0.7746
vn -0.1903 0.5752 0.7956
vn -0.174 0.5675 0.8048
vn -0.1341 0.5893 0.7967
vn -0.1156 0.6265 0.7708
vn -0.1156 0.6265 0.7708
vn -0.0323 0.4716 0.8812
vn -0.042 0.4801 0.8762
vn 0.014 -0.4622 -0.8867
vn 0.013 -0.4658 -0.8848
vn 0.016 -0.5254 -0.8507
vn 0.0238 -0.4852 -0.8741
vn 0.0271 -0.5278 -0.849
vn 0.0519 -0.5249 -0.8496
vn 0.0762 -0.5641 -0.8222
vn 0.0881 -0.5546 -0.8274
vn 0.1192 -0.5455 -0.8296
vn 0.1306 -0.5903 -0.7965
vn 0.0754 -0.6106 -0.7883
vn 0.0996 -0.5988 -0.7947
vn 0.1317 -0.6184 -0.7747
vn 0.1128 -0.6164 -0.7794
vn 0.1507 -0.5879 -0.7948
vn 0.1994 -0.5735 -0.7946
vn 0.1852 -0.5814 -0.7923
vn 0.1321 -0.6191 -0.7742
vn 0.0961 -0.641 -0.7615
vn 0.0961 -0.641 -0.7615
vn -0.7079 -0.4216 -0.5667
vn -0.691 -0.4974 -0.5245
vn -0.6983 -0.5021 -0.5102
vn -0.7006 -0.5207 -0.4879
vn -0.6787 -0.5934 -0.4326
vn -0.6816 -0.6052 -0.4113
vn -0.6798 -0.6119 -0.4043
vn -0.6391 -0.6854 -0.3491
vn -0.6197 -0.709 -0.3366
vn -0.6221 -0.709 -0.3322
vn -0.5919 -0.7586 -0.2722
vn -0.5935 -0.7645 -0.2518
vn -0.5892 -0.7671 -0.2537
vn -0.5873 -0.7886 -0.1823
vn -0.5565 -0.8144 -0.1643
vn -0.5213 -0.831 -0.1939
vn -0.5092 -0.8268 -0.2391
vn -0.5092 -0.8268 -0.2391
vn -0.7184 -0.4 -0.5691
vn -0.7152 -0.4523 -0.5328
vn -0.7382 -0.2393 0.6307
vn 0.7291 0.2459 -0.6387
vn 0.7831 0.1906 -0.592
vn -0.7417 -0.2414 0.6258
vn -0.7362 -0.244 0.6313
vn 0.7379 0.2358 -0.6323
vn 0.7753 0.201 -0.5987
vn -0.7873 -0.1934 0.5854
vn 0.7753 0.195 -0.6007
vn -0.8218 -0.159 0.5471
vn 0.8369 0.1189 -0.5342
vn -0.7959 -0.19 0.5748
vn 0.8337 0.1284 -0.5371
vn -0.8356 -0.1331 0.533
vn 0.8397 0.1124 -0.5314
vn -0.8816 -0.0618 0.468
vn 0.8891 0.021 -0.4572
vn -0.8736 -0.0776 0.4804
vn 0.8935 0.0156 -0.4489
vn -0.8984 -0.015 0.4389
vn 0.8936 0.0119 -0.4487
vn -0.9166 0.0387 0.3979
vn 0.9131 -0.0533 -0.4042
vn -0.9019 -0.0112 0.4318
vn 0.913 -0.0442 -0.4055
vn -0.9127 0.0302 0.4076
vn 0.9096 -0.0375 -0.4139
vn -0.9257 0.0841 0.3687
vn 0.9195 -0.0878 -0.3831
vn -0.9248 0.0795 0.372
vn 0.9227 -0.0975 -0.373
vn -0.9218 0.0698 0.3812
vn 0.9239 -0.098 -0.3697
vn -0.9196 0.0621 0.388
vn 0.9206 -0.1044 -0.3762
vn 0.9206 -0.1044 -0.3762
vn -0.9279 0.103 0.3584
vn -0.9279 0.103 0.3584
vn 0.4822 0.8347 0.266
vn 0.5104 0.8025 0.3091
vn 0.4934 0.8262 0.2717
vn 0.5261 0.7931 0.3069
vn 0.5512 0.7767 0.3047
vn 0.5986 0.7238 0.3433
vn 0.623 0.7048 0.3394
vn 0.6557 0.6709 0.3463
vn 0.6854 0.6024 0.409
vn 0.6605 0.5928 0.4608
vn 0.6847 0.567 0.458
vn 0.7103 0.5113 0.4838
vn 0.7062 0.5012 0.5
vn 0.7426 0.4634 0.4836
vn 0.7825 0.3921 0.4837
vn 0.7783 0.3653 0.5107
vn 0.7387 0.3758 0.5595
vn 0.7096 0.3696 0.5998
vn 0.7096 0.3696 0.5998
vn -0.0976 0.6394 0.7627
vn -0.084 0.6235 0.7773
vn -0.1032 0.6272 0.772
vn -0.1201 0.6189 0.7762
vn -0.0982 0.5801 0.8086
vn -0.1091 0.5829 0.8052
vn -0.1302 0.5936 0.7941
vn -0.1091 0.5579 0.8227
vn -0.0912 0.5611 0.8227
vn -0.1039 0.5702 0.8149
vn -0.1084 0.5214 0.8464
vn -0.1157 0.5178 0.8477
vn -0.1201 0.5196 0.846
vn -0.1634 0.4744 0.865
vn -0.1472 0.4461 0.8828
vn -0.0954 0.4423 0.8918
vn -0.0571 0.4492 0.8916
vn -0.0571 0.4492 0.8916
vn -0.1074 0.6204 0.7769
vn 0.0821 -0.6435 -0.761
vn 0.0741 -0.6544 -0.7525
vn 0.0835 -0.6413 -0.7627
vn 0.0721 -0.6371 -0.7674
vn 0.0718 -0.6157 -0.7847
vn 0.085 -0.62 -0.78
vn 0.0927 -0.5905 -0.8017
vn 0.0968 -0.5682 -0.8172
vn 0.0953 -0.5821 -0.8075
vn 0.0456 -0.5758 -0.8163
vn 0.0603 -0.5524 -0.8314
vn 0.0758 -0.5541 -0.829
vn 0.0626 -0.5273 -0.8474
vn 0.0991 -0.4971 -0.862
vn 0.1436 -0.4767 -0.8673
vn 0.1326 -0.4582 -0.8789
vn 0.0719 -0.4594 -0.8853
vn 0.0211 -0.4473 -0.8942
vn 0.0211 -0.4473 -0.8942
vn -0.4948 -0.8297 -0.2584
vn -0.5108 -0.815 -0.2735
vn -0.5492 -0.7841 -0.2889
vn -0.585 -0.7527 -0.3022
vn -0.5976 -0.7421 -0.3037
vn -0.6322 -0.7017 -0.3286
vn -0.6709 -0.6452 -0.3655
vn -0.6821 -0.6211 -0.386
vn -0.6895 -0.5834 -0.4292
vn -0.7111 -0.5334 -0.458
vn -0.7238 -0.525 -0.4477
vn -0.7397 -0.4846 -0.4669
vn -0.7498 -0.4362 -0.4976
vn -0.7854 -0.3894 -0.4812
vn -0.7829 -0.3722 -0.4985
vn -0.7532 -0.3824 -0.5352
vn -0.7287 -0.3571 -0.5844
vn -0.7287 -0.3571 -0.5844
vn -0.5097 -0.8247 -0.2451
vn -0.9274 0.1187 0.3549
vn 0.9227 -0.1048 -0.371
vn 0.9233 -0.1612 -0.3486
vn -0.9287 0.1186 0.3514
vn -0.9294 0.1177 0.3498
vn 0.9219 -0.1199 -0.3684
vn 0.9249 -0.1392 -0.3538
vn -0.9268 0.1583 0.3404
vn 0.924 -0.121 -0.3628
vn -0.9269 0.1767 0.331
vn 0.9227 -0.1645 -0.3488
vn -0.929 0.118 0.3508
vn 0.9265 -0.0815 -0.3675
vn -0.922 0.201 0.3309
vn 0.9151 0.0319 -0.402
vn -0.9068 0.3085 0.2874
vn 0.704 0.3452 0.6207
vn 0.7003 0.2641 0.6633
vn 0.7092 0.31 0.6332
vn 0.7045 0.2483 0.6648
vn 0.7231 0.2316 0.6507
vn 0.7292 0.1862 0.6585
vn 0.728 0.2287 0.6463
vn 0.7423 0.2871 0.6055
vn -0.031 0.4314 0.9016
vn -0.0281 0.369 0.929
vn -0.0339 0.3648 0.9305
vn -0.0554 0.3536 0.9338
vn -0.0657 0.3026 0.9509
vn -0.0603 0.3417 0.9379
vn 0.013 0.4023 0.9154
vn -0.0495 0.3999 0.9152
vn 0.0101 -0.4221 -0.9065
vn 0.0017 -0.379 -0.9254
vn 0.0147 -0.4002 -0.9163
vn 0.0067 -0.3522 -0.9359
vn 0.0319 -0.3258 -0.9449
vn 0.0419 -0.3169 -0.9475
vn 0.0456 -0.2469 -0.968
vn 0.069 -0.1805 -0.9811
vn -0.7162 -0.3304 -0.6148
vn -0.7141 -0.2706 -0.6457
vn -0.7217 -0.2304 -0.6528
vn -0.7341 -0.2001 -0.6489
vn -0.74 -0.1966 -0.6432
vn -0.7374 -0.1299 -0.6629
vn -0.6799 -0.0824 -0.7287
vn -0.7271 -0.2981 -0.6185
vn 0.2306 0.4409 0.8674
vn -0.0764 0.6289 0.7737
vn 0.296 0.4749 0.8288
vn -0.0694 0.6802 0.7297
vn 0.4002 0.5932 0.6985
vn 0.0513 0.8403 0.5397
vn 0.4796 0.7012 0.5276
vn 0.1903 0.9187 0.346
vn 0.5194 0.7323 0.4404
vn 0.2352 0.9477 0.2158
vn 0.5852 0.7297 0.3538
vn 0.2839 0.9529 0.1068
vn 0.701 0.6732 0.2354
vn 0.315 0.949 0.0136
vn 0.7854 0.6184 -0.0283
vn 0.3913 0.9172 -0.0746
vn 0.6932 0.6968 -0.1842
vn 0.4152 0.8857 -0.2075
vn 0.5448 0.799 -0.2546
vn 0.3245 0.8967 -0.301
vn 0.5 0.7924 -0.3495
vn 0.306 0.8881 -0.3431
vn 0.3461 0.8665 -0.3598
vn 0.1374 0.9293 -0.3427
vn 0.0832 0.94 -0.3309
vn 0.0013 0.9847 -0.1743
vn -0.0649 0.9954 -0.0708
vn -0.0796 0.9873 -0.1373
vn -0.0827 0.9886 -0.126
vn -0.1031 0.9946 -0.0088
vn -0.1682 0.9796 0.1097
vn -0.3107 0.9074 0.2831
vn -0.4099 0.7702 0.4887
vn -0.3967 0.7339 0.5513
vn -0.0297 0.7052 0.7084
vn 0.0178 0.9144 0.4045
vn 0.0445 0.6776 0.7341
vn 0.0811 0.9211 0.3808
vn 0.2451 0.6379 0.7301
vn 0.3506 0.8683 0.3509
vn 0.4482 0.5784 0.6816
vn 0.571 0.7492 0.3356
vn 0.5342 0.5319 0.657
vn 0.6801 0.6741 0.2881
vn 0.607 0.4511 0.6542
vn 0.7627 0.5931 0.2578
vn 0.6799 0.293 0.6723
vn 0.8225 0.5229 0.2238
vn 0.8157 0.0656 0.5748
vn 0.8798 0.4166 0.2291
vn 0.9126 0.0694 0.403
vn 0.9371 0.3074 0.1657
vn 0.9569 0.1638 0.24
vn 0.9531 0.3004 0.0361
vn 0.9815 0.1239 0.1458
vn 0.9605 0.2781 -0.0045
vn 0.9716 0.2361 0.0171
vn 0.9146 0.3805 -0.1369
vn 0.8919 0.4183 -0.172
vn 0.8058 0.5756 -0.1394
vn 0.7297 0.6719 -0.1266
vn 0.752 0.6343 -0.1793
vn 0.7457 0.643 -0.1747
vn 0.6797 0.724 -0.1176
vn 0.5777 0.8109 -0.0936
vn 0.3708 0.9239 -0.094
vn 0.1195 0.9921 -0.0383
vn 0.0664 0.9977 0.0123
vn 0.7944 0.2414 -0.5573
vn 0.9603 -0.1435 -0.2392
vn 0.8434 0.1236 -0.5229
vn 0.9548 -0.1472 -0.2581
vn 0.8926 0.1049 -0.4384
vn 0.9673 -0.0819 -0.2401
vn 0.9302 0.2137 -0.2984
vn 0.988 0.0788 -0.1326
vn 0.9266 0.3442 -0.1512
vn 0.9791 0.2017 0.0268
vn 0.8826 0.4674 -0.0507
vn 0.9486 0.2828 0.1417
vn 0.8029 0.5961 0.0076
vn 0.8969 0.3712 0.2404
vn 0.6788 0.7343 0.0004
vn 0.8145 0.4708 0.3389
vn 0.4459 0.8891 -0.1029
vn 0.6624 0.5896 0.4621
vn 0.1479 0.9592 -0.2408
vn 0.5585 0.654 0.5102
vn -0.0135 0.9654 -0.2606
vn 0.7048 0.5628 0.4319
vn 0.6617 0.7029 0.2612
vn 0.633 -0.3063 0.711
vn 0.5134 -0.1348 0.8475
vn 0.6463 0.0042 0.7631
vn 0.8111 0.0828 0.579
vn 0.901 0.0959 0.423
vn 0.9501 0.0854 0.3002
vn 0.982 0.0412 0.1843
vn 0.9957 -0.0832 0.0419
vn 0.97 -0.2388 -0.0444
vn 0.9022 -0.4257 0.0694
vn 0.8289 -0.5247 0.1938
vn 0.4592 0.8847 0.0801
vn 0.8464 0.5316 0.032
vn 0.5645 0.825 0.0272
vn 0.84 0.5423 0.0163
vn 0.6242 0.7719 0.1205
vn 0.8201 0.5564 0.134
vn 0.5739 0.5651 0.5927
vn 0.7038 0.2994 0.6442
vn 0.2824 -0.0101 0.9593
vn 0.4452 -0.2102 0.8704
vn 0.3208 -0.2306 0.9187
vn 0.4586 -0.4186 0.7839
vn 0.398 -0.213 0.8923
vn 0.4995 -0.4836 0.7188
vn 0.2802 -0.1326 0.9507
vn 0.4243 -0.5146 0.7451
vn 0.186 0.1037 0.9771
vn 0.4474 -0.5086 0.7357
vn 0.0369 0.318 0.9474
vn 0.4916 -0.4796 0.7269
vn -0.1373 0.2988 0.9444
vn 0.5824 -0.4629 0.6682
vn 0.4798 -0.3382 0.8095
vn 0.634 -0.7445 -0.2092
vn 0.5129 -0.8549 -0.0775
vn 0.4771 -0.8632 0.1653
vn 0.4864 -0.7853 0.3829
vn 0.5656 -0.6823 0.4633
vn 0.5609 -0.5665 0.6037
vn 0.5984 -0.2875 0.7478
vn 0.8295 0.1061 0.5484
vn 0.938 0.3126 0.1499
vn 0.9905 0.1372 -0.011
vn 0.9988 -0.0365 -0.032
vn 0.5966 0.7997 0.0674
vn 0.7918 0.5698 -0.22
vn 0.4897 0.8707 0.0466
vn 0.7581 0.6322 -0.1597
vn 0.4117 0.9101 0.0477
vn 0.8047 0.5861 -0.0944
vn 0.4425 0.8857 0.1405
vn 0.8332 0.548 0.0735
vn 0.4411 0.8479 0.2939
vn 0.8237 0.498 0.271
vn 0.4184 0.8242 0.3816
vn 0.7992 0.4527 0.3954
vn 0.9517 0.0301 0.3054
vn 0.7343 0.4585 0.5006
vn 0.3334 0.8586 0.3893
vn 0.3253 0.8443 0.4258
vn 0.3021 0.8032 0.5134
vn 0.6933 0.4122 0.5911
vn 0.3685 0.7626 0.5317
vn 0.6816 0.4551 0.573
vn 0.4827 0.7426 0.4643
vn 0.6791 0.5233 0.5148
vn 0.852 0.1319 0.5067
vn 0.8585 0.0306 0.512
vn 0.8768 -0.0845 0.4733
vn 0.9104 -0.0503 0.4107
vn 0.9831 0.0493 0.1761
vn 0.9994 0.0358 0.0025
vn 0.98 0.0482 -0.1932
vn 0.9253 0.1419 -0.3517
vn 0.8502 0.2612 -0.4571
vn 0.3503 0.0877 0.9325
vn 0.2253 0.4253 0.8766
vn 0.3462 0.153 0.9256
vn 0.2421 0.426 0.8718
vn 0.4145 0.2181 0.8835
vn 0.3015 0.4429 0.8444
vn 0.5253 0.216 0.823
vn 0.4295 0.4469 0.7847
vn 0.6584 0.2084 0.7232
vn 0.58 0.4742 0.6624
vn 0.7804 0.193 0.5947
vn 0.7142 0.46 0.5276
vn 0.845 0.1794 0.5038
vn 0.7921 0.4474 0.4153
vn 0.8714 0.1956 0.4499
vn 0.8148 0.4431 0.3738
vn 0.8272 0.2728 0.4913
vn 0.7777 0.4425 0.4465
vn 0.7637 0.3382 0.5499
vn 0.7376 0.4266 0.5234
vn 0.6849 0.5535 0.4738
vn 0.7036 0.5953 0.388
vn 0.7077 0.65 0.2769
vn 0.6714 0.6796 0.2955
vn 0.584 0.7019 0.4078
vn 0.4538 0.7025 0.5482
vn 0.3049 0.6666 0.6802
vn 0.1975 0.6259 0.7545
vn 0.1288 0.6522 0.747
vn 0.0749 0.6997 0.7105
vn 0.9917 -0.0557 -0.1157
vn 0.9623 -0.1014 0.2523
vn 0.9915 0.02 -0.1286
vn 0.9549 -0.0526 0.2921
vn 0.9857 0.1291 -0.1081
vn 0.9343 0.0683 0.35
vn 0.9658 0.2513 -0.0643
vn 0.908 0.2299 0.3503
vn 0.9299 0.3643 -0.0502
vn 0.8429 0.3872 0.3736
vn 0.8619 0.4988 -0.0911
vn 0.7596 0.5496 0.3479
vn 0.7589 0.6313 -0.1596
vn 0.6612 0.6903 0.2937
vn 0.6796 0.7159 -0.1601
vn 0.6041 0.7496 0.2704
vn 0.6788 0.7331 -0.0427
vn 0.6207 0.7323 0.28
vn 0.7221 0.6853 0.0946
vn 0.6759 0.6693 0.3086
vn 0.7489 0.6491 0.1336
vn 0.7356 0.5947 0.3244
vn 0.7622 0.5782 0.2911
vn 0.6943 0.545 0.47
vn 0.598 0.6284 0.4975
vn 0.4894 0.6615 0.5682
vn 0.4238 0.6386 0.6423
vn 0.4442 0.5724 0.6893
vn 0.5264 0.4575 0.7166
vn 0.6117 0.3156 0.7254
vn 0.6676 0.143 0.7307
vn 0.6962 -0.0018 0.7178
vn 0.746 -0.0986 0.6586
vn 0.78 -0.1351 0.611
vn 0.9317 -0.2727 0.2397
vn 0.8035 0.1015 0.5866
vn 0.908 -0.2181 0.3577
vn 0.8022 0.082 0.5913
vn 0.9332 -0.0986 0.3456
vn 0.8557 0.1371 0.4989
vn 0.9543 0.2986 0.0138
vn 0.825 0.557 0.0957
vn 0.5339 0.7402 -0.4087
vn 0.4095 0.8866 -0.2149
vn 0.3599 0.8691 -0.3392
vn 0.214 0.9674 -0.1353
vn 0.3961 0.8792 -0.2647
vn 0.1526 0.9866 -0.0579
vn 0.433 0.8092 -0.397
vn 0.1066 0.9858 -0.1301
vn 0.5887 0.6348 -0.5004
vn 0.1174 0.9873 -0.1068
vn 0.6787 0.4124 -0.6077
vn 0.1557 0.9854 -0.0694
vn 0.5858 0.3383 -0.7365
vn 0.1832 0.9824 0.0364
vn 0.2976 0.9442 -0.141
vn -0.3976 0.634 0.6634
vn -0.4801 0.7255 0.4931
vn -0.3966 0.8645 0.3087
vn -0.2366 0.9567 0.1695
vn -0.0858 0.9816 0.1707
vn 0.0642 0.9956 0.0686
vn 0.3627 0.9318 -0.0143
vn 0.6866 0.6769 0.2653
vn 0.723 0.354 0.5933
vn 0.5381 0.387 0.7488
vn 0.3962 0.4847 0.7798
vn 0.5776 0.6523 -0.4908
vn 0.7272 0.3377 -0.5977
vn 0.6201 0.6032 -0.5017
vn 0.7364 0.3424 -0.5836
vn 0.6954 0.5679 -0.4403
vn 0.7761 0.3433 -0.529
vn 0.7422 0.5864 -0.3245
vn 0.8381 0.3664 -0.4041
vn 0.786 0.5961 -0.1641
vn 0.9105 0.3481 -0.2231
vn 0.8082 0.5888 0.0122
vn 0.939 0.3422 -0.0345
vn 0.8042 0.5759 0.1472
vn 0.9384 0.3198 0.1311
vn 0.7636 0.5236 0.3779
vn 0.8725 0.274 0.4046
vn 0.7254 0.4457 0.5245
vn 0.8068 0.291 0.5142
vn 0.7754 0.4363 0.4565
vn 0.8129 0.3637 0.4549
vn 0.8571 0.2556 0.4472
vn 0.8578 0.1355 0.4958
vn 0.9379 0.0218 0.3461
vn 0.9948 0.0352 0.0961
vn 0.9957 0.051 -0.0774
vn 0.9617 0.0711 -0.2648
vn 0.8871 0.1014 -0.4503
vn 0.8159 0.1209 -0.5654
vn 0.7905 0.0667 -0.6089
vn 0.7801 -0.0114 -0.6256
vn 0.5101 0.8573 -0.0699
vn 0.5244 0.648 -0.5524
vn 0.4898 0.8485 -0.2002
vn 0.5112 0.6623 -0.5477
vn 0.5798 0.7774 -0.244
vn 0.6092 0.6236 -0.4899
vn 0.9096 0.394 -0.1318
vn 0.9308 0.1658 -0.3258
vn 0.9439 -0.3286 0.0321
vn 0.8756 -0.4352 -0.2095
vn 0.8611 -0.5001 -0.0921
vn 0.7462 -0.5832 -0.321
vn 0.8746 -0.4569 -0.1622
vn 0.6877 -0.606 -0.3997
vn 0.9005 -0.4346 -0.0118
vn 0.6711 -0.6608 -0.3361
vn 0.9529 -0.2557 0.1631
vn 0.674 -0.6466 -0.3573
vn 0.928 -0.0861 0.3624
vn 0.6926 -0.6075 -0.3888
vn 0.8492 -0.1407 0.5091
vn 0.6835 -0.5491 -0.481
vn 0.8002 -0.5172 -0.3037
vn -0.1375 -0.4389 -0.888
vn -0.1041 -0.6164 -0.7805
vn 0.0896 -0.7285 -0.6792
vn 0.3045 -0.7438 -0.5951
vn 0.4359 -0.6665 -0.6048
vn 0.589 -0.6204 -0.5178
vn 0.8094 -0.4212 -0.4093
vn 0.8433 0.0598 -0.5341
vn 0.601 0.4263 -0.676
vn 0.4324 0.3459 -0.8327
vn 0.3677 0.2016 -0.9078
vn 0.1335 0.9909 0.0148
vn 0.2338 0.9383 -0.2549
vn 0.0817 0.9957 -0.0431
vn 0.2589 0.958 0.1235
vn 0.4121 0.9012 -0.1339
vn 0.4072 0.8788 0.2489
vn 0.6005 0.7996 0.0083
vn 0.5212 0.7753 0.3567
vn 0.7254 0.6766 0.1266
vn 0.5989 0.6886 0.4089
vn 0.77 0.6043 0.2047
vn 0.6254 0.7005 0.3439
vn 0.748 0.6405 0.1741
vn 0.6253 0.7334 0.2665
vn 0.7036 0.695 0.1482
vn 0.7732 0.6341 0.012
vn 0.8409 0.5409 0.0178
vn 0.8806 0.4729 -0.0295
vn 0.8354 0.5332 -0.133
vn 0.7262 0.6392 -0.253
vn 0.5437 0.7429 -0.3906
vn 0.3441 0.7982 -0.4944
vn 0.2411 0.8125 -0.5308
vn 0.1717 0.9351 -0.3102
vn 0.5298 0.632 0.5657
vn 0.4977 0.7716 0.3961
vn 0.4579 0.6948 0.5545
vn 0.6467 0.4948 0.5804
vn 0.693 0.6037 0.3941
vn 0.7811 0.2615 0.5671
vn 0.8426 0.3954 0.3656
vn 0.8557 0.0999 0.5078
vn 0.8974 0.2749 0.3451
vn 0.8411 0.0985 0.5319
vn 0.8785 0.2439 0.4107
vn 0.7597 0.1293 0.6372
vn 0.7978 0.2268 0.5586
vn 0.7209 0.1296 0.6808
vn 0.7513 0.2035 0.6278
vn 0.7755 0.2784 0.5667
vn 0.8288 0.3247 0.4558
vn 0.8876 0.3804 0.2596
vn 0.8855 0.4288 0.1789
vn 0.8392 0.5187 0.1631
vn 0.6886 0.7081 0.1566
vn 0.4712 0.859 0.2004
vn 0.3599 0.9027 0.2357
vn 0.4145 0.8199 0.3948
vn 0.459 0.0668 0.8859
vn 0.4441 0.2763 0.8523
vn 0.3928 0.094 0.9148
vn 0.6048 0.0344 0.7957
vn 0.6334 0.2561 0.7302
vn 0.781 -0.0094 0.6245
vn 0.8118 0.2194 0.5412
vn 0.8874 -0.0636 0.4566
vn 0.9154 0.1605 0.3691
vn 0.9392 -0.0805 0.3337
vn 0.9554 0.1256 0.2674
vn 0.9372 -0.026 0.3479
vn 0.9404 0.1219 0.3173
vn 0.9123 0.0272 0.4087
vn 0.9143 0.1285 0.3842
vn 0.9055 0.2347 0.3536
vn 0.928 0.2646 0.2621
vn 0.9256 0.3216 0.1995
vn 0.8785 0.3849 0.2832
vn 0.7867 0.4362 0.4369
vn 0.6258 0.4721 0.6209
vn 0.4354 0.4787 0.7624
vn 0.3392 0.4702 0.8148
vn 0.3719 0.2973 0.8794
vn 0.507 0.4522 -0.7338
vn 0.4982 0.1828 -0.8476
vn 0.4471 0.4363 -0.7808
vn 0.6349 0.4569 -0.623
vn 0.6743 0.1701 -0.7186
vn 0.7694 0.4399 -0.4632
vn 0.8401 0.1354 -0.5253
vn 0.8596 0.4134 -0.3003
vn 0.9351 0.1017 -0.3395
vn 0.9087 0.3716 -0.1902
vn 0.9682 0.1013 -0.2289
vn 0.9181 0.3181 -0.2363
vn 0.9543 0.1076 -0.2789
vn 0.9091 0.2785 -0.3099
vn 0.9293 0.1367 -0.3431
vn 0.928 -0.0253 -0.3716
vn 0.9528 -0.0996 -0.2868
vn 0.9478 -0.1868 -0.2585
vn 0.9024 -0.2108 -0.3759
vn 0.814 -0.1942 -0.5475
vn 0.6554 -0.1578 -0.7386
vn 0.4727 -0.1134 -0.8739
vn 0.3776 -0.0853 -0.922
vn 0.4268 0.1696 -0.8883
vn 0.1798 -0.8476 -0.4992
vn 0.5008 -0.8614 -0.0848
vn 0.3684 -0.8153 -0.4468
vn 0.547 -0.8368 -0.023
vn 0.5494 -0.7408 -0.3865
vn 0.596 -0.7989 -0.0806
vn 0.6599 -0.648 -0.3803
vn 0.7132 -0.6939 -0.0991
vn 0.7871 -0.4953 -0.3676
vn 0.8389 -0.5279 -0.1321
vn 0.8588 -0.3491 -0.375
vn 0.9208 -0.3616 -0.1465
vn 0.8751 -0.2345 -0.4234
vn 0.9629 -0.2308 -0.1398
vn 0.8335 -0.197 -0.5162
vn 0.9693 -0.2 -0.143
vn 0.707 -0.2677 -0.6546
vn 0.951 -0.2679 -0.1545
vn 0.5152 -0.4074 -0.7541
vn 0.9319 -0.3339 -0.1413
vn 0.9327 -0.3466 -0.0994
vn 0.7948 -0.0363 0.6057
vn 0.879 -0.1325 0.458
vn 0.9482 -0.1566 0.2764
vn 0.9588 -0.2326 0.1634
vn 0.9229 -0.3709 0.1034
vn 0.8383 -0.5323 0.118
vn 0.7148 -0.675 0.183
vn 0.6045 -0.762 0.2323
vn 0.6063 -0.7376 0.2971
vn 0.6833 -0.6411 0.3494
vn 0.195 0.4594 -0.8666
vn 0.1895 -0.1715 -0.9668
vn 0.158 -0.1107 -0.9812
vn 0.2419 0.4064 -0.8811
vn 0.4338 -0.1421 -0.8897
vn 0.4903 0.3301 -0.8067
vn 0.2613 -0.1052 -0.9595
vn 0.3346 0.351 -0.8746
vn 0.6161 -0.1832 -0.7661
vn 0.6849 0.297 -0.6653
vn 0.7561 -0.2161 -0.6178
vn 0.8092 0.2573 -0.5282
vn 0.8013 -0.2 -0.5639
vn 0.8412 0.2108 -0.4979
vn 0.7637 -0.1122 -0.6357
vn 0.7904 0.1491 -0.5941
vn 0.7399 0.0355 -0.6718
vn 0.2028 0.1442 -0.9685
vn 0.2085 0.1169 -0.971
vn 0.4696 0.0915 -0.8781
vn 0.2929 0.1489 -0.9445
vn 0.6772 0.0593 -0.7334
vn 0.8155 0.0192 -0.5784
vn 0.8362 0.0088 -0.5484
vn 0.7783 0.0218 -0.6275
vn -0.01 0.7641 -0.645
vn -0.0662 0.6073 -0.7917
vn -0.0986 0.7361 -0.6696
vn 0.1525 0.8032 -0.5759
vn 0.1809 0.6531 -0.7353
vn 0.3843 0.8123 -0.4387
vn 0.4164 0.6555 -0.6301
vn 0.5414 0.7657 -0.3473
vn 0.5273 0.6426 -0.5559
vn 0.5243 0.7834 -0.3337
vn 0.5115 0.6953 -0.5049
vn 0.4161 0.859 -0.2984
vn 0.4176 0.8066 -0.4184
vn 0.3733 0.8873 -0.2707
vn 0.3741 0.8544 -0.3607
vn 0.3713 0.8118 -0.4507
vn 0.4189 0.7291 -0.5413
vn 0.4866 0.5689 -0.663
vn 0.4798 0.4968 -0.7231
vn 0.4001 0.4754 -0.7835
vn 0.1814 0.438 -0.8805
vn -0.0855 0.4227 -0.9022
vn -0.2084 0.4238 -0.8814
vn -0.1593 0.5835 -0.7963
vn 0.8278 -0.5541 0.0877
vn 0.893 -0.3908 0.2233
vn 0.8157 -0.5488 0.1829
vn 0.8244 -0.5582 -0.093
vn 0.9273 -0.3729 -0.0314
vn 0.7696 -0.5305 -0.3554
vn 0.9001 -0.3301 -0.2843
vn 0.7167 -0.4624 -0.5221
vn 0.8606 -0.3029 -0.4094
vn 0.7053 -0.4872 -0.5149
vn 0.8273 -0.3685 -0.424
vn 0.6674 -0.5977 -0.4442
vn 0.7589 -0.5201 -0.392
vn 0.6395 -0.6434 -0.4209
vn 0.7101 -0.5911 -0.3826
vn 0.7766 -0.5309 -0.3392
vn 0.8448 -0.4186 -0.3333
vn 0.9216 -0.2213 -0.319
vn 0.9504 -0.1423 -0.2767
vn 0.9752 -0.1318 -0.178
vn 0.9882 -0.1393 0.0636
vn 0.9269 -0.1996 0.3177
vn 0.8737 -0.2423 0.422
vn 0.8629 -0.3956 0.3145
vn 0.1372 -0.0765 -0.9876
vn 0.2756 -0.2405 -0.9307
vn 0.1165 -0.17 -0.9785
vn 0.1631 0.1023 -0.9813
vn 0.3554 0.0044 -0.9347
vn 0.1917 0.3614 -0.9125
vn 0.4118 0.2492 -0.8765
vn 0.2344 0.5198 -0.8215
vn 0.4266 0.3718 -0.8245
vn 0.2076 0.5175 -0.8301
vn 0.3593 0.3991 -0.8436
vn 0.09 0.4681 -0.8791
vn 0.1984 0.3967 -0.8963
vn 0.0344 0.4546 -0.89
vn 0.1128 0.4026 -0.9084
vn 0.1933 0.3448 -0.9186
vn 0.3191 0.3159 -0.8935
vn 0.5108 0.265 -0.8178
vn 0.5799 0.2088 -0.7875
vn 0.587 0.1078 -0.8023
vn 0.5488 -0.13 -0.8258
vn 0.4204 -0.3655 -0.8305
vn 0.3359 -0.4569 -0.8236
vn 0.2363 -0.327 -0.915
vn 0.8416 0.5106 0.1762
vn 0.728 0.6798 0.0881
vn 0.7873 0.575 0.2226
vn 0.9234 0.3723 0.0933
vn 0.8557 0.5138 -0.0619
vn 0.9888 0.1447 -0.0354
vn 0.9265 0.3135 -0.2082
vn 0.9886 -0.0035 -0.1505
vn 0.9405 0.1986 -0.2757
vn 0.9923 -0.0093 -0.1231
vn 0.9633 0.156 -0.2183
vn 0.9999 0.0018 0.0128
vn 0.992 0.1121 -0.0573
vn 0.9975 -0.0058 0.0706
vn 0.9968 0.0765 0.0215
vn 0.9865 0.1613 -0.0297
vn 0.9635 0.2273 -0.1412
vn 0.8926 0.3184 -0.3192
vn 0.8464 0.3811 -0.3721
vn 0.8122 0.4727 -0.3418
vn 0.7162 0.661 -0.2238
vn 0.5958 0.8026 -0.0304
vn 0.538 0.8398 0.0735
vn 0.6694 0.7282 0.1472
vn 0.5877 -0.1761 -0.7897
vn 0.5978 0.1956 -0.7774
vn 0.5193 -0.1999 -0.8309
vn 0.546 0.2292 -0.8058
vn 0.3373 -0.1852 -0.923
vn 0.2961 0.2689 -0.9165
vn 0.1317 -0.1456 -0.9805
vn 0.0508 0.2509 -0.9667
vn 0.0316 -0.1376 -0.99
vn -0.0891 0.265 -0.9601
vn -0.0581 -0.1573 -0.9858
vn -0.1724 0.2659 -0.9485
vn -0.0128 -0.2141 -0.9767
vn 0.0657 0.2899 -0.9548
vn 0.1783 -0.1659 -0.9699
vn 0.4076 0.2235 -0.8854
vn 0.3519 0.1033 -0.9303
vn 0.4706 0.3143 -0.8245
vn 0.2806 0.351 -0.8933
vn 0.3318 0.5339 -0.7777
vn 0.0529 0.4451 -0.8939
vn 0.1421 0.6065 -0.7823
vn 0.0484 0.5913 -0.805
vn 0.1943 0.7183 -0.6681
vn 0.3506 0.6918 -0.6312
vn 0.5742 0.5606 -0.5967
vn 0.4768 0.551 -0.6849
vn -0.0111 0.6454 -0.7638
vn -0.2395 0.6295 -0.7392
vn -0.1548 0.6203 -0.7689
vn -0.0194 0.633 -0.7739
vn 0.2081 0.6625 -0.7196
vn 0.4584 0.6138 -0.6428
vn 0.5153 0.5672 -0.6425
vn -0.3627 -0.6195 -0.6961
vn 0.1403 -0.7607 -0.6338
vn -0.2602 -0.6978 -0.6674
vn 0.1255 -0.7707 -0.6248
vn -0.1688 -0.6881 -0.7057
vn 0.1093 -0.7282 -0.6765
vn -0.1021 -0.5639 -0.8195
vn 0.1181 -0.5821 -0.8045
vn -0.0521 -0.3994 -0.9153
vn 0.1806 -0.4122 -0.893
vn -0.0468 -0.2435 -0.9688
vn 0.223 -0.2808 -0.9335
vn -0.0883 -0.0883 -0.9922
vn 0.2428 -0.1423 -0.9596
vn -0.1997 0.0597 -0.978
vn 0.2483 0.0198 -0.9685
vn -0.427 0.2236 -0.8762
vn 0.2449 0.2467 -0.9376
vn -0.6555 0.3536 -0.6673
vn 0.2223 0.371 -0.9016
vn -0.7183 0.4363 -0.542
vn 0.246 0.1896 -0.9505
vn 0.0231 0.1998 -0.9796
vn 0.906 -0.1306 -0.4027
vn 0.8947 0.1172 -0.431
vn 0.7897 0.0776 -0.6086
vn 0.6442 -0.073 -0.7614
vn 0.5353 -0.2049 -0.8194
vn 0.4547 -0.309 -0.8353
vn 0.3925 -0.4197 -0.8184
vn 0.3459 -0.5833 -0.7349
vn 0.3504 -0.7116 -0.609
vn 0.5216 -0.7204 -0.4571
vn 0.6542 -0.6674 -0.3558
vn 0.4546 0.6989 -0.5522
vn 0.0167 0.9282 -0.3718
vn 0.3803 0.7864 -0.4868
vn 0.0344 0.9312 -0.363
vn 0.2732 0.7916 -0.5465
vn 0.0071 0.8829 -0.4695
vn -0.058 0.5295 -0.8464
vn -0.3486 0.533 -0.771
vn -0.52 -0.0258 -0.8538
vn -0.7147 0.0686 -0.6961
vn -0.6773 -0.0663 -0.7327
vn -0.8434 0.0297 -0.5365
vn -0.7127 -0.2335 -0.6614
vn -0.9291 -0.1027 -0.3553
vn -0.5608 -0.7097 -0.4265
vn -0.9023 -0.3995 -0.1618
vn -0.3384 -0.8765 -0.3425
vn -0.8881 -0.4507 -0.09
vn -0.1341 -0.8982 -0.4186
vn -0.8894 -0.423 -0.1734
vn -0.0498 -0.9149 -0.4006
vn -0.9101 -0.2986 -0.2872
vn -0.8155 -0.4411 -0.3746
vn -0.8294 0.5385 0.1488
vn -0.8945 0.3848 0.2278
vn -0.9749 0.1095 0.194
vn -0.9972 -0.0596 0.0448
vn -0.9906 0.0526 -0.1259
vn -0.9414 0.1151 -0.3171
vn -0.8016 0.2042 -0.5619
vn -0.5204 0.6034 -0.6042
vn -0.2462 0.8944 -0.3733
vn -0.3439 0.9266 -0.1523
vn -0.4764 0.8779 -0.0486
vn -0.2076 0.4075 -0.8893
vn -0.2511 0.0007 -0.968
vn -0.294 0.4811 -0.8259
vn -0.2475 0.0937 -0.9643
vn -0.3375 0.5362 -0.7737
vn -0.1575 0.0855 -0.9838
vn -0.2422 0.5658 -0.7882
vn 0.0036 0.1526 -0.9883
vn -0.1015 0.6343 -0.7664
vn 0.1833 0.2424 -0.9527
vn -0.0264 0.6794 -0.7333
vn 0.2984 0.2954 -0.9076
vn 0.5027 -0.1117 -0.8572
vn 0.3589 0.3865 -0.8496
vn -0.0639 0.7373 -0.6726
vn -0.0299 0.7524 -0.658
vn 0.0545 0.7852 -0.6169
vn 0.4433 0.4234 -0.7901
vn 0.1105 0.7452 -0.6576
vn 0.4022 0.4467 -0.7992
vn 0.1019 0.6507 -0.7524
vn 0.3186 0.4599 -0.8288
vn 0.5761 0.1186 -0.8087
vn 0.6373 0.0478 -0.7691
vn 0.675 -0.064 -0.735
vn 0.617 -0.0897 -0.7819
vn 0.3998 -0.1886 -0.897
vn 0.2754 -0.311 -0.9096
vn 0.1092 -0.4166 -0.9025
vn -0.0824 -0.4295 -0.8993
vn -0.2522 -0.3847 -0.8879
vn 0.7701 0.6034 -0.2069
vn 0.4997 0.8465 -0.1835
vn 0.7265 0.6507 -0.2209
vn 0.5004 0.8423 -0.2005
vn 0.6763 0.6684 -0.3095
vn 0.4864 0.8323 -0.2658
vn 0.6622 0.6177 -0.4243
vn 0.4743 0.785 -0.3984
vn 0.6271 0.5361 -0.5652
vn 0.4069 0.715 -0.5684
vn 0.571 0.432 -0.6981
vn 0.3488 0.6067 -0.7143
vn 0.5268 0.3586 -0.7707
vn 0.2912 0.5195 -0.8033
vn 0.4834 0.3353 -0.8086
vn 0.268 0.4882 -0.8306
vn 0.4591 0.4259 -0.7797
vn 0.314 0.5364 -0.7834
vn 0.4492 0.5198 -0.7266
vn 0.3712 0.5755 -0.7288
vn 0.2458 0.65 -0.7191
vn 0.1611 0.628 -0.7614
vn 0.0453 0.602 -0.7972
vn 0.0326 0.6405 -0.7672
vn 0.082 0.7363 -0.6717
vn 0.1533 0.837 -0.5252
vn 0.2335 0.9061 -0.3529
vn 0.2836 0.9314 -0.2282
vn 0.2434 0.9548 -0.1707
vn 0.173 0.9753 -0.1374
vn 0.2148 -0.4344 -0.8747
vn 0.5251 -0.2374 -0.8173
vn 0.1642 -0.3868 -0.9074
vn 0.5288 -0.1754 -0.8304
vn 0.1209 -0.2929 -0.9485
vn 0.5051 -0.0457 -0.8618
vn 0.0854 -0.1709 -0.9816
vn 0.4121 0.0811 -0.9075
vn 0.0266 -0.0683 -0.9973
vn 0.3289 0.2312 -0.9156
vn -0.0966 0.0277 -0.9949
vn 0.1987 0.3616 -0.9109
vn -0.2506 0.117 -0.961
vn 0.053 0.464 -0.8842
vn -0.3182 0.2044 -0.9257
vn -0.0131 0.512 -0.8589
vn -0.2337 0.2877 -0.9288
vn 0.0084 0.4997 -0.8662
vn -0.0865 0.321 -0.9431
vn 0.0802 0.4528 -0.888
vn -0.0285 0.3092 -0.9506
vn 0.1492 0.3882 -0.9094
vn 0.1388 0.3475 -0.9273
vn 0.2804 0.4529 -0.8463
vn 0.2312 0.5617 -0.7943
vn 0.2397 0.6638 -0.7084
vn 0.2928 0.7131 -0.6371
vn 0.3712 0.6862 -0.6256
vn 0.4771 0.5918 -0.6497
vn 0.5835 0.4656 -0.6654
vn 0.695 0.3244 -0.6416
vn 0.7698 0.2017 -0.6056
vn 0.7878 0.0792 -0.6108
vn 0.7787 0.0129 -0.6273
vn 0.6074 0.1355 -0.7827
vn 0.5787 0.605 -0.5469
vn 0.6499 0.2438 -0.7199
vn 0.5942 0.5927 -0.5438
vn 0.5715 0.3334 -0.7498
vn 0.5079 0.5903 -0.6273
vn 0.0857 0.4414 -0.8932
vn -0.0581 0.6613 -0.7479
vn -0.6172 0.434 -0.6563
vn -0.6079 0.6369 -0.4742
vn -0.6992 0.5376 -0.4712
vn -0.6577 0.7052 -0.2646
vn -0.6424 0.5982 -0.479
vn -0.6321 0.7537 -0.1802
vn -0.6815 0.4723 -0.559
vn -0.6959 0.6995 -0.1626
vn -0.5996 0.3093 -0.7381
vn -0.6773 0.7171 -0.1645
vn -0.5081 0.0931 -0.8563
vn -0.6386 0.7464 -0.1871
vn -0.5784 -0.0615 -0.8134
vn -0.5535 0.8142 -0.1755
vn -0.6235 0.7019 -0.3444
vn -0.0453 0.8026 0.5948
vn -0.2487 0.752 0.6105
vn -0.4461 0.7647 0.465
vn -0.5598 0.7852 0.2646
vn -0.5326 0.8373 0.1236
vn -0.5723 0.8183 -0.0531
vn -0.5069 0.783 -0.3605
vn -0.0528 0.8264 -0.5607
vn 0.3987 0.7853 -0.4736
vn 0.4366 0.8653 -0.2464
vn 0.3561 0.9286 -0.1044
vn -0.6124 0.3512 -0.7082
vn -0.4398 0.0892 -0.8936
vn -0.5761 0.3189 -0.7526
vn -0.4305 0.1037 -0.8966
vn -0.489 0.349 -0.7994
vn -0.3817 0.1477 -0.9124
vn -0.4068 0.4448 -0.7979
vn -0.2919 0.2564 -0.9214
vn -0.2882 0.5599 -0.7768
vn -0.1327 0.3703 -0.9194
vn -0.1535 0.6661 -0.7299
vn 0.0116 0.4865 -0.8736
vn -0.0513 0.7362 -0.6748
vn 0.1425 0.5688 -0.8101
vn 0.1339 0.8243 -0.55
vn 0.3464 0.6808 -0.6454
vn 0.2774 0.8433 -0.4602
vn 0.3941 0.7419 -0.5425
vn 0.2496 0.8087 -0.5326
vn 0.3064 0.7629 -0.5693
vn 0.3842 0.6884 -0.6153
vn 0.4972 0.627 -0.5998
vn 0.4888 0.4726 -0.7333
vn 0.32 0.3478 -0.8813
vn 0.1879 0.256 -0.9482
vn 0.0337 0.1497 -0.9882
vn -0.1371 0.0416 -0.9897
vn -0.2505 -0.0316 -0.9676
vn -0.2525 -0.1053 -0.9618
vn -0.216 -0.177 -0.9602
vn -0.5021 0.8405 -0.2036
vn -0.7035 0.4772 -0.5267
vn -0.5937 0.7622 -0.2579
vn -0.7127 0.4822 -0.5095
vn -0.5571 0.7418 -0.3733
vn -0.6234 0.5362 -0.5691
vn -0.1473 0.7101 -0.6885
vn -0.1291 0.4728 -0.8717
vn 0.457 0.3057 -0.8353
vn 0.34 0.0811 -0.9369
vn 0.4634 0.0833 -0.8822
vn 0.3293 -0.1446 -0.9331
vn 0.3879 0.0877 -0.9175
vn 0.275 -0.2294 -0.9337
vn 0.4861 0.1879 -0.8535
vn 0.3529 -0.2466 -0.9026
vn 0.5039 0.4225 -0.7534
vn 0.329 -0.2451 -0.912
vn 0.5275 0.6196 -0.5812
vn 0.2849 -0.2226 -0.9324
vn 0.6501 0.6074 -0.4566
vn 0.1784 -0.2304 -0.9566
vn 0.3101 -0.0612 -0.9487
vn -0.3723 -0.7955 -0.478
vn -0.1704 -0.8497 -0.499
vn 0.0204 -0.7735 -0.6335
vn 0.1397 -0.6267 -0.7666
vn 0.1115 -0.5056 -0.8555
vn 0.1779 -0.3489 -0.9201
vn 0.1734 -0.0392 -0.9841
vn -0.2271 0.2537 -0.9402
vn -0.6269 0.3079 -0.7157
vn -0.7236 0.0863 -0.6848
vn -0.6961 -0.0843 -0.713
vn -0.5177 0.7298 -0.4465
vn -0.663 0.5008 -0.5564
vn -0.5801 0.7058 -0.4067
vn -0.3784 0.7517 -0.5401
vn -0.4962 0.5182 -0.6967
vn -0.193 0.7456 -0.6379
vn -0.2731 0.4986 -0.8227
vn -0.0173 0.7161 -0.6978
vn -0.0749 0.4592 -0.8852
vn 0.0955 0.6702 -0.736
vn 0.0395 0.4466 -0.8939
vn 0.047 0.6331 -0.7726
vn -0.0112 0.4583 -0.8887
vn -0.0309 0.6087 -0.7928
vn -0.0755 0.4906 -0.8681
vn -0.1235 0.346 -0.9301
vn -0.0453 0.2675 -0.9625
vn -0.0304 0.1793 -0.9833
vn -0.1575 0.1669 -0.9733
vn -0.3425 0.1896 -0.9202
vn -0.5615 0.2126 -0.7997
vn -0.7321 0.2238 -0.6434
vn -0.7988 0.2297 -0.556
vn -0.7219 0.4744 -0.5039
vn 0.0087 0.9998 -0.0196
vn -0.2038 0.9758 -0.079
vn -0.0681 0.997 0.0381
vn 0.1517 0.983 -0.1033
vn -0.0246 0.9726 -0.2312
vn 0.3946 0.8706 -0.294
vn 0.2109 0.8615 -0.462
vn 0.603 0.5586 -0.5696
vn 0.4282 0.5266 -0.7344
vn 0.6919 0.2461 -0.6787
vn 0.5651 0.1951 -0.8016
vn 0.7577 0.2159 -0.6158
vn 0.6686 0.1971 -0.7171
vn 0.7722 0.303 -0.5585
vn 0.7065 0.2898 -0.6456
vn 0.6375 0.2743 -0.72
vn 0.5646 0.1585 -0.81
vn 0.3864 0.1521 -0.9097
vn 0.2059 0.5137 -0.8329
vn -0.0027 0.8179 -0.5754
vn -0.2368 0.9045 -0.3546
vn -0.3897 0.9062 -0.164
vn -0.4382 0.8975 -0.0494
vn -0.2676 0.9635 -0.008
vn 0.6483 0.747 0.1476
vn 0.474 0.8578 0.1989
vn 0.6337 0.7407 0.2231
vn 0.643 0.7654 -0.0258
vn 0.4485 0.8935 -0.023
vn 0.5984 0.754 -0.271
vn 0.3873 0.8791 -0.2779
vn 0.5478 0.6971 -0.4625
vn 0.3366 0.8155 -0.4708
vn 0.4889 0.6553 -0.5758
vn 0.302 0.7656 -0.5681
vn 0.4593 0.6964 -0.5513
vn 0.3348 0.7793 -0.5297
vn 0.4569 0.7467 -0.4833
vn 0.3692 0.8015 -0.4704
vn 0.2715 0.8503 -0.4509
vn 0.194 0.8374 -0.511
vn 0.1112 0.842 -0.5279
vn 0.112 0.8973 -0.427
vn 0.1584 0.9537 -0.2556
vn 0.2206 0.9752 -0.0176
vn 0.2685 0.9396 0.2122
vn 0.2883 0.9045 0.3143
vn 0.4613 0.8431 0.2764
vn -0.628 -0.2679 -0.7307
vn -0.0346 -0.4323 -0.9011
vn -0.0984 -0.4561 -0.8845
vn -0.5775 -0.2473 -0.778
vn -0.0364 -0.1873 -0.9816
vn -0.4765 -0.0177 -0.879
vn -0.0947 -0.3598 -0.9282
vn -0.5181 -0.1782 -0.8365
vn 0.0381 0.0232 -0.999
vn -0.4055 0.2143 -0.8886
vn 0.1082 0.2154 -0.9705
vn -0.3318 0.3864 -0.8606
vn 0.1061 0.2853 -0.9525
vn -0.2786 0.422 -0.8627
vn 0.0033 0.228 -0.9736
vn -0.2415 0.3158 -0.9176
vn -0.1496 0.2122 -0.9657
vn -0.3424 -0.3715 -0.863
vn -0.3161 -0.3727 -0.8725
vn -0.2602 -0.1141 -0.9588
vn -0.3379 -0.2846 -0.8971
vn -0.1888 0.1303 -0.9733
vn -0.1103 0.324 -0.9396
vn -0.0927 0.3561 -0.9298
vn -0.125 0.2662 -0.9558
vn -0.8611 0.0133 -0.5083
vn -0.4724 -0.4169 -0.7766
vn -0.5325 -0.4074 -0.7419
vn -0.8225 0.0055 -0.5688
vn -0.3912 -0.204 -0.8974
vn -0.6658 0.1559 -0.7297
vn -0.5003 -0.3265 -0.8019
vn -0.7585 0.0357 -0.6507
vn -0.2416 -0.0535 -0.9689
vn -0.5077 0.3275 -0.7969
vn -0.0906 0.0856 -0.9922
vn -0.3624 0.4471 -0.8178
vn -0.0572 0.1494 -0.9871
vn -0.3021 0.4537 -0.8384
vn -0.1759 0.1452 -0.9736
vn -0.3317 0.3395 -0.8802
vn -0.3114 0.2026 -0.9284
vn -0.6988 -0.2182 -0.6812
vn -0.6795 -0.232 -0.696
vn -0.5448 -0.0342 -0.8379
vn -0.6673 -0.1454 -0.7305
vn -0.3824 0.148 -0.9121
vn -0.2221 0.2846 -0.9325
vn -0.1904 0.3055 -0.933
vn -0.2642 0.2395 -0.9343
vn -0.8331 0.552 -0.0351
vn -0.9217 0.3682 -0.1224
vn -0.8769 0.4804 0.0117
vn -0.7277 0.6765 -0.1132
vn -0.7979 0.5386 -0.2707
vn -0.5274 0.82 -0.2224
vn -0.6209 0.6733 -0.4013
vn -0.3736 0.8718 -0.3167
vn -0.5116 0.7285 -0.4556
vn -0.375 0.8805 -0.2899
vn -0.4933 0.7733 -0.3982
vn -0.4131 0.8966 -0.1597
vn -0.4955 0.8347 -0.2404
vn -0.4159 0.9037 -0.1019
vn -0.4802 0.8625 -0.1598
vn -0.5423 0.8113 -0.2185
vn -0.5713 0.7507 -0.3316
vn -0.591 0.6293 -0.5046
vn -0.6184 0.5554 -0.556
vn -0.6919 0.4884 -0.5317
vn -0.8426 0.3334 -0.423
vn -0.9554 0.1844 -0.2305
vn -0.9841 0.1273 -0.1235
vn -0.9517 0.3009 -0.0605
vn 0.6846 0.2034 -0.7
vn 0.6726 0.4089 -0.6168
vn 0.7383 0.2413 -0.6298
vn 0.571 0.1186 -0.8123
vn 0.5066 0.3292 -0.7969
vn 0.3679 -0.0141 -0.9297
vn 0.3065 0.2277 -0.9242
vn 0.1978 -0.0774 -0.9772
vn 0.196 0.165 -0.9666
vn 0.217 -0.0972 -0.9713
vn 0.2243 0.0956 -0.9698
vn 0.3307 -0.1606 -0.93
vn 0.3342 -0.0303 -0.942
vn 0.3705 -0.197 -0.9077
vn 0.3773 -0.1023 -0.9204
vn 0.3807 -0.0028 -0.9247
vn 0.3231 0.1145 -0.9394
vn 0.2124 0.2955 -0.9314
vn 0.191 0.3829 -0.9038
vn 0.2536 0.4488 -0.8569
vn 0.4171 0.5591 -0.7166
vn 0.6056 0.5944 -0.529
vn 0.6879 0.5798 -0.4366
vn 0.726 0.4273 -0.5389
vn -0.9925 -0.0493 0.1115
vn 0.9907 0.0668 -0.1184
vn -0.9944 -0.0356 0.0991
vn 0.9905 0.0741 -0.1162
vn 0.9996 0.0267 -0.0028
vn -0.9961 -0.0268 0.0836
vn -0.9942 -0.0366 0.101
vn 0.9946 0.0573 -0.0867
vn 0.9995 0.0218 -0.0215
vn -0.9999 -0.0128 0.0064
vn 0.999 0.0359 -0.0278
vn -0.9992 0.0123 -0.0383
vn 0.9973 0.0086 0.0732
vn -0.9996 -0.0069 0.0263
vn 0.999 0.0068 0.0453
vn -0.9992 -0.0001 -0.0401
vn 0.999 0.0157 0.043
vn -0.9916 0.0221 -0.1274
vn 0.9884 -0.0019 0.1518
vn -0.9968 0.0147 -0.079
vn 0.9895 -0.0074 0.1444
vn -0.9892 0.0126 -0.1458
vn 0.9904 -0.0069 0.1378
vn -0.9773 0.0157 -0.2115
vn 0.9755 -0.0121 0.2198
vn -0.9907 0.0107 -0.1359
vn 0.9793 -0.0131 0.2019
vn -0.9831 0.0107 -0.1826
vn 0.984 -0.02 0.1769
vn -0.97 0.0054 -0.2429
vn 0.9746 -0.0289 0.222
vn -0.9763 -0.0033 -0.2163
vn 0.9754 -0.0237 0.2194
vn -0.9833 -0.0069 -0.1821
vn 0.976 -0.0166 0.2171
vn -0.9866 -0.0064 -0.1628
vn 0.9785 -0.0289 0.2044
vn 0.9785 -0.0289 0.2044
vn -0.9764 -0.0063 -0.2157
vn -0.9764 -0.0063 -0.2157
vn 0.3776 0.8462 0.3759
vn 0.3798 0.8508 0.3633
vn 0.3622 0.8759 0.3188
vn 0.3801 0.86 0.3403
vn 0.3748 0.8833 0.2815
vn 0.3876 0.8893 0.2426
vn 0.3953 0.8895 0.2292
vn 0.4203 0.8886 0.1834
vn 0.4363 0.8883 0.1435
vn 0.4297 0.8919 0.1413
vn 0.3937 0.9131 0.1065
vn 0.4164 0.9042 0.0947
vn 0.4242 0.8969 0.125
vn 0.4207 0.9003 0.1117
vn 0.4586 0.8777 0.1393
vn 0.4846 0.8436 0.2314
vn 0.4567 0.8382 0.298
vn 0.3883 0.8619 0.3261
vn 0.3409 0.8658 0.3663
vn 0.3409 0.8658 0.3663
vn -0.3993 0.7989 0.4498
vn -0.4055 0.8434 0.3524
vn -0.4234 0.859 0.2877
vn -0.4355 0.8686 0.2361
vn -0.4426 0.8719 0.2094
vn -0.4524 0.8794 0.1482
vn -0.4526 0.8889 0.0714
vn -0.4481 0.8931 0.04
vn -0.4311 0.9023 -0.0063
vn -0.4298 0.9012 -0.0551
vn -0.4503 0.8922 -0.0347
vn -0.4567 0.8879 -0.0558
vn -0.4579 0.887 -0.0595
vn -0.5213 0.8534 0.0046
vn -0.5303 0.8426 0.094
vn -0.4959 0.855 0.1521
vn -0.4684 0.8632 0.1885
vn -0.4684 0.8632 0.1885
vn -0.4088 0.7913 0.4546
vn -0.4196 0.8105 0.4087
vn 0.3818 -0.7966 -0.4686
vn 0.3839 -0.8028 -0.4563
vn 0.3838 -0.8631 -0.3282
vn 0.3917 -0.8244 -0.4086
vn 0.398 -0.8679 -0.2974
vn 0.4179 -0.8683 -0.2672
vn 0.4244 -0.8886 -0.1741
vn 0.4423 -0.8847 -0.1474
vn 0.4618 -0.881 -0.1026
vn 0.4413 -0.8973 -0.0066
vn 0.3911 -0.9203 0.0053
vn 0.4108 -0.9115 0.0192
vn 0.4148 -0.9076 0.065
vn 0.4108 -0.9104 0.0484
vn 0.452 -0.8916 0.0285
vn 0.5014 -0.8652 -0.0064
vn 0.5103 -0.8563 -0.0795
vn 0.4666 -0.8741 -0.1352
vn 0.4358 -0.8776 -0.1997
vn 0.4358 -0.8776 -0.1997
vn -0.4004 -0.8414 -0.3628
vn -0.3959 -0.8721 -0.2877
vn -0.4018 -0.8702 -0.2853
vn -0.4203 -0.8666 -0.269
vn -0.427 -0.8844 -0.1883
vn -0.4346 -0.8823 -0.1807
vn -0.444 -0.8763 -0.1871
vn -0.4485 -0.8863 -0.1153
vn -0.4359 -0.8937 -0.1061
vn -0.439 -0.8889 -0.1307
vn -0.4605 -0.8827 -0.0939
vn -0.4654 -0.8773 -0.1174
vn -0.4499 -0.8772 -0.1677
vn -0.4773 -0.8494 -0.2253
vn -0.4589 -0.8443 -0.2768
vn -0.4148 -0.8585 -0.3015
vn -0.3591 -0.8581 -0.3669
vn -0.3591 -0.8581 -0.3669
vn -0.4155 -0.8281 -0.3762
vn -0.4188 -0.8484 -0.3239
vn -0.9759 -0.0067 -0.2181
vn 0.9812 -0.022 0.1919
vn 0.9704 -0.0388 0.2386
vn -0.9816 -0.0161 -0.1901
vn -0.9785 -0.0107 -0.2058
vn 0.9804 -0.0191 0.196
vn 0.9779 -0.0121 0.2088
vn -0.9735 0.0185 -0.2277
vn 0.9837 0.0062 0.1794
vn -0.9684 0.0308 -0.2476
vn 0.9723 -0.0285 0.2322
vn -0.9863 -0.0257 -0.1629
vn 0.9814 0.0019 0.1922
vn -0.9814 -0.0034 -0.1918
vn 0.9863 0.022 0.1637
vn -0.9715 0.0276 -0.2354
vn 0.9765 -0.014 0.2153
vn -0.9863 -0.0233 -0.1632
vn 0.9822 0.0058 0.1878
vn -0.9816 -0.0035 -0.1908
vn 0.9857 0.0212 0.167
vn -0.974 0.0219 -0.2254
vn 0.9776 -0.0089 0.2104
vn -0.9884 -0.032 -0.1483
vn 0.9829 0.009 0.1837
vn -0.9853 -0.0176 -0.1701
vn 0.9874 0.0296 0.1557
vn -0.9786 0.0083 -0.2055
vn 0.9834 0.0127 0.1809
vn -0.9846 -0.0126 -0.1745
vn 0.9846 0.0151 0.1742
vn -0.9887 -0.0331 -0.1464
vn 0.9854 0.0209 0.1691
vn -0.9909 -0.0424 -0.1278
vn 0.987 0.0269 0.1585
vn 0.987 0.0269 0.1585
vn -0.9868 -0.0227 -0.1602
vn -0.9868 -0.0227 -0.1602
vn 0.3157 0.8446 0.4323
vn 0.2746 0.7828 0.5584
vn 0.3041 0.8127 0.4969
vn 0.2818 0.7717 0.5701
vn 0.3035 0.7643 0.5689
vn 0.3042 0.7402 0.5997
vn 0.3244 0.7422 0.5864
vn 0.3497 0.739 0.5759
vn 0.3344 0.7264 0.6004
vn 0.2881 0.7542 0.5901
vn 0.3125 0.7527 0.5794
vn 0.3226 0.7367 0.5944
vn 0.3172 0.7535 0.5758
vn 0.3613 0.7446 0.5612
vn 0.404 0.724 0.5592
vn 0.3935 0.7342 0.5533
vn 0.3369 0.763 0.5516
vn 0.2951 0.7855 0.5439
vn 0.2951 0.7855 0.5439
vn -0.4621 0.8459 0.2663
vn -0.4869 0.7827 0.3876
vn -0.497 0.7762 0.388
vn -0.5094 0.7684 0.3875
vn -0.5254 0.7342 0.43
vn -0.5339 0.7347 0.4185
vn -0.5341 0.746 0.3979
vn -0.5394 0.7239 0.4301
vn -0.5293 0.7317 0.4296
vn -0.5308 0.7442 0.4055
vn -0.5505 0.7174 0.4269
vn -0.5579 0.7212 0.4106
vn -0.5533 0.7354 0.3912
vn -0.5946 0.7096 0.378
vn -0.5906 0.706 0.3908
vn -0.5499 0.7258 0.4134
vn -0.5125 0.7558 0.4075
vn -0.5125 0.7558 0.4075
vn -0.496 0.8036 0.3289
vn 0.4441 -0.8508 -0.2808
vn 0.4594 -0.8042 -0.3772
vn 0.4641 -0.819 -0.3373
vn 0.4752 -0.78 -0.4073
vn 0.4988 -0.757 -0.422
vn 0.5041 -0.7609 -0.4086
vn 0.5256 -0.7381 -0.4229
vn 0.5491 -0.7193 -0.4255
vn 0.5359 -0.7386 -0.409
vn 0.4946 -0.7472 -0.4439
vn 0.5166 -0.734 -0.4408
vn 0.5245 -0.7446 -0.4129
vn 0.5184 -0.7387 -0.4308
vn 0.5577 -0.7186 -0.4155
vn 0.5933 -0.7108 -0.3778
vn 0.5811 -0.7185 -0.3822
vn 0.5301 -0.7451 -0.4048
vn 0.4899 -0.764 -0.4198
vn 0.4899 -0.764 -0.4198
vn -0.3197 -0.8398 -0.4389
vn -0.2949 -0.791 -0.5361
vn -0.3039 -0.7581 -0.5771
vn -0.3115 -0.7413 -0.5944
vn -0.3244 -0.7549 -0.5699
vn -0.3331 -0.7387 -0.5859
vn -0.3328 -0.7206 -0.6083
vn -0.3378 -0.7415 -0.5796
vn -0.3267 -0.742 -0.5854
vn -0.3297 -0.726 -0.6036
vn -0.3527 -0.7442 -0.5672
vn -0.3619 -0.7359 -0.5723
vn -0.3593 -0.727 -0.5851
vn -0.4089 -0.7223 -0.5578
vn -0.4046 -0.7382 -0.5397
vn -0.3616 -0.7649 -0.5331
vn -0.321 -0.7748 -0.5446
vn -0.321 -0.7748 -0.5446
vn -0.3232 -0.8056 -0.4966
vn -0.9871 -0.0229 -0.1583
vn 0.9886 0.0351 0.1468
vn 0.9861 0.0264 0.1639
vn -0.9921 -0.0451 -0.1168
vn -0.99 -0.0316 -0.1374
vn 0.9889 0.0402 0.143
vn 0.9908 0.0484 0.1261
vn -0.9894 -0.0321 -0.1418
vn 0.9936 0.07 0.0886
vn -0.989 -0.0292 -0.1447
vn 0.994 0.0785 0.0759
vn -0.9942 -0.0549 -0.0928
vn 0.993 0.1163 -0.0225
vn -0.9865 -0.0299 -0.161
vn 0.98 0.1592 -0.1197
vn -0.9718 0.0059 -0.2356
vn 0.2865 0.7959 0.5334
vn 0.2827 0.812 0.5107
vn 0.2955 0.8021 0.519
vn 0.2908 0.8255 0.4837
vn 0.3171 0.8349 0.4499
vn 0.329 0.8502 0.411
vn 0.3236 0.8897 0.322
vn 0.3389 0.9014 0.2696
vn -0.4913 0.7686 0.4098
vn -0.4854 0.7771 0.4006
vn -0.4933 0.7861 0.3724
vn -0.5057 0.7881 0.351
vn -0.5191 0.7865 0.3345
vn -0.5156 0.8141 0.2672
vn -0.4534 0.8591 0.2375
vn -0.5031 0.7659 0.4002
vn 0.4807 -0.7684 -0.4225
vn 0.4692 -0.792 -0.3906
vn 0.4853 -0.7726 -0.4092
vn 0.4758 -0.7892 -0.3884
vn 0.4986 -0.7788 -0.3807
vn 0.5077 -0.7796 -0.3667
vn 0.4977 -0.7591 -0.4196
vn 0.5109 -0.7299 -0.4542
vn -0.2999 -0.786 -0.5406
vn -0.3038 -0.8141 -0.4949
vn -0.3128 -0.8122 -0.4924
vn -0.331 -0.8153 -0.4752
vn -0.3495 -0.8289 -0.4367
vn -0.3445 -0.8152 -0.4656
vn -0.2798 -0.816 -0.5058
vn -0.3201 -0.7936 -0.5175
usemtl shrub_foliage
s off
f 79/79/79 61/61/61 1/1/1
f 79/79/79 1/1/1 3/3/3
f 80/80/80 62/62/62 6/6/6
f 80/80/80 6/6/6 7/7/7
f 61/61/61 80/80/80 7/7/7
f 61/61/61 7/7/7 1/1/1
f 62/62/62 63/63/63 10/10/10
f 62/62/62 10/10/10 6/6/6
f 63/63/63 64/64/64 12/12/12
f 63/63/63 12/12/12 10/10/10
f 64/64/64 65/65/65 14/14/14
f 64/64/64 14/14/14 12/12/12
f 65/65/65 66/66/66 16/16/16
f 65/65/65 16/16/16 14/14/14
f 66/66/66 67/67/67 18/18/18
f 66/66/66 18/18/18 16/16/16
f 67/67/67 68/68/68 20/20/20
f 67/67/67 20/20/20 18/18/18
f 68/68/68 69/69/69 22/22/22
f 68/68/68 22/22/22 20/20/20
f 69/69/69 70/70/70 24/24/24
f 69/69/69 24/24/24 22/22/22
f 70/70/70 71/71/71 26/26/26
f 70/70/70 26/26/26 24/24/24
f 71/71/71 72/72/72 28/28/28
f 71/71/71 28/28/28 26/26/26
f 72/72/72 73/73/73 30/30/30
f 72/72/72 30/30/30 28/28/28
f 29/29/29 31/31/31 56/56/56
f 29/29/29 56/56/56 55/55/55
f 74/74/74 75/75/75 34/34/34
f 74/74/74 34/34/34 32/32/32
f 75/75/75 76/76/76 36/36/36
f 75/75/75 36/36/36 34/34/34
f 76/76/76 77/77/77 39/39/39
f 76/76/76 39/39/39 36/36/36
f 35/35/35 37/37/37 59/59/59
f 35/35/35 59/59/59 58/58/58
f 33/33/33 35/35/35 58/58/58
f 33/33/33 58/58/58 57/57/57
f 31/31/31 33/33/33 57/57/57
f 31/31/31 57/57/57 56/56/56
f 55/55/55 56/56/56 74/74/74
f 55/55/55 74/74/74 73/73/73
f 27/27/27 29/29/29 55/55/55
f 27/27/27 55/55/55 54/54/54
f 25/25/25 27/27/27 54/54/54
f 25/25/25 54/54/54 53/53/53
f 23/23/23 25/25/25 53/53/53
f 23/23/23 53/53/53 52/52/52
f 21/21/21 23/23/23 52/52/52
f 21/21/21 52/52/52 51/51/51
f 19/19/19 21/21/21 51/51/51
f 19/19/19 51/51/51 50/50/50
f 17/17/17 19/19/19 50/50/50
f 17/17/17 50/50/50 49/49/49
f 15/15/15 17/17/17 49/49/49
f 15/15/15 49/49/49 48/48/48
f 13/13/13 15/15/15 48/48/48
f 13/13/13 48/48/48 47/47/47
f 11/11/11 13/13/13 47/47/47
f 11/11/11 47/47/47 46/46/46
f 9/9/9 11/11/11 46/46/46
f 9/9/9 46/46/46 45/45/45
f 5/5/5 9/9/9 45/45/45
f 5/5/5 45/45/45 43/43/43
f 2/2/2 8/8/8 44/44/44
f 2/2/2 44/44/44 42/42/42
f 8/8/8 5/5/5 43/43/43
f 8/8/8 43/43/43 44/44/44
f 4/4/4 2/2/2 42/42/42
f 4/4/4 42/42/42 41/41/41
f 58/58/58 59/59/59 77/77/77
f 58/58/58 77/77/77 76/76/76
f 57/57/57 58/58/58 76/76/76
f 57/57/57 76/76/76 75/75/75
f 56/56/56 57/57/57 75/75/75
f 56/56/56 75/75/75 74/74/74
f 54/54/54 55/55/55 73/73/73
f 54/54/54 73/73/73 72/72/72
f 53/53/53 54/54/54 72/72/72
f 53/53/53 72/72/72 71/71/71
f 52/52/52 53/53/53 71/71/71
f 52/52/52 71/71/71 70/70/70
f 51/51/51 52/52/52 70/70/70
f 51/51/51 70/70/70 69/69/69
f 50/50/50 51/51/51 69/69/69
f 50/50/50 69/69/69 68/68/68
f 49/49/49 50/50/50 68/68/68
f 49/49/49 68/68/68 67/67/67
f 48/48/48 49/49/49 67/67/67
f 48/48/48 67/67/67 66/66/66
f 47/47/47 48/48/48 66/66/66
f 47/47/47 66/66/66 65/65/65
f 46/46/46 47/47/47 65/65/65
f 46/46/46 65/65/65 64/64/64
f 45/45/45 46/46/46 64/64/64
f 45/45/45 64/64/64 63/63/63
f 43/43/43 45/45/45 63/63/63
f 43/43/43 63/63/63 62/62/62
f 42/42/42 44/44/44 80/80/80
f 42/42/42 80/80/80 61/61/61
f 44/44/44 43/43/43 62/62/62
f 44/44/44 62/62/62 80/80/80
f 41/41/41 42/42/42 61/61/61
f 41/41/41 61/61/61 79/79/79
f 30/30/30 73/73/73 74/74/74
f 30/30/30 74/74/74 32/32/32
f 119/119/119 3/3/3 1/1/1
f 119/119/119 1/1/1 101/101/101
f 120/120/120 7/7/7 6/6/6
f 120/120/120 6/6/6 102/102/102
f 101/101/101 1/1/1 7/7/7
f 101/101/101 7/7/7 120/120/120
f 102/102/102 6/6/6 10/10/10
f 102/102/102 10/10/10 103/103/103
f 103/103/103 10/10/10 12/12/12
f 103/103/103 12/12/12 104/104/104
f 104/104/104 12/12/12 14/14/14
f 104/104/104 14/14/14 105/105/105
f 105/105/105 14/14/14 16/16/16
f 105/105/105 16/16/16 106/106/106
f 106/106/106 16/16/16 18/18/18
f 106/106/106 18/18/18 107/107/107
f 107/107/107 18/18/18 20/20/20
f 107/107/107 20/20/20 108/108/108
f 108/108/108 20/20/20 22/22/22
f 108/108/108 22/22/22 109/109/109
f 109/109/109 22/22/22 24/24/24
f 109/109/109 24/24/24 110/110/110
f 110/110/110 24/24/24 26/26/26
f 110/110/110 26/26/26 111/111/111
f 111/111/111 26/26/26 28/28/28
f 111/111/111 28/28/28 112/112/112
f 112/112/112 28/28/28 30/30/30
f 112/112/112 30/30/30 113/113/113
f 29/29/29 95/95/95 96/96/96
f 29/29/29 96/96/96 31/31/31
f 114/114/114 32/32/32 34/34/34
f 114/114/114 34/34/34 115/115/115
f 115/115/115 34/34/34 36/36/36
f 115/115/115 36/36/36 116/116/116
f 116/116/116 36/36/36 39/39/39
f 116/116/116 39/39/39 117/117/117
f 35/35/35 98/98/98 99/99/99
f 35/35/35 99/99/99 37/37/37
f 33/33/33 97/97/97 98/98/98
f 33/33/33 98/98/98 35/35/35
f 31/31/31 96/96/96 97/97/97
f 31/31/31 97/97/97 33/33/33
f 95/95/95 113/113/113 114/114/114
f 95/95/95 114/114/114 96/96/96
f 27/27/27 94/94/94 95/95/95
f 27/27/27 95/95/95 29/29/29
f 25/25/25 93/93/93 94/94/94
f 25/25/25 94/94/94 27/27/27
f 23/23/23 92/92/92 93/93/93
f 23/23/23 93/93/93 25/25/25
f 21/21/21 91/91/91 92/92/92
f 21/21/21 92/92/92 23/23/23
f 19/19/19 90/90/90 91/91/91
f 19/19/19 91/91/91 21/21/21
f 17/17/17 89/89/89 90/90/90
f 17/17/17 90/90/90 19/19/19
f 15/15/15 88/88/88 89/89/89
f 15/15/15 89/89/89 17/17/17
f 13/13/13 87/87/87 88/88/88
f 13/13/13 88/88/88 15/15/15
f 11/11/11 86/86/86 87/87/87
f 11/11/11 87/87/87 13/13/13
f 9/9/9 85/85/85 86/86/86
f 9/9/9 86/86/86 11/11/11
f 5/5/5 83/83/83 85/85/85
f 5/5/5 85/85/85 9/9/9
f 2/2/2 82/82/82 84/84/84
f 2/2/2 84/84/84 8/8/8
f 8/8/8 84/84/84 83/83/83
f 8/8/8 83/83/83 5/5/5
f 4/4/4 81/81/81 82/82/82
f 4/4/4 82/82/82 2/2/2
f 98/98/98 116/116/116 117/117/117
f 98/98/98 117/117/117 99/99/99
f 97/97/97 115/115/115 116/116/116
f 97/97/97 116/116/116 98/98/98
f 96/96/96 114/114/114 115/115/115
f 96/96/96 115/115/115 97/97/97
f 94/94/94 112/112/112 113/113/113
f 94/94/94 113/113/113 95/95/95
f 93/93/93 111/111/111 112/112/112
f 93/93/93 112/112/112 94/94/94
f 92/92/92 110/110/110 111/111/111
f 92/92/92 111/111/111 93/93/93
f 91/91/91 109/109/109 110/110/110
f 91/91/91 110/110/110 92/92/92
f 90/90/90 108/108/108 109/109/109
f 90/90/90 109/109/109 91/91/91
f 89/89/89 107/107/107 108/108/108
f 89/89/89 108/108/108 90/90/90
f 88/88/88 106/106/106 107/107/107
f 88/88/88 107/107/107 89/89/89
f 87/87/87 105/105/105 106/106/106
f 87/87/87 106/106/106 88/88/88
f 86/86/86 104/104/104 105/105/105
f 86/86/86 105/105/105 87/87/87
f 85/85/85 103/103/103 104/104/104
f 85/85/85 104/104/104 86/86/86
f 83/83/83 102/102/102 103/103/103
f 83/83/83 103/103/103 85/85/85
f 82/82/82 101/101/101 120/120/120
f 82/82/82 120/120/120 84/84/84
f 84/84/84 120/120/120 102/102/102
f 84/84/84 102/102/102 83/83/83
f 81/81/81 119/119/119 101/101/101
f 81/81/81 101/101/101 82/82/82
f 30/30/30 32/32/32 114/114/114
f 30/30/30 114/114/114 113/113/113
f 78/78/78 178/178/178 121/121/121
f 78/78/78 121/121/121 40/40/40
f 196/196/196 179/179/179 124/124/124
f 196/196/196 124/124/124 125/125/125
f 178/178/178 196/196/196 125/125/125
f 178/178/178 125/125/125 121/121/121
f 179/179/179 180/180/180 128/128/128
f 179/179/179 128/128/128 124/124/124
f 180/180/180 181/181/181 130/130/130
f 180/180/180 130/130/130 128/128/128
f 181/181/181 182/182/182 132/132/132
f 181/181/181 132/132/132 130/130/130
f 182/182/182 183/183/183 134/134/134
f 182/182/182 134/134/134 132/132/132
f 183/183/183 184/184/184 136/136/136
f 183/183/183 136/136/136 134/134/134
f 184/184/184 185/185/185 138/138/138
f 184/184/184 138/138/138 136/136/136
f 185/185/185 186/186/186 140/140/140
f 185/185/185 140/140/140 138/138/138
f 186/186/186 187/187/187 142/142/142
f 186/186/186 142/142/142 140/140/140
f 187/187/187 188/188/188 144/144/144
f 187/187/187 144/144/144 142/142/142
f 188/188/188 189/189/189 146/146/146
f 188/188/188 146/146/146 144/144/144
f 189/189/189 190/190/190 148/148/148
f 189/189/189 148/148/148 146/146/146
f 147/147/147 149/149/149 173/173/173
f 147/147/147 173/173/173 172/172/172
f 191/191/191 192/192/192 152/152/152
f 191/191/191 152/152/152 150/150/150
f 192/192/192 193/193/193 154/154/154
f 192/192/192 154/154/154 152/152/152
f 193/193/193 194/194/194 157/157/157
f 193/193/193 157/157/157 154/154/154
f 153/153/153 155/155/155 176/176/176
f 153/153/153 176/176/176 175/175/175
f 151/151/151 153/153/153 175/175/175
f 151/151/151 175/175/175 174/174/174
f 149/149/149 151/151/151 174/174/174
f 149/149/149 174/174/174 173/173/173
f 172/172/172 173/173/173 191/191/191
f 172/172/172 191/191/191 190/190/190
f 145/145/145 147/147/147 172/172/172
f 145/145/145 172/172/172 171/171/171
f 143/143/143 145/145/145 171/171/171
f 143/143/143 171/171/171 170/170/170
f 141/141/141 143/143/143 170/170/170
f 141/141/141 170/170/170 169/169/169
f 139/139/139 141/141/141 169/169/169
f 139/139/139 169/169/169 168/168/168
f 137/137/137 139/139/139 168/168/168
f 137/137/137 168/168/168 167/167/167
f 135/135/135 137/137/137 167/167/167
f 135/135/135 167/167/167 166/166/166
f 133/133/133 135/135/135 166/166/166
f 133/133/133 166/166/166 165/165/165
f 131/131/131 133/133/133 165/165/165
f 131/131/131 165/165/165 164/164/164
f 129/129/129 131/131/131 164/164/164
f 129/129/129 164/164/164 163/163/163
f 127/127/127 129/129/129 163/163/163
f 127/127/127 163/163/163 162/162/162
f 123/123/123 127/127/127 162/162/162
f 123/123/123 162/162/162 160/160/160
f 122/122/122 126/126/126 161/161/161
f 122/122/122 161/161/161 159/159/159
f 126/126/126 123/123/123 160/160/160
f 126/126/126 160/160/160 161/161/161
f 38/38/38 122/122/122 159/159/159
f 38/38/38 159/159/159 60/60/60
f 175/175/175 176/176/176 194/194/194
f 175/175/175 194/194/194 193/193/193
f 174/174/174 175/175/175 193/193/193
f 174/174/174 193/193/193 192/192/192
f 173/173/173 174/174/174 192/192/192
f 173/173/173 192/192/192 191/191/191
f 171/171/171 172/172/172 190/190/190
f 171/171/171 190/190/190 189/189/189
f 170/170/170 171/171/171 189/189/189
f 170/170/170 189/189/189 188/188/188
f 169/169/169 170/170/170 188/188/188
f 169/169/169 188/188/188 187/187/187
f 168/168/168 169/169/169 187/187/187
f 168/168/168 187/187/187 186/186/186
f 167/167/167 168/168/168 186/186/186
f 167/167/167 186/186/186 185/185/185
f 166/166/166 167/167/167 185/185/185
f 166/166/166 185/185/185 184/184/184
f 165/165/165 166/166/166 184/184/184
f 165/165/165 184/184/184 183/183/183
f 164/164/164 165/165/165 183/183/183
f 164/164/164 183/183/183 182/182/182
f 163/163/163 164/164/164 182/182/182
f 163/163/163 182/182/182 181/181/181
f 162/162/162 163/163/163 181/181/181
f 162/162/162 181/181/181 180/180/180
f 160/160/160 162/162/162 180/180/180
f 160/160/160 180/180/180 179/179/179
f 159/159/159 161/161/161 196/196/196
f 159/159/159 196/196/196 178/178/178
f 161/161/161 160/160/160 179/179/179
f 161/161/161 179/179/179 196/196/196
f 60/60/60 159/159/159 178/178/178
f 60/60/60 178/178/178 78/78/78
f 148/148/148 190/190/190 191/191/191
f 148/148/148 191/191/191 150/150/150
f 118/118/118 40/40/40 121/121/121
f 118/118/118 121/121/121 216/216/216
f 234/234/234 125/125/125 124/124/124
f 234/234/234 124/124/124 217/217/217
f 216/216/216 121/121/121 125/125/125
f 216/216/216 125/125/125 234/234/234
f 217/217/217 124/124/124 128/128/128
f 217/217/217 128/128/128 218/218/218
f 218/218/218 128/128/128 130/130/130
f 218/218/218 130/130/130 219/219/219
f 219/219/219 130/130/130 132/132/132
f 219/219/219 132/132/132 220/220/220
f 220/220/220 132/132/132 134/134/134
f 220/220/220 134/134/134 221/221/221
f 221/221/221 134/134/134 136/136/136
f 221/221/221 136/136/136 222/222/222
f 222/222/222 136/136/136 138/138/138
f 222/222/222 138/138/138 223/223/223
f 223/223/223 138/138/138 140/140/140
f 223/223/223 140/140/140 224/224/224
f 224/224/224 140/140/140 142/142/142
f 224/224/224 142/142/142 225/225/225
f 225/225/225 142/142/142 144/144/144
f 225/225/225 144/144/144 226/226/226
f 226/226/226 144/144/144 146/146/146
f 226/226/226 146/146/146 227/227/227
f 227/227/227 146/146/146 148/148/148
f 227/227/227 148/148/148 228/228/228
f 147/147/147 210/210/210 211/211/211
f 147/147/147 211/211/211 149/149/149
f 229/229/229 150/150/150 152/152/152
f 229/229/229 152/152/152 230/230/230
f 230/230/230 152/152/152 154/154/154
f 230/230/230 154/154/154 231/231/231
f 231/231/231 154/154/154 157/157/157
f 231/231/231 157/157/157 232/232/232
f 153/153/153 213/213/213 214/214/214
f 153/153/153 214/214/214 155/155/155
f 151/151/151 212/212/212 213/213/213
f 151/151/151 213/213/213 153/153/153
f 149/149/149 211/211/211 212/212/212
f 149/149/149 212/212/212 151/151/151
f 210/210/210 228/228/228 229/229/229
f 210/210/210 229/229/229 211/211/211
f 145/145/145 209/209/209 210/210/210
f 145/145/145 210/210/210 147/147/147
f 143/143/143 208/208/208 209/209/209
f 143/143/143 209/209/209 145/145/145
f 141/141/141 207/207/207 208/208/208
f 141/141/141 208/208/208 143/143/143
f 139/139/139 206/206/206 207/207/207
f 139/139/139 207/207/207 141/141/141
f 137/137/137 205/205/205 206/206/206
f 137/137/137 206/206/206 139/139/139
f 135/135/135 204/204/204 205/205/205
f 135/135/135 205/205/205 137/137/137
f 133/133/133 203/203/203 204/204/204
f 133/133/133 204/204/204 135/135/135
f 131/131/131 202/202/202 203/203/203
f 131/131/131 203/203/203 133/133/133
f 129/129/129 201/201/201 202/202/202
f 129/129/129 202/202/202 131/131/131
f 127/127/127 200/200/200 201/201/201
f 127/127/127 201/201/201 129/129/129
f 123/123/123 198/198/198 200/200/200
f 123/123/123 200/200/200 127/127/127
f 122/122/122 197/197/197 199/199/199
f 122/122/122 199/199/199 126/126/126
f 126/126/126 199/199/199 198/198/198
f 126/126/126 198/198/198 123/123/123
f 38/38/38 100/100/100 197/197/197
f 38/38/38 197/197/197 122/122/122
f 213/213/213 231/231/231 232/232/232
f 213/213/213 232/232/232 214/214/214
f 212/212/212 230/230/230 231/231/231
f 212/212/212 231/231/231 213/213/213
f 211/211/211 229/229/229 230/230/230
f 211/211/211 230/230/230 212/212/212
f 209/209/209 227/227/227 228/228/228
f 209/209/209 228/228/228 210/210/210
f 208/208/208 226/226/226 227/227/227
f 208/208/208 227/227/227 209/209/209
f 207/207/207 225/225/225 226/226/226
f 207/207/207 226/226/226 208/208/208
f 206/206/206 224/224/224 225/225/225
f 206/206/206 225/225/225 207/207/207
f 205/205/205 223/223/223 224/224/224
f 205/205/205 224/224/224 206/206/206
f 204/204/204 222/222/222 223/223/223
f 204/204/204 223/223/223 205/205/205
f 203/203/203 221/221/221 222/222/222
f 203/203/203 222/222/222 204/204/204
f 202/202/202 220/220/220 221/221/221
f 202/202/202 221/221/221 203/203/203
f 201/201/201 219/219/219 220/220/220
f 201/201/201 220/220/220 202/202/202
f 200/200/200 218/218/218 219/219/219
f 200/200/200 219/219/219 201/201/201
f 198/198/198 217/217/217 218/218/218
f 198/198/198 218/218/218 200/200/200
f 197/197/197 216/216/216 234/234/234
f 197/197/197 234/234/234 199/199/199
f 199/199/199 234/234/234 217/217/217
f 199/199/199 217/217/217 198/198/198
f 100/100/100 118/118/118 216/216/216
f 100/100/100 216/216/216 197/197/197
f 148/148/148 150/150/150 229/229/229
f 148/148/148 229/229/229 228/228/228
f 195/195/195 277/277/277 235/235/235
f 195/195/195 235/235/235 158/158/158
f 290/290/290 278/278/278 238/238/238
f 290/290/290 238/238/238 239/239/239
f 277/277/277 290/290/290 239/239/239
f 277/277/277 239/239/239 235/235/235
f 278/278/278 279/279/279 242/242/242
f 278/278/278 242/242/242 238/238/238
f 279/279/279 280/280/280 244/244/244
f 279/279/279 244/244/244 242/242/242
f 280/280/280 281/281/281 246/246/246
f 280/280/280 246/246/246 244/244/244
f 281/281/281 282/282/282 248/248/248
f 281/281/281 248/248/248 246/246/246
f 282/282/282 283/283/283 250/250/250
f 282/282/282 250/250/250 248/248/248
f 283/283/283 284/284/284 252/252/252
f 283/283/283 252/252/252 250/250/250
f 284/284/284 285/285/285 254/254/254
f 284/284/284 254/254/254 252/252/252
f 285/285/285 286/286/286 256/256/256
f 285/285/285 256/256/256 254/254/254
f 286/286/286 287/287/287 258/258/258
f 286/286/286 258/258/258 256/256/256
f 287/287/287 288/288/288 260/260/260
f 287/287/287 260/260/260 258/258/258
f 288/288/288 289/289/289 262/262/262
f 288/288/288 262/262/262 260/260/260
f 259/259/259 261/261/261 276/276/276
f 259/259/259 276/276/276 275/275/275
f 257/257/257 259/259/259 275/275/275
f 257/257/257 275/275/275 274/274/274
f 255/255/255 257/257/257 274/274/274
f 255/255/255 274/274/274 273/273/273
f 253/253/253 255/255/255 273/273/273
f 253/253/253 273/273/273 272/272/272
f 251/251/251 253/253/253 272/272/272
f 251/251/251 272/272/272 271/271/271
f 249/249/249 251/251/251 271/271/271
f 249/249/249 271/271/271 270/270/270
f 247/247/247 249/249/249 270/270/270
f 247/247/247 270/270/270 269/269/269
f 245/245/245 247/247/247 269/269/269
f 245/245/245 269/269/269 268/268/268
f 243/243/243 245/245/245 268/268/268
f 243/243/243 268/268/268 267/267/267
f 241/241/241 243/243/243 267/267/267
f 241/241/241 267/267/267 266/266/266
f 237/237/237 241/241/241 266/266/266
f 237/237/237 266/266/266 264/264/264
f 236/236/236 240/240/240 265/265/265
f 236/236/236 265/265/265 263/263/263
f 240/240/240 237/237/237 264/264/264
f 240/240/240 264/264/264 265/265/265
f 156/156/156 236/236/236 263/263/263
f 156/156/156 263/263/263 177/177/177
f 275/275/275 276/276/276 289/289/289
f 275/275/275 289/289/289 288/288/288
f 274/274/274 275/275/275 288/288/288
f 274/274/274 288/288/288 287/287/287
f 273/273/273 274/274/274 287/287/287
f 273/273/273 287/287/287 286/286/286
f 272/272/272 273/273/273 286/286/286
f 272/272/272 286/286/286 285/285/285
f 271/271/271 272/272/272 285/285/285
f 271/271/271 285/285/285 284/284/284
f 270/270/270 271/271/271 284/284/284
f 270/270/270 284/284/284 283/283/283
f 269/269/269 270/270/270 283/283/283
f 269/269/269 283/283/283 282/282/282
f 268/268/268 269/269/269 282/282/282
f 268/268/268 282/282/282 281/281/281
f 267/267/267 268/268/268 281/281/281
f 267/267/267 281/281/281 280/280/280
f 266/266/266 267/267/267 280/280/280
f 266/266/266 280/280/280 279/279/279
f 264/264/264 266/266/266 279/279/279
f 264/264/264 279/279/279 278/278/278
f 263/263/263 265/265/265 290/290/290
f 263/263/263 290/290/290 277/277/277
f 265/265/265 264/264/264 278/278/278
f 265/265/265 278/278/278 290/290/290
f 177/177/177 263/263/263 277/277/277
f 177/177/177 277/277/277 195/195/195
f 233/233/233 158/158/158 235/235/235
f 233/233/233 235/235/235 305/305/305
f 318/318/318 239/239/239 238/238/238
f 318/318/318 238/238/238 306/306/306
f 305/305/305 235/235/235 239/239/239
f 305/305/305 239/239/239 318/318/318
f 306/306/306 238/238/238 242/242/242
f 306/306/306 242/242/242 307/307/307
f 307/307/307 242/242/242 244/244/244
f 307/307/307 244/244/244 308/308/308
f 308/308/308 244/244/244 246/246/246
f 308/308/308 246/246/246 309/309/309
f 309/309/309 246/246/246 248/248/248
f 309/309/309 248/248/248 310/310/310
f 310/310/310 248/248/248 250/250/250
f 310/310/310 250/250/250 311/311/311
f 311/311/311 250/250/250 252/252/252
f 311/311/311 252/252/252 312/312/312
f 312/312/312 252/252/252 254/254/254
f 312/312/312 254/254/254 313/313/313
f 313/313/313 254/254/254 256/256/256
f 313/313/313 256/256/256 314/314/314
f 314/314/314 256/256/256 258/258/258
f 314/314/314 258/258/258 315/315/315
f 315/315/315 258/258/258 260/260/260
f 315/315/315 260/260/260 316/316/316
f 316/316/316 260/260/260 262/262/262
f 316/316/316 262/262/262 317/317/317
f 259/259/259 303/303/303 304/304/304
f 259/259/259 304/304/304 261/261/261
f 257/257/257 302/302/302 303/303/303
f 257/257/257 303/303/303 259/259/259
f 255/255/255 301/301/301 302/302/302
f 255/255/255 302/302/302 257/257/257
f 253/253/253 300/300/300 301/301/301
f 253/253/253 301/301/301 255/255/255
f 251/251/251 299/299/299 300/300/300
f 251/251/251 300/300/300 253/253/253
f 249/249/249 298/298/298 299/299/299
f 249/249/249 299/299/299 251/251/251
f 247/247/247 297/297/297 298/298/298
f 247/247/247 298/298/298 249/249/249
f 245/245/245 296/296/296 297/297/297
f 245/245/245 297/297/297 247/247/247
f 243/243/243 295/295/295 296/296/296
f 243/243/243 296/296/296 245/245/245
f 241/241/241 294/294/294 295/295/295
f 241/241/241 295/295/295 243/243/243
f 237/237/237 292/292/292 294/294/294
f 237/237/237 294/294/294 241/241/241
f 236/236/236 291/291/291 293/293/293
f 236/236/236 293/293/293 240/240/240
f 240/240/240 293/293/293 292/292/292
f 240/240/240 292/292/292 237/237/237
f 156/156/156 215/215/215 291/291/291
f 156/156/156 291/291/291 236/236/236
f 303/303/303 316/316/316 317/317/317
f 303/303/303 317/317/317 304/304/304
f 302/302/302 315/315/315 316/316/316
f 302/302/302 316/316/316 303/303/303
f 301/301/301 314/314/314 315/315/315
f 301/301/301 315/315/315 302/302/302
f 300/300/300 313/313/313 314/314/314
f 300/300/300 314/314/314 301/301/301
f 299/299/299 312/312/312 313/313/313
f 299/299/299 313/313/313 300/300/300
f 298/298/298 311/311/311 312/312/312
f 298/298/298 312/312/312 299/299/299
f 297/297/297 310/310/310 311/311/311
f 297/297/297 311/311/311 298/298/298
f 296/296/296 309/309/309 310/310/310
f 296/296/296 310/310/310 297/297/297
f 295/295/295 308/308/308 309/309/309
f 295/295/295 309/309/309 296/296/296
f 294/294/294 307/307/307 308/308/308
f 294/294/294 308/308/308 295/295/295
f 292/292/292 306/306/306 307/307/307
f 292/292/292 307/307/307 294/294/294
f 291/291/291 305/305/305 318/318/318
f 291/291/291 318/318/318 293/293/293
f 293/293/293 318/318/318 306/306/306
f 293/293/293 306/306/306 292/292/292
f 215/215/215 233/233/233 305/305/305
f 215/215/215 305/305/305 291/291/291
f 319/319/319 320/320/320 322/322/322
f 319/319/319 322/322/322 321/321/321
f 321/321/321 322/322/322 324/324/324
f 321/321/321 324/324/324 323/323/323
f 323/323/323 324/324/324 326/326/326
f 323/323/323 326/326/326 325/325/325
f 325/325/325 326/326/326 328/328/328
f 325/325/325 328/328/328 327/327/327
f 327/327/327 328/328/328 330/330/330
f 327/327/327 330/330/330 329/329/329
f 329/329/329 330/330/330 332/332/332
f 329/329/329 332/332/332 331/331/331
f 331/331/331 332/332/332 334/334/334
f 331/331/331 334/334/334 333/333/333
f 333/333/333 334/334/334 336/336/336
f 333/333/333 336/336/336 335/335/335
f 335/335/335 336/336/336 338/338/338
f 335/335/335 338/338/338 337/337/337
f 337/337/337 338/338/338 340/340/340
f 337/337/337 340/340/340 339/339/339
f 339/339/339 340/340/340 341/341/341
f 340/340/340 342/342/342 341/341/341
f 338/338/338 343/343/343 342/342/342
f 338/338/338 342/342/342 340/340/340
f 336/336/336 344/344/344 343/343/343
f 336/336/336 343/343/343 338/338/338
f 334/334/334 345/345/345 344/344/344
f 334/334/334 344/344/344 336/336/336
f 332/332/332 346/346/346 345/345/345
f 332/332/332 345/345/345 334/334/334
f 330/330/330 347/347/347 346/346/346
f 330/330/330 346/346/346 332/332/332
f 328/328/328 348/348/348 347/347/347
f 328/328/328 347/347/347 330/330/330
f 326/326/326 349/349/349 348/348/348
f 326/326/326 348/348/348 328/328/328
f 324/324/324 350/350/350 349/349/349
f 324/324/324 349/349/349 326/326/326
f 322/322/322 351/351/351 350/350/350
f 322/322/322 350/350/350 324/324/324
f 320/320/320 352/352/352 351/351/351
f 320/320/320 351/351/351 322/322/322
f 353/353/353 354/354/354 356/356/356
f 353/353/353 356/356/356 355/355/355
f 355/355/355 356/356/356 358/358/358
f 355/355/355 358/358/358 357/357/357
f 357/357/357 358/358/358 360/360/360
f 357/357/357 360/360/360 359/359/359
f 359/359/359 360/360/360 362/362/362
f 359/359/359 362/362/362 361/361/361
f 361/361/361 362/362/362 364/364/364
f 361/361/361 364/364/364 363/363/363
f 363/363/363 364/364/364 366/366/366
f 363/363/363 366/366/366 365/365/365
f 365/365/365 366/366/366 368/368/368
f 365/365/365 368/368/368 367/367/367
f 367/367/367 368/368/368 370/370/370
f 367/367/367 370/370/370 369/369/369
f 369/369/369 370/370/370 372/372/372
f 369/369/369 372/372/372 371/371/371
f 371/371/371 372/372/372 374/374/374
f 371/371/371 374/374/374 373/373/373
f 373/373/373 374/374/374 375/375/375
f 374/374/374 376/376/376 375/375/375
f 372/372/372 377/377/377 376/376/376
f 372/372/372 376/376/376 374/374/374
f 370/370/370 378/378/378 377/377/377
f 370/370/370 377/377/377 372/372/372
f 368/368/368 379/379/379 378/378/378
f 368/368/368 378/378/378 370/370/370
f 366/366/366 380/380/380 379/379/379
f 366/366/366 379/379/379 368/368/368
f 364/364/364 381/381/381 380/380/380
f 364/364/364 380/380/380 366/366/366
f 362/362/362 382/382/382 381/381/381
f 362/362/362 381/381/381 364/364/364
f 360/360/360 383/383/383 382/382/382
f 360/360/360 382/382/382 362/362/362
f 358/358/358 384/384/384 383/383/383
f 358/358/358 383/383/383 360/360/360
f 356/356/356 385/385/385 384/384/384
f 356/356/356 384/384/384 358/358/358
f 354/354/354 386/386/386 385/385/385
f 354/354/354 385/385/385 356/356/356
f 387/387/387 388/388/388 390/390/390
f 387/387/387 390/390/390 389/389/389
f 389/389/389 390/390/390 392/392/392
f 389/389/389 392/392/392 391/391/391
f 391/391/391 392/392/392 394/394/394
f 391/391/391 394/394/394 393/393/393
f 393/393/393 394/394/394 396/396/396
f 393/393/393 396/396/396 395/395/395
f 395/395/395 396/396/396 398/398/398
f 395/395/395 398/398/398 397/397/397
f 397/397/397 398/398/398 400/400/400
f 397/397/397 400/400/400 399/399/399
f 399/399/399 400/400/400 402/402/402
f 399/399/399 402/402/402 401/401/401
f 401/401/401 402/402/402 404/404/404
f 401/401/401 404/404/404 403/403/403
f 403/403/403 404/404/404 406/406/406
f 403/403/403 406/406/406 405/405/405
f 405/405/405 406/406/406 408/408/408
f 405/405/405 408/408/408 407/407/407
f 407/407/407 408/408/408 409/409/409
f 408/408/408 410/410/410 409/409/409
f 406/406/406 411/411/411 410/410/410
f 406/406/406 410/410/410 408/408/408
f 404/404/404 412/412/412 411/411/411
f 404/404/404 411/411/411 406/406/406
f 402/402/402 413/413/413 412/412/412
f 402/402/402 412/412/412 404/404/404
f 400/400/400 414/414/414 413/413/413
f 400/400/400 413/413/413 402/402/402
f 398/398/398 415/415/415 414/414/414
f 398/398/398 414/414/414 400/400/400
f 396/396/396 416/416/416 415/415/415
f 396/396/396 415/415/415 398/398/398
f 394/394/394 417/417/417 416/416/416
f 394/394/394 416/416/416 396/396/396
f 392/392/392 418/418/418 417/417/417
f 392/392/392 417/417/417 394/394/394
f 390/390/390 419/419/419 418/418/418
f 390/390/390 418/418/418 392/392/392
f 388/388/388 420/420/420 419/419/419
f 388/388/388 419/419/419 390/390/390
f 421/421/421 422/422/422 424/424/424
f 421/421/421 424/424/424 423/423/423
f 423/423/423 424/424/424 426/426/426
f 423/423/423 426/426/426 425/425/425
f 425/425/425 426/426/426 428/428/428
f 425/425/425 428/428/428 427/427/427
f 427/427/427 428/428/428 430/430/430
f 427/427/427 430/430/430 429/429/429
f 429/429/429 430/430/430 432/432/432
f 429/429/429 432/432/432 431/431/431
f 431/431/431 432/432/432 434/434/434
f 431/431/431 434/434/434 433/433/433
f 433/433/433 434/434/434 436/436/436
f 433/433/433 436/436/436 435/435/435
f 435/435/435 436/436/436 438/438/438
f 435/435/435 438/438/438 437/437/437
f 437/437/437 438/438/438 440/440/440
f 437/437/437 440/440/440 439/439/439
f 439/439/439 440/440/440 442/442/442
f 439/439/439 442/442/442 441/441/441
f 441/441/441 442/442/442 443/443/443
f 442/442/442 444/444/444 443/443/443
f 440/440/440 445/445/445 444/444/444
f 440/440/440 444/444/444 442/442/442
f 438/438/438 446/446/446 445/445/445
f 438/438/438 445/445/445 440/440/440
f 436/436/436 447/447/447 446/446/446
f 436/436/436 446/446/446 438/438/438
f 434/434/434 448/448/448 447/447/447
f 434/434/434 447/447/447 436/436/436
f 432/432/432 449/449/449 448/448/448
f 432/432/432 448/448/448 434/434/434
f 430/430/430 450/450/450 449/449/449
f 430/430/430 449/449/449 432/432/432
f 428/428/428 451/451/451 450/450/450
f 428/428/428 450/450/450 430/430/430
f 426/426/426 452/452/452 451/451/451
f 426/426/426 451/451/451 428/428/428
f 424/424/424 453/453/453 452/452/452
f 424/424/424 452/452/452 426/426/426
f 422/422/422 454/454/454 453/453/453
f 422/422/422 453/453/453 424/424/424
f 455/455/455 456/456/456 458/458/458
f 455/455/455 458/458/458 457/457/457
f 457/457/457 458/458/458 460/460/460
f 457/457/457 460/460/460 459/459/459
f 459/459/459 460/460/460 462/462/462
f 459/459/459 462/462/462 461/461/461
f 461/461/461 462/462/462 464/464/464
f 461/461/461 464/464/464 463/463/463
f 463/463/463 464/464/464 466/466/466
f 463/463/463 466/466/466 465/465/465
f 465/465/465 466/466/466 468/468/468
f 465/465/465 468/468/468 467/467/467
f 467/467/467 468/468/468 470/470/470
f 467/467/467 470/470/470 469/469/469
f 469/469/469 470/470/470 472/472/472
f 469/469/469 472/472/472 471/471/471
f 471/471/471 472/472/472 474/474/474
f 471/471/471 474/474/474 473/473/473
f 473/473/473 474/474/474 476/476/476
f 473/473/473 476/476/476 475/475/475
f 475/475/475 476/476/476 477/477/477
f 476/476/476 478/478/478 477/477/477
f 474/474/474 479/479/479 478/478/478
f 474/474/474 478/478/478 476/476/476
f 472/472/472 480/480/480 479/479/479
f 472/472/472 479/479/479 474/474/474
f 470/470/470 481/481/481 480/480/480
f 470/470/470 480/480/480 472/472/472
f 468/468/468 482/482/482 481/481/481
f 468/468/468 481/481/481 470/470/470
f 466/466/466 483/483/483 482/482/482
f 466/466/466 482/482/482 468/468/468
f 464/464/464 484/484/484 483/483/483
f 464/464/464 483/483/483 466/466/466
f 462/462/462 485/485/485 484/484/484
f 462/462/462 484/484/484 464/464/464
f 460/460/460 486/486/486 485/485/485
f 460/460/460 485/485/485 462/462/462
f 458/458/458 487/487/487 486/486/486
f 458/458/458 486/486/486 460/460/460
f 456/456/456 488/488/488 487/487/487
f 456/456/456 487/487/487 458/458/458
f 489/489/489 490/490/490 492/492/492
f 489/489/489 492/492/492 491/491/491
f 491/491/491 492/492/492 494/494/494
f 491/491/491 494/494/494 493/493/493
f 493/493/493 494/494/494 496/496/496
f 493/493/493 496/496/496 495/495/495
f 495/495/495 496/496/496 498/498/498
f 495/495/495 498/498/498 497/497/497
f 497/497/497 498/498/498 500/500/500
f 497/497/497 500/500/500 499/499/499
f 500/500/500 501/501/501 514/514/514
f 500/500/500 514/514/514 502/502/502
f 498/498/498 515/515/515 501/501/501
f 498/498/498 501/501/501 500/500/500
f 503/503/503 500/500/500 502/502/502
f 503/503/503 502/502/502 504/504/504
f 504/504/504 502/502/502 506/506/506
f 504/504/504 506/506/506 505/505/505
f 505/505/505 506/506/506 508/508/508
f 505/505/505 508/508/508 507/507/507
f 507/507/507 508/508/508 510/510/510
f 507/507/507 510/510/510 509/509/509
f 508/508/508 512/512/512 511/511/511
f 508/508/508 511/511/511 510/510/510
f 506/506/506 513/513/513 512/512/512
f 506/506/506 512/512/512 508/508/508
f 502/502/502 514/514/514 513/513/513
f 502/502/502 513/513/513 506/506/506
f 496/496/496 516/516/516 515/515/515
f 496/496/496 515/515/515 498/498/498
f 494/494/494 517/517/517 516/516/516
f 494/494/494 516/516/516 496/496/496
f 492/492/492 518/518/518 517/517/517
f 492/492/492 517/517/517 494/494/494
f 490/490/490 519/519/519 518/518/518
f 490/490/490 518/518/518 492/492/492
f 520/520/520 521/521/521 523/523/523
f 520/520/520 523/523/523 522/522/522
f 522/522/522 523/523/523 525/525/525
f 522/522/522 525/525/525 524/524/524
f 524/524/524 525/525/525 527/527/527
f 524/524/524 527/527/527 526/526/526
f 526/526/526 527/527/527 529/529/529
f 526/526/526 529/529/529 528/528/528
f 528/528/528 529/529/529 531/531/531
f 528/528/528 531/531/531 530/530/530
f 530/530/530 531/531/531 533/533/533
f 530/530/530 533/533/533 532/532/532
f 532/532/532 533/533/533 535/535/535
f 532/532/532 535/535/535 534/534/534
f 534/534/534 535/535/535 537/537/537
f 534/534/534 537/537/537 536/536/536
f 536/536/536 537/537/537 539/539/539
f 536/536/536 539/539/539 538/538/538
f 537/537/537 541/541/541 540/540/540
f 537/537/537 540/540/540 539/539/539
f 535/535/535 542/542/542 541/541/541
f 535/535/535 541/541/541 537/537/537
f 533/533/533 543/543/543 542/542/542
f 533/533/533 542/542/542 535/535/535
f 531/531/531 544/544/544 543/543/543
f 531/531/531 543/543/543 533/533/533
f 529/529/529 545/545/545 544/544/544
f 529/529/529 544/544/544 531/531/531
f 527/527/527 546/546/546 545/545/545
f 527/527/527 545/545/545 529/529/529
f 525/525/525 547/547/547 546/546/546
f 525/525/525 546/546/546 527/527/527
f 523/523/523 548/548/548 547/547/547
f 523/523/523 547/547/547 525/525/525
f 521/521/521 549/549/549 548/548/548
f 521/521/521 548/548/548 523/523/523
f 550/550/550 551/551/551 553/553/553
f 550/550/550 553/553/553 552/552/552
f 552/552/552 553/553/553 555/555/555
f 552/552/552 555/555/555 554/554/554
f 554/554/554 555/555/555 557/557/557
f 554/554/554 557/557/557 556/556/556
f 556/556/556 557/557/557 559/559/559
f 556/556/556 559/559/559 558/558/558
f 558/558/558 559/559/559 561/561/561
f 558/558/558 561/561/561 560/560/560
f 561/561/561 562/562/562 575/575/575
f 561/561/561 575/575/575 563/563/563
f 559/559/559 576/576/576 562/562/562
f 559/559/559 562/562/562 561/561/561
f 564/564/564 561/561/561 563/563/563
f 564/564/564 563/563/563 565/565/565
f 565/565/565 563/563/563 567/567/567
f 565/565/565 567/567/567 566/566/566
f 566/566/566 567/567/567 569/569/569
f 566/566/566 569/569/569 568/568/568
f 568/568/568 569/569/569 571/571/571
f 568/568/568 571/571/571 570/570/570
f 569/569/569 573/573/573 572/572/572
f 569/569/569 572/572/572 571/571/571
f 567/567/567 574/574/574 573/573/573
f 567/567/567 573/573/573 569/569/569
f 563/563/563 575/575/575 574/574/574
f 563/563/563 574/574/574 567/567/567
f 557/557/557 577/577/577 576/576/576
f 557/557/557 576/576/576 559/559/559
f 555/555/555 578/578/578 577/577/577
f 555/555/555 577/577/577 557/557/557
f 553/553/553 579/579/579 578/578/578
f 553/553/553 578/578/578 555/555/555
f 551/551/551 580/580/580 579/579/579
f 551/551/551 579/579/579 553/553/553
f 581/581/581 582/582/582 584/584/584
f 581/581/581 584/584/584 583/583/583
f 583/583/583 584/584/584 586/586/586
f 583/583/583 586/586/586 585/585/585
f 585/585/585 586/586/586 588/588/588
f 585/585/585 588/588/588 587/587/587
f 587/587/587 588/588/588 590/590/590
f 587/587/587 590/590/590 589/589/589
f 589/589/589 590/590/590 592/592/592
f 589/589/589 592/592/592 591/591/591
f 591/591/591 592/592/592 594/594/594
f 591/591/591 594/594/594 593/593/593
f 593/593/593 594/594/594 596/596/596
f 593/593/593 596/596/596 595/595/595
f 595/595/595 596/596/596 598/598/598
f 595/595/595 598/598/598 597/597/597
f 597/597/597 598/598/598 600/600/600
f 597/597/597 600/600/600 599/599/599
f 599/599/599 600/600/600 602/602/602
f 599/599/599 602/602/602 601/601/601
f 601/601/601 602/602/602 603/603/603
f 602/602/602 604/604/604 603/603/603
f 600/600/600 605/605/605 604/604/604
f 600/600/600 604/604/604 602/602/602
f 598/598/598 606/606/606 605/605/605
f 598/598/598 605/605/605 600/600/600
f 596/596/596 607/607/607 606/606/606
f 596/596/596 606/606/606 598/598/598
f 594/594/594 608/608/608 607/607/607
f 594/594/594 607/607/607 596/596/596
f 592/592/592 609/609/609 608/608/608
f 592/592/592 608/608/608 594/594/594
f 590/590/590 610/610/610 609/609/609
f 590/590/590 609/609/609 592/592/592
f 588/588/588 611/611/611 610/610/610
f 588/588/588 610/610/610 590/590/590
f 586/586/586 612/612/612 611/611/611
f 586/586/586 611/611/611 588/588/588
f 584/584/584 613/613/613 612/612/612
f 584/584/584 612/612/612 586/586/586
f 582/582/582 614/614/614 613/613/613
f 582/582/582 613/613/613 584/584/584
f 615/615/615 616/616/616 618/618/618
f 615/615/615 618/618/618 617/617/617
f 617/617/617 618/618/618 620/620/620
f 617/617/617 620/620/620 619/619/619
f 619/619/619 620/620/620 622/622/622
f 619/619/619 622/622/622 621/621/621
f 621/621/621 622/622/622 624/624/624
f 621/621/621 624/624/624 623/623/623
f 623/623/623 624/624/624 626/626/626
f 623/623/623 626/626/626 625/625/625
f 625/625/625 626/626/626 628/628/628
f 625/625/625 628/628/628 627/627/627
f 627/627/627 628/628/628 630/630/630
f 627/627/627 630/630/630 629/629/629
f 629/629/629 630/630/630 632/632/632
f 629/629/629 632/632/632 631/631/631
f 631/631/631 632/632/632 634/634/634
f 631/631/631 634/634/634 633/633/633
f 633/633/633 634/634/634 636/636/636
f 633/633/633 636/636/636 635/635/635
f 635/635/635 636/636/636 637/637/637
f 636/636/636 638/638/638 637/637/637
f 634/634/634 639/639/639 638/638/638
f 634/634/634 638/638/638 636/636/636
f 632/632/632 640/640/640 639/639/639
f 632/632/632 639/639/639 634/634/634
f 630/630/630 641/641/641 640/640/640
f 630/630/630 640/640/640 632/632/632
f 628/628/628 642/642/642 641/641/641
f 628/628/628 641/641/641 630/630/630
f 626/626/626 643/643/643 642/642/642
f 626/626/626 642/642/642 628/628/628
f 624/624/624 644/644/644 643/643/643
f 624/624/624 643/643/643 626/626/626
f 622/622/622 645/645/645 644/644/644
f 622/622/622 644/644/644 624/624/624
f 620/620/620 646/646/646 645/645/645
f 620/620/620 645/645/645 622/622/622
f 618/618/618 647/647/647 646/646/646
f 618/618/618 646/646/646 620/620/620
f 616/616/616 648/648/648 647/647/647
f 616/616/616 647/647/647 618/618/618
f 649/649/649 650/650/650 652/652/652
f 649/649/649 652/652/652 651/651/651
f 651/651/651 652/652/652 654/654/654
f 651/651/651 654/654/654 653/653/653
f 653/653/653 654/654/654 656/656/656
f 653/653/653 656/656/656 655/655/655
f 655/655/655 656/656/656 658/658/658
f 655/655/655 658/658/658 657/657/657
f 657/657/657 658/658/658 660/660/660
f 657/657/657 660/660/660 659/659/659
f 659/659/659 660/660/660 662/662/662
f 659/659/659 662/662/662 661/661/661
f 661/661/661 662/662/662 664/664/664
f 661/661/661 664/664/664 663/663/663
f 663/663/663 664/664/664 666/666/666
f 663/663/663 666/666/666 665/665/665
f 665/665/665 666/666/666 668/668/668
f 665/665/665 668/668/668 667/667/667
f 666/666/666 670/670/670 669/669/669
f 666/666/666 669/669/669 668/668/668
f 664/664/664 671/671/671 670/670/670
f 664/664/664 670/670/670 666/666/666
f 662/662/662 672/672/672 671/671/671
f 662/662/662 671/671/671 664/664/664
f 660/660/660 673/673/673 672/672/672
f 660/660/660 672/672/672 662/662/662
f 658/658/658 674/674/674 673/673/673
f 658/658/658 673/673/673 660/660/660
f 656/656/656 675/675/675 674/674/674
f 656/656/656 674/674/674 658/658/658
f 654/654/654 676/676/676 675/675/675
f 654/654/654 675/675/675 656/656/656
f 652/652/652 677/677/677 676/676/676
f 652/652/652 676/676/676 654/654/654
f 650/650/650 678/678/678 677/677/677
f 650/650/650 677/677/677 652/652/652
f 679/679/679 680/680/680 682/682/682
f 679/679/679 682/682/682 681/681/681
f 681/681/681 682/682/682 684/684/684
f 681/681/681 684/684/684 683/683/683
f 683/683/683 684/684/684 686/686/686
f 683/683/683 686/686/686 685/685/685
f 685/685/685 686/686/686 688/688/688
f 685/685/685 688/688/688 687/687/687
f 687/687/687 688/688/688 690/690/690
f 687/687/687 690/690/690 689/689/689
f 689/689/689 690/690/690 692/692/692
f 689/689/689 692/692/692 691/691/691
f 691/691/691 692/692/692 694/694/694
f 691/691/691 694/694/694 693/693/693
f 693/693/693 694/694/694 696/696/696
f 693/693/693 696/696/696 695/695/695
f 695/695/695 696/696/696 698/698/698
f 695/695/695 698/698/698 697/697/697
f 697/697/697 698/698/698 700/700/700
f 697/697/697 700/700/700 699/699/699
f 699/699/699 700/700/700 701/701/701
f 700/700/700 702/702/702 701/701/701
f 698/698/698 703/703/703 702/702/702
f 698/698/698 702/702/702 700/700/700
f 696/696/696 704/704/704 703/703/703
f 696/696/696 703/703/703 698/698/698
f 694/694/694 705/705/705 704/704/704
f 694/694/694 704/704/704 696/696/696
f 692/692/692 706/706/706 705/705/705
f 692/692/692 705/705/705 694/694/694
f 690/690/690 707/707/707 706/706/706
f 690/690/690 706/706/706 692/692/692
f 688/688/688 708/708/708 707/707/707
f 688/688/688 707/707/707 690/690/690
f 686/686/686 709/709/709 708/708/708
f 686/686/686 708/708/708 688/688/688
f 684/684/684 710/710/710 709/709/709
f 684/684/684 709/709/709 686/686/686
f 682/682/682 711/711/711 710/710/710
f 682/682/682 710/710/710 684/684/684
f 680/680/680 712/712/712 711/711/711
f 680/680/680 711/711/711 682/682/682
f 713/713/713 714/714/714 716/716/716
f 713/713/713 716/716/716 715/715/715
f 715/715/715 716/716/716 718/718/718
f 715/715/715 718/718/718 717/717/717
f 717/717/717 718/718/718 720/720/720
f 717/717/717 720/720/720 719/719/719
f 719/719/719 720/720/720 722/722/722
f 719/719/719 722/722/722 721/721/721
f 721/721/721 722/722/722 724/724/724
f 721/721/721 724/724/724 723/723/723
f 724/724/724 725/725/725 738/738/738
f 724/724/724 738/738/738 726/726/726
f 722/722/722 739/739/739 725/725/725
f 722/722/722 725/725/725 724/724/724
f 727/727/727 724/724/724 726/726/726
f 727/727/727 726/726/726 728/728/728
f 728/728/728 726/726/726 730/730/730
f 728/728/728 730/730/730 729/729/729
f 729/729/729 730/730/730 732/732/732
f 729/729/729 732/732/732 731/731/731
f 731/731/731 732/732/732 734/734/734
f 731/731/731 734/734/734 733/733/733
f 732/732/732 736/736/736 735/735/735
f 732/732/732 735/735/735 734/734/734
f 730/730/730 737/737/737 736/736/736
f 730/730/730 736/736/736 732/732/732
f 726/726/726 738/738/738 737/737/737
f 726/726/726 737/737/737 730/730/730
f 720/720/720 740/740/740 739/739/739
f 720/720/720 739/739/739 722/722/722
f 718/718/718 741/741/741 740/740/740
f 718/718/718 740/740/740 720/720/720
f 716/716/716 742/742/742 741/741/741
f 716/716/716 741/741/741 718/718/718
f 714/714/714 743/743/743 742/742/742
f 714/714/714 742/742/742 716/716/716
f 744/744/744 745/745/745 748/748/748
f 744/744/744 748/748/748 747/747/747
f 745/745/745 744/744/744 746/746/746
f 745/745/745 746/746/746 767/767/767
f 747/747/747 748/748/748 750/750/750
f 747/747/747 750/750/750 749/749/749
f 749/749/749 750/750/750 752/752/752
f 749/749/749 752/752/752 751/751/751
f 751/751/751 752/752/752 754/754/754
f 751/751/751 754/754/754 753/753/753
f 753/753/753 754/754/754 756/756/756
f 753/753/753 756/756/756 755/755/755
f 755/755/755 756/756/756 758/758/758
f 755/755/755 758/758/758 757/757/757
f 756/756/756 760/760/760 759/759/759
f 756/756/756 759/759/759 758/758/758
f 754/754/754 761/761/761 760/760/760
f 754/754/754 760/760/760 756/756/756
f 752/752/752 762/762/762 761/761/761
f 752/752/752 761/761/761 754/754/754
f 750/750/750 763/763/763 762/762/762
f 750/750/750 762/762/762 752/752/752
f 748/748/748 764/764/764 763/763/763
f 748/748/748 763/763/763 750/750/750
f 745/745/745 765/765/765 764/764/764
f 745/745/745 764/764/764 748/748/748
f 765/765/765 745/745/745 767/767/767
f 765/765/765 767/767/767 766/766/766
f 768/768/768 769/769/769 772/772/772
f 768/768/768 772/772/772 771/771/771
f 769/769/769 768/768/768 770/770/770
f 769/769/769 770/770/770 791/791/791
f 771/771/771 772/772/772 774/774/774
f 771/771/771 774/774/774 773/773/773
f 773/773/773 774/774/774 776/776/776
f 773/773/773 776/776/776 775/775/775
f 775/775/775 776/776/776 778/778/778
f 775/775/775 778/778/778 777/777/777
f 777/777/777 778/778/778 780/780/780
f 777/777/777 780/780/780 779/779/779
f 779/779/779 780/780/780 782/782/782
f 779/779/779 782/782/782 781/781/781
f 780/780/780 784/784/784 783/783/783
f 780/780/780 783/783/783 782/782/782
f 778/778/778 785/785/785 784/784/784
f 778/778/778 784/784/784 780/780/780
f 776/776/776 786/786/786 785/785/785
f 776/776/776 785/785/785 778/778/778
f 774/774/774 787/787/787 786/786/786
f 774/774/774 786/786/786 776/776/776
f 772/772/772 788/788/788 787/787/787
f 772/772/772 787/787/787 774/774/774
f 769/769/769 789/789/789 788/788/788
f 769/769/769 788/788/788 772/772/772
f 789/789/789 769/769/769 791/791/791
f 789/789/789 791/791/791 790/790/790
f 792/792/792 793/793/793 796/796/796
f 792/792/792 796/796/796 795/795/795
f 793/793/793 792/792/792 794/794/794
f 793/793/793 794/794/794 815/815/815
f 795/795/795 796/796/796 798/798/798
f 795/795/795 798/798/798 797/797/797
f 797/797/797 798/798/798 800/800/800
f 797/797/797 800/800/800 799/799/799
f 799/799/799 800/800/800 802/802/802
f 799/799/799 802/802/802 801/801/801
f 801/801/801 802/802/802 804/804/804
f 801/801/801 804/804/804 803/803/803
f 803/803/803 804/804/804 806/806/806
f 803/803/803 806/806/806 805/805/805
f 804/804/804 808/808/808 807/807/807
f 804/804/804 807/807/807 806/806/806
f 802/802/802 809/809/809 808/808/808
f 802/802/802 808/808/808 804/804/804
f 800/800/800 810/810/810 809/809/809
f 800/800/800 809/809/809 802/802/802
f 798/798/798 811/811/811 810/810/810
f 798/798/798 810/810/810 800/800/800
f 796/796/796 812/812/812 811/811/811
f 796/796/796 811/811/811 798/798/798
f 793/793/793 813/813/813 812/812/812
f 793/793/793 812/812/812 796/796/796
f 813/813/813 793/793/793 815/815/815
f 813/813/813 815/815/815 814/814/814
f 816/816/816 817/817/817 820/820/820
f 816/816/816 820/820/820 819/819/819
f 817/817/817 816/816/816 818/818/818
f 817/817/817 818/818/818 839/839/839
f 819/819/819 820/820/820 822/822/822
f 819/819/819 822/822/822 821/821/821
f 821/821/821 822/822/822 824/824/824
f 821/821/821 824/824/824 823/823/823
f 823/823/823 824/824/824 826/826/826
f 823/823/823 826/826/826 825/825/825
f 825/825/825 826/826/826 828/828/828
f 825/825/825 828/828/828 827/827/827
f 827/827/827 828/828/828 830/830/830
f 827/827/827 830/830/830 829/829/829
f 828/828/828 832/832/832 831/831/831
f 828/828/828 831/831/831 830/830/830
f 826/826/826 833/833/833 832/832/832
f 826/826/826 832/832/832 828/828/828
f 824/824/824 834/834/834 833/833/833
f 824/824/824 833/833/833 826/826/826
f 822/822/822 835/835/835 834/834/834
f 822/822/822 834/834/834 824/824/824
f 820/820/820 836/836/836 835/835/835
f 820/820/820 835/835/835 822/822/822
f 817/817/817 837/837/837 836/836/836
f 817/817/817 836/836/836 820/820/820
f 837/837/837 817/817/817 839/839/839
f 837/837/837 839/839/839 838/838/838
f 841/841/841 843/843/843 842/842/842
f 841/841/841 842/842/842 840/840/840
f 843/843/843 845/845/845 844/844/844
f 843/843/843 844/844/844 842/842/842
f 845/845/845 847/847/847 846/846/846
f 845/845/845 846/846/846 844/844/844
f 847/847/847 849/849/849 848/848/848
f 847/847/847 848/848/848 846/846/846
f 849/849/849 851/851/851 850/850/850
f 849/849/849 850/850/850 848/848/848
f 851/851/851 853/853/853 852/852/852
f 851/851/851 852/852/852 850/850/850
f 853/853/853 855/855/855 854/854/854
f 853/853/853 854/854/854 852/852/852
f 855/855/855 857/857/857 856/856/856
f 855/855/855 856/856/856 854/854/854
f 857/857/857 859/859/859 858/858/858
f 857/857/857 858/858/858 856/856/856
f 859/859/859 860/860/860 858/858/858
f 861/861/861 860/860/860 859/859/859
f 862/862/862 861/861/861 859/859/859
f 862/862/862 859/859/859 857/857/857
f 863/863/863 862/862/862 857/857/857
f 863/863/863 857/857/857 855/855/855
f 864/864/864 863/863/863 855/855/855
f 864/864/864 855/855/855 853/853/853
f 865/865/865 864/864/864 853/853/853
f 865/865/865 853/853/853 851/851/851
f 866/866/866 865/865/865 851/851/851
f 866/866/866 851/851/851 849/849/849
f 867/867/867 866/866/866 849/849/849
f 867/867/867 849/849/849 847/847/847
f 868/868/868 867/867/867 847/847/847
f 868/868/868 847/847/847 845/845/845
f 869/869/869 868/868/868 845/845/845
f 869/869/869 845/845/845 843/843/843
f 870/870/870 869/869/869 843/843/843
f 870/870/870 843/843/843 841/841/841
f 888/888/888 872/872/872 873/873/873
f 888/888/888 873/873/873 889/889/889
f 891/891/891 877/877/877 875/875/875
f 891/891/891 875/875/875 890/890/890
f 889/889/889 873/873/873 877/877/877
f 889/889/889 877/877/877 891/891/891
f 890/890/890 875/875/875 879/879/879
f 890/890/890 879/879/879 892/892/892
f 892/892/892 879/879/879 881/881/881
f 892/892/892 881/881/881 893/893/893
f 893/893/893 881/881/881 883/883/883
f 893/893/893 883/883/883 894/894/894
f 894/894/894 883/883/883 885/885/885
f 894/894/894 885/885/885 895/895/895
f 895/895/895 885/885/885 887/887/887
f 886/886/886 895/895/895 887/887/887
f 884/884/884 894/894/894 895/895/895
f 884/884/884 895/895/895 886/886/886
f 882/882/882 893/893/893 894/894/894
f 882/882/882 894/894/894 884/884/884
f 880/880/880 892/892/892 893/893/893
f 880/880/880 893/893/893 882/882/882
f 876/876/876 890/890/890 892/892/892
f 876/876/876 892/892/892 880/880/880
f 874/874/874 889/889/889 891/891/891
f 874/874/874 891/891/891 878/878/878
f 878/878/878 891/891/891 890/890/890
f 878/878/878 890/890/890 876/876/876
f 871/871/871 888/888/888 889/889/889
f 871/871/871 889/889/889 874/874/874
f 896/896/896 897/897/897 900/900/900
f 896/896/896 900/900/900 899/899/899
f 897/897/897 896/896/896 898/898/898
f 897/897/897 898/898/898 919/919/919
f 899/899/899 900/900/900 902/902/902
f 899/899/899 902/902/902 901/901/901
f 901/901/901 902/902/902 904/904/904
f 901/901/901 904/904/904 903/903/903
f 903/903/903 904/904/904 906/906/906
f 903/903/903 906/906/906 905/905/905
f 905/905/905 906/906/906 908/908/908
f 905/905/905 908/908/908 907/907/907
f 907/907/907 908/908/908 910/910/910
f 907/907/907 910/910/910 909/909/909
f 908/908/908 912/912/912 911/911/911
f 908/908/908 911/911/911 910/910/910
f 906/906/906 913/913/913 912/912/912
f 906/906/906 912/912/912 908/908/908
f 904/904/904 914/914/914 913/913/913
f 904/904/904 913/913/913 906/906/906
f 902/902/902 915/915/915 914/914/914
f 902/902/902 914/914/914 904/904/904
f 900/900/900 916/916/916 915/915/915
f 900/900/900 915/915/915 902/902/902
f 897/897/897 917/917/917 916/916/916
f 897/897/897 916/916/916 900/900/900
f 917/917/917 897/897/897 919/919/919
f 917/917/917 919/919/919 918/918/918
f 937/937/937 921/921/921 922/922/922
f 937/937/937 922/922/922 938/938/938
f 940/940/940 926/926/926 924/924/924
f 940/940/940 924/924/924 939/939/939
f 938/938/938 922/922/922 926/926/926
f 938/938/938 926/926/926 940/940/940
f 939/939/939 924/924/924 928/928/928
f 939/939/939 928/928/928 941/941/941
f 941/941/941 928/928/928 930/930/930
f 941/941/941 930/930/930 942/942/942
f 942/942/942 930/930/930 932/932/932
f 942/942/942 932/932/932 943/943/943
f 943/943/943 932/932/932 934/934/934
f 943/943/943 934/934/934 944/944/944
f 944/944/944 934/934/934 936/936/936
f 935/935/935 944/944/944 936/936/936
f 933/933/933 943/943/943 944/944/944
f 933/933/933 944/944/944 935/935/935
f 931/931/931 942/942/942 943/943/943
f 931/931/931 943/943/943 933/933/933
f 929/929/929 941/941/941 942/942/942
f 929/929/929 942/942/942 931/931/931
f 925/925/925 939/939/939 941/941/941
f 925/925/925 941/941/941 929/929/929
f 923/923/923 938/938/938 940/940/940
f 923/923/923 940/940/940 927/927/927
f 927/927/927 940/940/940 939/939/939
f 927/927/927 939/939/939 925/925/925
f 920/920/920 937/937/937 938/938/938
f 920/920/920 938/938/938 923/923/923
f 945/945/945 946/946/946 949/949/949
f 945/945/945 949/949/949 948/948/948
f 946/946/946 945/945/945 947/947/947
f 946/946/946 947/947/947 968/968/968
f 948/948/948 949/949/949 951/951/951
f 948/948/948 951/951/951 950/950/950
f 950/950/950 951/951/951 953/953/953
f 950/950/950 953/953/953 952/952/952
f 952/952/952 953/953/953 955/955/955
f 952/952/952 955/955/955 954/954/954
f 954/954/954 955/955/955 957/957/957
f 954/954/954 957/957/957 956/956/956
f 956/956/956 957/957/957 959/959/959
f 956/956/956 959/959/959 958/958/958
f 957/957/957 961/961/961 960/960/960
f 957/957/957 960/960/960 959/959/959
f 955/955/955 962/962/962 961/961/961
f 955/955/955 961/961/961 957/957/957
f 953/953/953 963/963/963 962/962/962
f 953/953/953 962/962/962 955/955/955
f 951/951/951 964/964/964 963/963/963
f 951/951/951 963/963/963 953/953/953
f 949/949/949 965/965/965 964/964/964
f 949/949/949 964/964/964 951/951/951
f 946/946/946 966/966/966 965/965/965
f 946/946/946 965/965/965 949/949/949
f 966/966/966 946/946/946 968/968/968
f 966/966/966 968/968/968 967/967/967
f 970/970/970 972/972/972 971/971/971
f 970/970/970 971/971/971 969/969/969
f 972/972/972 974/974/974 973/973/973
f 972/972/972 973/973/973 971/971/971
f 974/974/974 976/976/976 975/975/975
f 974/974/974 975/975/975 973/973/973
f 976/976/976 978/978/978 977/977/977
f 976/976/976 977/977/977 975/975/975
f 978/978/978 980/980/980 979/979/979
f 978/978/978 979/979/979 977/977/977
f 980/980/980 982/982/982 981/981/981
f 980/980/980 981/981/981 979/979/979
f 982/982/982 984/984/984 983/983/983
f 982/982/982 983/983/983 981/981/981
f 984/984/984 986/986/986 985/985/985
f 984/984/984 985/985/985 983/983/983
f 986/986/986 988/988/988 987/987/987
f 986/986/986 987/987/987 985/985/985
f 988/988/988 989/989/989 987/987/987
f 990/990/990 989/989/989 988/988/988
f 991/991/991 990/990/990 988/988/988
f 991/991/991 988/988/988 986/986/986
f 992/992/992 991/991/991 986/986/986
f 992/992/992 986/986/986 984/984/984
f 993/993/993 992/992/992 984/984/984
f 993/993/993 984/984/984 982/982/982
f 994/994/994 993/993/993 982/982/982
f 994/994/994 982/982/982 980/980/980
f 995/995/995 994/994/994 980/980/980
f 995/995/995 980/980/980 978/978/978
f 996/996/996 995/995/995 978/978/978
f 996/996/996 978/978/978 976/976/976
f 997/997/997 996/996/996 976/976/976
f 997/997/997 976/976/976 974/974/974
f 998/998/998 997/997/997 974/974/974
f 998/998/998 974/974/974 972/972/972
f 999/999/999 998/998/998 972/972/972
f 999/999/999 972/972/972 970/970/970
f 1017/1017/1017 1001/1001/1001 1002/1002/1002
f 1017/1017/1017 1002/1002/1002 1018/1018/1018
f 1020/1020/1020 1006/1006/1006 1004/1004/1004
f 1020/1020/1020 1004/1004/1004 1019/1019/1019
f 1018/1018/1018 1002/1002/1002 1006/1006/1006
f 1018/1018/1018 1006/1006/1006 1020/1020/1020
f 1019/1019/1019 1004/1004/1004 1008/1008/1008
f 1019/1019/1019 1008/1008/1008 1021/1021/1021
f 1021/1021/1021 1008/1008/1008 1010/1010/1010
f 1021/1021/1021 1010/1010/1010 1022/1022/1022
f 1022/1022/1022 1010/1010/1010 1012/1012/1012
f 1022/1022/1022 1012/1012/1012 1023/1023/1023
f 1023/1023/1023 1012/1012/1012 1014/1014/1014
f 1023/1023/1023 1014/1014/1014 1024/1024/1024
f 1024/1024/1024 1014/1014/1014 1016/1016/1016
f 1015/1015/1015 1024/1024/1024 1016/1016/1016
f 1013/1013/1013 1023/1023/1023 1024/1024/1024
f 1013/1013/1013 1024/1024/1024 1015/1015/1015
f 1011/1011/1011 1022/1022/1022 1023/1023/1023
f 1011/1011/1011 1023/1023/1023 1013/1013/1013
f 1009/1009/1009 1021/1021/1021 1022/1022/1022
f 1009/1009/1009 1022/1022/1022 1011/1011/1011
f 1005/1005/1005 1019/1019/1019 1021/1021/1021
f 1005/1005/1005 1021/1021/1021 1009/1009/1009
f 1003/1003/1003 1018/1018/1018 1020/1020/1020
f 1003/1003/1003 1020/1020/1020 1007/1007/1007
f 1007/1007/1007 1020/1020/1020 1019/1019/1019
f 1007/1007/1007 1019/1019/1019 1005/1005/1005
f 1000/1000/1000 1017/1017/1017 1018/1018/1018
f 1000/1000/1000 1018/1018/1018 1003/1003/1003
f 1025/1025/1025 1026/1026/1026 1029/1029/1029
f 1025/1025/1025 1029/1029/1029 1028/1028/1028
f 1026/1026/1026 1025/1025/1025 1027/1027/1027
f 1026/1026/1026 1027/1027/1027 1048/1048/1048
f 1028/1028/1028 1029/1029/1029 1031/1031/1031
f 1028/1028/1028 1031/1031/1031 1030/1030/1030
f 1030/1030/1030 1031/1031/1031 1033/1033/1033
f 1030/1030/1030 1033/1033/1033 1032/1032/1032
f 1032/1032/1032 1033/1033/1033 1035/1035/1035
f 1032/1032/1032 1035/1035/1035 1034/1034/1034
f 1034/1034/1034 1035/1035/1035 1037/1037/1037
f 1034/1034/1034 1037/1037/1037 1036/1036/1036
f 1036/1036/1036 1037/1037/1037 1039/1039/1039
f 1036/1036/1036 1039/1039/1039 1038/1038/1038
f 1037/1037/1037 1041/1041/1041 1040/1040/1040
f 1037/1037/1037 1040/1040/1040 1039/1039/1039
f 1035/1035/1035 1042/1042/1042 1041/1041/1041
f 1035/1035/1035 1041/1041/1041 1037/1037/1037
f 1033/1033/1033 1043/1043/1043 1042/1042/1042
f 1033/1033/1033 1042/1042/1042 1035/1035/1035
f 1031/1031/1031 1044/1044/1044 1043/1043/1043
f 1031/1031/1031 1043/1043/1043 1033/1033/1033
f 1029/1029/1029 1045/1045/1045 1044/1044/1044
f 1029/1029/1029 1044/1044/1044 1031/1031/1031
f 1026/1026/1026 1046/1046/1046 1045/1045/1045
f 1026/1026/1026 1045/1045/1045 1029/1029/1029
f 1046/1046/1046 1026/1026/1026 1048/1048/1048
f 1046/1046/1046 1048/1048/1048 1047/1047/1047
f 1066/1066/1066 1050/1050/1050 1051/1051/1051
f 1066/1066/1066 1051/1051/1051 1067/1067/1067
f 1069/1069/1069 1055/1055/1055 1053/1053/1053
f 1069/1069/1069 1053/1053/1053 1068/1068/1068
f 1067/1067/1067 1051/1051/1051 1055/1055/1055
f 1067/1067/1067 1055/1055/1055 1069/1069/1069
f 1068/1068/1068 1053/1053/1053 1057/1057/1057
f 1068/1068/1068 1057/1057/1057 1070/1070/1070
f 1070/1070/1070 1057/1057/1057 1059/1059/1059
f 1070/1070/1070 1059/1059/1059 1071/1071/1071
f 1071/1071/1071 1059/1059/1059 1061/1061/1061
f 1071/1071/1071 1061/1061/1061 1072/1072/1072
f 1072/1072/1072 1061/1061/1061 1063/1063/1063
f 1072/1072/1072 1063/1063/1063 1073/1073/1073
f 1073/1073/1073 1063/1063/1063 1065/1065/1065
f 1064/1064/1064 1073/1073/1073 1065/1065/1065
f 1062/1062/1062 1072/1072/1072 1073/1073/1073
f 1062/1062/1062 1073/1073/1073 1064/1064/1064
f 1060/1060/1060 1071/1071/1071 1072/1072/1072
f 1060/1060/1060 1072/1072/1072 1062/1062/1062
f 1058/1058/1058 1070/1070/1070 1071/1071/1071
f 1058/1058/1058 1071/1071/1071 1060/1060/1060
f 1054/1054/1054 1068/1068/1068 1070/1070/1070
f 1054/1054/1054 1070/1070/1070 1058/1058/1058
f 1052/1052/1052 1067/1067/1067 1069/1069/1069
f 1052/1052/1052 1069/1069/1069 1056/1056/1056
f 1056/1056/1056 1069/1069/1069 1068/1068/1068
f 1056/1056/1056 1068/1068/1068 1054/1054/1054
f 1049/1049/1049 1066/1066/1066 1067/1067/1067
f 1049/1049/1049 1067/1067/1067 1052/1052/1052
f 1152/1152/1152 1134/1134/1134 1074/1074/1074
f 1152/1152/1152 1074/1074/1074 1076/1076/1076
f 1153/1153/1153 1135/1135/1135 1079/1079/1079
f 1153/1153/1153 1079/1079/1079 1080/1080/1080
f 1134/1134/1134 1153/1153/1153 1080/1080/1080
f 1134/1134/1134 1080/1080/1080 1074/1074/1074
f 1135/1135/1135 1136/1136/1136 1083/1083/1083
f 1135/1135/1135 1083/1083/1083 1079/1079/1079
f 1136/1136/1136 1137/1137/1137 1085/1085/1085
f 1136/1136/1136 1085/1085/1085 1083/1083/1083
f 1137/1137/1137 1138/1138/1138 1087/1087/1087
f 1137/1137/1137 1087/1087/1087 1085/1085/1085
f 1138/1138/1138 1139/1139/1139 1089/1089/1089
f 1138/1138/1138 1089/1089/1089 1087/1087/1087
f 1139/1139/1139 1140/1140/1140 1091/1091/1091
f 1139/1139/1139 1091/1091/1091 1089/1089/1089
f 1140/1140/1140 1141/1141/1141 1093/1093/1093
f 1140/1140/1140 1093/1093/1093 1091/1091/1091
f 1141/1141/1141 1142/1142/1142 1095/1095/1095
f 1141/1141/1141 1095/1095/1095 1093/1093/1093
f 1142/1142/1142 1143/1143/1143 1097/1097/1097
f 1142/1142/1142 1097/1097/1097 1095/1095/1095
f 1143/1143/1143 1144/1144/1144 1099/1099/1099
f 1143/1143/1143 1099/1099/1099 1097/1097/1097
f 1144/1144/1144 1145/1145/1145 1101/1101/1101
f 1144/1144/1144 1101/1101/1101 1099/1099/1099
f 1145/1145/1145 1146/1146/1146 1103/1103/1103
f 1145/1145/1145 1103/1103/1103 1101/1101/1101
f 1102/1102/1102 1104/1104/1104 1129/1129/1129
f 1102/1102/1102 1129/1129/1129 1128/1128/1128
f 1147/1147/1147 1148/1148/1148 1107/1107/1107
f 1147/1147/1147 1107/1107/1107 1105/1105/1105
f 1148/1148/1148 1149/1149/1149 1109/1109/1109
f 1148/1148/1148 1109/1109/1109 1107/1107/1107
f 1149/1149/1149 1150/1150/1150 1112/1112/1112
f 1149/1149/1149 1112/1112/1112 1109/1109/1109
f 1108/1108/1108 1110/1110/1110 1132/1132/1132
f 1108/1108/1108 1132/1132/1132 1131/1131/1131
f 1106/1106/1106 1108/1108/1108 1131/1131/1131
f 1106/1106/1106 1131/1131/1131 1130/1130/1130
f 1104/1104/1104 1106/1106/1106 1130/1130/1130
f 1104/1104/1104 1130/1130/1130 1129/1129/1129
f 1128/1128/1128 1129/1129/1129 1147/1147/1147
f 1128/1128/1128 1147/1147/1147 1146/1146/1146
f 1100/1100/1100 1102/1102/1102 1128/1128/1128
f 1100/1100/1100 1128/1128/1128 1127/1127/1127
f 1098/1098/1098 1100/1100/1100 1127/1127/1127
f 1098/1098/1098 1127/1127/1127 1126/1126/1126
f 1096/1096/1096 1098/1098/1098 1126/1126/1126
f 1096/1096/1096 1126/1126/1126 1125/1125/1125
f 1094/1094/1094 1096/1096/1096 1125/1125/1125
f 1094/1094/1094 1125/1125/1125 1124/1124/1124
f 1092/1092/1092 1094/1094/1094 1124/1124/1124
f 1092/1092/1092 1124/1124/1124 1123/1123/1123
f 1090/1090/1090 1092/1092/1092 1123/1123/1123
f 1090/1090/1090 1123/1123/1123 1122/1122/1122
f 1088/1088/1088 1090/1090/1090 1122/1122/1122
f 1088/1088/1088 1122/1122/1122 1121/1121/1121
f 1086/1086/1086 1088/1088/1088 1121/1121/1121
f 1086/1086/1086 1121/1121/1121 1120/1120/1120
f 1084/1084/1084 1086/1086/1086 1120/1120/1120
f 1084/1084/1084 1120/1120/1120 1119/1119/1119
f 1082/1082/1082 1084/1084/1084 1119/1119/1119
f 1082/1082/1082 1119/1119/1119 1118/1118/1118
f 1078/1078/1078 1082/1082/1082 1118/1118/1118
f 1078/1078/1078 1118/1118/1118 1116/1116/1116
f 1075/1075/1075 1081/1081/1081 1117/1117/1117
f 1075/1075/1075 1117/1117/1117 1115/1115/1115
f 1081/1081/1081 1078/1078/1078 1116/1116/1116
f 1081/1081/1081 1116/1116/1116 1117/1117/1117
f 1077/1077/1077 1075/1075/1075 1115/1115/1115
f 1077/1077/1077 1115/1115/1115 1114/1114/1114
f 1131/1131/1131 1132/1132/1132 1150/1150/1150
f 1131/1131/1131 1150/1150/1150 1149/1149/1149
f 1130/1130/1130 1131/1131/1131 1149/1149/1149
f 1130/1130/1130 1149/1149/1149 1148/1148/1148
f 1129/1129/1129 1130/1130/1130 1148/1148/1148
f 1129/1129/1129 1148/1148/1148 1147/1147/1147
f 1127/1127/1127 1128/1128/1128 1146/1146/1146
f 1127/1127/1127 1146/1146/1146 1145/1145/1145
f 1126/1126/1126 1127/1127/1127 1145/1145/1145
f 1126/1126/1126 1145/1145/1145 1144/1144/1144
f 1125/1125/1125 1126/1126/1126 1144/1144/1144
f 1125/1125/1125 1144/1144/1144 1143/1143/1143
f 1124/1124/1124 1125/1125/1125 1143/1143/1143
f 1124/1124/1124 1143/1143/1143 1142/1142/1142
f 1123/1123/1123 1124/1124/1124 1142/1142/1142
f 1123/1123/1123 1142/1142/1142 1141/1141/1141
f 1122/1122/1122 1123/1123/1123 1141/1141/1141
f 1122/1122/1122 1141/1141/1141 1140/1140/1140
f 1121/1121/1121 1122/1122/1122 1140/1140/1140
f 1121/1121/1121 1140/1140/1140 1139/1139/1139
f 1120/1120/1120 1121/1121/1121 1139/1139/1139
f 1120/1120/1120 1139/1139/1139 1138/1138/1138
f 1119/1119/1119 1120/1120/1120 1138/1138/1138
f 1119/1119/1119 1138/1138/1138 1137/1137/1137
f 1118/1118/1118 1119/1119/1119 1137/1137/1137
f 1118/1118/1118 1137/1137/1137 1136/1136/1136
f 1116/1116/1116 1118/1118/1118 1136/1136/1136
f 1116/1116/1116 1136/1136/1136 1135/1135/1135
f 1115/1115/1115 1117/1117/1117 1153/1153/1153
f 1115/1115/1115 1153/1153/1153 1134/1134/1134
f 1117/1117/1117 1116/1116/1116 1135/1135/1135
f 1117/1117/1117 1135/1135/1135 1153/1153/1153
f 1114/1114/1114 1115/1115/1115 1134/1134/1134
f 1114/1114/1114 1134/1134/1134 1152/1152/1152
f 1103/1103/1103 1146/1146/1146 1147/1147/1147
f 1103/1103/1103 1147/1147/1147 1105/1105/1105
f 1192/1192/1192 1076/1076/1076 1074/1074/1074
f 1192/1192/1192 1074/1074/1074 1174/1174/1174
f 1193/1193/1193 1080/1080/1080 1079/1079/1079
f 1193/1193/1193 1079/1079/1079 1175/1175/1175
f 1174/1174/1174 1074/1074/1074 1080/1080/1080
f 1174/1174/1174 1080/1080/1080 1193/1193/1193
f 1175/1175/1175 1079/1079/1079 1083/1083/1083
f 1175/1175/1175 1083/1083/1083 1176/1176/1176
f 1176/1176/1176 1083/1083/1083 1085/1085/1085
f 1176/1176/1176 1085/1085/1085 1177/1177/1177
f 1177/1177/1177 1085/1085/1085 1087/1087/1087
f 1177/1177/1177 1087/1087/1087 1178/1178/1178
f 1178/1178/1178 1087/1087/1087 1089/1089/1089
f 1178/1178/1178 1089/1089/1089 1179/1179/1179
f 1179/1179/1179 1089/1089/1089 1091/1091/1091
f 1179/1179/1179 1091/1091/1091 1180/1180/1180
f 1180/1180/1180 1091/1091/1091 1093/1093/1093
f 1180/1180/1180 1093/1093/1093 1181/1181/1181
f 1181/1181/1181 1093/1093/1093 1095/1095/1095
f 1181/1181/1181 1095/1095/1095 1182/1182/1182
f 1182/1182/1182 1095/1095/1095 1097/1097/1097
f 1182/1182/1182 1097/1097/1097 1183/1183/1183
f 1183/1183/1183 1097/1097/1097 1099/1099/1099
f 1183/1183/1183 1099/1099/1099 1184/1184/1184
f 1184/1184/1184 1099/1099/1099 1101/1101/1101
f 1184/1184/1184 1101/1101/1101 1185/1185/1185
f 1185/1185/1185 1101/1101/1101 1103/1103/1103
f 1185/1185/1185 1103/1103/1103 1186/1186/1186
f 1102/1102/1102 1168/1168/1168 1169/1169/1169
f 1102/1102/1102 1169/1169/1169 1104/1104/1104
f 1187/1187/1187 1105/1105/1105 1107/1107/1107
f 1187/1187/1187 1107/1107/1107 1188/1188/1188
f 1188/1188/1188 1107/1107/1107 1109/1109/1109
f 1188/1188/1188 1109/1109/1109 1189/1189/1189
f 1189/1189/1189 1109/1109/1109 1112/1112/1112
f 1189/1189/1189 1112/1112/1112 1190/1190/1190
f 1108/1108/1108 1171/1171/1171 1172/1172/1172
f 1108/1108/1108 1172/1172/1172 1110/1110/1110
f 1106/1106/1106 1170/1170/1170 1171/1171/1171
f 1106/1106/1106 1171/1171/1171 1108/1108/1108
f 1104/1104/1104 1169/1169/1169 1170/1170/1170
f 1104/1104/1104 1170/1170/1170 1106/1106/1106
f 1168/1168/1168 1186/1186/1186 1187/1187/1187
f 1168/1168/1168 1187/1187/1187 1169/1169/1169
f 1100/1100/1100 1167/1167/1167 1168/1168/1168
f 1100/1100/1100 1168/1168/1168 1102/1102/1102
f 1098/1098/1098 1166/1166/1166 1167/1167/1167
f 1098/1098/1098 1167/1167/1167 1100/1100/1100
f 1096/1096/1096 1165/1165/1165 1166/1166/1166
f 1096/1096/1096 1166/1166/1166 1098/1098/1098
f 1094/1094/1094 1164/1164/1164 1165/1165/1165
f 1094/1094/1094 1165/1165/1165 1096/1096/1096
f 1092/1092/1092 1163/1163/1163 1164/1164/1164
f 1092/1092/1092 1164/1164/1164 1094/1094/1094
f 1090/1090/1090 1162/1162/1162 1163/1163/1163
f 1090/1090/1090 1163/1163/1163 1092/1092/1092
f 1088/1088/1088 1161/1161/1161 1162/1162/1162
f 1088/1088/1088 1162/1162/1162 1090/1090/1090
f 1086/1086/1086 1160/1160/1160 1161/1161/1161
f 1086/1086/1086 1161/1161/1161 1088/1088/1088
f 1084/1084/1084 1159/1159/1159 1160/1160/1160
f 1084/1084/1084 1160/1160/1160 1086/1086/1086
f 1082/1082/1082 1158/1158/1158 1159/1159/1159
f 1082/1082/1082 1159/1159/1159 1084/1084/1084
f 1078/1078/1078 1156/1156/1156 1158/1158/1158
f 1078/1078/1078 1158/1158/1158 1082/1082/1082
f 1075/1075/1075 1155/1155/1155 1157/1157/1157
f 1075/1075/1075 1157/1157/1157 1081/1081/1081
f 1081/1081/1081 1157/1157/1157 1156/1156/1156
f 1081/1081/1081 1156/1156/1156 1078/1078/1078
f 1077/1077/1077 1154/1154/1154 1155/1155/1155
f 1077/1077/1077 1155/1155/1155 1075/1075/1075
f 1171/1171/1171 1189/1189/1189 1190/1190/1190
f 1171/1171/1171 1190/1190/1190 1172/1172/1172
f 1170/1170/1170 1188/1188/1188 1189/1189/1189
f 1170/1170/1170 1189/1189/1189 1171/1171/1171
f 1169/1169/1169 1187/1187/1187 1188/1188/1188
f 1169/1169/1169 1188/1188/1188 1170/1170/1170
f 1167/1167/1167 1185/1185/1185 1186/1186/1186
f 1167/1167/1167 1186/1186/1186 1168/1168/1168
f 1166/1166/1166 1184/1184/1184 1185/1185/1185
f 1166/1166/1166 1185/1185/1185 1167/1167/1167
f 1165/1165/1165 1183/1183/1183 1184/1184/1184
f 1165/1165/1165 1184/1184/1184 1166/1166/1166
f 1164/1164/1164 1182/1182/1182 1183/1183/1183
f 1164/1164/1164 1183/1183/1183 1165/1165/1165
f 1163/1163/1163 1181/1181/1181 1182/1182/1182
f 1163/1163/1163 1182/1182/1182 1164/1164/1164
f 1162/1162/1162 1180/1180/1180 1181/1181/1181
f 1162/1162/1162 1181/1181/1181 1163/1163/1163
f 1161/1161/1161 1179/1179/1179 1180/1180/1180
f 1161/1161/1161 1180/1180/1180 1162/1162/1162
f 1160/1160/1160 1178/1178/1178 1179/1179/1179
f 1160/1160/1160 1179/1179/1179 1161/1161/1161
f 1159/1159/1159 1177/1177/1177 1178/1178/1178
f 1159/1159/1159 1178/1178/1178 1160/1160/1160
f 1158/1158/1158 1176/1176/1176 1177/1177/1177
f 1158/1158/1158 1177/1177/1177 1159/1159/1159
f 1156/1156/1156 1175/1175/1175 1176/1176/1176
f 1156/1156/1156 1176/1176/1176 1158/1158/1158
f 1155/1155/1155 1174/1174/1174 1193/1193/1193
f 1155/1155/1155 1193/1193/1193 1157/1157/1157
f 1157/1157/1157 1193/1193/1193 1175/1175/1175
f 1157/1157/1157 1175/1175/1175 1156/1156/1156
f 1154/1154/1154 1192/1192/1192 1174/1174/1174
f 1154/1154/1154 1174/1174/1174 1155/1155/1155
f 1103/1103/1103 1105/1105/1105 1187/1187/1187
f 1103/1103/1103 1187/1187/1187 1186/1186/1186
f 1151/1151/1151 1251/1251/1251 1194/1194/1194
f 1151/1151/1151 1194/1194/1194 1113/1113/1113
f 1269/1269/1269 1252/1252/1252 1197/1197/1197
f 1269/1269/1269 1197/1197/1197 1198/1198/1198
f 1251/1251/1251 1269/1269/1269 1198/1198/1198
f 1251/1251/1251 1198/1198/1198 1194/1194/1194
f 1252/1252/1252 1253/1253/1253 1201/1201/1201
f 1252/1252/1252 1201/1201/1201 1197/1197/1197
f 1253/1253/1253 1254/1254/1254 1203/1203/1203
f 1253/1253/1253 1203/1203/1203 1201/1201/1201
f 1254/1254/1254 1255/1255/1255 1205/1205/1205
f 1254/1254/1254 1205/1205/1205 1203/1203/1203
f 1255/1255/1255 1256/1256/1256 1207/1207/1207
f 1255/1255/1255 1207/1207/1207 1205/1205/1205
f 1256/1256/1256 1257/1257/1257 1209/1209/1209
f 1256/1256/1256 1209/1209/1209 1207/1207/1207
f 1257/1257/1257 1258/1258/1258 1211/1211/1211
f 1257/1257/1257 1211/1211/1211 1209/1209/1209
f 1258/1258/1258 1259/1259/1259 1213/1213/1213
f 1258/1258/1258 1213/1213/1213 1211/1211/1211
f 1259/1259/1259 1260/1260/1260 1215/1215/1215
f 1259/1259/1259 1215/1215/1215 1213/1213/1213
f 1260/1260/1260 1261/1261/1261 1217/1217/1217
f 1260/1260/1260 1217/1217/1217 1215/1215/1215
f 1261/1261/1261 1262/1262/1262 1219/1219/1219
f 1261/1261/1261 1219/1219/1219 1217/1217/1217
f 1262/1262/1262 1263/1263/1263 1221/1221/1221
f 1262/1262/1262 1221/1221/1221 1219/1219/1219
f 1220/1220/1220 1222/1222/1222 1246/1246/1246
f 1220/1220/1220 1246/1246/1246 1245/1245/1245
f 1264/1264/1264 1265/1265/1265 1225/1225/1225
f 1264/1264/1264 1225/1225/1225 1223/1223/1223
f 1265/1265/1265 1266/1266/1266 1227/1227/1227
f 1265/1265/1265 1227/1227/1227 1225/1225/1225
f 1266/1266/1266 1267/1267/1267 1230/1230/1230
f 1266/1266/1266 1230/1230/1230 1227/1227/1227
f 1226/1226/1226 1228/1228/1228 1249/1249/1249
f 1226/1226/1226 1249/1249/1249 1248/1248/1248
f 1224/1224/1224 1226/1226/1226 1248/1248/1248
f 1224/1224/1224 1248/1248/1248 1247/1247/1247
f 1222/1222/1222 1224/1224/1224 1247/1247/1247
f 1222/1222/1222 1247/1247/1247 1246/1246/1246
f 1245/1245/1245 1246/1246/1246 1264/1264/1264
f 1245/1245/1245 1264/1264/1264 1263/1263/1263
f 1218/1218/1218 1220/1220/1220 1245/1245/1245
f 1218/1218/1218 1245/1245/1245 1244/1244/1244
f 1216/1216/1216 1218/1218/1218 1244/1244/1244
f 1216/1216/1216 1244/1244/1244 1243/1243/1243
f 1214/1214/1214 1216/1216/1216 1243/1243/1243
f 1214/1214/1214 1243/1243/1243 1242/1242/1242
f 1212/1212/1212 1214/1214/1214 1242/1242/1242
f 1212/1212/1212 1242/1242/1242 1241/1241/1241
f 1210/1210/1210 1212/1212/1212 1241/1241/1241
f 1210/1210/1210 1241/1241/1241 1240/1240/1240
f 1208/1208/1208 1210/1210/1210 1240/1240/1240
f 1208/1208/1208 1240/1240/1240 1239/1239/1239
f 1206/1206/1206 1208/1208/1208 1239/1239/1239
f 1206/1206/1206 1239/1239/1239 1238/1238/1238
f 1204/1204/1204 1206/1206/1206 1238/1238/1238
f 1204/1204/1204 1238/1238/1238 1237/1237/1237
f 1202/1202/1202 1204/1204/1204 1237/1237/1237
f 1202/1202/1202 1237/1237/1237 1236/1236/1236
f 1200/1200/1200 1202/1202/1202 1236/1236/1236
f 1200/1200/1200 1236/1236/1236 1235/1235/1235
f 1196/1196/1196 1200/1200/1200 1235/1235/1235
f 1196/1196/1196 1235/1235/1235 1233/1233/1233
f 1195/1195/1195 1199/1199/1199 1234/1234/1234
f 1195/1195/1195 1234/1234/1234 1232/1232/1232
f 1199/1199/1199 1196/1196/1196 1233/1233/1233
f 1199/1199/1199 1233/1233/1233 1234/1234/1234
f 1111/1111/1111 1195/1195/1195 1232/1232/1232
f 1111/1111/1111 1232/1232/1232 1133/1133/1133
f 1248/1248/1248 1249/1249/1249 1267/1267/1267
f 1248/1248/1248 1267/1267/1267 1266/1266/1266
f 1247/1247/1247 1248/1248/1248 1266/1266/1266
f 1247/1247/1247 1266/1266/1266 1265/1265/1265
f 1246/1246/1246 1247/1247/1247 1265/1265/1265
f 1246/1246/1246 1265/1265/1265 1264/1264/1264
f 1244/1244/1244 1245/1245/1245 1263/1263/1263
f 1244/1244/1244 1263/1263/1263 1262/1262/1262
f 1243/1243/1243 1244/1244/1244 1262/1262/1262
f 1243/1243/1243 1262/1262/1262 1261/1261/1261
f 1242/1242/1242 1243/1243/1243 1261/1261/1261
f 1242/1242/1242 1261/1261/1261 1260/1260/1260
f 1241/1241/1241 1242/1242/1242 1260/1260/1260
f 1241/1241/1241 1260/1260/1260 1259/1259/1259
f 1240/1240/1240 1241/1241/1241 1259/1259/1259
f 1240/1240/1240 1259/1259/1259 1258/1258/1258
f 1239/1239/1239 1240/1240/1240 1258/1258/1258
f 1239/1239/1239 1258/1258/1258 1257/1257/1257
f 1238/1238/1238 1239/1239/1239 1257/1257/1257
f 1238/1238/1238 1257/1257/1257 1256/1256/1256
f 1237/1237/1237 1238/1238/1238 1256/1256/1256
f 1237/1237/1237 1256/1256/1256 1255/1255/1255
f 1236/1236/1236 1237/1237/1237 1255/1255/1255
f 1236/1236/1236 1255/1255/1255 1254/1254/1254
f 1235/1235/1235 1236/1236/1236 1254/1254/1254
f 1235/1235/1235 1254/1254/1254 1253/1253/1253
f 1233/1233/1233 1235/1235/1235 1253/1253/1253
f 1233/1233/1233 1253/1253/1253 1252/1252/1252
f 1232/1232/1232 1234/1234/1234 1269/1269/1269
f 1232/1232/1232 1269/1269/1269 1251/1251/1251
f 1234/1234/1234 1233/1233/1233 1252/1252/1252
f 1234/1234/1234 1252/1252/1252 1269/1269/1269
f 1133/1133/1133 1232/1232/1232 1251/1251/1251
f 1133/1133/1133 1251/1251/1251 1151/1151/1151
f 1221/1221/1221 1263/1263/1263 1264/1264/1264
f 1221/1221/1221 1264/1264/1264 1223/1223/1223
f 1191/1191/1191 1113/1113/1113 1194/1194/1194
f 1191/1191/1191 1194/1194/1194 1289/1289/1289
f 1307/1307/1307 1198/1198/1198 1197/1197/1197
f 1307/1307/1307 1197/1197/1197 1290/1290/1290
f 1289/1289/1289 1194/1194/1194 1198/1198/1198
f 1289/1289/1289 1198/1198/1198 1307/1307/1307
f 1290/1290/1290 1197/1197/1197 1201/1201/1201
f 1290/1290/1290 1201/1201/1201 1291/1291/1291
f 1291/1291/1291 1201/1201/1201 1203/1203/1203
f 1291/1291/1291 1203/1203/1203 1292/1292/1292
f 1292/1292/1292 1203/1203/1203 1205/1205/1205
f 1292/1292/1292 1205/1205/1205 1293/1293/1293
f 1293/1293/1293 1205/1205/1205 1207/1207/1207
f 1293/1293/1293 1207/1207/1207 1294/1294/1294
f 1294/1294/1294 1207/1207/1207 1209/1209/1209
f 1294/1294/1294 1209/1209/1209 1295/1295/1295
f 1295/1295/1295 1209/1209/1209 1211/1211/1211
f 1295/1295/1295 1211/1211/1211 1296/1296/1296
f 1296/1296/1296 1211/1211/1211 1213/1213/1213
f 1296/1296/1296 1213/1213/1213 1297/1297/1297
f 1297/1297/1297 1213/1213/1213 1215/1215/1215
f 1297/1297/1297 1215/1215/1215 1298/1298/1298
f 1298/1298/1298 1215/1215/1215 1217/1217/1217
f 1298/1298/1298 1217/1217/1217 1299/1299/1299
f 1299/1299/1299 1217/1217/1217 1219/1219/1219
f 1299/1299/1299 1219/1219/1219 1300/1300/1300
f 1300/1300/1300 1219/1219/1219 1221/1221/1221
f 1300/1300/1300 1221/1221/1221 1301/1301/1301
f 1220/1220/1220 1283/1283/1283 1284/1284/1284
f 1220/1220/1220 1284/1284/1284 1222/1222/1222
f 1302/1302/1302 1223/1223/1223 1225/1225/1225
f 1302/1302/1302 1225/1225/1225 1303/1303/1303
f 1303/1303/1303 1225/1225/1225 1227/1227/1227
f 1303/1303/1303 1227/1227/1227 1304/1304/1304
f 1304/1304/1304 1227/1227/1227 1230/1230/1230
f 1304/1304/1304 1230/1230/1230 1305/1305/1305
f 1226/1226/1226 1286/1286/1286 1287/1287/1287
f 1226/1226/1226 1287/1287/1287 1228/1228/1228
f 1224/1224/1224 1285/1285/1285 1286/1286/1286
f 1224/1224/1224 1286/1286/1286 1226/1226/1226
f 1222/1222/1222 1284/1284/1284 1285/1285/1285
f 1222/1222/1222 1285/1285/1285 1224/1224/1224
f 1283/1283/1283 1301/1301/1301 1302/1302/1302
f 1283/1283/1283 1302/1302/1302 1284/1284/1284
f 1218/1218/1218 1282/1282/1282 1283/1283/1283
f 1218/1218/1218 1283/1283/1283 1220/1220/1220
f 1216/1216/1216 1281/1281/1281 1282/1282/1282
f 1216/1216/1216 1282/1282/1282 1218/1218/1218
f 1214/1214/1214 1280/1280/1280 1281/1281/1281
f 1214/1214/1214 1281/1281/1281 1216/1216/1216
f 1212/1212/1212 1279/1279/1279 1280/1280/1280
f 1212/1212/1212 1280/1280/1280 1214/1214/1214
f 1210/1210/1210 1278/1278/1278 1279/1279/1279
f 1210/1210/1210 1279/1279/1279 1212/1212/1212
f 1208/1208/1208 1277/1277/1277 1278/1278/1278
f 1208/1208/1208 1278/1278/1278 1210/1210/1210
f 1206/1206/1206 1276/1276/1276 1277/1277/1277
f 1206/1206/1206 1277/1277/1277 1208/1208/1208
f 1204/1204/1204 1275/1275/1275 1276/1276/1276
f 1204/1204/1204 1276/1276/1276 1206/1206/1206
f 1202/1202/1202 1274/1274/1274 1275/1275/1275
f 1202/1202/1202 1275/1275/1275 1204/1204/1204
f 1200/1200/1200 1273/1273/1273 1274/1274/1274
f 1200/1200/1200 1274/1274/1274 1202/1202/1202
f 1196/1196/1196 1271/1271/1271 1273/1273/1273
f 1196/1196/1196 1273/1273/1273 1200/1200/1200
f 1195/1195/1195 1270/1270/1270 1272/1272/1272
f 1195/1195/1195 1272/1272/1272 1199/1199/1199
f 1199/1199/1199 1272/1272/1272 1271/1271/1271
f 1199/1199/1199 1271/1271/1271 1196/1196/1196
f 1111/1111/1111 1173/1173/1173 1270/1270/1270
f 1111/1111/1111 1270/1270/1270 1195/1195/1195
f 1286/1286/1286 1304/1304/1304 1305/1305/1305
f 1286/1286/1286 1305/1305/1305 1287/1287/1287
f 1285/1285/1285 1303/1303/1303 1304/1304/1304
f 1285/1285/1285 1304/1304/1304 1286/1286/1286
f 1284/1284/1284 1302/1302/1302 1303/1303/1303
f 1284/1284/1284 1303/1303/1303 1285/1285/1285
f 1282/1282/1282 1300/1300/1300 1301/1301/1301
f 1282/1282/1282 1301/1301/1301 1283/1283/1283
f 1281/1281/1281 1299/1299/1299 1300/1300/1300
f 1281/1281/1281 1300/1300/1300 1282/1282/1282
f 1280/1280/1280 1298/1298/1298 1299/1299/1299
f 1280/1280/1280 1299/1299/1299 1281/1281/1281
f 1279/1279/1279 1297/1297/1297 1298/1298/1298
f 1279/1279/1279 1298/1298/1298 1280/1280/1280
f 1278/1278/1278 1296/1296/1296 1297/1297/1297
f 1278/1278/1278 1297/1297/1297 1279/1279/1279
f 1277/1277/1277 1295/1295/1295 1296/1296/1296
f 1277/1277/1277 1296/1296/1296 1278/1278/1278
f 1276/1276/1276 1294/1294/1294 1295/1295/1295
f 1276/1276/1276 1295/1295/1295 1277/1277/1277
f 1275/1275/1275 1293/1293/1293 1294/1294/1294
f 1275/1275/1275 1294/1294/1294 1276/1276/1276
f 1274/1274/1274 1292/1292/1292 1293/1293/1293
f 1274/1274/1274 1293/1293/1293 1275/1275/1275
f 1273/1273/1273 1291/1291/1291 1292/1292/1292
f 1273/1273/1273 1292/1292/1292 1274/1274/1274
f 1271/1271/1271 1290/1290/1290 1291/1291/1291
f 1271/1271/1271 1291/1291/1291 1273/1273/1273
f 1270/1270/1270 1289/1289/1289 1307/1307/1307
f 1270/1270/1270 1307/1307/1307 1272/1272/1272
f 1272/1272/1272 1307/1307/1307 1290/1290/1290
f 1272/1272/1272 1290/1290/1290 1271/1271/1271
f 1173/1173/1173 1191/1191/1191 1289/1289/1289
f 1173/1173/1173 1289/1289/1289 1270/1270/1270
f 1221/1221/1221 1223/1223/1223 1302/1302/1302
f 1221/1221/1221 1302/1302/1302 1301/1301/1301
f 1268/1268/1268 1365/1365/1365 1308/1308/1308
f 1268/1268/1268 1308/1308/1308 1231/1231/1231
f 1383/1383/1383 1366/1366/1366 1311/1311/1311
f 1383/1383/1383 1311/1311/1311 1312/1312/1312
f 1365/1365/1365 1383/1383/1383 1312/1312/1312
f 1365/1365/1365 1312/1312/1312 1308/1308/1308
f 1366/1366/1366 1367/1367/1367 1315/1315/1315
f 1366/1366/1366 1315/1315/1315 1311/1311/1311
f 1367/1367/1367 1368/1368/1368 1317/1317/1317
f 1367/1367/1367 1317/1317/1317 1315/1315/1315
f 1368/1368/1368 1369/1369/1369 1319/1319/1319
f 1368/1368/1368 1319/1319/1319 1317/1317/1317
f 1369/1369/1369 1370/1370/1370 1321/1321/1321
f 1369/1369/1369 1321/1321/1321 1319/1319/1319
f 1370/1370/1370 1371/1371/1371 1323/1323/1323
f 1370/1370/1370 1323/1323/1323 1321/1321/1321
f 1371/1371/1371 1372/1372/1372 1325/1325/1325
f 1371/1371/1371 1325/1325/1325 1323/1323/1323
f 1372/1372/1372 1373/1373/1373 1327/1327/1327
f 1372/1372/1372 1327/1327/1327 1325/1325/1325
f 1373/1373/1373 1374/1374/1374 1329/1329/1329
f 1373/1373/1373 1329/1329/1329 1327/1327/1327
f 1374/1374/1374 1375/1375/1375 1331/1331/1331
f 1374/1374/1374 1331/1331/1331 1329/1329/1329
f 1375/1375/1375 1376/1376/1376 1333/1333/1333
f 1375/1375/1375 1333/1333/1333 1331/1331/1331
f 1376/1376/1376 1377/1377/1377 1335/1335/1335
f 1376/1376/1376 1335/1335/1335 1333/1333/1333
f 1334/1334/1334 1336/1336/1336 1360/1360/1360
f 1334/1334/1334 1360/1360/1360 1359/1359/1359
f 1378/1378/1378 1379/1379/1379 1339/1339/1339
f 1378/1378/1378 1339/1339/1339 1337/1337/1337
f 1379/1379/1379 1380/1380/1380 1341/1341/1341
f 1379/1379/1379 1341/1341/1341 1339/1339/1339
f 1380/1380/1380 1381/1381/1381 1344/1344/1344
f 1380/1380/1380 1344/1344/1344 1341/1341/1341
f 1340/1340/1340 1342/1342/1342 1363/1363/1363
f 1340/1340/1340 1363/1363/1363 1362/1362/1362
f 1338/1338/1338 1340/1340/1340 1362/1362/1362
f 1338/1338/1338 1362/1362/1362 1361/1361/1361
f 1336/1336/1336 1338/1338/1338 1361/1361/1361
f 1336/1336/1336 1361/1361/1361 1360/1360/1360
f 1359/1359/1359 1360/1360/1360 1378/1378/1378
f 1359/1359/1359 1378/1378/1378 1377/1377/1377
f 1332/1332/1332 1334/1334/1334 1359/1359/1359
f 1332/1332/1332 1359/1359/1359 1358/1358/1358
f 1330/1330/1330 1332/1332/1332 1358/1358/1358
f 1330/1330/1330 1358/1358/1358 1357/1357/1357
f 1328/1328/1328 1330/1330/1330 1357/1357/1357
f 1328/1328/1328 1357/1357/1357 1356/1356/1356
f 1326/1326/1326 1328/1328/1328 1356/1356/1356
f 1326/1326/1326 1356/1356/1356 1355/1355/1355
f 1324/1324/1324 1326/1326/1326 1355/1355/1355
f 1324/1324/1324 1355/1355/1355 1354/1354/1354
f 1322/1322/1322 1324/1324/1324 1354/1354/1354
f 1322/1322/1322 1354/1354/1354 1353/1353/1353
f 1320/1320/1320 1322/1322/1322 1353/1353/1353
f 1320/1320/1320 1353/1353/1353 1352/1352/1352
f 1318/1318/1318 1320/1320/1320 1352/1352/1352
f 1318/1318/1318 1352/1352/1352 1351/1351/1351
f 1316/1316/1316 1318/1318/1318 1351/1351/1351
f 1316/1316/1316 1351/1351/1351 1350/1350/1350
f 1314/1314/1314 1316/1316/1316 1350/1350/1350
f 1314/1314/1314 1350/1350/1350 1349/1349/1349
f 1310/1310/1310 1314/1314/1314 1349/1349/1349
f 1310/1310/1310 1349/1349/1349 1347/1347/1347
f 1309/1309/1309 1313/1313/1313 1348/1348/1348
f 1309/1309/1309 1348/1348/1348 1346/1346/1346
f 1313/1313/1313 1310/1310/1310 1347/1347/1347
f 1313/1313/1313 1347/1347/1347 1348/1348/1348
f 1229/1229/1229 1309/1309/1309 1346/1346/1346
f 1229/1229/1229 1346/1346/1346 1250/1250/1250
f 1362/1362/1362 1363/1363/1363 1381/1381/1381
f 1362/1362/1362 1381/1381/1381 1380/1380/1380
f 1361/1361/1361 1362/1362/1362 1380/1380/1380
f 1361/1361/1361 1380/1380/1380 1379/1379/1379
f 1360/1360/1360 1361/1361/1361 1379/1379/1379
f 1360/1360/1360 1379/1379/1379 1378/1378/1378
f 1358/1358/1358 1359/1359/1359 1377/1377/1377
f 1358/1358/1358 1377/1377/1377 1376/1376/1376
f 1357/1357/1357 1358/1358/1358 1376/1376/1376
f 1357/1357/1357 1376/1376/1376 1375/1375/1375
f 1356/1356/1356 1357/1357/1357 1375/1375/1375
f 1356/1356/1356 1375/1375/1375 1374/1374/1374
f 1355/1355/1355 1356/1356/1356 1374/1374/1374
f 1355/1355/1355 1374/1374/1374 1373/1373/1373
f 1354/1354/1354 1355/1355/1355 1373/1373/1373
f 1354/1354/1354 1373/1373/1373 1372/1372/1372
f 1353/1353/1353 1354/1354/1354 1372/1372/1372
f 1353/1353/1353 1372/1372/1372 1371/1371/1371
f 1352/1352/1352 1353/1353/1353 1371/1371/1371
f 1352/1352/1352 1371/1371/1371 1370/1370/1370
f 1351/1351/1351 1352/1352/1352 1370/1370/1370
f 1351/1351/1351 1370/1370/1370 1369/1369/1369
f 1350/1350/1350 1351/1351/1351 1369/1369/1369
f 1350/1350/1350 1369/1369/1369 1368/1368/1368
f 1349/1349/1349 1350/1350/1350 1368/1368/1368
f 1349/1349/1349 1368/1368/1368 1367/1367/1367
f 1347/1347/1347 1349/1349/1349 1367/1367/1367
f 1347/1347/1347 1367/1367/1367 1366/1366/1366
f 1346/1346/1346 1348/1348/1348 1383/1383/1383
f 1346/1346/1346 1383/1383/1383 1365/1365/1365
f 1348/1348/1348 1347/1347/1347 1366/1366/1366
f 1348/1348/1348 1366/1366/1366 1383/1383/1383
f 1250/1250/1250 1346/1346/1346 1365/1365/1365
f 1250/1250/1250 1365/1365/1365 1268/1268/1268
f 1335/1335/1335 1377/1377/1377 1378/1378/1378
f 1335/1335/1335 1378/1378/1378 1337/1337/1337
f 1306/1306/1306 1231/1231/1231 1308/1308/1308
f 1306/1306/1306 1308/1308/1308 1403/1403/1403
f 1421/1421/1421 1312/1312/1312 1311/1311/1311
f 1421/1421/1421 1311/1311/1311 1404/1404/1404
f 1403/1403/1403 1308/1308/1308 1312/1312/1312
f 1403/1403/1403 1312/1312/1312 1421/1421/1421
f 1404/1404/1404 1311/1311/1311 1315/1315/1315
f 1404/1404/1404 1315/1315/1315 1405/1405/1405
f 1405/1405/1405 1315/1315/1315 1317/1317/1317
f 1405/1405/1405 1317/1317/1317 1406/1406/1406
f 1406/1406/1406 1317/1317/1317 1319/1319/1319
f 1406/1406/1406 1319/1319/1319 1407/1407/1407
f 1407/1407/1407 1319/1319/1319 1321/1321/1321
f 1407/1407/1407 1321/1321/1321 1408/1408/1408
f 1408/1408/1408 1321/1321/1321 1323/1323/1323
f 1408/1408/1408 1323/1323/1323 1409/1409/1409
f 1409/1409/1409 1323/1323/1323 1325/1325/1325
f 1409/1409/1409 1325/1325/1325 1410/1410/1410
f 1410/1410/1410 1325/1325/1325 1327/1327/1327
f 1410/1410/1410 1327/1327/1327 1411/1411/1411
f 1411/1411/1411 1327/1327/1327 1329/1329/1329
f 1411/1411/1411 1329/1329/1329 1412/1412/1412
f 1412/1412/1412 1329/1329/1329 1331/1331/1331
f 1412/1412/1412 1331/1331/1331 1413/1413/1413
f 1413/1413/1413 1331/1331/1331 1333/1333/1333
f 1413/1413/1413 1333/1333/1333 1414/1414/1414
f 1414/1414/1414 1333/1333/1333 1335/1335/1335
f 1414/1414/1414 1335/1335/1335 1415/1415/1415
f 1334/1334/1334 1397/1397/1397 1398/1398/1398
f 1334/1334/1334 1398/1398/1398 1336/1336/1336
f 1416/1416/1416 1337/1337/1337 1339/1339/1339
f 1416/1416/1416 1339/1339/1339 1417/1417/1417
f 1417/1417/1417 1339/1339/1339 1341/1341/1341
f 1417/1417/1417 1341/1341/1341 1418/1418/1418
f 1418/1418/1418 1341/1341/1341 1344/1344/1344
f 1418/1418/1418 1344/1344/1344 1419/1419/1419
f 1340/1340/1340 1400/1400/1400 1401/1401/1401
f 1340/1340/1340 1401/1401/1401 1342/1342/1342
f 1338/1338/1338 1399/1399/1399 1400/1400/1400
f 1338/1338/1338 1400/1400/1400 1340/1340/1340
f 1336/1336/1336 1398/1398/1398 1399/1399/1399
f 1336/1336/1336 1399/1399/1399 1338/1338/1338
f 1397/1397/1397 1415/1415/1415 1416/1416/1416
f 1397/1397/1397 1416/1416/1416 1398/1398/1398
f 1332/1332/1332 1396/1396/1396 1397/1397/1397
f 1332/1332/1332 1397/1397/1397 1334/1334/1334
f 1330/1330/1330 1395/1395/1395 1396/1396/1396
f 1330/1330/1330 1396/1396/1396 1332/1332/1332
f 1328/1328/1328 1394/1394/1394 1395/1395/1395
f 1328/1328/1328 1395/1395/1395 1330/1330/1330
f 1326/1326/1326 1393/1393/1393 1394/1394/1394
f 1326/1326/1326 1394/1394/1394 1328/1328/1328
f 1324/1324/1324 1392/1392/1392 1393/1393/1393
f 1324/1324/1324 1393/1393/1393 1326/1326/1326
f 1322/1322/1322 1391/1391/1391 1392/1392/1392
f 1322/1322/1322 1392/1392/1392 1324/1324/1324
f 1320/1320/1320 1390/1390/1390 1391/1391/1391
f 1320/1320/1320 1391/1391/1391 1322/1322/1322
f 1318/1318/1318 1389/1389/1389 1390/1390/1390
f 1318/1318/1318 1390/1390/1390 1320/1320/1320
f 1316/1316/1316 1388/1388/1388 1389/1389/1389
f 1316/1316/1316 1389/1389/1389 1318/1318/1318
f 1314/1314/1314 1387/1387/1387 1388/1388/1388
f 1314/1314/1314 1388/1388/1388 1316/1316/1316
f 1310/1310/1310 1385/1385/1385 1387/1387/1387
f 1310/1310/1310 1387/1387/1387 1314/1314/1314
f 1309/1309/1309 1384/1384/1384 1386/1386/1386
f 1309/1309/1309 1386/1386/1386 1313/1313/1313
f 1313/1313/1313 1386/1386/1386 1385/1385/1385
f 1313/1313/1313 1385/1385/1385 1310/1310/1310
f 1229/1229/1229 1288/1288/1288 1384/1384/1384
f 1229/1229/1229 1384/1384/1384 1309/1309/1309
f 1400/1400/1400 1418/1418/1418 1419/1419/1419
f 1400/1400/1400 1419/1419/1419 1401/1401/1401
f 1399/1399/1399 1417/1417/1417 1418/1418/1418
f 1399/1399/1399 1418/1418/1418 1400/1400/1400
f 1398/1398/1398 1416/1416/1416 1417/1417/1417
f 1398/1398/1398 1417/1417/1417 1399/1399/1399
f 1396/1396/1396 1414/1414/1414 1415/1415/1415
f 1396/1396/1396 1415/1415/1415 1397/1397/1397
f 1395/1395/1395 1413/1413/1413 1414/1414/1414
f 1395/1395/1395 1414/1414/1414 1396/1396/1396
f 1394/1394/1394 1412/1412/1412 1413/1413/1413
f 1394/1394/1394 1413/1413/1413 1395/1395/1395
f 1393/1393/1393 1411/1411/1411 1412/1412/1412
f 1393/1393/1393 1412/1412/1412 1394/1394/1394
f 1392/1392/1392 1410/1410/1410 1411/1411/1411
f 1392/1392/1392 1411/1411/1411 1393/1393/1393
f 1391/1391/1391 1409/1409/1409 1410/1410/1410
f 1391/1391/1391 1410/1410/1410 1392/1392/1392
f 1390/1390/1390 1408/1408/1408 1409/1409/1409
f 1390/1390/1390 1409/1409/1409 1391/1391/1391
f 1389/1389/1389 1407/1407/1407 1408/1408/1408
f 1389/1389/1389 1408/1408/1408 1390/1390/1390
f 1388/1388/1388 1406/1406/1406 1407/1407/1407
f 1388/1388/1388 1407/1407/1407 1389/1389/1389
f 1387/1387/1387 1405/1405/1405 1406/1406/1406
f 1387/1387/1387 1406/1406/1406 1388/1388/1388
f 1385/1385/1385 1404/1404/1404 1405/1405/1405
f 1385/1385/1385 1405/1405/1405 1387/1387/1387
f 1384/1384/1384 1403/1403/1403 1421/1421/1421
f 1384/1384/1384 1421/1421/1421 1386/1386/1386
f 1386/1386/1386 1421/1421/1421 1404/1404/1404
f 1386/1386/1386 1404/1404/1404 1385/1385/1385
f 1288/1288/1288 1306/1306/1306 1403/1403/1403
f 1288/1288/1288 1403/1403/1403 1384/1384/1384
f 1335/1335/1335 1337/1337/1337 1416/1416/1416
f 1335/1335/1335 1416/1416/1416 1415/1415/1415
f 1382/1382/1382 1476/1476/1476 1422/1422/1422
f 1382/1382/1382 1422/1422/1422 1345/1345/1345
f 1493/1493/1493 1477/1477/1477 1425/1425/1425
f 1493/1493/1493 1425/1425/1425 1426/1426/1426
f 1476/1476/1476 1493/1493/1493 1426/1426/1426
f 1476/1476/1476 1426/1426/1426 1422/1422/1422
f 1477/1477/1477 1478/1478/1478 1429/1429/1429
f 1477/1477/1477 1429/1429/1429 1425/1425/1425
f 1478/1478/1478 1479/1479/1479 1431/1431/1431
f 1478/1478/1478 1431/1431/1431 1429/1429/1429
f 1479/1479/1479 1480/1480/1480 1433/1433/1433
f 1479/1479/1479 1433/1433/1433 1431/1431/1431
f 1480/1480/1480 1481/1481/1481 1435/1435/1435
f 1480/1480/1480 1435/1435/1435 1433/1433/1433
f 1481/1481/1481 1482/1482/1482 1437/1437/1437
f 1481/1481/1481 1437/1437/1437 1435/1435/1435
f 1482/1482/1482 1483/1483/1483 1439/1439/1439
f 1482/1482/1482 1439/1439/1439 1437/1437/1437
f 1483/1483/1483 1484/1484/1484 1441/1441/1441
f 1483/1483/1483 1441/1441/1441 1439/1439/1439
f 1484/1484/1484 1485/1485/1485 1443/1443/1443
f 1484/1484/1484 1443/1443/1443 1441/1441/1441
f 1485/1485/1485 1486/1486/1486 1445/1445/1445
f 1485/1485/1485 1445/1445/1445 1443/1443/1443
f 1486/1486/1486 1487/1487/1487 1447/1447/1447
f 1486/1486/1486 1447/1447/1447 1445/1445/1445
f 1487/1487/1487 1488/1488/1488 1449/1449/1449
f 1487/1487/1487 1449/1449/1449 1447/1447/1447
f 1448/1448/1448 1450/1450/1450 1472/1472/1472
f 1448/1448/1448 1472/1472/1472 1471/1471/1471
f 1489/1489/1489 1490/1490/1490 1453/1453/1453
f 1489/1489/1489 1453/1453/1453 1451/1451/1451
f 1490/1490/1490 1491/1491/1491 1455/1455/1455
f 1490/1490/1490 1455/1455/1455 1453/1453/1453
f 1491/1491/1491 1492/1492/1492 1457/1457/1457
f 1491/1491/1491 1457/1457/1457 1455/1455/1455
f 1454/1454/1454 1456/1456/1456 1475/1475/1475
f 1454/1454/1454 1475/1475/1475 1474/1474/1474
f 1452/1452/1452 1454/1454/1454 1474/1474/1474
f 1452/1452/1452 1474/1474/1474 1473/1473/1473
f 1450/1450/1450 1452/1452/1452 1473/1473/1473
f 1450/1450/1450 1473/1473/1473 1472/1472/1472
f 1471/1471/1471 1472/1472/1472 1489/1489/1489
f 1471/1471/1471 1489/1489/1489 1488/1488/1488
f 1446/1446/1446 1448/1448/1448 1471/1471/1471
f 1446/1446/1446 1471/1471/1471 1470/1470/1470
f 1444/1444/1444 1446/1446/1446 1470/1470/1470
f 1444/1444/1444 1470/1470/1470 1469/1469/1469
f 1442/1442/1442 1444/1444/1444 1469/1469/1469
f 1442/1442/1442 1469/1469/1469 1468/1468/1468
f 1440/1440/1440 1442/1442/1442 1468/1468/1468
f 1440/1440/1440 1468/1468/1468 1467/1467/1467
f 1438/1438/1438 1440/1440/1440 1467/1467/1467
f 1438/1438/1438 1467/1467/1467 1466/1466/1466
f 1436/1436/1436 1438/1438/1438 1466/1466/1466
f 1436/1436/1436 1466/1466/1466 1465/1465/1465
f 1434/1434/1434 1436/1436/1436 1465/1465/1465
f 1434/1434/1434 1465/1465/1465 1464/1464/1464
f 1432/1432/1432 1434/1434/1434 1464/1464/1464
f 1432/1432/1432 1464/1464/1464 1463/1463/1463
f 1430/1430/1430 1432/1432/1432 1463/1463/1463
f 1430/1430/1430 1463/1463/1463 1462/1462/1462
f 1428/1428/1428 1430/1430/1430 1462/1462/1462
f 1428/1428/1428 1462/1462/1462 1461/1461/1461
f 1424/1424/1424 1428/1428/1428 1461/1461/1461
f 1424/1424/1424 1461/1461/1461 1459/1459/1459
f 1423/1423/1423 1427/1427/1427 1460/1460/1460
f 1423/1423/1423 1460/1460/1460 1458/1458/1458
f 1427/1427/1427 1424/1424/1424 1459/1459/1459
f 1427/1427/1427 1459/1459/1459 1460/1460/1460
f 1343/1343/1343 1423/1423/1423 1458/1458/1458
f 1343/1343/1343 1458/1458/1458 1364/1364/1364
f 1474/1474/1474 1475/1475/1475 1492/1492/1492
f 1474/1474/1474 1492/1492/1492 1491/1491/1491
f 1473/1473/1473 1474/1474/1474 1491/1491/1491
f 1473/1473/1473 1491/1491/1491 1490/1490/1490
f 1472/1472/1472 1473/1473/1473 1490/1490/1490
f 1472/1472/1472 1490/1490/1490 1489/1489/1489
f 1470/1470/1470 1471/1471/1471 1488/1488/1488
f 1470/1470/1470 1488/1488/1488 1487/1487/1487
f 1469/1469/1469 1470/1470/1470 1487/1487/1487
f 1469/1469/1469 1487/1487/1487 1486/1486/1486
f 1468/1468/1468 1469/1469/1469 1486/1486/1486
f 1468/1468/1468 1486/1486/1486 1485/1485/1485
f 1467/1467/1467 1468/1468/1468 1485/1485/1485
f 1467/1467/1467 1485/1485/1485 1484/1484/1484
f 1466/1466/1466 1467/1467/1467 1484/1484/1484
f 1466/1466/1466 1484/1484/1484 1483/1483/1483
f 1465/1465/1465 1466/1466/1466 1483/1483/1483
f 1465/1465/1465 1483/1483/1483 1482/1482/1482
f 1464/1464/1464 1465/1465/1465 1482/1482/1482
f 1464/1464/1464 1482/1482/1482 1481/1481/1481
f 1463/1463/1463 1464/1464/1464 1481/1481/1481
f 1463/1463/1463 1481/1481/1481 1480/1480/1480
f 1462/1462/1462 1463/1463/1463 1480/1480/1480
f 1462/1462/1462 1480/1480/1480 1479/1479/1479
f 1461/1461/1461 1462/1462/1462 1479/1479/1479
f 1461/1461/1461 1479/1479/1479 1478/1478/1478
f 1459/1459/1459 1461/1461/1461 1478/1478/1478
f 1459/1459/1459 1478/1478/1478 1477/1477/1477
f 1458/1458/1458 1460/1460/1460 1493/1493/1493
f 1458/1458/1458 1493/1493/1493 1476/1476/1476
f 1460/1460/1460 1459/1459/1459 1477/1477/1477
f 1460/1460/1460 1477/1477/1477 1493/1493/1493
f 1364/1364/1364 1458/1458/1458 1476/1476/1476
f 1364/1364/1364 1476/1476/1476 1382/1382/1382
f 1449/1449/1449 1488/1488/1488 1489/1489/1489
f 1449/1449/1449 1489/1489/1489 1451/1451/1451
f 1420/1420/1420 1345/1345/1345 1422/1422/1422
f 1420/1420/1420 1422/1422/1422 1512/1512/1512
f 1529/1529/1529 1426/1426/1426 1425/1425/1425
f 1529/1529/1529 1425/1425/1425 1513/1513/1513
f 1512/1512/1512 1422/1422/1422 1426/1426/1426
f 1512/1512/1512 1426/1426/1426 1529/1529/1529
f 1513/1513/1513 1425/1425/1425 1429/1429/1429
f 1513/1513/1513 1429/1429/1429 1514/1514/1514
f 1514/1514/1514 1429/1429/1429 1431/1431/1431
f 1514/1514/1514 1431/1431/1431 1515/1515/1515
f 1515/1515/1515 1431/1431/1431 1433/1433/1433
f 1515/1515/1515 1433/1433/1433 1516/1516/1516
f 1516/1516/1516 1433/1433/1433 1435/1435/1435
f 1516/1516/1516 1435/1435/1435 1517/1517/1517
f 1517/1517/1517 1435/1435/1435 1437/1437/1437
f 1517/1517/1517 1437/1437/1437 1518/1518/1518
f 1518/1518/1518 1437/1437/1437 1439/1439/1439
f 1518/1518/1518 1439/1439/1439 1519/1519/1519
f 1519/1519/1519 1439/1439/1439 1441/1441/1441
f 1519/1519/1519 1441/1441/1441 1520/1520/1520
f 1520/1520/1520 1441/1441/1441 1443/1443/1443
f 1520/1520/1520 1443/1443/1443 1521/1521/1521
f 1521/1521/1521 1443/1443/1443 1445/1445/1445
f 1521/1521/1521 1445/1445/1445 1522/1522/1522
f 1522/1522/1522 1445/1445/1445 1447/1447/1447
f 1522/1522/1522 1447/1447/1447 1523/1523/1523
f 1523/1523/1523 1447/1447/1447 1449/1449/1449
f 1523/1523/1523 1449/1449/1449 1524/1524/1524
f 1448/1448/1448 1507/1507/1507 1508/1508/1508
f 1448/1448/1448 1508/1508/1508 1450/1450/1450
f 1525/1525/1525 1451/1451/1451 1453/1453/1453
f 1525/1525/1525 1453/1453/1453 1526/1526/1526
f 1526/1526/1526 1453/1453/1453 1455/1455/1455
f 1526/1526/1526 1455/1455/1455 1527/1527/1527
f 1527/1527/1527 1455/1455/1455 1457/1457/1457
f 1527/1527/1527 1457/1457/1457 1528/1528/1528
f 1454/1454/1454 1510/1510/1510 1511/1511/1511
f 1454/1454/1454 1511/1511/1511 1456/1456/1456
f 1452/1452/1452 1509/1509/1509 1510/1510/1510
f 1452/1452/1452 1510/1510/1510 1454/1454/1454
f 1450/1450/1450 1508/1508/1508 1509/1509/1509
f 1450/1450/1450 1509/1509/1509 1452/1452/1452
f 1507/1507/1507 1524/1524/1524 1525/1525/1525
f 1507/1507/1507 1525/1525/1525 1508/1508/1508
f 1446/1446/1446 1506/1506/1506 1507/1507/1507
f 1446/1446/1446 1507/1507/1507 1448/1448/1448
f 1444/1444/1444 1505/1505/1505 1506/1506/1506
f 1444/1444/1444 1506/1506/1506 1446/1446/1446
f 1442/1442/1442 1504/1504/1504 1505/1505/1505
f 1442/1442/1442 1505/1505/1505 1444/1444/1444
f 1440/1440/1440 1503/1503/1503 1504/1504/1504
f 1440/1440/1440 1504/1504/1504 1442/1442/1442
f 1438/1438/1438 1502/1502/1502 1503/1503/1503
f 1438/1438/1438 1503/1503/1503 1440/1440/1440
f 1436/1436/1436 1501/1501/1501 1502/1502/1502
f 1436/1436/1436 1502/1502/1502 1438/1438/1438
f 1434/1434/1434 1500/1500/1500 1501/1501/1501
f 1434/1434/1434 1501/1501/1501 1436/1436/1436
f 1432/1432/1432 1499/1499/1499 1500/1500/1500
f 1432/1432/1432 1500/1500/1500 1434/1434/1434
f 1430/1430/1430 1498/1498/1498 1499/1499/1499
f 1430/1430/1430 1499/1499/1499 1432/1432/1432
f 1428/1428/1428 1497/1497/1497 1498/1498/1498
f 1428/1428/1428 1498/1498/1498 1430/1430/1430
f 1424/1424/1424 1495/1495/1495 1497/1497/1497
f 1424/1424/1424 1497/1497/1497 1428/1428/1428
f 1423/1423/1423 1494/1494/1494 1496/1496/1496
f 1423/1423/1423 1496/1496/1496 1427/1427/1427
f 1427/1427/1427 1496/1496/1496 1495/1495/1495
f 1427/1427/1427 1495/1495/1495 1424/1424/1424
f 1343/1343/1343 1402/1402/1402 1494/1494/1494
f 1343/1343/1343 1494/1494/1494 1423/1423/1423
f 1510/1510/1510 1527/1527/1527 1528/1528/1528
f 1510/1510/1510 1528/1528/1528 1511/1511/1511
f 1509/1509/1509 1526/1526/1526 1527/1527/1527
f 1509/1509/1509 1527/1527/1527 1510/1510/1510
f 1508/1508/1508 1525/1525/1525 1526/1526/1526
f 1508/1508/1508 1526/1526/1526 1509/1509/1509
f 1506/1506/1506 1523/1523/1523 1524/1524/1524
f 1506/1506/1506 1524/1524/1524 1507/1507/1507
f 1505/1505/1505 1522/1522/1522 1523/1523/1523
f 1505/1505/1505 1523/1523/1523 1506/1506/1506
f 1504/1504/1504 1521/1521/1521 1522/1522/1522
f 1504/1504/1504 1522/1522/1522 1505/1505/1505
f 1503/1503/1503 1520/1520/1520 1521/1521/1521
f 1503/1503/1503 1521/1521/1521 1504/1504/1504
f 1502/1502/1502 1519/1519/1519 1520/1520/1520
f 1502/1502/1502 1520/1520/1520 1503/1503/1503
f 1501/1501/1501 1518/1518/1518 1519/1519/1519
f 1501/1501/1501 1519/1519/1519 1502/1502/1502
f 1500/1500/1500 1517/1517/1517 1518/1518/1518
f 1500/1500/1500 1518/1518/1518 1501/1501/1501
f 1499/1499/1499 1516/1516/1516 1517/1517/1517
f 1499/1499/1499 1517/1517/1517 1500/1500/1500
f 1498/1498/1498 1515/1515/1515 1516/1516/1516
f 1498/1498/1498 1516/1516/1516 1499/1499/1499
f 1497/1497/1497 1514/1514/1514 1515/1515/1515
f 1497/1497/1497 1515/1515/1515 1498/1498/1498
f 1495/1495/1495 1513/1513/1513 1514/1514/1514
f 1495/1495/1495 1514/1514/1514 1497/1497/1497
f 1494/1494/1494 1512/1512/1512 1529/1529/1529
f 1494/1494/1494 1529/1529/1529 1496/1496/1496
f 1496/1496/1496 1529/1529/1529 1513/1513/1513
f 1496/1496/1496 1513/1513/1513 1495/1495/1495
f 1402/1402/1402 1420/1420/1420 1512/1512/1512
f 1402/1402/1402 1512/1512/1512 1494/1494/1494
f 1449/1449/1449 1451/1451/1451 1525/1525/1525
f 1449/1449/1449 1525/1525/1525 1524/1524/1524
f 1530/1530/1530 1531/1531/1531 1533/1533/1533
f 1530/1530/1530 1533/1533/1533 1532/1532/1532
f 1532/1532/1532 1533/1533/1533 1535/1535/1535
f 1532/1532/1532 1535/1535/1535 1534/1534/1534
f 1534/1534/1534 1535/1535/1535 1537/1537/1537
f 1534/1534/1534 1537/1537/1537 1536/1536/1536
f 1536/1536/1536 1537/1537/1537 1539/1539/1539
f 1536/1536/1536 1539/1539/1539 1538/1538/1538
f 1538/1538/1538 1539/1539/1539 1541/1541/1541
f 1538/1538/1538 1541/1541/1541 1540/1540/1540
f 1540/1540/1540 1541/1541/1541 1543/1543/1543
f 1540/1540/1540 1543/1543/1543 1542/1542/1542
f 1542/1542/1542 1543/1543/1543 1545/1545/1545
f 1542/1542/1542 1545/1545/1545 1544/1544/1544
f 1544/1544/1544 1545/1545/1545 1547/1547/1547
f 1544/1544/1544 1547/1547/1547 1546/1546/1546
f 1546/1546/1546 1547/1547/1547 1549/1549/1549
f 1546/1546/1546 1549/1549/1549 1548/1548/1548
f 1548/1548/1548 1549/1549/1549 1551/1551/1551
f 1548/1548/1548 1551/1551/1551 1550/1550/1550
f 1550/1550/1550 1551/1551/1551 1552/1552/1552
f 1551/1551/1551 1553/1553/1553 1552/1552/1552
f 1549/1549/1549 1554/1554/1554 1553/1553/1553
f 1549/1549/1549 1553/1553/1553 1551/1551/1551
f 1547/1547/1547 1555/1555/1555 1554/1554/1554
f 1547/1547/1547 1554/1554/1554 1549/1549/1549
f 1545/1545/1545 1556/1556/1556 1555/1555/1555
f 1545/1545/1545 1555/1555/1555 1547/1547/1547
f 1543/1543/1543 1557/1557/1557 1556/1556/1556
f 1543/1543/1543 1556/1556/1556 1545/1545/1545
f 1541/1541/1541 1558/1558/1558 1557/1557/1557
f 1541/1541/1541 1557/1557/1557 1543/1543/1543
f 1539/1539/1539 1559/1559/1559 1558/1558/1558
f 1539/1539/1539 1558/1558/1558 1541/1541/1541
f 1537/1537/1537 1560/1560/1560 1559/1559/1559
f 1537/1537/1537 1559/1559/1559 1539/1539/1539
f 1535/1535/1535 1561/1561/1561 1560/1560/1560
f 1535/1535/1535 1560/1560/1560 1537/1537/1537
f 1533/1533/1533 1562/1562/1562 1561/1561/1561
f 1533/1533/1533 1561/1561/1561 1535/1535/1535
f 1531/1531/1531 1563/1563/1563 1562/1562/1562
f 1531/1531/1531 1562/1562/1562 1533/1533/1533
f 1564/1564/1564 1565/1565/1565 1567/1567/1567
f 1564/1564/1564 1567/1567/1567 1566/1566/1566
f 1566/1566/1566 1567/1567/1567 1569/1569/1569
f 1566/1566/1566 1569/1569/1569 1568/1568/1568
f 1568/1568/1568 1569/1569/1569 1571/1571/1571
f 1568/1568/1568 1571/1571/1571 1570/1570/1570
f 1570/1570/1570 1571/1571/1571 1573/1573/1573
f 1570/1570/1570 1573/1573/1573 1572/1572/1572
f 1572/1572/1572 1573/1573/1573 1575/1575/1575
f 1572/1572/1572 1575/1575/1575 1574/1574/1574
f 1574/1574/1574 1575/1575/1575 1577/1577/1577
f 1574/1574/1574 1577/1577/1577 1576/1576/1576
f 1576/1576/1576 1577/1577/1577 1579/1579/1579
f 1576/1576/1576 1579/1579/1579 1578/1578/1578
f 1578/1578/1578 1579/1579/1579 1581/1581/1581
f 1578/1578/1578 1581/1581/1581 1580/1580/1580
f 1580/1580/1580 1581/1581/1581 1583/1583/1583
f 1580/1580/1580 1583/1583/1583 1582/1582/1582
f 1582/1582/1582 1583/1583/1583 1585/1585/1585
f 1582/1582/1582 1585/1585/1585 1584/1584/1584
f 1584/1584/1584 1585/1585/1585 1586/1586/1586
f 1585/1585/1585 1587/1587/1587 1586/1586/1586
f 1583/1583/1583 1588/1588/1588 1587/1587/1587
f 1583/1583/1583 1587/1587/1587 1585/1585/1585
f 1581/1581/1581 1589/1589/1589 1588/1588/1588
f 1581/1581/1581 1588/1588/1588 1583/1583/1583
f 1579/1579/1579 1590/1590/1590 1589/1589/1589
f 1579/1579/1579 1589/1589/1589 1581/1581/1581
f 1577/1577/1577 1591/1591/1591 1590/1590/1590
f 1577/1577/1577 1590/1590/1590 1579/1579/1579
f 1575/1575/1575 1592/1592/1592 1591/1591/1591
f 1575/1575/1575 1591/1591/1591 1577/1577/1577
f 1573/1573/1573 1593/1593/1593 1592/1592/1592
f 1573/1573/1573 1592/1592/1592 1575/1575/1575
f 1571/1571/1571 1594/1594/1594 1593/1593/1593
f 1571/1571/1571 1593/1593/1593 1573/1573/1573
f 1569/1569/1569 1595/1595/1595 1594/1594/1594
f 1569/1569/1569 1594/1594/1594 1571/1571/1571
f 1567/1567/1567 1596/1596/1596 1595/1595/1595
f 1567/1567/1567 1595/1595/1595 1569/1569/1569
f 1565/1565/1565 1597/1597/1597 1596/1596/1596
f 1565/1565/1565 1596/1596/1596 1567/1567/1567
f 1598/1598/1598 1599/1599/1599 1601/1601/1601
f 1598/1598/1598 1601/1601/1601 1600/1600/1600
f 1600/1600/1600 1601/1601/1601 1603/1603/1603
f 1600/1600/1600 1603/1603/1603 1602/1602/1602
f 1602/1602/1602 1603/1603/1603 1605/1605/1605
f 1602/1602/1602 1605/1605/1605 1604/1604/1604
f 1604/1604/1604 1605/1605/1605 1607/1607/1607
f 1604/1604/1604 1607/1607/1607 1606/1606/1606
f 1606/1606/1606 1607/1607/1607 1609/1609/1609
f 1606/1606/1606 1609/1609/1609 1608/1608/1608
f 1608/1608/1608 1609/1609/1609 1611/1611/1611
f 1608/1608/1608 1611/1611/1611 1610/1610/1610
f 1610/1610/1610 1611/1611/1611 1613/1613/1613
f 1610/1610/1610 1613/1613/1613 1612/1612/1612
f 1612/1612/1612 1613/1613/1613 1615/1615/1615
f 1612/1612/1612 1615/1615/1615 1614/1614/1614
f 1614/1614/1614 1615/1615/1615 1617/1617/1617
f 1614/1614/1614 1617/1617/1617 1616/1616/1616
f 1616/1616/1616 1617/1617/1617 1619/1619/1619
f 1616/1616/1616 1619/1619/1619 1618/1618/1618
f 1618/1618/1618 1619/1619/1619 1620/1620/1620
f 1619/1619/1619 1621/1621/1621 1620/1620/1620
f 1617/1617/1617 1622/1622/1622 1621/1621/1621
f 1617/1617/1617 1621/1621/1621 1619/1619/1619
f 1615/1615/1615 1623/1623/1623 1622/1622/1622
f 1615/1615/1615 1622/1622/1622 1617/1617/1617
f 1613/1613/1613 1624/1624/1624 1623/1623/1623
f 1613/1613/1613 1623/1623/1623 1615/1615/1615
f 1611/1611/1611 1625/1625/1625 1624/1624/1624
f 1611/1611/1611 1624/1624/1624 1613/1613/1613
f 1609/1609/1609 1626/1626/1626 1625/1625/1625
f 1609/1609/1609 1625/1625/1625 1611/1611/1611
f 1607/1607/1607 1627/1627/1627 1626/1626/1626
f 1607/1607/1607 1626/1626/1626 1609/1609/1609
f 1605/1605/1605 1628/1628/1628 1627/1627/1627
f 1605/1605/1605 1627/1627/1627 1607/1607/1607
f 1603/1603/1603 1629/1629/1629 1628/1628/1628
f 1603/1603/1603 1628/1628/1628 1605/1605/1605
f 1601/1601/1601 1630/1630/1630 1629/1629/1629
f 1601/1601/1601 1629/1629/1629 1603/1603/1603
f 1599/1599/1599 1631/1631/1631 1630/1630/1630
f 1599/1599/1599 1630/1630/1630 1601/1601/1601
f 1632/1632/1632 1633/1633/1633 1635/1635/1635
f 1632/1632/1632 1635/1635/1635 1634/1634/1634
f 1634/1634/1634 1635/1635/1635 1637/1637/1637
f 1634/1634/1634 1637/1637/1637 1636/1636/1636
f 1636/1636/1636 1637/1637/1637 1639/1639/1639
f 1636/1636/1636 1639/1639/1639 1638/1638/1638
f 1638/1638/1638 1639/1639/1639 1641/1641/1641
f 1638/1638/1638 1641/1641/1641 1640/1640/1640
f 1640/1640/1640 1641/1641/1641 1643/1643/1643
f 1640/1640/1640 1643/1643/1643 1642/1642/1642
f 1643/1643/1643 1644/1644/1644 1657/1657/1657
f 1643/1643/1643 1657/1657/1657 1645/1645/1645
f 1641/1641/1641 1658/1658/1658 1644/1644/1644
f 1641/1641/1641 1644/1644/1644 1643/1643/1643
f 1646/1646/1646 1643/1643/1643 1645/1645/1645
f 1646/1646/1646 1645/1645/1645 1647/1647/1647
f 1647/1647/1647 1645/1645/1645 1649/1649/1649
f 1647/1647/1647 1649/1649/1649 1648/1648/1648
f 1648/1648/1648 1649/1649/1649 1651/1651/1651
f 1648/1648/1648 1651/1651/1651 1650/1650/1650
f 1650/1650/1650 1651/1651/1651 1653/1653/1653
f 1650/1650/1650 1653/1653/1653 1652/1652/1652
f 1651/1651/1651 1655/1655/1655 1654/1654/1654
f 1651/1651/1651 1654/1654/1654 1653/1653/1653
f 1649/1649/1649 1656/1656/1656 1655/1655/1655
f 1649/1649/1649 1655/1655/1655 1651/1651/1651
f 1645/1645/1645 1657/1657/1657 1656/1656/1656
f 1645/1645/1645 1656/1656/1656 1649/1649/1649
f 1639/1639/1639 1659/1659/1659 1658/1658/1658
f 1639/1639/1639 1658/1658/1658 1641/1641/1641
f 1637/1637/1637 1660/1660/1660 1659/1659/1659
f 1637/1637/1637 1659/1659/1659 1639/1639/1639
f 1635/1635/1635 1661/1661/1661 1660/1660/1660
f 1635/1635/1635 1660/1660/1660 1637/1637/1637
f 1633/1633/1633 1662/1662/1662 1661/1661/1661
f 1633/1633/1633 1661/1661/1661 1635/1635/1635
f 1663/1663/1663 1664/1664/1664 1666/1666/1666
f 1663/1663/1663 1666/1666/1666 1665/1665/1665
f 1665/1665/1665 1666/1666/1666 1668/1668/1668
f 1665/1665/1665 1668/1668/1668 1667/1667/1667
f 1667/1667/1667 1668/1668/1668 1670/1670/1670
f 1667/1667/1667 1670/1670/1670 1669/1669/1669
f 1669/1669/1669 1670/1670/1670 1672/1672/1672
f 1669/1669/1669 1672/1672/1672 1671/1671/1671
f 1671/1671/1671 1672/1672/1672 1674/1674/1674
f 1671/1671/1671 1674/1674/1674 1673/1673/1673
f 1673/1673/1673 1674/1674/1674 1676/1676/1676
f 1673/1673/1673 1676/1676/1676 1675/1675/1675
f 1675/1675/1675 1676/1676/1676 1678/1678/1678
f 1675/1675/1675 1678/1678/1678 1677/1677/1677
f 1677/1677/1677 1678/1678/1678 1680/1680/1680
f 1677/1677/1677 1680/1680/1680 1679/1679/1679
f 1679/1679/1679 1680/1680/1680 1682/1682/1682
f 1679/1679/1679 1682/1682/1682 1681/1681/1681
f 1680/1680/1680 1684/1684/1684 1683/1683/1683
f 1680/1680/1680 1683/1683/1683 1682/1682/1682
f 1678/1678/1678 1685/1685/1685 1684/1684/1684
f 1678/1678/1678 1684/1684/1684 1680/1680/1680
f 1676/1676/1676 1686/1686/1686 1685/1685/1685
f 1676/1676/1676 1685/1685/1685 1678/1678/1678
f 1674/1674/1674 1687/1687/1687 1686/1686/1686
f 1674/1674/1674 1686/1686/1686 1676/1676/1676
f 1672/1672/1672 1688/1688/1688 1687/1687/1687
f 1672/1672/1672 1687/1687/1687 1674/1674/1674
f 1670/1670/1670 1689/1689/1689 1688/1688/1688
f 1670/1670/1670 1688/1688/1688 1672/1672/1672
f 1668/1668/1668 1690/1690/1690 1689/1689/1689
f 1668/1668/1668 1689/1689/1689 1670/1670/1670
f 1666/1666/1666 1691/1691/1691 1690/1690/1690
f 1666/1666/1666 1690/1690/1690 1668/1668/1668
f 1664/1664/1664 1692/1692/1692 1691/1691/1691
f 1664/1664/1664 1691/1691/1691 1666/1666/1666
f 1693/1693/1693 1694/1694/1694 1696/1696/1696
f 1693/1693/1693 1696/1696/1696 1695/1695/1695
f 1695/1695/1695 1696/1696/1696 1698/1698/1698
f 1695/1695/1695 1698/1698/1698 1697/1697/1697
f 1697/1697/1697 1698/1698/1698 1700/1700/1700
f 1697/1697/1697 1700/1700/1700 1699/1699/1699
f 1699/1699/1699 1700/1700/1700 1702/1702/1702
f 1699/1699/1699 1702/1702/1702 1701/1701/1701
f 1701/1701/1701 1702/1702/1702 1704/1704/1704
f 1701/1701/1701 1704/1704/1704 1703/1703/1703
f 1703/1703/1703 1704/1704/1704 1706/1706/1706
f 1703/1703/1703 1706/1706/1706 1705/1705/1705
f 1705/1705/1705 1706/1706/1706 1708/1708/1708
f 1705/1705/1705 1708/1708/1708 1707/1707/1707
f 1707/1707/1707 1708/1708/1708 1710/1710/1710
f 1707/1707/1707 1710/1710/1710 1709/1709/1709
f 1709/1709/1709 1710/1710/1710 1712/1712/1712
f 1709/1709/1709 1712/1712/1712 1711/1711/1711
f 1711/1711/1711 1712/1712/1712 1714/1714/1714
f 1711/1711/1711 1714/1714/1714 1713/1713/1713
f 1713/1713/1713 1714/1714/1714 1715/1715/1715
f 1714/1714/1714 1716/1716/1716 1715/1715/1715
f 1712/1712/1712 1717/1717/1717 1716/1716/1716
f 1712/1712/1712 1716/1716/1716 1714/1714/1714
f 1710/1710/1710 1718/1718/1718 1717/1717/1717
f 1710/1710/1710 1717/1717/1717 1712/1712/1712
f 1708/1708/1708 1719/1719/1719 1718/1718/1718
f 1708/1708/1708 1718/1718/1718 1710/1710/1710
f 1706/1706/1706 1720/1720/1720 1719/1719/1719
f 1706/1706/1706 1719/1719/1719 1708/1708/1708
f 1704/1704/1704 1721/1721/1721 1720/1720/1720
f 1704/1704/1704 1720/1720/1720 1706/1706/1706
f 1702/1702/1702 1722/1722/1722 1721/1721/1721
f 1702/1702/1702 1721/1721/1721 1704/1704/1704
f 1700/1700/1700 1723/1723/1723 1722/1722/1722
f 1700/1700/1700 1722/1722/1722 1702/1702/1702
f 1698/1698/1698 1724/1724/1724 1723/1723/1723
f 1698/1698/1698 1723/1723/1723 1700/1700/1700
f 1696/1696/1696 1725/1725/1725 1724/1724/1724
f 1696/1696/1696 1724/1724/1724 1698/1698/1698
f 1694/1694/1694 1726/1726/1726 1725/1725/1725
f 1694/1694/1694 1725/1725/1725 1696/1696/1696
f 1727/1727/1727 1728/1728/1728 1730/1730/1730
f 1727/1727/1727 1730/1730/1730 1729/1729/1729
f 1729/1729/1729 1730/1730/1730 1732/1732/1732
f 1729/1729/1729 1732/1732/1732 1731/1731/1731
f 1731/1731/1731 1732/1732/1732 1734/1734/1734
f 1731/1731/1731 1734/1734/1734 1733/1733/1733
f 1733/1733/1733 1734/1734/1734 1736/1736/1736
f 1733/1733/1733 1736/1736/1736 1735/1735/1735
f 1735/1735/1735 1736/1736/1736 1738/1738/1738
f 1735/1735/1735 1738/1738/1738 1737/1737/1737
f 1737/1737/1737 1738/1738/1738 1740/1740/1740
f 1737/1737/1737 1740/1740/1740 1739/1739/1739
f 1739/1739/1739 1740/1740/1740 1742/1742/1742
f 1739/1739/1739 1742/1742/1742 1741/1741/1741
f 1741/1741/1741 1742/1742/1742 1744/1744/1744
f 1741/1741/1741 1744/1744/1744 1743/1743/1743
f 1743/1743/1743 1744/1744/1744 1746/1746/1746
f 1743/1743/1743 1746/1746/1746 1745/1745/1745
f 1745/1745/1745 1746/1746/1746 1748/1748/1748
f 1745/1745/1745 1748/1748/1748 1747/1747/1747
f 1747/1747/1747 1748/1748/1748 1749/1749/1749
f 1748/1748/1748 1750/1750/1750 1749/1749/1749
f 1746/1746/1746 1751/1751/1751 1750/1750/1750
f 1746/1746/1746 1750/1750/1750 1748/1748/1748
f 1744/1744/1744 1752/1752/1752 1751/1751/1751
f 1744/1744/1744 1751/1751/1751 1746/1746/1746
f 1742/1742/1742 1753/1753/1753 1752/1752/1752
f 1742/1742/1742 1752/1752/1752 1744/1744/1744
f 1740/1740/1740 1754/1754/1754 1753/1753/1753
f 1740/1740/1740 1753/1753/1753 1742/1742/1742
f 1738/1738/1738 1755/1755/1755 1754/1754/1754
f 1738/1738/1738 1754/1754/1754 1740/1740/1740
f 1736/1736/1736 1756/1756/1756 1755/1755/1755
f 1736/1736/1736 1755/1755/1755 1738/1738/1738
f 1734/1734/1734 1757/1757/1757 1756/1756/1756
f 1734/1734/1734 1756/1756/1756 1736/1736/1736
f 1732/1732/1732 1758/1758/1758 1757/1757/1757
f 1732/1732/1732 1757/1757/1757 1734/1734/1734
f 1730/1730/1730 1759/1759/1759 1758/1758/1758
f 1730/1730/1730 1758/1758/1758 1732/1732/1732
f 1728/1728/1728 1760/1760/1760 1759/1759/1759
f 1728/1728/1728 1759/1759/1759 1730/1730/1730
f 1761/1761/1761 1762/1762/1762 1764/1764/1764
f 1761/1761/1761 1764/1764/1764 1763/1763/1763
f 1763/1763/1763 1764/1764/1764 1766/1766/1766
f 1763/1763/1763 1766/1766/1766 1765/1765/1765
f 1765/1765/1765 1766/1766/1766 1768/1768/1768
f 1765/1765/1765 1768/1768/1768 1767/1767/1767
f 1767/1767/1767 1768/1768/1768 1770/1770/1770
f 1767/1767/1767 1770/1770/1770 1769/1769/1769
f 1769/1769/1769 1770/1770/1770 1772/1772/1772
f 1769/1769/1769 1772/1772/1772 1771/1771/1771
f 1771/1771/1771 1772/1772/1772 1774/1774/1774
f 1771/1771/1771 1774/1774/1774 1773/1773/1773
f 1773/1773/1773 1774/1774/1774 1776/1776/1776
f 1773/1773/1773 1776/1776/1776 1775/1775/1775
f 1775/1775/1775 1776/1776/1776 1778/1778/1778
f 1775/1775/1775 1778/1778/1778 1777/1777/1777
f 1777/1777/1777 1778/1778/1778 1780/1780/1780
f 1777/1777/1777 1780/1780/1780 1779/1779/1779
f 1778/1778/1778 1782/1782/1782 1781/1781/1781
f 1778/1778/1778 1781/1781/1781 1780/1780/1780
f 1776/1776/1776 1783/1783/1783 1782/1782/1782
f 1776/1776/1776 1782/1782/1782 1778/1778/1778
f 1774/1774/1774 1784/1784/1784 1783/1783/1783
f 1774/1774/1774 1783/1783/1783 1776/1776/1776
f 1772/1772/1772 1785/1785/1785 1784/1784/1784
f 1772/1772/1772 1784/1784/1784 1774/1774/1774
f 1770/1770/1770 1786/1786/1786 1785/1785/1785
f 1770/1770/1770 1785/1785/1785 1772/1772/1772
f 1768/1768/1768 1787/1787/1787 1786/1786/1786
f 1768/1768/1768 1786/1786/1786 1770/1770/1770
f 1766/1766/1766 1788/1788/1788 1787/1787/1787
f 1766/1766/1766 1787/1787/1787 1768/1768/1768
f 1764/1764/1764 1789/1789/1789 1788/1788/1788
f 1764/1764/1764 1788/1788/1788 1766/1766/1766
f 1762/1762/1762 1790/1790/1790 1789/1789/1789
f 1762/1762/1762 1789/1789/1789 1764/1764/1764
f 1791/1791/1791 1792/1792/1792 1794/1794/1794
f 1791/1791/1791 1794/1794/1794 1793/1793/1793
f 1793/1793/1793 1794/1794/1794 1796/1796/1796
f 1793/1793/1793 1796/1796/1796 1795/1795/1795
f 1795/1795/1795 1796/1796/1796 1798/1798/1798
f 1795/1795/1795 1798/1798/1798 1797/1797/1797
f 1797/1797/1797 1798/1798/1798 1800/1800/1800
f 1797/1797/1797 1800/1800/1800 1799/1799/1799
f 1799/1799/1799 1800/1800/1800 1802/1802/1802
f 1799/1799/1799 1802/1802/1802 1801/1801/1801
f 1801/1801/1801 1802/1802/1802 1804/1804/1804
f 1801/1801/1801 1804/1804/1804 1803/1803/1803
f 1803/1803/1803 1804/1804/1804 1806/1806/1806
f 1803/1803/1803 1806/1806/1806 1805/1805/1805
f 1805/1805/1805 1806/1806/1806 1808/1808/1808
f 1805/1805/1805 1808/1808/1808 1807/1807/1807
f 1807/1807/1807 1808/1808/1808 1810/1810/1810
f 1807/1807/1807 1810/1810/1810 1809/1809/1809
f 1809/1809/1809 1810/1810/1810 1812/1812/1812
f 1809/1809/1809 1812/1812/1812 1811/1811/1811
f 1811/1811/1811 1812/1812/1812 1813/1813/1813
f 1812/1812/1812 1814/1814/1814 1813/1813/1813
f 1810/1810/1810 1815/1815/1815 1814/1814/1814
f 1810/1810/1810 1814/1814/1814 1812/1812/1812
f 1808/1808/1808 1816/1816/1816 1815/1815/1815
f 1808/1808/1808 1815/1815/1815 1810/1810/1810
f 1806/1806/1806 1817/1817/1817 1816/1816/1816
f 1806/1806/1806 1816/1816/1816 1808/1808/1808
f 1804/1804/1804 1818/1818/1818 1817/1817/1817
f 1804/1804/1804 1817/1817/1817 1806/1806/1806
f 1802/1802/1802 1819/1819/1819 1818/1818/1818
f 1802/1802/1802 1818/1818/1818 1804/1804/1804
f 1800/1800/1800 1820/1820/1820 1819/1819/1819
f 1800/1800/1800 1819/1819/1819 1802/1802/1802
f 1798/1798/1798 1821/1821/1821 1820/1820/1820
f 1798/1798/1798 1820/1820/1820 1800/1800/1800
f 1796/1796/1796 1822/1822/1822 1821/1821/1821
f 1796/1796/1796 1821/1821/1821 1798/1798/1798
f 1794/1794/1794 1823/1823/1823 1822/1822/1822
f 1794/1794/1794 1822/1822/1822 1796/1796/1796
f 1792/1792/1792 1824/1824/1824 1823/1823/1823
f 1792/1792/1792 1823/1823/1823 1794/1794/1794
f 1825/1825/1825 1826/1826/1826 1829/1829/1829
f 1825/1825/1825 1829/1829/1829 1828/1828/1828
f 1826/1826/1826 1825/1825/1825 1827/1827/1827
f 1826/1826/1826 1827/1827/1827 1848/1848/1848
f 1828/1828/1828 1829/1829/1829 1831/1831/1831
f 1828/1828/1828 1831/1831/1831 1830/1830/1830
f 1830/1830/1830 1831/1831/1831 1833/1833/1833
f 1830/1830/1830 1833/1833/1833 1832/1832/1832
f 1832/1832/1832 1833/1833/1833 1835/1835/1835
f 1832/1832/1832 1835/1835/1835 1834/1834/1834
f 1834/1834/1834 1835/1835/1835 1837/1837/1837
f 1834/1834/1834 1837/1837/1837 1836/1836/1836
f 1836/1836/1836 1837/1837/1837 1839/1839/1839
f 1836/1836/1836 1839/1839/1839 1838/1838/1838
f 1837/1837/1837 1841/1841/1841 1840/1840/1840
f 1837/1837/1837 1840/1840/1840 1839/1839/1839
f 1835/1835/1835 1842/1842/1842 1841/1841/1841
f 1835/1835/1835 1841/1841/1841 1837/1837/1837
f 1833/1833/1833 1843/1843/1843 1842/1842/1842
f 1833/1833/1833 1842/1842/1842 1835/1835/1835
f 1831/1831/1831 1844/1844/1844 1843/1843/1843
f 1831/1831/1831 1843/1843/1843 1833/1833/1833
f 1829/1829/1829 1845/1845/1845 1844/1844/1844
f 1829/1829/1829 1844/1844/1844 1831/1831/1831
f 1826/1826/1826 1846/1846/1846 1845/1845/1845
f 1826/1826/1826 1845/1845/1845 1829/1829/1829
f 1846/1846/1846 1826/1826/1826 1848/1848/1848
f 1846/1846/1846 1848/1848/1848 1847/1847/1847
f 1849/1849/1849 1850/1850/1850 1853/1853/1853
f 1849/1849/1849 1853/1853/1853 1852/1852/1852
f 1850/1850/1850 1849/1849/1849 1851/1851/1851
f 1850/1850/1850 1851/1851/1851 1872/1872/1872
f 1852/1852/1852 1853/1853/1853 1855/1855/1855
f 1852/1852/1852 1855/1855/1855 1854/1854/1854
f 1854/1854/1854 1855/1855/1855 1857/1857/1857
f 1854/1854/1854 1857/1857/1857 1856/1856/1856
f 1856/1856/1856 1857/1857/1857 1859/1859/1859
f 1856/1856/1856 1859/1859/1859 1858/1858/1858
f 1858/1858/1858 1859/1859/1859 1861/1861/1861
f 1858/1858/1858 1861/1861/1861 1860/1860/1860
f 1860/1860/1860 1861/1861/1861 1863/1863/1863
f 1860/1860/1860 1863/1863/1863 1862/1862/1862
f 1861/1861/1861 1865/1865/1865 1864/1864/1864
f 1861/1861/1861 1864/1864/1864 1863/1863/1863
f 1859/1859/1859 1866/1866/1866 1865/1865/1865
f 1859/1859/1859 1865/1865/1865 1861/1861/1861
f 1857/1857/1857 1867/1867/1867 1866/1866/1866
f 1857/1857/1857 1866/1866/1866 1859/1859/1859
f 1855/1855/1855 1868/1868/1868 1867/1867/1867
f 1855/1855/1855 1867/1867/1867 1857/1857/1857
f 1853/1853/1853 1869/1869/1869 1868/1868/1868
f 1853/1853/1853 1868/1868/1868 1855/1855/1855
f 1850/1850/1850 1870/1870/1870 1869/1869/1869
f 1850/1850/1850 1869/1869/1869 1853/1853/1853
f 1870/1870/1870 1850/1850/1850 1872/1872/1872
f 1870/1870/1870 1872/1872/1872 1871/1871/1871
f 1873/1873/1873 1874/1874/1874 1877/1877/1877
f 1873/1873/1873 1877/1877/1877 1876/1876/1876
f 1874/1874/1874 1873/1873/1873 1875/1875/1875
f 1874/1874/1874 1875/1875/1875 1896/1896/1896
f 1876/1876/1876 1877/1877/1877 1879/1879/1879
f 1876/1876/1876 1879/1879/1879 1878/1878/1878
f 1878/1878/1878 1879/1879/1879 1881/1881/1881
f 1878/1878/1878 1881/1881/1881 1880/1880/1880
f 1880/1880/1880 1881/1881/1881 1883/1883/1883
f 1880/1880/1880 1883/1883/1883 1882/1882/1882
f 1882/1882/1882 1883/1883/1883 1885/1885/1885
f 1882/1882/1882 1885/1885/1885 1884/1884/1884
f 1884/1884/1884 1885/1885/1885 1887/1887/1887
f 1884/1884/1884 1887/1887/1887 1886/1886/1886
f 1885/1885/1885 1889/1889/1889 1888/1888/1888
f 1885/1885/1885 1888/1888/1888 1887/1887/1887
f 1883/1883/1883 1890/1890/1890 1889/1889/1889
f 1883/1883/1883 1889/1889/1889 1885/1885/1885
f 1881/1881/1881 1891/1891/1891 1890/1890/1890
f 1881/1881/1881 1890/1890/1890 1883/1883/1883
f 1879/1879/1879 1892/1892/1892 1891/1891/1891
f 1879/1879/1879 1891/1891/1891 1881/1881/1881
f 1877/1877/1877 1893/1893/1893 1892/1892/1892
f 1877/1877/1877 1892/1892/1892 1879/1879/1879
f 1874/1874/1874 1894/1894/1894 1893/1893/1893
f 1874/1874/1874 1893/1893/1893 1877/1877/1877
f 1894/1894/1894 1874/1874/1874 1896/1896/1896
f 1894/1894/1894 1896/1896/1896 1895/1895/1895
f 1914/1914/1914 1898/1898/1898 1899/1899/1899
f 1914/1914/1914 1899/1899/1899 1915/1915/1915
f 1917/1917/1917 1903/1903/1903 1901/1901/1901
f 1917/1917/1917 1901/1901/1901 1916/1916/1916
f 1915/1915/1915 1899/1899/1899 1903/1903/1903
f 1915/1915/1915 1903/1903/1903 1917/1917/1917
f 1916/1916/1916 1901/1901/1901 1905/1905/1905
f 1916/1916/1916 1905/1905/1905 1918/1918/1918
f 1918/1918/1918 1905/1905/1905 1907/1907/1907
f 1918/1918/1918 1907/1907/1907 1919/1919/1919
f 1919/1919/1919 1907/1907/1907 1909/1909/1909
f 1919/1919/1919 1909/1909/1909 1920/1920/1920
f 1920/1920/1920 1909/1909/1909 1911/1911/1911
f 1920/1920/1920 1911/1911/1911 1921/1921/1921
f 1921/1921/1921 1911/1911/1911 1913/1913/1913
f 1912/1912/1912 1921/1921/1921 1913/1913/1913
f 1910/1910/1910 1920/1920/1920 1921/1921/1921
f 1910/1910/1910 1921/1921/1921 1912/1912/1912
f 1908/1908/1908 1919/1919/1919 1920/1920/1920
f 1908/1908/1908 1920/1920/1920 1910/1910/1910
f 1906/1906/1906 1918/1918/1918 1919/1919/1919
f 1906/1906/1906 1919/1919/1919 1908/1908/1908
f 1902/1902/1902 1916/1916/1916 1918/1918/1918
f 1902/1902/1902 1918/1918/1918 1906/1906/1906
f 1900/1900/1900 1915/1915/1915 1917/1917/1917
f 1900/1900/1900 1917/1917/1917 1904/1904/1904
f 1904/1904/1904 1917/1917/1917 1916/1916/1916
f 1904/1904/1904 1916/1916/1916 1902/1902/1902
f 1897/1897/1897 1914/1914/1914 1915/1915/1915
f 1897/1897/1897 1915/1915/1915 1900/1900/1900
f 1939/1939/1939 1923/1923/1923 1924/1924/1924
f 1939/1939/1939 1924/1924/1924 1940/1940/1940
f 1942/1942/1942 1928/1928/1928 1926/1926/1926
f 1942/1942/1942 1926/1926/1926 1941/1941/1941
f 1940/1940/1940 1924/1924/1924 1928/1928/1928
f 1940/1940/1940 1928/1928/1928 1942/1942/1942
f 1941/1941/1941 1926/1926/1926 1930/1930/1930
f 1941/1941/1941 1930/1930/1930 1943/1943/1943
f 1943/1943/1943 1930/1930/1930 1932/1932/1932
f 1943/1943/1943 1932/1932/1932 1944/1944/1944
f 1944/1944/1944 1932/1932/1932 1934/1934/1934
f 1944/1944/1944 1934/1934/1934 1945/1945/1945
f 1945/1945/1945 1934/1934/1934 1936/1936/1936
f 1945/1945/1945 1936/1936/1936 1946/1946/1946
f 1946/1946/1946 1936/1936/1936 1938/1938/1938
f 1937/1937/1937 1946/1946/1946 1938/1938/1938
f 1935/1935/1935 1945/1945/1945 1946/1946/1946
f 1935/1935/1935 1946/1946/1946 1937/1937/1937
f 1933/1933/1933 1944/1944/1944 1945/1945/1945
f 1933/1933/1933 1945/1945/1945 1935/1935/1935
f 1931/1931/1931 1943/1943/1943 1944/1944/1944
f 1931/1931/1931 1944/1944/1944 1933/1933/1933
f 1927/1927/1927 1941/1941/1941 1943/1943/1943
f 1927/1927/1927 1943/1943/1943 1931/1931/1931
f 1925/1925/1925 1940/1940/1940 1942/1942/1942
f 1925/1925/1925 1942/1942/1942 1929/1929/1929
f 1929/1929/1929 1942/1942/1942 1941/1941/1941
f 1929/1929/1929 1941/1941/1941 1927/1927/1927
f 1922/1922/1922 1939/1939/1939 1940/1940/1940
f 1922/1922/1922 1940/1940/1940 1925/1925/1925
f 1947/1947/1947 1948/1948/1948 1951/1951/1951
f 1947/1947/1947 1951/1951/1951 1950/1950/1950
f 1948/1948/1948 1947/1947/1947 1949/1949/1949
f 1948/1948/1948 1949/1949/1949 1970/1970/1970
f 1950/1950/1950 1951/1951/1951 1953/1953/1953
f 1950/1950/1950 1953/1953/1953 1952/1952/1952
f 1952/1952/1952 1953/1953/1953 1955/1955/1955
f 1952/1952/1952 1955/1955/1955 1954/1954/1954
f 1954/1954/1954 1955/1955/1955 1957/1957/1957
f 1954/1954/1954 1957/1957/1957 1956/1956/1956
f 1956/1956/1956 1957/1957/1957 1959/1959/1959
f 1956/1956/1956 1959/1959/1959 1958/1958/1958
f 1958/1958/1958 1959/1959/1959 1961/1961/1961
f 1958/1958/1958 1961/1961/1961 1960/1960/1960
f 1959/1959/1959 1963/1963/1963 1962/1962/1962
f 1959/1959/1959 1962/1962/1962 1961/1961/1961
f 1957/1957/1957 1964/1964/1964 1963/1963/1963
f 1957/1957/1957 1963/1963/1963 1959/1959/1959
f 1955/1955/1955 1965/1965/1965 1964/1964/1964
f 1955/1955/1955 1964/1964/1964 1957/1957/1957
f 1953/1953/1953 1966/1966/1966 1965/1965/1965
f 1953/1953/1953 1965/1965/1965 1955/1955/1955
f 1951/1951/1951 1967/1967/1967 1966/1966/1966
f 1951/1951/1951 1966/1966/1966 1953/1953/1953
f 1948/1948/1948 1968/1968/1968 1967/1967/1967
f 1948/1948/1948 1967/1967/1967 1951/1951/1951
f 1968/1968/1968 1948/1948/1948 1970/1970/1970
f 1968/1968/1968 1970/1970/1970 1969/1969/1969
f 1971/1971/1971 1972/1972/1972 1975/1975/1975
f 1971/1971/1971 1975/1975/1975 1974/1974/1974
f 1972/1972/1972 1971/1971/1971 1973/1973/1973
f 1972/1972/1972 1973/1973/1973 1994/1994/1994
f 1974/1974/1974 1975/1975/1975 1977/1977/1977
f 1974/1974/1974 1977/1977/1977 1976/1976/1976
f 1976/1976/1976 1977/1977/1977 1979/1979/1979
f 1976/1976/1976 1979/1979/1979 1978/1978/1978
f 1978/1978/1978 1979/1979/1979 1981/1981/1981
f 1978/1978/1978 1981/1981/1981 1980/1980/1980
f 1980/1980/1980 1981/1981/1981 1983/1983/1983
f 1980/1980/1980 1983/1983/1983 1982/1982/1982
f 1982/1982/1982 1983/1983/1983 1985/1985/1985
f 1982/1982/1982 1985/1985/1985 1984/1984/1984
f 1983/1983/1983 1987/1987/1987 1986/1986/1986
f 1983/1983/1983 1986/1986/1986 1985/1985/1985
f 1981/1981/1981 1988/1988/1988 1987/1987/1987
f 1981/1981/1981 1987/1987/1987 1983/1983/1983
f 1979/1979/1979 1989/1989/1989 1988/1988/1988
f 1979/1979/1979 1988/1988/1988 1981/1981/1981
f 1977/1977/1977 1990/1990/1990 1989/1989/1989
f 1977/1977/1977 1989/1989/1989 1979/1979/1979
f 1975/1975/1975 1991/1991/1991 1990/1990/1990
f 1975/1975/1975 1990/1990/1990 1977/1977/1977
f 1972/1972/1972 1992/1992/1992 1991/1991/1991
f 1972/1972/1972 1991/1991/1991 1975/1975/1975
f 1992/1992/1992 1972/1972/1972 1994/1994/1994
f 1992/1992/1992 1994/1994/1994 1993/1993/1993
f 2073/2073/2073 2055/2055/2055 1995/1995/1995
f 2073/2073/2073 1995/1995/1995 1997/1997/1997
f 2074/2074/2074 2056/2056/2056 2000/2000/2000
f 2074/2074/2074 2000/2000/2000 2001/2001/2001
f 2055/2055/2055 2074/2074/2074 2001/2001/2001
f 2055/2055/2055 2001/2001/2001 1995/1995/1995
f 2056/2056/2056 2057/2057/2057 2004/2004/2004
f 2056/2056/2056 2004/2004/2004 2000/2000/2000
f 2057/2057/2057 2058/2058/2058 2006/2006/2006
f 2057/2057/2057 2006/2006/2006 2004/2004/2004
f 2058/2058/2058 2059/2059/2059 2008/2008/2008
f 2058/2058/2058 2008/2008/2008 2006/2006/2006
f 2059/2059/2059 2060/2060/2060 2010/2010/2010
f 2059/2059/2059 2010/2010/2010 2008/2008/2008
f 2060/2060/2060 2061/2061/2061 2012/2012/2012
f 2060/2060/2060 2012/2012/2012 2010/2010/2010
f 2061/2061/2061 2062/2062/2062 2014/2014/2014
f 2061/2061/2061 2014/2014/2014 2012/2012/2012
f 2062/2062/2062 2063/2063/2063 2016/2016/2016
f 2062/2062/2062 2016/2016/2016 2014/2014/2014
f 2063/2063/2063 2064/2064/2064 2018/2018/2018
f 2063/2063/2063 2018/2018/2018 2016/2016/2016
f 2064/2064/2064 2065/2065/2065 2020/2020/2020
f 2064/2064/2064 2020/2020/2020 2018/2018/2018
f 2065/2065/2065 2066/2066/2066 2022/2022/2022
f 2065/2065/2065 2022/2022/2022 2020/2020/2020
f 2066/2066/2066 2067/2067/2067 2024/2024/2024
f 2066/2066/2066 2024/2024/2024 2022/2022/2022
f 2023/2023/2023 2025/2025/2025 2050/2050/2050
f 2023/2023/2023 2050/2050/2050 2049/2049/2049
f 2068/2068/2068 2069/2069/2069 2028/2028/2028
f 2068/2068/2068 2028/2028/2028 2026/2026/2026
f 2069/2069/2069 2070/2070/2070 2030/2030/2030
f 2069/2069/2069 2030/2030/2030 2028/2028/2028
f 2070/2070/2070 2071/2071/2071 2033/2033/2033
f 2070/2070/2070 2033/2033/2033 2030/2030/2030
f 2029/2029/2029 2031/2031/2031 2053/2053/2053
f 2029/2029/2029 2053/2053/2053 2052/2052/2052
f 2027/2027/2027 2029/2029/2029 2052/2052/2052
f 2027/2027/2027 2052/2052/2052 2051/2051/2051
f 2025/2025/2025 2027/2027/2027 2051/2051/2051
f 2025/2025/2025 2051/2051/2051 2050/2050/2050
f 2049/2049/2049 2050/2050/2050 2068/2068/2068
f 2049/2049/2049 2068/2068/2068 2067/2067/2067
f 2021/2021/2021 2023/2023/2023 2049/2049/2049
f 2021/2021/2021 2049/2049/2049 2048/2048/2048
f 2019/2019/2019 2021/2021/2021 2048/2048/2048
f 2019/2019/2019 2048/2048/2048 2047/2047/2047
f 2017/2017/2017 2019/2019/2019 2047/2047/2047
f 2017/2017/2017 2047/2047/2047 2046/2046/2046
f 2015/2015/2015 2017/2017/2017 2046/2046/2046
f 2015/2015/2015 2046/2046/2046 2045/2045/2045
f 2013/2013/2013 2015/2015/2015 2045/2045/2045
f 2013/2013/2013 2045/2045/2045 2044/2044/2044
f 2011/2011/2011 2013/2013/2013 2044/2044/2044
f 2011/2011/2011 2044/2044/2044 2043/2043/2043
f 2009/2009/2009 2011/2011/2011 2043/2043/2043
f 2009/2009/2009 2043/2043/2043 2042/2042/2042
f 2007/2007/2007 2009/2009/2009 2042/2042/2042
f 2007/2007/2007 2042/2042/2042 2041/2041/2041
f 2005/2005/2005 2007/2007/2007 2041/2041/2041
f 2005/2005/2005 2041/2041/2041 2040/2040/2040
f 2003/2003/2003 2005/2005/2005 2040/2040/2040
f 2003/2003/2003 2040/2040/2040 2039/2039/2039
f 1999/1999/1999 2003/2003/2003 2039/2039/2039
f 1999/1999/1999 2039/2039/2039 2037/2037/2037
f 1996/1996/1996 2002/2002/2002 2038/2038/2038
f 1996/1996/1996 2038/2038/2038 2036/2036/2036
f 2002/2002/2002 1999/1999/1999 2037/2037/2037
f 2002/2002/2002 2037/2037/2037 2038/2038/2038
f 1998/1998/1998 1996/1996/1996 2036/2036/2036
f 1998/1998/1998 2036/2036/2036 2035/2035/2035
f 2052/2052/2052 2053/2053/2053 2071/2071/2071
f 2052/2052/2052 2071/2071/2071 2070/2070/2070
f 2051/2051/2051 2052/2052/2052 2070/2070/2070
f 2051/2051/2051 2070/2070/2070 2069/2069/2069
f 2050/2050/2050 2051/2051/2051 2069/2069/2069
f 2050/2050/2050 2069/2069/2069 2068/2068/2068
f 2048/2048/2048 2049/2049/2049 2067/2067/2067
f 2048/2048/2048 2067/2067/2067 2066/2066/2066
f 2047/2047/2047 2048/2048/2048 2066/2066/2066
f 2047/2047/2047 2066/2066/2066 2065/2065/2065
f 2046/2046/2046 2047/2047/2047 2065/2065/2065
f 2046/2046/2046 2065/2065/2065 2064/2064/2064
f 2045/2045/2045 2046/2046/2046 2064/2064/2064
f 2045/2045/2045 2064/2064/2064 2063/2063/2063
f 2044/2044/2044 2045/2045/2045 2063/2063/2063
f 2044/2044/2044 2063/2063/2063 2062/2062/2062
f 2043/2043/2043 2044/2044/2044 2062/2062/2062
f 2043/2043/2043 2062/2062/2062 2061/2061/2061
f 2042/2042/2042 2043/2043/2043 2061/2061/2061
f 2042/2042/2042 2061/2061/2061 2060/2060/2060
f 2041/2041/2041 2042/2042/2042 2060/2060/2060
f 2041/2041/2041 2060/2060/2060 2059/2059/2059
f 2040/2040/2040 2041/2041/2041 2059/2059/2059
f 2040/2040/2040 2059/2059/2059 2058/2058/2058
f 2039/2039/2039 2040/2040/2040 2058/2058/2058
f 2039/2039/2039 2058/2058/2058 2057/2057/2057
f 2037/2037/2037 2039/2039/2039 2057/2057/2057
f 2037/2037/2037 2057/2057/2057 2056/2056/2056
f 2036/2036/2036 2038/2038/2038 2074/2074/2074
f 2036/2036/2036 2074/2074/2074 2055/2055/2055
f 2038/2038/2038 2037/2037/2037 2056/2056/2056
f 2038/2038/2038 2056/2056/2056 2074/2074/2074
f 2035/2035/2035 2036/2036/2036 2055/2055/2055
f 2035/2035/2035 2055/2055/2055 2073/2073/2073
f 2024/2024/2024 2067/2067/2067 2068/2068/2068
f 2024/2024/2024 2068/2068/2068 2026/2026/2026
f 2113/2113/2113 1997/1997/1997 1995/1995/1995
f 2113/2113/2113 1995/1995/1995 2095/2095/2095
f 2114/2114/2114 2001/2001/2001 2000/2000/2000
f 2114/2114/2114 2000/2000/2000 2096/2096/2096
f 2095/2095/2095 1995/1995/1995 2001/2001/2001
f 2095/2095/2095 2001/2001/2001 2114/2114/2114
f 2096/2096/2096 2000/2000/2000 2004/2004/2004
f 2096/2096/2096 2004/2004/2004 2097/2097/2097
f 2097/2097/2097 2004/2004/2004 2006/2006/2006
f 2097/2097/2097 2006/2006/2006 2098/2098/2098
f 2098/2098/2098 2006/2006/2006 2008/2008/2008
f 2098/2098/2098 2008/2008/2008 2099/2099/2099
f 2099/2099/2099 2008/2008/2008 2010/2010/2010
f 2099/2099/2099 2010/2010/2010 2100/2100/2100
f 2100/2100/2100 2010/2010/2010 2012/2012/2012
f 2100/2100/2100 2012/2012/2012 2101/2101/2101
f 2101/2101/2101 2012/2012/2012 2014/2014/2014
f 2101/2101/2101 2014/2014/2014 2102/2102/2102
f 2102/2102/2102 2014/2014/2014 2016/2016/2016
f 2102/2102/2102 2016/2016/2016 2103/2103/2103
f 2103/2103/2103 2016/2016/2016 2018/2018/2018
f 2103/2103/2103 2018/2018/2018 2104/2104/2104
f 2104/2104/2104 2018/2018/2018 2020/2020/2020
f 2104/2104/2104 2020/2020/2020 2105/2105/2105
f 2105/2105/2105 2020/2020/2020 2022/2022/2022
f 2105/2105/2105 2022/2022/2022 2106/2106/2106
f 2106/2106/2106 2022/2022/2022 2024/2024/2024
f 2106/2106/2106 2024/2024/2024 2107/2107/2107
f 2023/2023/2023 2089/2089/2089 2090/2090/2090
f 2023/2023/2023 2090/2090/2090 2025/2025/2025
f 2108/2108/2108 2026/2026/2026 2028/2028/2028
f 2108/2108/2108 2028/2028/2028 2109/2109/2109
f 2109/2109/2109 2028/2028/2028 2030/2030/2030
f 2109/2109/2109 2030/2030/2030 2110/2110/2110
f 2110/2110/2110 2030/2030/2030 2033/2033/2033
f 2110/2110/2110 2033/2033/2033 2111/2111/2111
f 2029/2029/2029 2092/2092/2092 2093/2093/2093
f 2029/2029/2029 2093/2093/2093 2031/2031/2031
f 2027/2027/2027 2091/2091/2091 2092/2092/2092
f 2027/2027/2027 2092/2092/2092 2029/2029/2029
f 2025/2025/2025 2090/2090/2090 2091/2091/2091
f 2025/2025/2025 2091/2091/2091 2027/2027/2027
f 2089/2089/2089 2107/2107/2107 2108/2108/2108
f 2089/2089/2089 2108/2108/2108 2090/2090/2090
f 2021/2021/2021 2088/2088/2088 2089/2089/2089
f 2021/2021/2021 2089/2089/2089 2023/2023/2023
f 2019/2019/2019 2087/2087/2087 2088/2088/2088
f 2019/2019/2019 2088/2088/2088 2021/2021/2021
f 2017/2017/2017 2086/2086/2086 2087/2087/2087
f 2017/2017/2017 2087/2087/2087 2019/2019/2019
f 2015/2015/2015 2085/2085/2085 2086/2086/2086
f 2015/2015/2015 2086/2086/2086 2017/2017/2017
f 2013/2013/2013 2084/2084/2084 2085/2085/2085
f 2013/2013/2013 2085/2085/2085 2015/2015/2015
f 2011/2011/2011 2083/2083/2083 2084/2084/2084
f 2011/2011/2011 2084/2084/2084 2013/2013/2013
f 2009/2009/2009 2082/2082/2082 2083/2083/2083
f 2009/2009/2009 2083/2083/2083 2011/2011/2011
f 2007/2007/2007 2081/2081/2081 2082/2082/2082
f 2007/2007/2007 2082/2082/2082 2009/2009/2009
f 2005/2005/2005 2080/2080/2080 2081/2081/2081
f 2005/2005/2005 2081/2081/2081 2007/2007/2007
f 2003/2003/2003 2079/2079/2079 2080/2080/2080
f 2003/2003/2003 2080/2080/2080 2005/2005/2005
f 1999/1999/1999 2077/2077/2077 2079/2079/2079
f 1999/1999/1999 2079/2079/2079 2003/2003/2003
f 1996/1996/1996 2076/2076/2076 2078/2078/2078
f 1996/1996/1996 2078/2078/2078 2002/2002/2002
f 2002/2002/2002 2078/2078/2078 2077/2077/2077
f 2002/2002/2002 2077/2077/2077 1999/1999/1999
f 1998/1998/1998 2075/2075/2075 2076/2076/2076
f 1998/1998/1998 2076/2076/2076 1996/1996/1996
f 2092/2092/2092 2110/2110/2110 2111/2111/2111
f 2092/2092/2092 2111/2111/2111 2093/2093/2093
f 2091/2091/2091 2109/2109/2109 2110/2110/2110
f 2091/2091/2091 2110/2110/2110 2092/2092/2092
f 2090/2090/2090 2108/2108/2108 2109/2109/2109
f 2090/2090/2090 2109/2109/2109 2091/2091/2091
f 2088/2088/2088 2106/2106/2106 2107/2107/2107
f 2088/2088/2088 2107/2107/2107 2089/2089/2089
f 2087/2087/2087 2105/2105/2105 2106/2106/2106
f 2087/2087/2087 2106/2106/2106 2088/2088/2088
f 2086/2086/2086 2104/2104/2104 2105/2105/2105
f 2086/2086/2086 2105/2105/2105 2087/2087/2087
f 2085/2085/2085 2103/2103/2103 2104/2104/2104
f 2085/2085/2085 2104/2104/2104 2086/2086/2086
f 2084/2084/2084 2102/2102/2102 2103/2103/2103
f 2084/2084/2084 2103/2103/2103 2085/2085/2085
f 2083/2083/2083 2101/2101/2101 2102/2102/2102
f 2083/2083/2083 2102/2102/2102 2084/2084/2084
f 2082/2082/2082 2100/2100/2100 2101/2101/2101
f 2082/2082/2082 2101/2101/2101 2083/2083/2083
f 2081/2081/2081 2099/2099/2099 2100/2100/2100
f 2081/2081/2081 2100/2100/2100 2082/2082/2082
f 2080/2080/2080 2098/2098/2098 2099/2099/2099
f 2080/2080/2080 2099/2099/2099 2081/2081/2081
f 2079/2079/2079 2097/2097/2097 2098/2098/2098
f 2079/2079/2079 2098/2098/2098 2080/2080/2080
f 2077/2077/2077 2096/2096/2096 2097/2097/2097
f 2077/2077/2077 2097/2097/2097 2079/2079/2079
f 2076/2076/2076 2095/2095/2095 2114/2114/2114
f 2076/2076/2076 2114/2114/2114 2078/2078/2078
f 2078/2078/2078 2114/2114/2114 2096/2096/2096
f 2078/2078/2078 2096/2096/2096 2077/2077/2077
f 2075/2075/2075 2113/2113/2113 2095/2095/2095
f 2075/2075/2075 2095/2095/2095 2076/2076/2076
f 2024/2024/2024 2026/2026/2026 2108/2108/2108
f 2024/2024/2024 2108/2108/2108 2107/2107/2107
f 2072/2072/2072 2172/2172/2172 2115/2115/2115
f 2072/2072/2072 2115/2115/2115 2034/2034/2034
f 2190/2190/2190 2173/2173/2173 2118/2118/2118
f 2190/2190/2190 2118/2118/2118 2119/2119/2119
f 2172/2172/2172 2190/2190/2190 2119/2119/2119
f 2172/2172/2172 2119/2119/2119 2115/2115/2115
f 2173/2173/2173 2174/2174/2174 2122/2122/2122
f 2173/2173/2173 2122/2122/2122 2118/2118/2118
f 2174/2174/2174 2175/2175/2175 2124/2124/2124
f 2174/2174/2174 2124/2124/2124 2122/2122/2122
f 2175/2175/2175 2176/2176/2176 2126/2126/2126
f 2175/2175/2175 2126/2126/2126 2124/2124/2124
f 2176/2176/2176 2177/2177/2177 2128/2128/2128
f 2176/2176/2176 2128/2128/2128 2126/2126/2126
f 2177/2177/2177 2178/2178/2178 2130/2130/2130
f 2177/2177/2177 2130/2130/2130 2128/2128/2128
f 2178/2178/2178 2179/2179/2179 2132/2132/2132
f 2178/2178/2178 2132/2132/2132 2130/2130/2130
f 2179/2179/2179 2180/2180/2180 2134/2134/2134
f 2179/2179/2179 2134/2134/2134 2132/2132/2132
f 2180/2180/2180 2181/2181/2181 2136/2136/2136
f 2180/2180/2180 2136/2136/2136 2134/2134/2134
f 2181/2181/2181 2182/2182/2182 2138/2138/2138
f 2181/2181/2181 2138/2138/2138 2136/2136/2136
f 2182/2182/2182 2183/2183/2183 2140/2140/2140
f 2182/2182/2182 2140/2140/2140 2138/2138/2138
f 2183/2183/2183 2184/2184/2184 2142/2142/2142
f 2183/2183/2183 2142/2142/2142 2140/2140/2140
f 2141/2141/2141 2143/2143/2143 2167/2167/2167
f 2141/2141/2141 2167/2167/2167 2166/2166/2166
f 2185/2185/2185 2186/2186/2186 2146/2146/2146
f 2185/2185/2185 2146/2146/2146 2144/2144/2144
f 2186/2186/2186 2187/2187/2187 2148/2148/2148
f 2186/2186/2186 2148/2148/2148 2146/2146/2146
f 2187/2187/2187 2188/2188/2188 2151/2151/2151
f 2187/2187/2187 2151/2151/2151 2148/2148/2148
f 2147/2147/2147 2149/2149/2149 2170/2170/2170
f 2147/2147/2147 2170/2170/2170 2169/2169/2169
f 2145/2145/2145 2147/2147/2147 2169/2169/2169
f 2145/2145/2145 2169/2169/2169 2168/2168/2168
f 2143/2143/2143 2145/2145/2145 2168/2168/2168
f 2143/2143/2143 2168/2168/2168 2167/2167/2167
f 2166/2166/2166 2167/2167/2167 2185/2185/2185
f 2166/2166/2166 2185/2185/2185 2184/2184/2184
f 2139/2139/2139 2141/2141/2141 2166/2166/2166
f 2139/2139/2139 2166/2166/2166 2165/2165/2165
f 2137/2137/2137 2139/2139/2139 2165/2165/2165
f 2137/2137/2137 2165/2165/2165 2164/2164/2164
f 2135/2135/2135 2137/2137/2137 2164/2164/2164
f 2135/2135/2135 2164/2164/2164 2163/2163/2163
f 2133/2133/2133 2135/2135/2135 2163/2163/2163
f 2133/2133/2133 2163/2163/2163 2162/2162/2162
f 2131/2131/2131 2133/2133/2133 2162/2162/2162
f 2131/2131/2131 2162/2162/2162 2161/2161/2161
f 2129/2129/2129 2131/2131/2131 2161/2161/2161
f 2129/2129/2129 2161/2161/2161 2160/2160/2160
f 2127/2127/2127 2129/2129/2129 2160/2160/2160
f 2127/2127/2127 2160/2160/2160 2159/2159/2159
f 2125/2125/2125 2127/2127/2127 2159/2159/2159
f 2125/2125/2125 2159/2159/2159 2158/2158/2158
f 2123/2123/2123 2125/2125/2125 2158/2158/2158
f 2123/2123/2123 2158/2158/2158 2157/2157/2157
f 2121/2121/2121 2123/2123/2123 2157/2157/2157
f 2121/2121/2121 2157/2157/2157 2156/2156/2156
f 2117/2117/2117 2121/2121/2121 2156/2156/2156
f 2117/2117/2117 2156/2156/2156 2154/2154/2154
f 2116/2116/2116 2120/2120/2120 2155/2155/2155
f 2116/2116/2116 2155/2155/2155 2153/2153/2153
f 2120/2120/2120 2117/2117/2117 2154/2154/2154
f 2120/2120/2120 2154/2154/2154 2155/2155/2155
f 2032/2032/2032 2116/2116/2116 2153/2153/2153
f 2032/2032/2032 2153/2153/2153 2054/2054/2054
f 2169/2169/2169 2170/2170/2170 2188/2188/2188
f 2169/2169/2169 2188/2188/2188 2187/2187/2187
f 2168/2168/2168 2169/2169/2169 2187/2187/2187
f 2168/2168/2168 2187/2187/2187 2186/2186/2186
f 2167/2167/2167 2168/2168/2168 2186/2186/2186
f 2167/2167/2167 2186/2186/2186 2185/2185/2185
f 2165/2165/2165 2166/2166/2166 2184/2184/2184
f 2165/2165/2165 2184/2184/2184 2183/2183/2183
f 2164/2164/2164 2165/2165/2165 2183/2183/2183
f 2164/2164/2164 2183/2183/2183 2182/2182/2182
f 2163/2163/2163 2164/2164/2164 2182/2182/2182
f 2163/2163/2163 2182/2182/2182 2181/2181/2181
f 2162/2162/2162 2163/2163/2163 2181/2181/2181
f 2162/2162/2162 2181/2181/2181 2180/2180/2180
f 2161/2161/2161 2162/2162/2162 2180/2180/2180
f 2161/2161/2161 2180/2180/2180 2179/2179/2179
f 2160/2160/2160 2161/2161/2161 2179/2179/2179
f 2160/2160/2160 2179/2179/2179 2178/2178/2178
f 2159/2159/2159 2160/2160/2160 2178/2178/2178
f 2159/2159/2159 2178/2178/2178 2177/2177/2177
f 2158/2158/2158 2159/2159/2159 2177/2177/2177
f 2158/2158/2158 2177/2177/2177 2176/2176/2176
f 2157/2157/2157 2158/2158/2158 2176/2176/2176
f 2157/2157/2157 2176/2176/2176 2175/2175/2175
f 2156/2156/2156 2157/2157/2157 2175/2175/2175
f 2156/2156/2156 2175/2175/2175 2174/2174/2174
f 2154/2154/2154 2156/2156/2156 2174/2174/2174
f 2154/2154/2154 2174/2174/2174 2173/2173/2173
f 2153/2153/2153 2155/2155/2155 2190/2190/2190
f 2153/2153/2153 2190/2190/2190 2172/2172/2172
f 2155/2155/2155 2154/2154/2154 2173/2173/2173
f 2155/2155/2155 2173/2173/2173 2190/2190/2190
f 2054/2054/2054 2153/2153/2153 2172/2172/2172
f 2054/2054/2054 2172/2172/2172 2072/2072/2072
f 2142/2142/2142 2184/2184/2184 2185/2185/2185
f 2142/2142/2142 2185/2185/2185 2144/2144/2144
f 2112/2112/2112 2034/2034/2034 2115/2115/2115
f 2112/2112/2112 2115/2115/2115 2210/2210/2210
f 2228/2228/2228 2119/2119/2119 2118/2118/2118
f 2228/2228/2228 2118/2118/2118 2211/2211/2211
f 2210/2210/2210 2115/2115/2115 2119/2119/2119
f 2210/2210/2210 2119/2119/2119 2228/2228/2228
f 2211/2211/2211 2118/2118/2118 2122/2122/2122
f 2211/2211/2211 2122/2122/2122 2212/2212/2212
f 2212/2212/2212 2122/2122/2122 2124/2124/2124
f 2212/2212/2212 2124/2124/2124 2213/2213/2213
f 2213/2213/2213 2124/2124/2124 2126/2126/2126
f 2213/2213/2213 2126/2126/2126 2214/2214/2214
f 2214/2214/2214 2126/2126/2126 2128/2128/2128
f 2214/2214/2214 2128/2128/2128 2215/2215/2215
f 2215/2215/2215 2128/2128/2128 2130/2130/2130
f 2215/2215/2215 2130/2130/2130 2216/2216/2216
f 2216/2216/2216 2130/2130/2130 2132/2132/2132
f 2216/2216/2216 2132/2132/2132 2217/2217/2217
f 2217/2217/2217 2132/2132/2132 2134/2134/2134
f 2217/2217/2217 2134/2134/2134 2218/2218/2218
f 2218/2218/2218 2134/2134/2134 2136/2136/2136
f 2218/2218/2218 2136/2136/2136 2219/2219/2219
f 2219/2219/2219 2136/2136/2136 2138/2138/2138
f 2219/2219/2219 2138/2138/2138 2220/2220/2220
f 2220/2220/2220 2138/2138/2138 2140/2140/2140
f 2220/2220/2220 2140/2140/2140 2221/2221/2221
f 2221/2221/2221 2140/2140/2140 2142/2142/2142
f 2221/2221/2221 2142/2142/2142 2222/2222/2222
f 2141/2141/2141 2204/2204/2204 2205/2205/2205
f 2141/2141/2141 2205/2205/2205 2143/2143/2143
f 2223/2223/2223 2144/2144/2144 2146/2146/2146
f 2223/2223/2223 2146/2146/2146 2224/2224/2224
f 2224/2224/2224 2146/2146/2146 2148/2148/2148
f 2224/2224/2224 2148/2148/2148 2225/2225/2225
f 2225/2225/2225 2148/2148/2148 2151/2151/2151
f 2225/2225/2225 2151/2151/2151 2226/2226/2226
f 2147/2147/2147 2207/2207/2207 2208/2208/2208
f 2147/2147/2147 2208/2208/2208 2149/2149/2149
f 2145/2145/2145 2206/2206/2206 2207/2207/2207
f 2145/2145/2145 2207/2207/2207 2147/2147/2147
f 2143/2143/2143 2205/2205/2205 2206/2206/2206
f 2143/2143/2143 2206/2206/2206 2145/2145/2145
f 2204/2204/2204 2222/2222/2222 2223/2223/2223
f 2204/2204/2204 2223/2223/2223 2205/2205/2205
f 2139/2139/2139 2203/2203/2203 2204/2204/2204
f 2139/2139/2139 2204/2204/2204 2141/2141/2141
f 2137/2137/2137 2202/2202/2202 2203/2203/2203
f 2137/2137/2137 2203/2203/2203 2139/2139/2139
f 2135/2135/2135 2201/2201/2201 2202/2202/2202
f 2135/2135/2135 2202/2202/2202 2137/2137/2137
f 2133/2133/2133 2200/2200/2200 2201/2201/2201
f 2133/2133/2133 2201/2201/2201 2135/2135/2135
f 2131/2131/2131 2199/2199/2199 2200/2200/2200
f 2131/2131/2131 2200/2200/2200 2133/2133/2133
f 2129/2129/2129 2198/2198/2198 2199/2199/2199
f 2129/2129/2129 2199/2199/2199 2131/2131/2131
f 2127/2127/2127 2197/2197/2197 2198/2198/2198
f 2127/2127/2127 2198/2198/2198 2129/2129/2129
f 2125/2125/2125 2196/2196/2196 2197/2197/2197
f 2125/2125/2125 2197/2197/2197 2127/2127/2127
f 2123/2123/2123 2195/2195/2195 2196/2196/2196
f 2123/2123/2123 2196/2196/2196 2125/2125/2125
f 2121/2121/2121 2194/2194/2194 2195/2195/2195
f 2121/2121/2121 2195/2195/2195 2123/2123/2123
f 2117/2117/2117 2192/2192/2192 2194/2194/2194
f 2117/2117/2117 2194/2194/2194 2121/2121/2121
f 2116/2116/2116 2191/2191/2191 2193/2193/2193
f 2116/2116/2116 2193/2193/2193 2120/2120/2120
f 2120/2120/2120 2193/2193/2193 2192/2192/2192
f 2120/2120/2120 2192/2192/2192 2117/2117/2117
f 2032/2032/2032 2094/2094/2094 2191/2191/2191
f 2032/2032/2032 2191/2191/2191 2116/2116/2116
f 2207/2207/2207 2225/2225/2225 2226/2226/2226
f 2207/2207/2207 2226/2226/2226 2208/2208/2208
f 2206/2206/2206 2224/2224/2224 2225/2225/2225
f 2206/2206/2206 2225/2225/2225 2207/2207/2207
f 2205/2205/2205 2223/2223/2223 2224/2224/2224
f 2205/2205/2205 2224/2224/2224 2206/2206/2206
f 2203/2203/2203 2221/2221/2221 2222/2222/2222
f 2203/2203/2203 2222/2222/2222 2204/2204/2204
f 2202/2202/2202 2220/2220/2220 2221/2221/2221
f 2202/2202/2202 2221/2221/2221 2203/2203/2203
f 2201/2201/2201 2219/2219/2219 2220/2220/2220
f 2201/2201/2201 2220/2220/2220 2202/2202/2202
f 2200/2200/2200 2218/2218/2218 2219/2219/2219
f 2200/2200/2200 2219/2219/2219 2201/2201/2201
f 2199/2199/2199 2217/2217/2217 2218/2218/2218
f 2199/2199/2199 2218/2218/2218 2200/2200/2200
f 2198/2198/2198 2216/2216/2216 2217/2217/2217
f 2198/2198/2198 2217/2217/2217 2199/2199/2199
f 2197/2197/2197 2215/2215/2215 2216/2216/2216
f 2197/2197/2197 2216/2216/2216 2198/2198/2198
f 2196/2196/2196 2214/2214/2214 2215/2215/2215
f 2196/2196/2196 2215/2215/2215 2197/2197/2197
f 2195/2195/2195 2213/2213/2213 2214/2214/2214
f 2195/2195/2195 2214/2214/2214 2196/2196/2196
f 2194/2194/2194 2212/2212/2212 2213/2213/2213
f 2194/2194/2194 2213/2213/2213 2195/2195/2195
f 2192/2192/2192 2211/2211/2211 2212/2212/2212
f 2192/2192/2192 2212/2212/2212 2194/2194/2194
f 2191/2191/2191 2210/2210/2210 2228/2228/2228
f 2191/2191/2191 2228/2228/2228 2193/2193/2193
f 2193/2193/2193 2228/2228/2228 2211/2211/2211
f 2193/2193/2193 2211/2211/2211 2192/2192/2192
f 2094/2094/2094 2112/2112/2112 2210/2210/2210
f 2094/2094/2094 2210/2210/2210 2191/2191/2191
f 2142/2142/2142 2144/2144/2144 2223/2223/2223
f 2142/2142/2142 2223/2223/2223 2222/2222/2222
f 2189/2189/2189 2253/2253/2253 2229/2229/2229
f 2189/2189/2189 2229/2229/2229 2152/2152/2152
f 2260/2260/2260 2254/2254/2254 2232/2232/2232
f 2260/2260/2260 2232/2232/2232 2233/2233/2233
f 2253/2253/2253 2260/2260/2260 2233/2233/2233
f 2253/2253/2253 2233/2233/2233 2229/2229/2229
f 2254/2254/2254 2255/2255/2255 2236/2236/2236
f 2254/2254/2254 2236/2236/2236 2232/2232/2232
f 2255/2255/2255 2256/2256/2256 2238/2238/2238
f 2255/2255/2255 2238/2238/2238 2236/2236/2236
f 2256/2256/2256 2257/2257/2257 2240/2240/2240
f 2256/2256/2256 2240/2240/2240 2238/2238/2238
f 2257/2257/2257 2258/2258/2258 2242/2242/2242
f 2257/2257/2257 2242/2242/2242 2240/2240/2240
f 2258/2258/2258 2259/2259/2259 2244/2244/2244
f 2258/2258/2258 2244/2244/2244 2242/2242/2242
f 2241/2241/2241 2243/2243/2243 2252/2252/2252
f 2241/2241/2241 2252/2252/2252 2251/2251/2251
f 2239/2239/2239 2241/2241/2241 2251/2251/2251
f 2239/2239/2239 2251/2251/2251 2250/2250/2250
f 2237/2237/2237 2239/2239/2239 2250/2250/2250
f 2237/2237/2237 2250/2250/2250 2249/2249/2249
f 2235/2235/2235 2237/2237/2237 2249/2249/2249
f 2235/2235/2235 2249/2249/2249 2248/2248/2248
f 2231/2231/2231 2235/2235/2235 2248/2248/2248
f 2231/2231/2231 2248/2248/2248 2246/2246/2246
f 2230/2230/2230 2234/2234/2234 2247/2247/2247
f 2230/2230/2230 2247/2247/2247 2245/2245/2245
f 2234/2234/2234 2231/2231/2231 2246/2246/2246
f 2234/2234/2234 2246/2246/2246 2247/2247/2247
f 2150/2150/2150 2230/2230/2230 2245/2245/2245
f 2150/2150/2150 2245/2245/2245 2171/2171/2171
f 2251/2251/2251 2252/2252/2252 2259/2259/2259
f 2251/2251/2251 2259/2259/2259 2258/2258/2258
f 2250/2250/2250 2251/2251/2251 2258/2258/2258
f 2250/2250/2250 2258/2258/2258 2257/2257/2257
f 2249/2249/2249 2250/2250/2250 2257/2257/2257
f 2249/2249/2249 2257/2257/2257 2256/2256/2256
f 2248/2248/2248 2249/2249/2249 2256/2256/2256
f 2248/2248/2248 2256/2256/2256 2255/2255/2255
f 2246/2246/2246 2248/2248/2248 2255/2255/2255
f 2246/2246/2246 2255/2255/2255 2254/2254/2254
f 2245/2245/2245 2247/2247/2247 2260/2260/2260
f 2245/2245/2245 2260/2260/2260 2253/2253/2253
f 2247/2247/2247 2246/2246/2246 2254/2254/2254
f 2247/2247/2247 2254/2254/2254 2260/2260/2260
f 2171/2171/2171 2245/2245/2245 2253/2253/2253
f 2171/2171/2171 2253/2253/2253 2189/2189/2189
f 2227/2227/2227 2152/2152/2152 2229/2229/2229
f 2227/2227/2227 2229/2229/2229 2269/2269/2269
f 2276/2276/2276 2233/2233/2233 2232/2232/2232
f 2276/2276/2276 2232/2232/2232 2270/2270/2270
f 2269/2269/2269 2229/2229/2229 2233/2233/2233
f 2269/2269/2269 2233/2233/2233 2276/2276/2276
f 2270/2270/2270 2232/2232/2232 2236/2236/2236
f 2270/2270/2270 2236/2236/2236 2271/2271/2271
f 2271/2271/2271 2236/2236/2236 2238/2238/2238
f 2271/2271/2271 2238/2238/2238 2272/2272/2272
f 2272/2272/2272 2238/2238/2238 2240/2240/2240
f 2272/2272/2272 2240/2240/2240 2273/2273/2273
f 2273/2273/2273 2240/2240/2240 2242/2242/2242
f 2273/2273/2273 2242/2242/2242 2274/2274/2274
f 2274/2274/2274 2242/2242/2242 2244/2244/2244
f 2274/2274/2274 2244/2244/2244 2275/2275/2275
f 2241/2241/2241 2267/2267/2267 2268/2268/2268
f 2241/2241/2241 2268/2268/2268 2243/2243/2243
f 2239/2239/2239 2266/2266/2266 2267/2267/2267
f 2239/2239/2239 2267/2267/2267 2241/2241/2241
f 2237/2237/2237 2265/2265/2265 2266/2266/2266
f 2237/2237/2237 2266/2266/2266 2239/2239/2239
f 2235/2235/2235 2264/2264/2264 2265/2265/2265
f 2235/2235/2235 2265/2265/2265 2237/2237/2237
f 2231/2231/2231 2262/2262/2262 2264/2264/2264
f 2231/2231/2231 2264/2264/2264 2235/2235/2235
f 2230/2230/2230 2261/2261/2261 2263/2263/2263
f 2230/2230/2230 2263/2263/2263 2234/2234/2234
f 2234/2234/2234 2263/2263/2263 2262/2262/2262
f 2234/2234/2234 2262/2262/2262 2231/2231/2231
f 2150/2150/2150 2209/2209/2209 2261/2261/2261
f 2150/2150/2150 2261/2261/2261 2230/2230/2230
f 2267/2267/2267 2274/2274/2274 2275/2275/2275
f 2267/2267/2267 2275/2275/2275 2268/2268/2268
f 2266/2266/2266 2273/2273/2273 2274/2274/2274
f 2266/2266/2266 2274/2274/2274 2267/2267/2267
f 2265/2265/2265 2272/2272/2272 2273/2273/2273
f 2265/2265/2265 2273/2273/2273 2266/2266/2266
f 2264/2264/2264 2271/2271/2271 2272/2272/2272
f 2264/2264/2264 2272/2272/2272 2265/2265/2265
f 2262/2262/2262 2270/2270/2270 2271/2271/2271
f 2262/2262/2262 2271/2271/2271 2264/2264/2264
f 2261/2261/2261 2269/2269/2269 2276/2276/2276
f 2261/2261/2261 2276/2276/2276 2263/2263/2263
f 2263/2263/2263 2276/2276/2276 2270/2270/2270
f 2263/2263/2263 2270/2270/2270 2262/2262/2262
f 2209/2209/2209 2227/2227/2227 2269/2269/2269
f 2209/2209/2209 2269/2269/2269 2261/2261/2261
f 2277/2277/2277 2278/2278/2278 2280/2280/2280
f 2277/2277/2277 2280/2280/2280 2279/2279/2279
f 2279/2279/2279 2280/2280/2280 2282/2282/2282
f 2279/2279/2279 2282/2282/2282 2281/2281/2281
f 2281/2281/2281 2282/2282/2282 2284/2284/2284
f 2281/2281/2281 2284/2284/2284 2283/2283/2283
f 2283/2283/2283 2284/2284/2284 2286/2286/2286
f 2283/2283/2283 2286/2286/2286 2285/2285/2285
f 2285/2285/2285 2286/2286/2286 2288/2288/2288
f 2285/2285/2285 2288/2288/2288 2287/2287/2287
f 2287/2287/2287 2288/2288/2288 2290/2290/2290
f 2287/2287/2287 2290/2290/2290 2289/2289/2289
f 2289/2289/2289 2290/2290/2290 2292/2292/2292
f 2289/2289/2289 2292/2292/2292 2291/2291/2291
f 2291/2291/2291 2292/2292/2292 2294/2294/2294
f 2291/2291/2291 2294/2294/2294 2293/2293/2293
f 2293/2293/2293 2294/2294/2294 2296/2296/2296
f 2293/2293/2293 2296/2296/2296 2295/2295/2295
f 2295/2295/2295 2296/2296/2296 2298/2298/2298
f 2295/2295/2295 2298/2298/2298 2297/2297/2297
f 2297/2297/2297 2298/2298/2298 2299/2299/2299
f 2298/2298/2298 2300/2300/2300 2299/2299/2299
f 2296/2296/2296 2301/2301/2301 2300/2300/2300
f 2296/2296/2296 2300/2300/2300 2298/2298/2298
f 2294/2294/2294 2302/2302/2302 2301/2301/2301
f 2294/2294/2294 2301/2301/2301 2296/2296/2296
f 2292/2292/2292 2303/2303/2303 2302/2302/2302
f 2292/2292/2292 2302/2302/2302 2294/2294/2294
f 2290/2290/2290 2304/2304/2304 2303/2303/2303
f 2290/2290/2290 2303/2303/2303 2292/2292/2292
f 2288/2288/2288 2305/2305/2305 2304/2304/2304
f 2288/2288/2288 2304/2304/2304 2290/2290/2290
f 2286/2286/2286 2306/2306/2306 2305/2305/2305
f 2286/2286/2286 2305/2305/2305 2288/2288/2288
f 2284/2284/2284 2307/2307/2307 2306/2306/2306
f 2284/2284/2284 2306/2306/2306 2286/2286/2286
f 2282/2282/2282 2308/2308/2308 2307/2307/2307
f 2282/2282/2282 2307/2307/2307 2284/2284/2284
f 2280/2280/2280 2309/2309/2309 2308/2308/2308
f 2280/2280/2280 2308/2308/2308 2282/2282/2282
f 2278/2278/2278 2310/2310/2310 2309/2309/2309
f 2278/2278/2278 2309/2309/2309 2280/2280/2280
f 2311/2311/2311 2312/2312/2312 2314/2314/2314
f 2311/2311/2311 2314/2314/2314 2313/2313/2313
f 2313/2313/2313 2314/2314/2314 2316/2316/2316
f 2313/2313/2313 2316/2316/2316 2315/2315/2315
f 2315/2315/2315 2316/2316/2316 2318/2318/2318
f 2315/2315/2315 2318/2318/2318 2317/2317/2317
f 2317/2317/2317 2318/2318/2318 2320/2320/2320
f 2317/2317/2317 2320/2320/2320 2319/2319/2319
f 2319/2319/2319 2320/2320/2320 2322/2322/2322
f 2319/2319/2319 2322/2322/2322 2321/2321/2321
f 2321/2321/2321 2322/2322/2322 2324/2324/2324
f 2321/2321/2321 2324/2324/2324 2323/2323/2323
f 2323/2323/2323 2324/2324/2324 2326/2326/2326
f 2323/2323/2323 2326/2326/2326 2325/2325/2325
f 2325/2325/2325 2326/2326/2326 2328/2328/2328
f 2325/2325/2325 2328/2328/2328 2327/2327/2327
f 2327/2327/2327 2328/2328/2328 2330/2330/2330
f 2327/2327/2327 2330/2330/2330 2329/2329/2329
f 2329/2329/2329 2330/2330/2330 2332/2332/2332
f 2329/2329/2329 2332/2332/2332 2331/2331/2331
f 2331/2331/2331 2332/2332/2332 2333/2333/2333
f 2332/2332/2332 2334/2334/2334 2333/2333/2333
f 2330/2330/2330 2335/2335/2335 2334/2334/2334
f 2330/2330/2330 2334/2334/2334 2332/2332/2332
f 2328/2328/2328 2336/2336/2336 2335/2335/2335
f 2328/2328/2328 2335/2335/2335 2330/2330/2330
f 2326/2326/2326 2337/2337/2337 2336/2336/2336
f 2326/2326/2326 2336/2336/2336 2328/2328/2328
f 2324/2324/2324 2338/2338/2338 2337/2337/2337
f 2324/2324/2324 2337/2337/2337 2326/2326/2326
f 2322/2322/2322 2339/2339/2339 2338/2338/2338
f 2322/2322/2322 2338/2338/2338 2324/2324/2324
f 2320/2320/2320 2340/2340/2340 2339/2339/2339
f 2320/2320/2320 2339/2339/2339 2322/2322/2322
f 2318/2318/2318 2341/2341/2341 2340/2340/2340
f 2318/2318/2318 2340/2340/2340 2320/2320/2320
f 2316/2316/2316 2342/2342/2342 2341/2341/2341
f 2316/2316/2316 2341/2341/2341 2318/2318/2318
f 2314/2314/2314 2343/2343/2343 2342/2342/2342
f 2314/2314/2314 2342/2342/2342 2316/2316/2316
f 2312/2312/2312 2344/2344/2344 2343/2343/2343
f 2312/2312/2312 2343/2343/2343 2314/2314/2314
f 2345/2345/2345 2346/2346/2346 2348/2348/2348
f 2345/2345/2345 2348/2348/2348 2347/2347/2347
f 2347/2347/2347 2348/2348/2348 2350/2350/2350
f 2347/2347/2347 2350/2350/2350 2349/2349/2349
f 2349/2349/2349 2350/2350/2350 2352/2352/2352
f 2349/2349/2349 2352/2352/2352 2351/2351/2351
f 2351/2351/2351 2352/2352/2352 2354/2354/2354
f 2351/2351/2351 2354/2354/2354 2353/2353/2353
f 2353/2353/2353 2354/2354/2354 2356/2356/2356
f 2353/2353/2353 2356/2356/2356 2355/2355/2355
f 2355/2355/2355 2356/2356/2356 2358/2358/2358
f 2355/2355/2355 2358/2358/2358 2357/2357/2357
f 2357/2357/2357 2358/2358/2358 2360/2360/2360
f 2357/2357/2357 2360/2360/2360 2359/2359/2359
f 2359/2359/2359 2360/2360/2360 2362/2362/2362
f 2359/2359/2359 2362/2362/2362 2361/2361/2361
f 2361/2361/2361 2362/2362/2362 2364/2364/2364
f 2361/2361/2361 2364/2364/2364 2363/2363/2363
f 2363/2363/2363 2364/2364/2364 2366/2366/2366
f 2363/2363/2363 2366/2366/2366 2365/2365/2365
f 2365/2365/2365 2366/2366/2366 2367/2367/2367
f 2366/2366/2366 2368/2368/2368 2367/2367/2367
f 2364/2364/2364 2369/2369/2369 2368/2368/2368
f 2364/2364/2364 2368/2368/2368 2366/2366/2366
f 2362/2362/2362 2370/2370/2370 2369/2369/2369
f 2362/2362/2362 2369/2369/2369 2364/2364/2364
f 2360/2360/2360 2371/2371/2371 2370/2370/2370
f 2360/2360/2360 2370/2370/2370 2362/2362/2362
f 2358/2358/2358 2372/2372/2372 2371/2371/2371
f 2358/2358/2358 2371/2371/2371 2360/2360/2360
f 2356/2356/2356 2373/2373/2373 2372/2372/2372
f 2356/2356/2356 2372/2372/2372 2358/2358/2358
f 2354/2354/2354 2374/2374/2374 2373/2373/2373
f 2354/2354/2354 2373/2373/2373 2356/2356/2356
f 2352/2352/2352 2375/2375/2375 2374/2374/2374
f 2352/2352/2352 2374/2374/2374 2354/2354/2354
f 2350/2350/2350 2376/2376/2376 2375/2375/2375
f 2350/2350/2350 2375/2375/2375 2352/2352/2352
f 2348/2348/2348 2377/2377/2377 2376/2376/2376
f 2348/2348/2348 2376/2376/2376 2350/2350/2350
f 2346/2346/2346 2378/2378/2378 2377/2377/2377
f 2346/2346/2346 2377/2377/2377 2348/2348/2348
f 2379/2379/2379 2380/2380/2380 2382/2382/2382
f 2379/2379/2379 2382/2382/2382 2381/2381/2381
f 2381/2381/2381 2382/2382/2382 2384/2384/2384
f 2381/2381/2381 2384/2384/2384 2383/2383/2383
f 2383/2383/2383 2384/2384/2384 2386/2386/2386
f 2383/2383/2383 2386/2386/2386 2385/2385/2385
f 2385/2385/2385 2386/2386/2386 2388/2388/2388
f 2385/2385/2385 2388/2388/2388 2387/2387/2387
f 2387/2387/2387 2388/2388/2388 2390/2390/2390
f 2387/2387/2387 2390/2390/2390 2389/2389/2389
f 2389/2389/2389 2390/2390/2390 2392/2392/2392
f 2389/2389/2389 2392/2392/2392 2391/2391/2391
f 2391/2391/2391 2392/2392/2392 2394/2394/2394
f 2391/2391/2391 2394/2394/2394 2393/2393/2393
f 2393/2393/2393 2394/2394/2394 2396/2396/2396
f 2393/2393/2393 2396/2396/2396 2395/2395/2395
f 2395/2395/2395 2396/2396/2396 2398/2398/2398
f 2395/2395/2395 2398/2398/2398 2397/2397/2397
f 2397/2397/2397 2398/2398/2398 2400/2400/2400
f 2397/2397/2397 2400/2400/2400 2399/2399/2399
f 2399/2399/2399 2400/2400/2400 2401/2401/2401
f 2400/2400/2400 2402/2402/2402 2401/2401/2401
f 2398/2398/2398 2403/2403/2403 2402/2402/2402
f 2398/2398/2398 2402/2402/2402 2400/2400/2400
f 2396/2396/2396 2404/2404/2404 2403/2403/2403
f 2396/2396/2396 2403/2403/2403 2398/2398/2398
f 2394/2394/2394 2405/2405/2405 2404/2404/2404
f 2394/2394/2394 2404/2404/2404 2396/2396/2396
f 2392/2392/2392 2406/2406/2406 2405/2405/2405
f 2392/2392/2392 2405/2405/2405 2394/2394/2394
f 2390/2390/2390 2407/2407/2407 2406/2406/2406
f 2390/2390/2390 2406/2406/2406 2392/2392/2392
f 2388/2388/2388 2408/2408/2408 2407/2407/2407
f 2388/2388/2388 2407/2407/2407 2390/2390/2390
f 2386/2386/2386 2409/2409/2409 2408/2408/2408
f 2386/2386/2386 2408/2408/2408 2388/2388/2388
f 2384/2384/2384 2410/2410/2410 2409/2409/2409
f 2384/2384/2384 2409/2409/2409 2386/2386/2386
f 2382/2382/2382 2411/2411/2411 2410/2410/2410
f 2382/2382/2382 2410/2410/2410 2384/2384/2384
f 2380/2380/2380 2412/2412/2412 2411/2411/2411
f 2380/2380/2380 2411/2411/2411 2382/2382/2382
f 2413/2413/2413 2414/2414/2414 2416/2416/2416
f 2413/2413/2413 2416/2416/2416 2415/2415/2415
f 2415/2415/2415 2416/2416/2416 2418/2418/2418
f 2415/2415/2415 2418/2418/2418 2417/2417/2417
f 2417/2417/2417 2418/2418/2418 2420/2420/2420
f 2417/2417/2417 2420/2420/2420 2419/2419/2419
f 2419/2419/2419 2420/2420/2420 2422/2422/2422
f 2419/2419/2419 2422/2422/2422 2421/2421/2421
f 2421/2421/2421 2422/2422/2422 2424/2424/2424
f 2421/2421/2421 2424/2424/2424 2423/2423/2423
f 2424/2424/2424 2425/2425/2425 2438/2438/2438
f 2424/2424/2424 2438/2438/2438 2426/2426/2426
f 2422/2422/2422 2439/2439/2439 2425/2425/2425
f 2422/2422/2422 2425/2425/2425 2424/2424/2424
f 2427/2427/2427 2424/2424/2424 2426/2426/2426
f 2427/2427/2427 2426/2426/2426 2428/2428/2428
f 2428/2428/2428 2426/2426/2426 2430/2430/2430
f 2428/2428/2428 2430/2430/2430 2429/2429/2429
f 2429/2429/2429 2430/2430/2430 2432/2432/2432
f 2429/2429/2429 2432/2432/2432 2431/2431/2431
f 2431/2431/2431 2432/2432/2432 2434/2434/2434
f 2431/2431/2431 2434/2434/2434 2433/2433/2433
f 2432/2432/2432 2436/2436/2436 2435/2435/2435
f 2432/2432/2432 2435/2435/2435 2434/2434/2434
f 2430/2430/2430 2437/2437/2437 2436/2436/2436
f 2430/2430/2430 2436/2436/2436 2432/2432/2432
f 2426/2426/2426 2438/2438/2438 2437/2437/2437
f 2426/2426/2426 2437/2437/2437 2430/2430/2430
f 2420/2420/2420 2440/2440/2440 2439/2439/2439
f 2420/2420/2420 2439/2439/2439 2422/2422/2422
f 2418/2418/2418 2441/2441/2441 2440/2440/2440
f 2418/2418/2418 2440/2440/2440 2420/2420/2420
f 2416/2416/2416 2442/2442/2442 2441/2441/2441
f 2416/2416/2416 2441/2441/2441 2418/2418/2418
f 2414/2414/2414 2443/2443/2443 2442/2442/2442
f 2414/2414/2414 2442/2442/2442 2416/2416/2416
f 2444/2444/2444 2445/2445/2445 2447/2447/2447
f 2444/2444/2444 2447/2447/2447 2446/2446/2446
f 2446/2446/2446 2447/2447/2447 2449/2449/2449
f 2446/2446/2446 2449/2449/2449 2448/2448/2448
f 2448/2448/2448 2449/2449/2449 2451/2451/2451
f 2448/2448/2448 2451/2451/2451 2450/2450/2450
f 2450/2450/2450 2451/2451/2451 2453/2453/2453
f 2450/2450/2450 2453/2453/2453 2452/2452/2452
f 2452/2452/2452 2453/2453/2453 2455/2455/2455
f 2452/2452/2452 2455/2455/2455 2454/2454/2454
f 2454/2454/2454 2455/2455/2455 2457/2457/2457
f 2454/2454/2454 2457/2457/2457 2456/2456/2456
f 2456/2456/2456 2457/2457/2457 2459/2459/2459
f 2456/2456/2456 2459/2459/2459 2458/2458/2458
f 2458/2458/2458 2459/2459/2459 2461/2461/2461
f 2458/2458/2458 2461/2461/2461 2460/2460/2460
f 2460/2460/2460 2461/2461/2461 2463/2463/2463
f 2460/2460/2460 2463/2463/2463 2462/2462/2462
f 2461/2461/2461 2465/2465/2465 2464/2464/2464
f 2461/2461/2461 2464/2464/2464 2463/2463/2463
f 2459/2459/2459 2466/2466/2466 2465/2465/2465
f 2459/2459/2459 2465/2465/2465 2461/2461/2461
f 2457/2457/2457 2467/2467/2467 2466/2466/2466
f 2457/2457/2457 2466/2466/2466 2459/2459/2459
f 2455/2455/2455 2468/2468/2468 2467/2467/2467
f 2455/2455/2455 2467/2467/2467 2457/2457/2457
f 2453/2453/2453 2469/2469/2469 2468/2468/2468
f 2453/2453/2453 2468/2468/2468 2455/2455/2455
f 2451/2451/2451 2470/2470/2470 2469/2469/2469
f 2451/2451/2451 2469/2469/2469 2453/2453/2453
f 2449/2449/2449 2471/2471/2471 2470/2470/2470
f 2449/2449/2449 2470/2470/2470 2451/2451/2451
f 2447/2447/2447 2472/2472/2472 2471/2471/2471
f 2447/2447/2447 2471/2471/2471 2449/2449/2449
f 2445/2445/2445 2473/2473/2473 2472/2472/2472
f 2445/2445/2445 2472/2472/2472 2447/2447/2447
f 2474/2474/2474 2475/2475/2475 2477/2477/2477
f 2474/2474/2474 2477/2477/2477 2476/2476/2476
f 2476/2476/2476 2477/2477/2477 2479/2479/2479
f 2476/2476/2476 2479/2479/2479 2478/2478/2478
f 2478/2478/2478 2479/2479/2479 2481/2481/2481
f 2478/2478/2478 2481/2481/2481 2480/2480/2480
f 2480/2480/2480 2481/2481/2481 2483/2483/2483
f 2480/2480/2480 2483/2483/2483 2482/2482/2482
f 2482/2482/2482 2483/2483/2483 2485/2485/2485
f 2482/2482/2482 2485/2485/2485 2484/2484/2484
f 2484/2484/2484 2485/2485/2485 2487/2487/2487
f 2484/2484/2484 2487/2487/2487 2486/2486/2486
f 2486/2486/2486 2487/2487/2487 2489/2489/2489
f 2486/2486/2486 2489/2489/2489 2488/2488/2488
f 2488/2488/2488 2489/2489/2489 2491/2491/2491
f 2488/2488/2488 2491/2491/2491 2490/2490/2490
f 2490/2490/2490 2491/2491/2491 2493/2493/2493
f 2490/2490/2490 2493/2493/2493 2492/2492/2492
f 2492/2492/2492 2493/2493/2493 2495/2495/2495
f 2492/2492/2492 2495/2495/2495 2494/2494/2494
f 2494/2494/2494 2495/2495/2495 2496/2496/2496
f 2495/2495/2495 2497/2497/2497 2496/2496/2496
f 2493/2493/2493 2498/2498/2498 2497/2497/2497
f 2493/2493/2493 2497/2497/2497 2495/2495/2495
f 2491/2491/2491 2499/2499/2499 2498/2498/2498
f 2491/2491/2491 2498/2498/2498 2493/2493/2493
f 2489/2489/2489 2500/2500/2500 2499/2499/2499
f 2489/2489/2489 2499/2499/2499 2491/2491/2491
f 2487/2487/2487 2501/2501/2501 2500/2500/2500
f 2487/2487/2487 2500/2500/2500 2489/2489/2489
f 2485/2485/2485 2502/2502/2502 2501/2501/2501
f 2485/2485/2485 2501/2501/2501 2487/2487/2487
f 2483/2483/2483 2503/2503/2503 2502/2502/2502
f 2483/2483/2483 2502/2502/2502 2485/2485/2485
f 2481/2481/2481 2504/2504/2504 2503/2503/2503
f 2481/2481/2481 2503/2503/2503 2483/2483/2483
f 2479/2479/2479 2505/2505/2505 2504/2504/2504
f 2479/2479/2479 2504/2504/2504 2481/2481/2481
f 2477/2477/2477 2506/2506/2506 2505/2505/2505
f 2477/2477/2477 2505/2505/2505 2479/2479/2479
f 2475/2475/2475 2507/2507/2507 2506/2506/2506
f 2475/2475/2475 2506/2506/2506 2477/2477/2477
f 2508/2508/2508 2509/2509/2509 2511/2511/2511
f 2508/2508/2508 2511/2511/2511 2510/2510/2510
f 2510/2510/2510 2511/2511/2511 2513/2513/2513
f 2510/2510/2510 2513/2513/2513 2512/2512/2512
f 2512/2512/2512 2513/2513/2513 2515/2515/2515
f 2512/2512/2512 2515/2515/2515 2514/2514/2514
f 2514/2514/2514 2515/2515/2515 2517/2517/2517
f 2514/2514/2514 2517/2517/2517 2516/2516/2516
f 2516/2516/2516 2517/2517/2517 2519/2519/2519
f 2516/2516/2516 2519/2519/2519 2518/2518/2518
f 2518/2518/2518 2519/2519/2519 2521/2521/2521
f 2518/2518/2518 2521/2521/2521 2520/2520/2520
f 2520/2520/2520 2521/2521/2521 2523/2523/2523
f 2520/2520/2520 2523/2523/2523 2522/2522/2522
f 2522/2522/2522 2523/2523/2523 2525/2525/2525
f 2522/2522/2522 2525/2525/2525 2524/2524/2524
f 2524/2524/2524 2525/2525/2525 2527/2527/2527
f 2524/2524/2524 2527/2527/2527 2526/2526/2526
f 2526/2526/2526 2527/2527/2527 2529/2529/2529
f 2526/2526/2526 2529/2529/2529 2528/2528/2528
f 2528/2528/2528 2529/2529/2529 2530/2530/2530
f 2529/2529/2529 2531/2531/2531 2530/2530/2530
f 2527/2527/2527 2532/2532/2532 2531/2531/2531
f 2527/2527/2527 2531/2531/2531 2529/2529/2529
f 2525/2525/2525 2533/2533/2533 2532/2532/2532
f 2525/2525/2525 2532/2532/2532 2527/2527/2527
f 2523/2523/2523 2534/2534/2534 2533/2533/2533
f 2523/2523/2523 2533/2533/2533 2525/2525/2525
f 2521/2521/2521 2535/2535/2535 2534/2534/2534
f 2521/2521/2521 2534/2534/2534 2523/2523/2523
f 2519/2519/2519 2536/2536/2536 2535/2535/2535
f 2519/2519/2519 2535/2535/2535 2521/2521/2521
f 2517/2517/2517 2537/2537/2537 2536/2536/2536
f 2517/2517/2517 2536/2536/2536 2519/2519/2519
f 2515/2515/2515 2538/2538/2538 2537/2537/2537
f 2515/2515/2515 2537/2537/2537 2517/2517/2517
f 2513/2513/2513 2539/2539/2539 2538/2538/2538
f 2513/2513/2513 2538/2538/2538 2515/2515/2515
f 2511/2511/2511 2540/2540/2540 2539/2539/2539
f 2511/2511/2511 2539/2539/2539 2513/2513/2513
f 2509/2509/2509 2541/2541/2541 2540/2540/2540
f 2509/2509/2509 2540/2540/2540 2511/2511/2511
f 2542/2542/2542 2543/2543/2543 2545/2545/2545
f 2542/2542/2542 2545/2545/2545 2544/2544/2544
f 2544/2544/2544 2545/2545/2545 2547/2547/2547
f 2544/2544/2544 2547/2547/2547 2546/2546/2546
f 2546/2546/2546 2547/2547/2547 2549/2549/2549
f 2546/2546/2546 2549/2549/2549 2548/2548/2548
f 2548/2548/2548 2549/2549/2549 2551/2551/2551
f 2548/2548/2548 2551/2551/2551 2550/2550/2550
f 2550/2550/2550 2551/2551/2551 2553/2553/2553
f 2550/2550/2550 2553/2553/2553 2552/2552/2552
f 2552/2552/2552 2553/2553/2553 2555/2555/2555
f 2552/2552/2552 2555/2555/2555 2554/2554/2554
f 2554/2554/2554 2555/2555/2555 2557/2557/2557
f 2554/2554/2554 2557/2557/2557 2556/2556/2556
f 2556/2556/2556 2557/2557/2557 2559/2559/2559
f 2556/2556/2556 2559/2559/2559 2558/2558/2558
f 2558/2558/2558 2559/2559/2559 2561/2561/2561
f 2558/2558/2558 2561/2561/2561 2560/2560/2560
f 2559/2559/2559 2563/2563/2563 2562/2562/2562
f 2559/2559/2559 2562/2562/2562 2561/2561/2561
f 2557/2557/2557 2564/2564/2564 2563/2563/2563
f 2557/2557/2557 2563/2563/2563 2559/2559/2559
f 2555/2555/2555 2565/2565/2565 2564/2564/2564
f 2555/2555/2555 2564/2564/2564 2557/2557/2557
f 2553/2553/2553 2566/2566/2566 2565/2565/2565
f 2553/2553/2553 2565/2565/2565 2555/2555/2555
f 2551/2551/2551 2567/2567/2567 2566/2566/2566
f 2551/2551/2551 2566/2566/2566 2553/2553/2553
f 2549/2549/2549 2568/2568/2568 2567/2567/2567
f 2549/2549/2549 2567/2567/2567 2551/2551/2551
f 2547/2547/2547 2569/2569/2569 2568/2568/2568
f 2547/2547/2547 2568/2568/2568 2549/2549/2549
f 2545/2545/2545 2570/2570/2570 2569/2569/2569
f 2545/2545/2545 2569/2569/2569 2547/2547/2547
f 2543/2543/2543 2571/2571/2571 2570/2570/2570
f 2543/2543/2543 2570/2570/2570 2545/2545/2545
f 2572/2572/2572 2573/2573/2573 2575/2575/2575
f 2572/2572/2572 2575/2575/2575 2574/2574/2574
f 2574/2574/2574 2575/2575/2575 2577/2577/2577
f 2574/2574/2574 2577/2577/2577 2576/2576/2576
f 2576/2576/2576 2577/2577/2577 2579/2579/2579
f 2576/2576/2576 2579/2579/2579 2578/2578/2578
f 2578/2578/2578 2579/2579/2579 2581/2581/2581
f 2578/2578/2578 2581/2581/2581 2580/2580/2580
f 2580/2580/2580 2581/2581/2581 2583/2583/2583
f 2580/2580/2580 2583/2583/2583 2582/2582/2582
f 2582/2582/2582 2583/2583/2583 2585/2585/2585
f 2582/2582/2582 2585/2585/2585 2584/2584/2584
f 2584/2584/2584 2585/2585/2585 2587/2587/2587
f 2584/2584/2584 2587/2587/2587 2586/2586/2586
f 2586/2586/2586 2587/2587/2587 2589/2589/2589
f 2586/2586/2586 2589/2589/2589 2588/2588/2588
f 2588/2588/2588 2589/2589/2589 2591/2591/2591
f 2588/2588/2588 2591/2591/2591 2590/2590/2590
f 2590/2590/2590 2591/2591/2591 2593/2593/2593
f 2590/2590/2590 2593/2593/2593 2592/2592/2592
f 2592/2592/2592 2593/2593/2593 2594/2594/2594
f 2593/2593/2593 2595/2595/2595 2594/2594/2594
f 2591/2591/2591 2596/2596/2596 2595/2595/2595
f 2591/2591/2591 2595/2595/2595 2593/2593/2593
f 2589/2589/2589 2597/2597/2597 2596/2596/2596
f 2589/2589/2589 2596/2596/2596 2591/2591/2591
f 2587/2587/2587 2598/2598/2598 2597/2597/2597
f 2587/2587/2587 2597/2597/2597 2589/2589/2589
f 2585/2585/2585 2599/2599/2599 2598/2598/2598
f 2585/2585/2585 2598/2598/2598 2587/2587/2587
f 2583/2583/2583 2600/2600/2600 2599/2599/2599
f 2583/2583/2583 2599/2599/2599 2585/2585/2585
f 2581/2581/2581 2601/2601/2601 2600/2600/2600
f 2581/2581/2581 2600/2600/2600 2583/2583/2583
f 2579/2579/2579 2602/2602/2602 2601/2601/2601
f 2579/2579/2579 2601/2601/2601 2581/2581/2581
f 2577/2577/2577 2603/2603/2603 2602/2602/2602
f 2577/2577/2577 2602/2602/2602 2579/2579/2579
f 2575/2575/2575 2604/2604/2604 2603/2603/2603
f 2575/2575/2575 2603/2603/2603 2577/2577/2577
f 2573/2573/2573 2605/2605/2605 2604/2604/2604
f 2573/2573/2573 2604/2604/2604 2575/2575/2575
f 2606/2606/2606 2607/2607/2607 2610/2610/2610
f 2606/2606/2606 2610/2610/2610 2609/2609/2609
f 2607/2607/2607 2606/2606/2606 2608/2608/2608
f 2607/2607/2607 2608/2608/2608 2629/2629/2629
f 2609/2609/2609 2610/2610/2610 2612/2612/2612
f 2609/2609/2609 2612/2612/2612 2611/2611/2611
f 2611/2611/2611 2612/2612/2612 2614/2614/2614
f 2611/2611/2611 2614/2614/2614 2613/2613/2613
f 2613/2613/2613 2614/2614/2614 2616/2616/2616
f 2613/2613/2613 2616/2616/2616 2615/2615/2615
f 2615/2615/2615 2616/2616/2616 2618/2618/2618
f 2615/2615/2615 2618/2618/2618 2617/2617/2617
f 2617/2617/2617 2618/2618/2618 2620/2620/2620
f 2617/2617/2617 2620/2620/2620 2619/2619/2619
f 2618/2618/2618 2622/2622/2622 2621/2621/2621
f 2618/2618/2618 2621/2621/2621 2620/2620/2620
f 2616/2616/2616 2623/2623/2623 2622/2622/2622
f 2616/2616/2616 2622/2622/2622 2618/2618/2618
f 2614/2614/2614 2624/2624/2624 2623/2623/2623
f 2614/2614/2614 2623/2623/2623 2616/2616/2616
f 2612/2612/2612 2625/2625/2625 2624/2624/2624
f 2612/2612/2612 2624/2624/2624 2614/2614/2614
f 2610/2610/2610 2626/2626/2626 2625/2625/2625
f 2610/2610/2610 2625/2625/2625 2612/2612/2612
f 2607/2607/2607 2627/2627/2627 2626/2626/2626
f 2607/2607/2607 2626/2626/2626 2610/2610/2610
f 2627/2627/2627 2607/2607/2607 2629/2629/2629
f 2627/2627/2627 2629/2629/2629 2628/2628/2628
f 2630/2630/2630 2631/2631/2631 2634/2634/2634
f 2630/2630/2630 2634/2634/2634 2633/2633/2633
f 2631/2631/2631 2630/2630/2630 2632/2632/2632
f 2631/2631/2631 2632/2632/2632 2653/2653/2653
f 2633/2633/2633 2634/2634/2634 2636/2636/2636
f 2633/2633/2633 2636/2636/2636 2635/2635/2635
f 2635/2635/2635 2636/2636/2636 2638/2638/2638
f 2635/2635/2635 2638/2638/2638 2637/2637/2637
f 2637/2637/2637 2638/2638/2638 2640/2640/2640
f 2637/2637/2637 2640/2640/2640 2639/2639/2639
f 2639/2639/2639 2640/2640/2640 2642/2642/2642
f 2639/2639/2639 2642/2642/2642 2641/2641/2641
f 2641/2641/2641 2642/2642/2642 2644/2644/2644
f 2641/2641/2641 2644/2644/2644 2643/2643/2643
f 2642/2642/2642 2646/2646/2646 2645/2645/2645
f 2642/2642/2642 2645/2645/2645 2644/2644/2644
f 2640/2640/2640 2647/2647/2647 2646/2646/2646
f 2640/2640/2640 2646/2646/2646 2642/2642/2642
f 2638/2638/2638 2648/2648/2648 2647/2647/2647
f 2638/2638/2638 2647/2647/2647 2640/2640/2640
f 2636/2636/2636 2649/2649/2649 2648/2648/2648
f 2636/2636/2636 2648/2648/2648 2638/2638/2638
f 2634/2634/2634 2650/2650/2650 2649/2649/2649
f 2634/2634/2634 2649/2649/2649 2636/2636/2636
f 2631/2631/2631 2651/2651/2651 2650/2650/2650
f 2631/2631/2631 2650/2650/2650 2634/2634/2634
f 2651/2651/2651 2631/2631/2631 2653/2653/2653
f 2651/2651/2651 2653/2653/2653 2652/2652/2652
f 2654/2654/2654 2655/2655/2655 2658/2658/2658
f 2654/2654/2654 2658/2658/2658 2657/2657/2657
f 2655/2655/2655 2654/2654/2654 2656/2656/2656
f 2655/2655/2655 2656/2656/2656 2677/2677/2677
f 2657/2657/2657 2658/2658/2658 2660/2660/2660
f 2657/2657/2657 2660/2660/2660 2659/2659/2659
f 2659/2659/2659 2660/2660/2660 2662/2662/2662
f 2659/2659/2659 2662/2662/2662 2661/2661/2661
f 2661/2661/2661 2662/2662/2662 2664/2664/2664
f 2661/2661/2661 2664/2664/2664 2663/2663/2663
f 2663/2663/2663 2664/2664/2664 2666/2666/2666
f 2663/2663/2663 2666/2666/2666 2665/2665/2665
f 2665/2665/2665 2666/2666/2666 2668/2668/2668
f 2665/2665/2665 2668/2668/2668 2667/2667/2667
f 2666/2666/2666 2670/2670/2670 2669/2669/2669
f 2666/2666/2666 2669/2669/2669 2668/2668/2668
f 2664/2664/2664 2671/2671/2671 2670/2670/2670
f 2664/2664/2664 2670/2670/2670 2666/2666/2666
f 2662/2662/2662 2672/2672/2672 2671/2671/2671
f 2662/2662/2662 2671/2671/2671 2664/2664/2664
f 2660/2660/2660 2673/2673/2673 2672/2672/2672
f 2660/2660/2660 2672/2672/2672 2662/2662/2662
f 2658/2658/2658 2674/2674/2674 2673/2673/2673
f 2658/2658/2658 2673/2673/2673 2660/2660/2660
f 2655/2655/2655 2675/2675/2675 2674/2674/2674
f 2655/2655/2655 2674/2674/2674 2658/2658/2658
f 2675/2675/2675 2655/2655/2655 2677/2677/2677
f 2675/2675/2675 2677/2677/2677 2676/2676/2676
f 2678/2678/2678 2679/2679/2679 2682/2682/2682
f 2678/2678/2678 2682/2682/2682 2681/2681/2681
f 2679/2679/2679 2678/2678/2678 2680/2680/2680
f 2679/2679/2679 2680/2680/2680 2701/2701/2701
f 2681/2681/2681 2682/2682/2682 2684/2684/2684
f 2681/2681/2681 2684/2684/2684 2683/2683/2683
f 2683/2683/2683 2684/2684/2684 2686/2686/2686
f 2683/2683/2683 2686/2686/2686 2685/2685/2685
f 2685/2685/2685 2686/2686/2686 2688/2688/2688
f 2685/2685/2685 2688/2688/2688 2687/2687/2687
f 2687/2687/2687 2688/2688/2688 2690/2690/2690
f 2687/2687/2687 2690/2690/2690 2689/2689/2689
f 2689/2689/2689 2690/2690/2690 2692/2692/2692
f 2689/2689/2689 2692/2692/2692 2691/2691/2691
f 2690/2690/2690 2694/2694/2694 2693/2693/2693
f 2690/2690/2690 2693/2693/2693 2692/2692/2692
f 2688/2688/2688 2695/2695/2695 2694/2694/2694
f 2688/2688/2688 2694/2694/2694 2690/2690/2690
f 2686/2686/2686 2696/2696/2696 2695/2695/2695
f 2686/2686/2686 2695/2695/2695 2688/2688/2688
f 2684/2684/2684 2697/2697/2697 2696/2696/2696
f 2684/2684/2684 2696/2696/2696 2686/2686/2686
f 2682/2682/2682 2698/2698/2698 2697/2697/2697
f 2682/2682/2682 2697/2697/2697 2684/2684/2684
f 2679/2679/2679 2699/2699/2699 2698/2698/2698
f 2679/2679/2679 2698/2698/2698 2682/2682/2682
f 2699/2699/2699 2679/2679/2679 2701/2701/2701
f 2699/2699/2699 2701/2701/2701 2700/2700/2700
f 2703/2703/2703 2705/2705/2705 2704/2704/2704
f 2703/2703/2703 2704/2704/2704 2702/2702/2702
f 2705/2705/2705 2707/2707/2707 2706/2706/2706
f 2705/2705/2705 2706/2706/2706 2704/2704/2704
f 2707/2707/2707 2709/2709/2709 2708/2708/2708
f 2707/2707/2707 2708/2708/2708 2706/2706/2706
f 2709/2709/2709 2711/2711/2711 2710/2710/2710
f 2709/2709/2709 2710/2710/2710 2708/2708/2708
f 2711/2711/2711 2713/2713/2713 2712/2712/2712
f 2711/2711/2711 2712/2712/2712 2710/2710/2710
f 2713/2713/2713 2715/2715/2715 2714/2714/2714
f 2713/2713/2713 2714/2714/2714 2712/2712/2712
f 2715/2715/2715 2717/2717/2717 2716/2716/2716
f 2715/2715/2715 2716/2716/2716 2714/2714/2714
f 2717/2717/2717 2719/2719/2719 2718/2718/2718
f 2717/2717/2717 2718/2718/2718 2716/2716/2716
f 2719/2719/2719 2721/2721/2721 2720/2720/2720
f 2719/2719/2719 2720/2720/2720 2718/2718/2718
f 2721/2721/2721 2722/2722/2722 2720/2720/2720
f 2723/2723/2723 2722/2722/2722 2721/2721/2721
f 2724/2724/2724 2723/2723/2723 2721/2721/2721
f 2724/2724/2724 2721/2721/2721 2719/2719/2719
f 2725/2725/2725 2724/2724/2724 2719/2719/2719
f 2725/2725/2725 2719/2719/2719 2717/2717/2717
f 2726/2726/2726 2725/2725/2725 2717/2717/2717
f 2726/2726/2726 2717/2717/2717 2715/2715/2715
f 2727/2727/2727 2726/2726/2726 2715/2715/2715
f 2727/2727/2727 2715/2715/2715 2713/2713/2713
f 2728/2728/2728 2727/2727/2727 2713/2713/2713
f 2728/2728/2728 2713/2713/2713 2711/2711/2711
f 2729/2729/2729 2728/2728/2728 2711/2711/2711
f 2729/2729/2729 2711/2711/2711 2709/2709/2709
f 2730/2730/2730 2729/2729/2729 2709/2709/2709
f 2730/2730/2730 2709/2709/2709 2707/2707/2707
f 2731/2731/2731 2730/2730/2730 2707/2707/2707
f 2731/2731/2731 2707/2707/2707 2705/2705/2705
f 2732/2732/2732 2731/2731/2731 2705/2705/2705
f 2732/2732/2732 2705/2705/2705 2703/2703/2703
f 2750/2750/2750 2734/2734/2734 2735/2735/2735
f 2750/2750/2750 2735/2735/2735 2751/2751/2751
f 2753/2753/2753 2739/2739/2739 2737/2737/2737
f 2753/2753/2753 2737/2737/2737 2752/2752/2752
f 2751/2751/2751 2735/2735/2735 2739/2739/2739
f 2751/2751/2751 2739/2739/2739 2753/2753/2753
f 2752/2752/2752 2737/2737/2737 2741/2741/2741
f 2752/2752/2752 2741/2741/2741 2754/2754/2754
f 2754/2754/2754 2741/2741/2741 2743/2743/2743
f 2754/2754/2754 2743/2743/2743 2755/2755/2755
f 2755/2755/2755 2743/2743/2743 2745/2745/2745
f 2755/2755/2755 2745/2745/2745 2756/2756/2756
f 2756/2756/2756 2745/2745/2745 2747/2747/2747
f 2756/2756/2756 2747/2747/2747 2757/2757/2757
f 2757/2757/2757 2747/2747/2747 2749/2749/2749
f 2748/2748/2748 2757/2757/2757 2749/2749/2749
f 2746/2746/2746 2756/2756/2756 2757/2757/2757
f 2746/2746/2746 2757/2757/2757 2748/2748/2748
f 2744/2744/2744 2755/2755/2755 2756/2756/2756
f 2744/2744/2744 2756/2756/2756 2746/2746/2746
f 2742/2742/2742 2754/2754/2754 2755/2755/2755
f 2742/2742/2742 2755/2755/2755 2744/2744/2744
f 2738/2738/2738 2752/2752/2752 2754/2754/2754
f 2738/2738/2738 2754/2754/2754 2742/2742/2742
f 2736/2736/2736 2751/2751/2751 2753/2753/2753
f 2736/2736/2736 2753/2753/2753 2740/2740/2740
f 2740/2740/2740 2753/2753/2753 2752/2752/2752
f 2740/2740/2740 2752/2752/2752 2738/2738/2738
f 2733/2733/2733 2750/2750/2750 2751/2751/2751
f 2733/2733/2733 2751/2751/2751 2736/2736/2736
f 2758/2758/2758 2759/2759/2759 2762/2762/2762
f 2758/2758/2758 2762/2762/2762 2761/2761/2761
f 2759/2759/2759 2758/2758/2758 2760/2760/2760
f 2759/2759/2759 2760/2760/2760 2781/2781/2781
f 2761/2761/2761 2762/2762/2762 2764/2764/2764
f 2761/2761/2761 2764/2764/2764 2763/2763/2763
f 2763/2763/2763 2764/2764/2764 2766/2766/2766
f 2763/2763/2763 2766/2766/2766 2765/2765/2765
f 2765/2765/2765 2766/2766/2766 2768/2768/2768
f 2765/2765/2765 2768/2768/2768 2767/2767/2767
f 2767/2767/2767 2768/2768/2768 2770/2770/2770
f 2767/2767/2767 2770/2770/2770 2769/2769/2769
f 2769/2769/2769 2770/2770/2770 2772/2772/2772
f 2769/2769/2769 2772/2772/2772 2771/2771/2771
f 2770/2770/2770 2774/2774/2774 2773/2773/2773
f 2770/2770/2770 2773/2773/2773 2772/2772/2772
f 2768/2768/2768 2775/2775/2775 2774/2774/2774
f 2768/2768/2768 2774/2774/2774 2770/2770/2770
f 2766/2766/2766 2776/2776/2776 2775/2775/2775
f 2766/2766/2766 2775/2775/2775 2768/2768/2768
f 2764/2764/2764 2777/2777/2777 2776/2776/2776
f 2764/2764/2764 2776/2776/2776 2766/2766/2766
f 2762/2762/2762 2778/2778/2778 2777/2777/2777
f 2762/2762/2762 2777/2777/2777 2764/2764/2764
f 2759/2759/2759 2779/2779/2779 2778/2778/2778
f 2759/2759/2759 2778/2778/2778 2762/2762/2762
f 2779/2779/2779 2759/2759/2759 2781/2781/2781
f 2779/2779/2779 2781/2781/2781 2780/2780/2780
f 2782/2782/2782 2783/2783/2783 2786/2786/2786
f 2782/2782/2782 2786/2786/2786 2785/2785/2785
f 2783/2783/2783 2782/2782/2782 2784/2784/2784
f 2783/2783/2783 2784/2784/2784 2805/2805/2805
f 2785/2785/2785 2786/2786/2786 2788/2788/2788
f 2785/2785/2785 2788/2788/2788 2787/2787/2787
f 2787/2787/2787 2788/2788/2788 2790/2790/2790
f 2787/2787/2787 2790/2790/2790 2789/2789/2789
f 2789/2789/2789 2790/2790/2790 2792/2792/2792
f 2789/2789/2789 2792/2792/2792 2791/2791/2791
f 2791/2791/2791 2792/2792/2792 2794/2794/2794
f 2791/2791/2791 2794/2794/2794 2793/2793/2793
f 2793/2793/2793 2794/2794/2794 2796/2796/2796
f 2793/2793/2793 2796/2796/2796 2795/2795/2795
f 2794/2794/2794 2798/2798/2798 2797/2797/2797
f 2794/2794/2794 2797/2797/2797 2796/2796/2796
f 2792/2792/2792 2799/2799/2799 2798/2798/2798
f 2792/2792/2792 2798/2798/2798 2794/2794/2794
f 2790/2790/2790 2800/2800/2800 2799/2799/2799
f 2790/2790/2790 2799/2799/2799 2792/2792/2792
f 2788/2788/2788 2801/2801/2801 2800/2800/2800
f 2788/2788/2788 2800/2800/2800 2790/2790/2790
f 2786/2786/2786 2802/2802/2802 2801/2801/2801
f 2786/2786/2786 2801/2801/2801 2788/2788/2788
f 2783/2783/2783 2803/2803/2803 2802/2802/2802
f 2783/2783/2783 2802/2802/2802 2786/2786/2786
f 2803/2803/2803 2783/2783/2783 2805/2805/2805
f 2803/2803/2803 2805/2805/2805 2804/2804/2804
f 2806/2806/2806 2807/2807/2807 2810/2810/2810
f 2806/2806/2806 2810/2810/2810 2809/2809/2809
f 2807/2807/2807 2806/2806/2806 2808/2808/2808
f 2807/2807/2807 2808/2808/2808 2829/2829/2829
f 2809/2809/2809 2810/2810/2810 2812/2812/2812
f 2809/2809/2809 2812/2812/2812 2811/2811/2811
f 2811/2811/2811 2812/2812/2812 2814/2814/2814
f 2811/2811/2811 2814/2814/2814 2813/2813/2813
f 2813/2813/2813 2814/2814/2814 2816/2816/2816
f 2813/2813/2813 2816/2816/2816 2815/2815/2815
f 2815/2815/2815 2816/2816/2816 2818/2818/2818
f 2815/2815/2815 2818/2818/2818 2817/2817/2817
f 2817/2817/2817 2818/2818/2818 2820/2820/2820
f 2817/2817/2817 2820/2820/2820 2819/2819/2819
f 2818/2818/2818 2822/2822/2822 2821/2821/2821
f 2818/2818/2818 2821/2821/2821 2820/2820/2820
f 2816/2816/2816 2823/2823/2823 2822/2822/2822
f 2816/2816/2816 2822/2822/2822 2818/2818/2818
f 2814/2814/2814 2824/2824/2824 2823/2823/2823
f 2814/2814/2814 2823/2823/2823 2816/2816/2816
f 2812/2812/2812 2825/2825/2825 2824/2824/2824
f 2812/2812/2812 2824/2824/2824 2814/2814/2814
f 2810/2810/2810 2826/2826/2826 2825/2825/2825
f 2810/2810/2810 2825/2825/2825 2812/2812/2812
f 2807/2807/2807 2827/2827/2827 2826/2826/2826
f 2807/2807/2807 2826/2826/2826 2810/2810/2810
f 2827/2827/2827 2807/2807/2807 2829/2829/2829
f 2827/2827/2827 2829/2829/2829 2828/2828/2828
f 2830/2830/2830 2831/2831/2831 2834/2834/2834
f 2830/2830/2830 2834/2834/2834 2833/2833/2833
f 2831/2831/2831 2830/2830/2830 2832/2832/2832
f 2831/2831/2831 2832/2832/2832 2853/2853/2853
f 2833/2833/2833 2834/2834/2834 2836/2836/2836
f 2833/2833/2833 2836/2836/2836 2835/2835/2835
f 2835/2835/2835 2836/2836/2836 2838/2838/2838
f 2835/2835/2835 2838/2838/2838 2837/2837/2837
f 2837/2837/2837 2838/2838/2838 2840/2840/2840
f 2837/2837/2837 2840/2840/2840 2839/2839/2839
f 2839/2839/2839 2840/2840/2840 2842/2842/2842
f 2839/2839/2839 2842/2842/2842 2841/2841/2841
f 2841/2841/2841 2842/2842/2842 2844/2844/2844
f 2841/2841/2841 2844/2844/2844 2843/2843/2843
f 2842/2842/2842 2846/2846/2846 2845/2845/2845
f 2842/2842/2842 2845/2845/2845 2844/2844/2844
f 2840/2840/2840 2847/2847/2847 2846/2846/2846
f 2840/2840/2840 2846/2846/2846 2842/2842/2842
f 2838/2838/2838 2848/2848/2848 2847/2847/2847
f 2838/2838/2838 2847/2847/2847 2840/2840/2840
f 2836/2836/2836 2849/2849/2849 2848/2848/2848
f 2836/2836/2836 2848/2848/2848 2838/2838/2838
f 2834/2834/2834 2850/2850/2850 2849/2849/2849
f 2834/2834/2834 2849/2849/2849 2836/2836/2836
f 2831/2831/2831 2851/2851/2851 2850/2850/2850
f 2831/2831/2831 2850/2850/2850 2834/2834/2834
f 2851/2851/2851 2831/2831/2831 2853/2853/2853
f 2851/2851/2851 2853/2853/2853 2852/2852/2852
f 2854/2854/2854 2855/2855/2855 2857/2857/2857
f 2854/2854/2854 2857/2857/2857 2856/2856/2856
f 2856/2856/2856 2857/2857/2857 2859/2859/2859
f 2856/2856/2856 2859/2859/2859 2858/2858/2858
f 2858/2858/2858 2859/2859/2859 2861/2861/2861
f 2858/2858/2858 2861/2861/2861 2860/2860/2860
f 2860/2860/2860 2861/2861/2861 2863/2863/2863
f 2860/2860/2860 2863/2863/2863 2862/2862/2862
f 2862/2862/2862 2863/2863/2863 2865/2865/2865
f 2862/2862/2862 2865/2865/2865 2864/2864/2864
f 2864/2864/2864 2865/2865/2865 2867/2867/2867
f 2864/2864/2864 2867/2867/2867 2866/2866/2866
f 2866/2866/2866 2867/2867/2867 2869/2869/2869
f 2866/2866/2866 2869/2869/2869 2868/2868/2868
f 2868/2868/2868 2869/2869/2869 2871/2871/2871
f 2868/2868/2868 2871/2871/2871 2870/2870/2870
f 2870/2870/2870 2871/2871/2871 2873/2873/2873
f 2870/2870/2870 2873/2873/2873 2872/2872/2872
f 2872/2872/2872 2873/2873/2873 2875/2875/2875
f 2872/2872/2872 2875/2875/2875 2874/2874/2874
f 2874/2874/2874 2875/2875/2875 2876/2876/2876
f 2875/2875/2875 2877/2877/2877 2876/2876/2876
f 2873/2873/2873 2878/2878/2878 2877/2877/2877
f 2873/2873/2873 2877/2877/2877 2875/2875/2875
f 2871/2871/2871 2879/2879/2879 2878/2878/2878
f 2871/2871/2871 2878/2878/2878 2873/2873/2873
f 2869/2869/2869 2880/2880/2880 2879/2879/2879
f 2869/2869/2869 2879/2879/2879 2871/2871/2871
f 2867/2867/2867 2881/2881/2881 2880/2880/2880
f 2867/2867/2867 2880/2880/2880 2869/2869/2869
f 2865/2865/2865 2882/2882/2882 2881/2881/2881
f 2865/2865/2865 2881/2881/2881 2867/2867/2867
f 2863/2863/2863 2883/2883/2883 2882/2882/2882
f 2863/2863/2863 2882/2882/2882 2865/2865/2865
f 2861/2861/2861 2884/2884/2884 2883/2883/2883
f 2861/2861/2861 2883/2883/2883 2863/2863/2863
f 2859/2859/2859 2885/2885/2885 2884/2884/2884
f 2859/2859/2859 2884/2884/2884 2861/2861/2861
f 2857/2857/2857 2886/2886/2886 2885/2885/2885
f 2857/2857/2857 2885/2885/2885 2859/2859/2859
f 2855/2855/2855 2887/2887/2887 2886/2886/2886
f 2855/2855/2855 2886/2886/2886 2857/2857/2857
f 2888/2888/2888 2889/2889/2889 2891/2891/2891
f 2888/2888/2888 2891/2891/2891 2890/2890/2890
f 2890/2890/2890 2891/2891/2891 2893/2893/2893
f 2890/2890/2890 2893/2893/2893 2892/2892/2892
f 2892/2892/2892 2893/2893/2893 2895/2895/2895
f 2892/2892/2892 2895/2895/2895 2894/2894/2894
f 2894/2894/2894 2895/2895/2895 2897/2897/2897
f 2894/2894/2894 2897/2897/2897 2896/2896/2896
f 2896/2896/2896 2897/2897/2897 2899/2899/2899
f 2896/2896/2896 2899/2899/2899 2898/2898/2898
f 2898/2898/2898 2899/2899/2899 2901/2901/2901
f 2898/2898/2898 2901/2901/2901 2900/2900/2900
f 2900/2900/2900 2901/2901/2901 2903/2903/2903
f 2900/2900/2900 2903/2903/2903 2902/2902/2902
f 2902/2902/2902 2903/2903/2903 2905/2905/2905
f 2902/2902/2902 2905/2905/2905 2904/2904/2904
f 2904/2904/2904 2905/2905/2905 2907/2907/2907
f 2904/2904/2904 2907/2907/2907 2906/2906/2906
f 2906/2906/2906 2907/2907/2907 2909/2909/2909
f 2906/2906/2906 2909/2909/2909 2908/2908/2908
f 2908/2908/2908 2909/2909/2909 2910/2910/2910
f 2909/2909/2909 2911/2911/2911 2910/2910/2910
f 2907/2907/2907 2912/2912/2912 2911/2911/2911
f 2907/2907/2907 2911/2911/2911 2909/2909/2909
f 2905/2905/2905 2913/2913/2913 2912/2912/2912
f 2905/2905/2905 2912/2912/2912 2907/2907/2907
f 2903/2903/2903 2914/2914/2914 2913/2913/2913
f 2903/2903/2903 2913/2913/2913 2905/2905/2905
f 2901/2901/2901 2915/2915/2915 2914/2914/2914
f 2901/2901/2901 2914/2914/2914 2903/2903/2903
f 2899/2899/2899 2916/2916/2916 2915/2915/2915
f 2899/2899/2899 2915/2915/2915 2901/2901/2901
f 2897/2897/2897 2917/2917/2917 2916/2916/2916
f 2897/2897/2897 2916/2916/2916 2899/2899/2899
f 2895/2895/2895 2918/2918/2918 2917/2917/2917
f 2895/2895/2895 2917/2917/2917 2897/2897/2897
f 2893/2893/2893 2919/2919/2919 2918/2918/2918
f 2893/2893/2893 2918/2918/2918 2895/2895/2895
f 2891/2891/2891 2920/2920/2920 2919/2919/2919
f 2891/2891/2891 2919/2919/2919 2893/2893/2893
f 2889/2889/2889 2921/2921/2921 2920/2920/2920
f 2889/2889/2889 2920/2920/2920 2891/2891/2891
f 2922/2922/2922 2923/2923/2923 2925/2925/2925
f 2922/2922/2922 2925/2925/2925 2924/2924/2924
f 2924/2924/2924 2925/2925/2925 2927/2927/2927
f 2924/2924/2924 2927/2927/2927 2926/2926/2926
f 2926/2926/2926 2927/2927/2927 2929/2929/2929
f 2926/2926/2926 2929/2929/2929 2928/2928/2928
f 2928/2928/2928 2929/2929/2929 2931/2931/2931
f 2928/2928/2928 2931/2931/2931 2930/2930/2930
f 2930/2930/2930 2931/2931/2931 2933/2933/2933
f 2930/2930/2930 2933/2933/2933 2932/2932/2932
f 2932/2932/2932 2933/2933/2933 2935/2935/2935
f 2932/2932/2932 2935/2935/2935 2934/2934/2934
f 2934/2934/2934 2935/2935/2935 2937/2937/2937
f 2934/2934/2934 2937/2937/2937 2936/2936/2936
f 2936/2936/2936 2937/2937/2937 2939/2939/2939
f 2936/2936/2936 2939/2939/2939 2938/2938/2938
f 2938/2938/2938 2939/2939/2939 2941/2941/2941
f 2938/2938/2938 2941/2941/2941 2940/2940/2940
f 2940/2940/2940 2941/2941/2941 2943/2943/2943
f 2940/2940/2940 2943/2943/2943 2942/2942/2942
f 2942/2942/2942 2943/2943/2943 2944/2944/2944
f 2943/2943/2943 2945/2945/2945 2944/2944/2944
f 2941/2941/2941 2946/2946/2946 2945/2945/2945
f 2941/2941/2941 2945/2945/2945 2943/2943/2943
f 2939/2939/2939 2947/2947/2947 2946/2946/2946
f 2939/2939/2939 2946/2946/2946 2941/2941/2941
f 2937/2937/2937 2948/2948/2948 2947/2947/2947
f 2937/2937/2937 2947/2947/2947 2939/2939/2939
f 2935/2935/2935 2949/2949/2949 2948/2948/2948
f 2935/2935/2935 2948/2948/2948 2937/2937/2937
f 2933/2933/2933 2950/2950/2950 2949/2949/2949
f 2933/2933/2933 2949/2949/2949 2935/2935/2935
f 2931/2931/2931 2951/2951/2951 2950/2950/2950
f 2931/2931/2931 2950/2950/2950 2933/2933/2933
f 2929/2929/2929 2952/2952/2952 2951/2951/2951
f 2929/2929/2929 2951/2951/2951 2931/2931/2931
f 2927/2927/2927 2953/2953/2953 2952/2952/2952
f 2927/2927/2927 2952/2952/2952 2929/2929/2929
f 2925/2925/2925 2954/2954/2954 2953/2953/2953
f 2925/2925/2925 2953/2953/2953 2927/2927/2927
f 2923/2923/2923 2955/2955/2955 2954/2954/2954
f 2923/2923/2923 2954/2954/2954 2925/2925/2925
f 2956/2956/2956 2957/2957/2957 2959/2959/2959
f 2956/2956/2956 2959/2959/2959 2958/2958/2958
f 2958/2958/2958 2959/2959/2959 2961/2961/2961
f 2958/2958/2958 2961/2961/2961 2960/2960/2960
f 2960/2960/2960 2961/2961/2961 2963/2963/2963
f 2960/2960/2960 2963/2963/2963 2962/2962/2962
f 2962/2962/2962 2963/2963/2963 2965/2965/2965
f 2962/2962/2962 2965/2965/2965 2964/2964/2964
f 2964/2964/2964 2965/2965/2965 2967/2967/2967
f 2964/2964/2964 2967/2967/2967 2966/2966/2966
f 2967/2967/2967 2968/2968/2968 2981/2981/2981
f 2967/2967/2967 2981/2981/2981 2969/2969/2969
f 2965/2965/2965 2982/2982/2982 2968/2968/2968
f 2965/2965/2965 2968/2968/2968 2967/2967/2967
f 2970/2970/2970 2967/2967/2967 2969/2969/2969
f 2970/2970/2970 2969/2969/2969 2971/2971/2971
f 2971/2971/2971 2969/2969/2969 2973/2973/2973
f 2971/2971/2971 2973/2973/2973 2972/2972/2972
f 2972/2972/2972 2973/2973/2973 2975/2975/2975
f 2972/2972/2972 2975/2975/2975 2974/2974/2974
f 2974/2974/2974 2975/2975/2975 2977/2977/2977
f 2974/2974/2974 2977/2977/2977 2976/2976/2976
f 2975/2975/2975 2979/2979/2979 2978/2978/2978
f 2975/2975/2975 2978/2978/2978 2977/2977/2977
f 2973/2973/2973 2980/2980/2980 2979/2979/2979
f 2973/2973/2973 2979/2979/2979 2975/2975/2975
f 2969/2969/2969 2981/2981/2981 2980/2980/2980
f 2969/2969/2969 2980/2980/2980 2973/2973/2973
f 2963/2963/2963 2983/2983/2983 2982/2982/2982
f 2963/2963/2963 2982/2982/2982 2965/2965/2965
f 2961/2961/2961 2984/2984/2984 2983/2983/2983
f 2961/2961/2961 2983/2983/2983 2963/2963/2963
f 2959/2959/2959 2985/2985/2985 2984/2984/2984
f 2959/2959/2959 2984/2984/2984 2961/2961/2961
f 2957/2957/2957 2986/2986/2986 2985/2985/2985
f 2957/2957/2957 2985/2985/2985 2959/2959/2959
f 2987/2987/2987 2988/2988/2988 2990/2990/2990
f 2987/2987/2987 2990/2990/2990 2989/2989/2989
f 2989/2989/2989 2990/2990/2990 2992/2992/2992
f 2989/2989/2989 2992/2992/2992 2991/2991/2991
f 2991/2991/2991 2992/2992/2992 2994/2994/2994
f 2991/2991/2991 2994/2994/2994 2993/2993/2993
f 2993/2993/2993 2994/2994/2994 2996/2996/2996
f 2993/2993/2993 2996/2996/2996 2995/2995/2995
f 2995/2995/2995 2996/2996/2996 2998/2998/2998
f 2995/2995/2995 2998/2998/2998 2997/2997/2997
f 2997/2997/2997 2998/2998/2998 3000/3000/3000
f 2997/2997/2997 3000/3000/3000 2999/2999/2999
f 2999/2999/2999 3000/3000/3000 3002/3002/3002
f 2999/2999/2999 3002/3002/3002 3001/3001/3001
f 3001/3001/3001 3002/3002/3002 3004/3004/3004
f 3001/3001/3001 3004/3004/3004 3003/3003/3003
f 3003/3003/3003 3004/3004/3004 3006/3006/3006
f 3003/3003/3003 3006/3006/3006 3005/3005/3005
f 3004/3004/3004 3008/3008/3008 3007/3007/3007
f 3004/3004/3004 3007/3007/3007 3006/3006/3006
f 3002/3002/3002 3009/3009/3009 3008/3008/3008
f 3002/3002/3002 3008/3008/3008 3004/3004/3004
f 3000/3000/3000 3010/3010/3010 3009/3009/3009
f 3000/3000/3000 3009/3009/3009 3002/3002/3002
f 2998/2998/2998 3011/3011/3011 3010/3010/3010
f 2998/2998/2998 3010/3010/3010 3000/3000/3000
f 2996/2996/2996 3012/3012/3012 3011/3011/3011
f 2996/2996/2996 3011/3011/3011 2998/2998/2998
f 2994/2994/2994 3013/3013/3013 3012/3012/3012
f 2994/2994/2994 3012/3012/3012 2996/2996/2996
f 2992/2992/2992 3014/3014/3014 3013/3013/3013
f 2992/2992/2992 3013/3013/3013 2994/2994/2994
f 2990/2990/2990 3015/3015/3015 3014/3014/3014
f 2990/2990/2990 3014/3014/3014 2992/2992/2992
f 2988/2988/2988 3016/3016/3016 3015/3015/3015
f 2988/2988/2988 3015/3015/3015 2990/2990/2990
f 3017/3017/3017 3018/3018/3018 3020/3020/3020
f 3017/3017/3017 3020/3020/3020 3019/3019/3019
f 3019/3019/3019 3020/3020/3020 3022/3022/3022
f 3019/3019/3019 3022/3022/3022 3021/3021/3021
f 3021/3021/3021 3022/3022/3022 3024/3024/3024
f 3021/3021/3021 3024/3024/3024 3023/3023/3023
f 3023/3023/3023 3024/3024/3024 3026/3026/3026
f 3023/3023/3023 3026/3026/3026 3025/3025/3025
f 3025/3025/3025 3026/3026/3026 3028/3028/3028
f 3025/3025/3025 3028/3028/3028 3027/3027/3027
f 3027/3027/3027 3028/3028/3028 3030/3030/3030
f 3027/3027/3027 3030/3030/3030 3029/3029/3029
f 3029/3029/3029 3030/3030/3030 3032/3032/3032
f 3029/3029/3029 3032/3032/3032 3031/3031/3031
f 3031/3031/3031 3032/3032/3032 3034/3034/3034
f 3031/3031/3031 3034/3034/3034 3033/3033/3033
f 3033/3033/3033 3034/3034/3034 3036/3036/3036
f 3033/3033/3033 3036/3036/3036 3035/3035/3035
f 3035/3035/3035 3036/3036/3036 3038/3038/3038
f 3035/3035/3035 3038/3038/3038 3037/3037/3037
f 3037/3037/3037 3038/3038/3038 3039/3039/3039
f 3038/3038/3038 3040/3040/3040 3039/3039/3039
f 3036/3036/3036 3041/3041/3041 3040/3040/3040
f 3036/3036/3036 3040/3040/3040 3038/3038/3038
f 3034/3034/3034 3042/3042/3042 3041/3041/3041
f 3034/3034/3034 3041/3041/3041 3036/3036/3036
f 3032/3032/3032 3043/3043/3043 3042/3042/3042
f 3032/3032/3032 3042/3042/3042 3034/3034/3034
f 3030/3030/3030 3044/3044/3044 3043/3043/3043
f 3030/3030/3030 3043/3043/3043 3032/3032/3032
f 3028/3028/3028 3045/3045/3045 3044/3044/3044
f 3028/3028/3028 3044/3044/3044 3030/3030/3030
f 3026/3026/3026 3046/3046/3046 3045/3045/3045
f 3026/3026/3026 3045/3045/3045 3028/3028/3028
f 3024/3024/3024 3047/3047/3047 3046/3046/3046
f 3024/3024/3024 3046/3046/3046 3026/3026/3026
f 3022/3022/3022 3048/3048/3048 3047/3047/3047
f 3022/3022/3022 3047/3047/3047 3024/3024/3024
f 3020/3020/3020 3049/3049/3049 3048/3048/3048
f 3020/3020/3020 3048/3048/3048 3022/3022/3022
f 3018/3018/3018 3050/3050/3050 3049/3049/3049
f 3018/3018/3018 3049/3049/3049 3020/3020/3020
f 3051/3051/3051 3052/3052/3052 3054/3054/3054
f 3051/3051/3051 3054/3054/3054 3053/3053/3053
f 3053/3053/3053 3054/3054/3054 3056/3056/3056
f 3053/3053/3053 3056/3056/3056 3055/3055/3055
f 3055/3055/3055 3056/3056/3056 3058/3058/3058
f 3055/3055/3055 3058/3058/3058 3057/3057/3057
f 3057/3057/3057 3058/3058/3058 3060/3060/3060
f 3057/3057/3057 3060/3060/3060 3059/3059/3059
f 3059/3059/3059 3060/3060/3060 3062/3062/3062
f 3059/3059/3059 3062/3062/3062 3061/3061/3061
f 3061/3061/3061 3062/3062/3062 3064/3064/3064
f 3061/3061/3061 3064/3064/3064 3063/3063/3063
f 3063/3063/3063 3064/3064/3064 3066/3066/3066
f 3063/3063/3063 3066/3066/3066 3065/3065/3065
f 3065/3065/3065 3066/3066/3066 3068/3068/3068
f 3065/3065/3065 3068/3068/3068 3067/3067/3067
f 3067/3067/3067 3068/3068/3068 3070/3070/3070
f 3067/3067/3067 3070/3070/3070 3069/3069/3069
f 3069/3069/3069 3070/3070/3070 3072/3072/3072
f 3069/3069/3069 3072/3072/3072 3071/3071/3071
f 3071/3071/3071 3072/3072/3072 3073/3073/3073
f 3072/3072/3072 3074/3074/3074 3073/3073/3073
f 3070/3070/3070 3075/3075/3075 3074/3074/3074
f 3070/3070/3070 3074/3074/3074 3072/3072/3072
f 3068/3068/3068 3076/3076/3076 3075/3075/3075
f 3068/3068/3068 3075/3075/3075 3070/3070/3070
f 3066/3066/3066 3077/3077/3077 3076/3076/3076
f 3066/3066/3066 3076/3076/3076 3068/3068/3068
f 3064/3064/3064 3078/3078/3078 3077/3077/3077
f 3064/3064/3064 3077/3077/3077 3066/3066/3066
f 3062/3062/3062 3079/3079/3079 3078/3078/3078
f 3062/3062/3062 3078/3078/3078 3064/3064/3064
f 3060/3060/3060 3080/3080/3080 3079/3079/3079
f 3060/3060/3060 3079/3079/3079 3062/3062/3062
f 3058/3058/3058 3081/3081/3081 3080/3080/3080
f 3058/3058/3058 3080/3080/3080 3060/3060/3060
f 3056/3056/3056 3082/3082/3082 3081/3081/3081
f 3056/3056/3056 3081/3081/3081 3058/3058/3058
f 3054/3054/3054 3083/3083/3083 3082/3082/3082
f 3054/3054/3054 3082/3082/3082 3056/3056/3056
f 3052/3052/3052 3084/3084/3084 3083/3083/3083
f 3052/3052/3052 3083/3083/3083 3054/3054/3054
f 3085/3085/3085 3086/3086/3086 3088/3088/3088
f 3085/3085/3085 3088/3088/3088 3087/3087/3087
f 3087/3087/3087 3088/3088/3088 3090/3090/3090
f 3087/3087/3087 3090/3090/3090 3089/3089/3089
f 3089/3089/3089 3090/3090/3090 3092/3092/3092
f 3089/3089/3089 3092/3092/3092 3091/3091/3091
f 3091/3091/3091 3092/3092/3092 3094/3094/3094
f 3091/3091/3091 3094/3094/3094 3093/3093/3093
f 3093/3093/3093 3094/3094/3094 3096/3096/3096
f 3093/3093/3093 3096/3096/3096 3095/3095/3095
f 3095/3095/3095 3096/3096/3096 3098/3098/3098
f 3095/3095/3095 3098/3098/3098 3097/3097/3097
f 3097/3097/3097 3098/3098/3098 3100/3100/3100
f 3097/3097/3097 3100/3100/3100 3099/3099/3099
f 3099/3099/3099 3100/3100/3100 3102/3102/3102
f 3099/3099/3099 3102/3102/3102 3101/3101/3101
f 3101/3101/3101 3102/3102/3102 3104/3104/3104
f 3101/3101/3101 3104/3104/3104 3103/3103/3103
f 3102/3102/3102 3106/3106/3106 3105/3105/3105
f 3102/3102/3102 3105/3105/3105 3104/3104/3104
f 3100/3100/3100 3107/3107/3107 3106/3106/3106
f 3100/3100/3100 3106/3106/3106 3102/3102/3102
f 3098/3098/3098 3108/3108/3108 3107/3107/3107
f 3098/3098/3098 3107/3107/3107 3100/3100/3100
f 3096/3096/3096 3109/3109/3109 3108/3108/3108
f 3096/3096/3096 3108/3108/3108 3098/3098/3098
f 3094/3094/3094 3110/3110/3110 3109/3109/3109
f 3094/3094/3094 3109/3109/3109 3096/3096/3096
f 3092/3092/3092 3111/3111/3111 3110/3110/3110
f 3092/3092/3092 3110/3110/3110 3094/3094/3094
f 3090/3090/3090 3112/3112/3112 3111/3111/3111
f 3090/3090/3090 3111/3111/3111 3092/3092/3092
f 3088/3088/3088 3113/3113/3113 3112/3112/3112
f 3088/3088/3088 3112/3112/3112 3090/3090/3090
f 3086/3086/3086 3114/3114/3114 3113/3113/3113
f 3086/3086/3086 3113/3113/3113 3088/3088/3088
f 3115/3115/3115 3116/3116/3116 3118/3118/3118
f 3115/3115/3115 3118/3118/3118 3117/3117/3117
f 3117/3117/3117 3118/3118/3118 3120/3120/3120
f 3117/3117/3117 3120/3120/3120 3119/3119/3119
f 3119/3119/3119 3120/3120/3120 3122/3122/3122
f 3119/3119/3119 3122/3122/3122 3121/3121/3121
f 3121/3121/3121 3122/3122/3122 3124/3124/3124
f 3121/3121/3121 3124/3124/3124 3123/3123/3123
f 3123/3123/3123 3124/3124/3124 3126/3126/3126
f 3123/3123/3123 3126/3126/3126 3125/3125/3125
f 3125/3125/3125 3126/3126/3126 3128/3128/3128
f 3125/3125/3125 3128/3128/3128 3127/3127/3127
f 3127/3127/3127 3128/3128/3128 3130/3130/3130
f 3127/3127/3127 3130/3130/3130 3129/3129/3129
f 3129/3129/3129 3130/3130/3130 3132/3132/3132
f 3129/3129/3129 3132/3132/3132 3131/3131/3131
f 3131/3131/3131 3132/3132/3132 3134/3134/3134
f 3131/3131/3131 3134/3134/3134 3133/3133/3133
f 3133/3133/3133 3134/3134/3134 3136/3136/3136
f 3133/3133/3133 3136/3136/3136 3135/3135/3135
f 3135/3135/3135 3136/3136/3136 3137/3137/3137
f 3136/3136/3136 3138/3138/3138 3137/3137/3137
f 3134/3134/3134 3139/3139/3139 3138/3138/3138
f 3134/3134/3134 3138/3138/3138 3136/3136/3136
f 3132/3132/3132 3140/3140/3140 3139/3139/3139
f 3132/3132/3132 3139/3139/3139 3134/3134/3134
f 3130/3130/3130 3141/3141/3141 3140/3140/3140
f 3130/3130/3130 3140/3140/3140 3132/3132/3132
f 3128/3128/3128 3142/3142/3142 3141/3141/3141
f 3128/3128/3128 3141/3141/3141 3130/3130/3130
f 3126/3126/3126 3143/3143/3143 3142/3142/3142
f 3126/3126/3126 3142/3142/3142 3128/3128/3128
f 3124/3124/3124 3144/3144/3144 3143/3143/3143
f 3124/3124/3124 3143/3143/3143 3126/3126/3126
f 3122/3122/3122 3145/3145/3145 3144/3144/3144
f 3122/3122/3122 3144/3144/3144 3124/3124/3124
f 3120/3120/3120 3146/3146/3146 3145/3145/3145
f 3120/3120/3120 3145/3145/3145 3122/3122/3122
f 3118/3118/3118 3147/3147/3147 3146/3146/3146
f 3118/3118/3118 3146/3146/3146 3120/3120/3120
f 3116/3116/3116 3148/3148/3148 3147/3147/3147
f 3116/3116/3116 3147/3147/3147 3118/3118/3118
f 3149/3149/3149 3150/3150/3150 3153/3153/3153
f 3149/3149/3149 3153/3153/3153 3152/3152/3152
f 3150/3150/3150 3149/3149/3149 3151/3151/3151
f 3150/3150/3150 3151/3151/3151 3172/3172/3172
f 3152/3152/3152 3153/3153/3153 3155/3155/3155
f 3152/3152/3152 3155/3155/3155 3154/3154/3154
f 3154/3154/3154 3155/3155/3155 3157/3157/3157
f 3154/3154/3154 3157/3157/3157 3156/3156/3156
f 3156/3156/3156 3157/3157/3157 3159/3159/3159
f 3156/3156/3156 3159/3159/3159 3158/3158/3158
f 3158/3158/3158 3159/3159/3159 3161/3161/3161
f 3158/3158/3158 3161/3161/3161 3160/3160/3160
f 3160/3160/3160 3161/3161/3161 3163/3163/3163
f 3160/3160/3160 3163/3163/3163 3162/3162/3162
f 3161/3161/3161 3165/3165/3165 3164/3164/3164
f 3161/3161/3161 3164/3164/3164 3163/3163/3163
f 3159/3159/3159 3166/3166/3166 3165/3165/3165
f 3159/3159/3159 3165/3165/3165 3161/3161/3161
f 3157/3157/3157 3167/3167/3167 3166/3166/3166
f 3157/3157/3157 3166/3166/3166 3159/3159/3159
f 3155/3155/3155 3168/3168/3168 3167/3167/3167
f 3155/3155/3155 3167/3167/3167 3157/3157/3157
f 3153/3153/3153 3169/3169/3169 3168/3168/3168
f 3153/3153/3153 3168/3168/3168 3155/3155/3155
f 3150/3150/3150 3170/3170/3170 3169/3169/3169
f 3150/3150/3150 3169/3169/3169 3153/3153/3153
f 3170/3170/3170 3150/3150/3150 3172/3172/3172
f 3170/3170/3170 3172/3172/3172 3171/3171/3171
f 3173/3173/3173 3174/3174/3174 3177/3177/3177
f 3173/3173/3173 3177/3177/3177 3176/3176/3176
f 3174/3174/3174 3173/3173/3173 3175/3175/3175
f 3174/3174/3174 3175/3175/3175 3196/3196/3196
f 3176/3176/3176 3177/3177/3177 3179/3179/3179
f 3176/3176/3176 3179/3179/3179 3178/3178/3178
f 3178/3178/3178 3179/3179/3179 3181/3181/3181
f 3178/3178/3178 3181/3181/3181 3180/3180/3180
f 3180/3180/3180 3181/3181/3181 3183/3183/3183
f 3180/3180/3180 3183/3183/3183 3182/3182/3182
f 3182/3182/3182 3183/3183/3183 3185/3185/3185
f 3182/3182/3182 3185/3185/3185 3184/3184/3184
f 3184/3184/3184 3185/3185/3185 3187/3187/3187
f 3184/3184/3184 3187/3187/3187 3186/3186/3186
f 3185/3185/3185 3189/3189/3189 3188/3188/3188
f 3185/3185/3185 3188/3188/3188 3187/3187/3187
f 3183/3183/3183 3190/3190/3190 3189/3189/3189
f 3183/3183/3183 3189/3189/3189 3185/3185/3185
f 3181/3181/3181 3191/3191/3191 3190/3190/3190
f 3181/3181/3181 3190/3190/3190 3183/3183/3183
f 3179/3179/3179 3192/3192/3192 3191/3191/3191
f 3179/3179/3179 3191/3191/3191 3181/3181/3181
f 3177/3177/3177 3193/3193/3193 3192/3192/3192
f 3177/3177/3177 3192/3192/3192 3179/3179/3179
f 3174/3174/3174 3194/3194/3194 3193/3193/3193
f 3174/3174/3174 3193/3193/3193 3177/3177/3177
f 3194/3194/3194 3174/3174/3174 3196/3196/3196
f 3194/3194/3194 3196/3196/3196 3195/3195/3195
f 3197/3197/3197 3198/3198/3198 3201/3201/3201
f 3197/3197/3197 3201/3201/3201 3200/3200/3200
f 3198/3198/3198 3197/3197/3197 3199/3199/3199
f 3198/3198/3198 3199/3199/3199 3220/3220/3220
f 3200/3200/3200 3201/3201/3201 3203/3203/3203
f 3200/3200/3200 3203/3203/3203 3202/3202/3202
f 3202/3202/3202 3203/3203/3203 3205/3205/3205
f 3202/3202/3202 3205/3205/3205 3204/3204/3204
f 3204/3204/3204 3205/3205/3205 3207/3207/3207
f 3204/3204/3204 3207/3207/3207 3206/3206/3206
f 3206/3206/3206 3207/3207/3207 3209/3209/3209
f 3206/3206/3206 3209/3209/3209 3208/3208/3208
f 3208/3208/3208 3209/3209/3209 3211/3211/3211
f 3208/3208/3208 3211/3211/3211 3210/3210/3210
f 3209/3209/3209 3213/3213/3213 3212/3212/3212
f 3209/3209/3209 3212/3212/3212 3211/3211/3211
f 3207/3207/3207 3214/3214/3214 3213/3213/3213
f 3207/3207/3207 3213/3213/3213 3209/3209/3209
f 3205/3205/3205 3215/3215/3215 3214/3214/3214
f 3205/3205/3205 3214/3214/3214 3207/3207/3207
f 3203/3203/3203 3216/3216/3216 3215/3215/3215
f 3203/3203/3203 3215/3215/3215 3205/3205/3205
f 3201/3201/3201 3217/3217/3217 3216/3216/3216
f 3201/3201/3201 3216/3216/3216 3203/3203/3203
f 3198/3198/3198 3218/3218/3218 3217/3217/3217
f 3198/3198/3198 3217/3217/3217 3201/3201/3201
f 3218/3218/3218 3198/3198/3198 3220/3220/3220
f 3218/3218/3218 3220/3220/3220 3219/3219/3219
f 3238/3238/3238 3222/3222/3222 3223/3223/3223
f 3238/3238/3238 3223/3223/3223 3239/3239/3239
f 3241/3241/3241 3227/3227/3227 3225/3225/3225
f 3241/3241/3241 3225/3225/3225 3240/3240/3240
f 3239/3239/3239 3223/3223/3223 3227/3227/3227
f 3239/3239/3239 3227/3227/3227 3241/3241/3241
f 3240/3240/3240 3225/3225/3225 3229/3229/3229
f 3240/3240/3240 3229/3229/3229 3242/3242/3242
f 3242/3242/3242 3229/3229/3229 3231/3231/3231
f 3242/3242/3242 3231/3231/3231 3243/3243/3243
f 3243/3243/3243 3231/3231/3231 3233/3233/3233
f 3243/3243/3243 3233/3233/3233 3244/3244/3244
f 3244/3244/3244 3233/3233/3233 3235/3235/3235
f 3244/3244/3244 3235/3235/3235 3245/3245/3245
f 3245/3245/3245 3235/3235/3235 3237/3237/3237
f 3236/3236/3236 3245/3245/3245 3237/3237/3237
f 3234/3234/3234 3244/3244/3244 3245/3245/3245
f 3234/3234/3234 3245/3245/3245 3236/3236/3236
f 3232/3232/3232 3243/3243/3243 3244/3244/3244
f 3232/3232/3232 3244/3244/3244 3234/3234/3234
f 3230/3230/3230 3242/3242/3242 3243/3243/3243
f 3230/3230/3230 3243/3243/3243 3232/3232/3232
f 3226/3226/3226 3240/3240/3240 3242/3242/3242
f 3226/3226/3226 3242/3242/3242 3230/3230/3230
f 3224/3224/3224 3239/3239/3239 3241/3241/3241
f 3224/3224/3224 3241/3241/3241 3228/3228/3228
f 3228/3228/3228 3241/3241/3241 3240/3240/3240
f 3228/3228/3228 3240/3240/3240 3226/3226/3226
f 3221/3221/3221 3238/3238/3238 3239/3239/3239
f 3221/3221/3221 3239/3239/3239 3224/3224/3224
f 3263/3263/3263 3247/3247/3247 3248/3248/3248
f 3263/3263/3263 3248/3248/3248 3264/3264/3264
f 3266/3266/3266 3252/3252/3252 3250/3250/3250
f 3266/3266/3266 3250/3250/3250 3265/3265/3265
f 3264/3264/3264 3248/3248/3248 3252/3252/3252
f 3264/3264/3264 3252/3252/3252 3266/3266/3266
f 3265/3265/3265 3250/3250/3250 3254/3254/3254
f 3265/3265/3265 3254/3254/3254 3267/3267/3267
f 3267/3267/3267 3254/3254/3254 3256/3256/3256
f 3267/3267/3267 3256/3256/3256 3268/3268/3268
f 3268/3268/3268 3256/3256/3256 3258/3258/3258
f 3268/3268/3268 3258/3258/3258 3269/3269/3269
f 3269/3269/3269 3258/3258/3258 3260/3260/3260
f 3269/3269/3269 3260/3260/3260 3270/3270/3270
f 3270/3270/3270 3260/3260/3260 3262/3262/3262
f 3261/3261/3261 3270/3270/3270 3262/3262/3262
f 3259/3259/3259 3269/3269/3269 3270/3270/3270
f 3259/3259/3259 3270/3270/3270 3261/3261/3261
f 3257/3257/3257 3268/3268/3268 3269/3269/3269
f 3257/3257/3257 3269/3269/3269 3259/3259/3259
f 3255/3255/3255 3267/3267/3267 3268/3268/3268
f 3255/3255/3255 3268/3268/3268 3257/3257/3257
f 3251/3251/3251 3265/3265/3265 3267/3267/3267
f 3251/3251/3251 3267/3267/3267 3255/3255/3255
f 3249/3249/3249 3264/3264/3264 3266/3266/3266
f 3249/3249/3249 3266/3266/3266 3253/3253/3253
f 3253/3253/3253 3266/3266/3266 3265/3265/3265
f 3253/3253/3253 3265/3265/3265 3251/3251/3251
f 3246/3246/3246 3263/3263/3263 3264/3264/3264
f 3246/3246/3246 3264/3264/3264 3249/3249/3249
f 3271/3271/3271 3272/3272/3272 3275/3275/3275
f 3271/3271/3271 3275/3275/3275 3274/3274/3274
f 3272/3272/3272 3271/3271/3271 3273/3273/3273
f 3272/3272/3272 3273/3273/3273 3294/3294/3294
f 3274/3274/3274 3275/3275/3275 3277/3277/3277
f 3274/3274/3274 3277/3277/3277 3276/3276/3276
f 3276/3276/3276 3277/3277/3277 3279/3279/3279
f 3276/3276/3276 3279/3279/3279 3278/3278/3278
f 3278/3278/3278 3279/3279/3279 3281/3281/3281
f 3278/3278/3278 3281/3281/3281 3280/3280/3280
f 3280/3280/3280 3281/3281/3281 3283/3283/3283
f 3280/3280/3280 3283/3283/3283 3282/3282/3282
f 3282/3282/3282 3283/3283/3283 3285/3285/3285
f 3282/3282/3282 3285/3285/3285 3284/3284/3284
f 3283/3283/3283 3287/3287/3287 3286/3286/3286
f 3283/3283/3283 3286/3286/3286 3285/3285/3285
f 3281/3281/3281 3288/3288/3288 3287/3287/3287
f 3281/3281/3281 3287/3287/3287 3283/3283/3283
f 3279/3279/3279 3289/3289/3289 3288/3288/3288
f 3279/3279/3279 3288/3288/3288 3281/3281/3281
f 3277/3277/3277 3290/3290/3290 3289/3289/3289
f 3277/3277/3277 3289/3289/3289 3279/3279/3279
f 3275/3275/3275 3291/3291/3291 3290/3290/3290
f 3275/3275/3275 3290/3290/3290 3277/3277/3277
f 3272/3272/3272 3292/3292/3292 3291/3291/3291
f 3272/3272/3272 3291/3291/3291 3275/3275/3275
f 3292/3292/3292 3272/3272/3272 3294/3294/3294
f 3292/3292/3292 3294/3294/3294 3293/3293/3293
f 3295/3295/3295 3296/3296/3296 3299/3299/3299
f 3295/3295/3295 3299/3299/3299 3298/3298/3298
f 3296/3296/3296 3295/3295/3295 3297/3297/3297
f 3296/3296/3296 3297/3297/3297 3318/3318/3318
f 3298/3298/3298 3299/3299/3299 3301/3301/3301
f 3298/3298/3298 3301/3301/3301 3300/3300/3300
f 3300/3300/3300 3301/3301/3301 3303/3303/3303
f 3300/3300/3300 3303/3303/3303 3302/3302/3302
f 3302/3302/3302 3303/3303/3303 3305/3305/3305
f 3302/3302/3302 3305/3305/3305 3304/3304/3304
f 3304/3304/3304 3305/3305/3305 3307/3307/3307
f 3304/3304/3304 3307/3307/3307 3306/3306/3306
f 3306/3306/3306 3307/3307/3307 3309/3309/3309
f 3306/3306/3306 3309/3309/3309 3308/3308/3308
f 3307/3307/3307 3311/3311/3311 3310/3310/3310
f 3307/3307/3307 3310/3310/3310 3309/3309/3309
f 3305/3305/3305 3312/3312/3312 3311/3311/3311
f 3305/3305/3305 3311/3311/3311 3307/3307/3307
f 3303/3303/3303 3313/3313/3313 3312/3312/3312
f 3303/3303/3303 3312/3312/3312 3305/3305/3305
f 3301/3301/3301 3314/3314/3314 3313/3313/3313
f 3301/3301/3301 3313/3313/3313 3303/3303/3303
f 3299/3299/3299 3315/3315/3315 3314/3314/3314
f 3299/3299/3299 3314/3314/3314 3301/3301/3301
f 3296/3296/3296 3316/3316/3316 3315/3315/3315
f 3296/3296/3296 3315/3315/3315 3299/3299/3299
f 3316/3316/3316 3296/3296/3296 3318/3318/3318
f 3316/3316/3316 3318/3318/3318 3317/3317/3317
f 3397/3397/3397 3379/3379/3379 3319/3319/3319
f 3397/3397/3397 3319/3319/3319 3321/3321/3321
f 3398/3398/3398 3380/3380/3380 3324/3324/3324
f 3398/3398/3398 3324/3324/3324 3325/3325/3325
f 3379/3379/3379 3398/3398/3398 3325/3325/3325
f 3379/3379/3379 3325/3325/3325 3319/3319/3319
f 3380/3380/3380 3381/3381/3381 3328/3328/3328
f 3380/3380/3380 3328/3328/3328 3324/3324/3324
f 3381/3381/3381 3382/3382/3382 3330/3330/3330
f 3381/3381/3381 3330/3330/3330 3328/3328/3328
f 3382/3382/3382 3383/3383/3383 3332/3332/3332
f 3382/3382/3382 3332/3332/3332 3330/3330/3330
f 3383/3383/3383 3384/3384/3384 3334/3334/3334
f 3383/3383/3383 3334/3334/3334 3332/3332/3332
f 3384/3384/3384 3385/3385/3385 3336/3336/3336
f 3384/3384/3384 3336/3336/3336 3334/3334/3334
f 3385/3385/3385 3386/3386/3386 3338/3338/3338
f 3385/3385/3385 3338/3338/3338 3336/3336/3336
f 3386/3386/3386 3387/3387/3387 3340/3340/3340
f 3386/3386/3386 3340/3340/3340 3338/3338/3338
f 3387/3387/3387 3388/3388/3388 3342/3342/3342
f 3387/3387/3387 3342/3342/3342 3340/3340/3340
f 3388/3388/3388 3389/3389/3389 3344/3344/3344
f 3388/3388/3388 3344/3344/3344 3342/3342/3342
f 3389/3389/3389 3390/3390/3390 3346/3346/3346
f 3389/3389/3389 3346/3346/3346 3344/3344/3344
f 3390/3390/3390 3391/3391/3391 3348/3348/3348
f 3390/3390/3390 3348/3348/3348 3346/3346/3346
f 3347/3347/3347 3349/3349/3349 3374/3374/3374
f 3347/3347/3347 3374/3374/3374 3373/3373/3373
f 3392/3392/3392 3393/3393/3393 3352/3352/3352
f 3392/3392/3392 3352/3352/3352 3350/3350/3350
f 3393/3393/3393 3394/3394/3394 3354/3354/3354
f 3393/3393/3393 3354/3354/3354 3352/3352/3352
f 3394/3394/3394 3395/3395/3395 3357/3357/3357
f 3394/3394/3394 3357/3357/3357 3354/3354/3354
f 3353/3353/3353 3355/3355/3355 3377/3377/3377
f 3353/3353/3353 3377/3377/3377 3376/3376/3376
f 3351/3351/3351 3353/3353/3353 3376/3376/3376
f 3351/3351/3351 3376/3376/3376 3375/3375/3375
f 3349/3349/3349 3351/3351/3351 3375/3375/3375
f 3349/3349/3349 3375/3375/3375 3374/3374/3374
f 3373/3373/3373 3374/3374/3374 3392/3392/3392
f 3373/3373/3373 3392/3392/3392 3391/3391/3391
f 3345/3345/3345 3347/3347/3347 3373/3373/3373
f 3345/3345/3345 3373/3373/3373 3372/3372/3372
f 3343/3343/3343 3345/3345/3345 3372/3372/3372
f 3343/3343/3343 3372/3372/3372 3371/3371/3371
f 3341/3341/3341 3343/3343/3343 3371/3371/3371
f 3341/3341/3341 3371/3371/3371 3370/3370/3370
f 3339/3339/3339 3341/3341/3341 3370/3370/3370
f 3339/3339/3339 3370/3370/3370 3369/3369/3369
f 3337/3337/3337 3339/3339/3339 3369/3369/3369
f 3337/3337/3337 3369/3369/3369 3368/3368/3368
f 3335/3335/3335 3337/3337/3337 3368/3368/3368
f 3335/3335/3335 3368/3368/3368 3367/3367/3367
f 3333/3333/3333 3335/3335/3335 3367/3367/3367
f 3333/3333/3333 3367/3367/3367 3366/3366/3366
f 3331/3331/3331 3333/3333/3333 3366/3366/3366
f 3331/3331/3331 3366/3366/3366 3365/3365/3365
f 3329/3329/3329 3331/3331/3331 3365/3365/3365
f 3329/3329/3329 3365/3365/3365 3364/3364/3364
f 3327/3327/3327 3329/3329/3329 3364/3364/3364
f 3327/3327/3327 3364/3364/3364 3363/3363/3363
f 3323/3323/3323 3327/3327/3327 3363/3363/3363
f 3323/3323/3323 3363/3363/3363 3361/3361/3361
f 3320/3320/3320 3326/3326/3326 3362/3362/3362
f 3320/3320/3320 3362/3362/3362 3360/3360/3360
f 3326/3326/3326 3323/3323/3323 3361/3361/3361
f 3326/3326/3326 3361/3361/3361 3362/3362/3362
f 3322/3322/3322 3320/3320/3320 3360/3360/3360
f 3322/3322/3322 3360/3360/3360 3359/3359/3359
f 3376/3376/3376 3377/3377/3377 3395/3395/3395
f 3376/3376/3376 3395/3395/3395 3394/3394/3394
f 3375/3375/3375 3376/3376/3376 3394/3394/3394
f 3375/3375/3375 3394/3394/3394 3393/3393/3393
f 3374/3374/3374 3375/3375/3375 3393/3393/3393
f 3374/3374/3374 3393/3393/3393 3392/3392/3392
f 3372/3372/3372 3373/3373/3373 3391/3391/3391
f 3372/3372/3372 3391/3391/3391 3390/3390/3390
f 3371/3371/3371 3372/3372/3372 3390/3390/3390
f 3371/3371/3371 3390/3390/3390 3389/3389/3389
f 3370/3370/3370 3371/3371/3371 3389/3389/3389
f 3370/3370/3370 3389/3389/3389 3388/3388/3388
f 3369/3369/3369 3370/3370/3370 3388/3388/3388
f 3369/3369/3369 3388/3388/3388 3387/3387/3387
f 3368/3368/3368 3369/3369/3369 3387/3387/3387
f 3368/3368/3368 3387/3387/3387 3386/3386/3386
f 3367/3367/3367 3368/3368/3368 3386/3386/3386
f 3367/3367/3367 3386/3386/3386 3385/3385/3385
f 3366/3366/3366 3367/3367/3367 3385/3385/3385
f 3366/3366/3366 3385/3385/3385 3384/3384/3384
f 3365/3365/3365 3366/3366/3366 3384/3384/3384
f 3365/3365/3365 3384/3384/3384 3383/3383/3383
f 3364/3364/3364 3365/3365/3365 3383/3383/3383
f 3364/3364/3364 3383/3383/3383 3382/3382/3382
f 3363/3363/3363 3364/3364/3364 3382/3382/3382
f 3363/3363/3363 3382/3382/3382 3381/3381/3381
f 3361/3361/3361 3363/3363/3363 3381/3381/3381
f 3361/3361/3361 3381/3381/3381 3380/3380/3380
f 3360/3360/3360 3362/3362/3362 3398/3398/3398
f 3360/3360/3360 3398/3398/3398 3379/3379/3379
f 3362/3362/3362 3361/3361/3361 3380/3380/3380
f 3362/3362/3362 3380/3380/3380 3398/3398/3398
f 3359/3359/3359 3360/3360/3360 3379/3379/3379
f 3359/3359/3359 3379/3379/3379 3397/3397/3397
f 3348/3348/3348 3391/3391/3391 3392/3392/3392
f 3348/3348/3348 3392/3392/3392 3350/3350/3350
f 3437/3437/3437 3321/3321/3321 3319/3319/3319
f 3437/3437/3437 3319/3319/3319 3419/3419/3419
f 3438/3438/3438 3325/3325/3325 3324/3324/3324
f 3438/3438/3438 3324/3324/3324 3420/3420/3420
f 3419/3419/3419 3319/3319/3319 3325/3325/3325
f 3419/3419/3419 3325/3325/3325 3438/3438/3438
f 3420/3420/3420 3324/3324/3324 3328/3328/3328
f 3420/3420/3420 3328/3328/3328 3421/3421/3421
f 3421/3421/3421 3328/3328/3328 3330/3330/3330
f 3421/3421/3421 3330/3330/3330 3422/3422/3422
f 3422/3422/3422 3330/3330/3330 3332/3332/3332
f 3422/3422/3422 3332/3332/3332 3423/3423/3423
f 3423/3423/3423 3332/3332/3332 3334/3334/3334
f 3423/3423/3423 3334/3334/3334 3424/3424/3424
f 3424/3424/3424 3334/3334/3334 3336/3336/3336
f 3424/3424/3424 3336/3336/3336 3425/3425/3425
f 3425/3425/3425 3336/3336/3336 3338/3338/3338
f 3425/3425/3425 3338/3338/3338 3426/3426/3426
f 3426/3426/3426 3338/3338/3338 3340/3340/3340
f 3426/3426/3426 3340/3340/3340 3427/3427/3427
f 3427/3427/3427 3340/3340/3340 3342/3342/3342
f 3427/3427/3427 3342/3342/3342 3428/3428/3428
f 3428/3428/3428 3342/3342/3342 3344/3344/3344
f 3428/3428/3428 3344/3344/3344 3429/3429/3429
f 3429/3429/3429 3344/3344/3344 3346/3346/3346
f 3429/3429/3429 3346/3346/3346 3430/3430/3430
f 3430/3430/3430 3346/3346/3346 3348/3348/3348
f 3430/3430/3430 3348/3348/3348 3431/3431/3431
f 3347/3347/3347 3413/3413/3413 3414/3414/3414
f 3347/3347/3347 3414/3414/3414 3349/3349/3349
f 3432/3432/3432 3350/3350/3350 3352/3352/3352
f 3432/3432/3432 3352/3352/3352 3433/3433/3433
f 3433/3433/3433 3352/3352/3352 3354/3354/3354
f 3433/3433/3433 3354/3354/3354 3434/3434/3434
f 3434/3434/3434 3354/3354/3354 3357/3357/3357
f 3434/3434/3434 3357/3357/3357 3435/3435/3435
f 3353/3353/3353 3416/3416/3416 3417/3417/3417
f 3353/3353/3353 3417/3417/3417 3355/3355/3355
f 3351/3351/3351 3415/3415/3415 3416/3416/3416
f 3351/3351/3351 3416/3416/3416 3353/3353/3353
f 3349/3349/3349 3414/3414/3414 3415/3415/3415
f 3349/3349/3349 3415/3415/3415 3351/3351/3351
f 3413/3413/3413 3431/3431/3431 3432/3432/3432
f 3413/3413/3413 3432/3432/3432 3414/3414/3414
f 3345/3345/3345 3412/3412/3412 3413/3413/3413
f 3345/3345/3345 3413/3413/3413 3347/3347/3347
f 3343/3343/3343 3411/3411/3411 3412/3412/3412
f 3343/3343/3343 3412/3412/3412 3345/3345/3345
f 3341/3341/3341 3410/3410/3410 3411/3411/3411
f 3341/3341/3341 3411/3411/3411 3343/3343/3343
f 3339/3339/3339 3409/3409/3409 3410/3410/3410
f 3339/3339/3339 3410/3410/3410 3341/3341/3341
f 3337/3337/3337 3408/3408/3408 3409/3409/3409
f 3337/3337/3337 3409/3409/3409 3339/3339/3339
f 3335/3335/3335 3407/3407/3407 3408/3408/3408
f 3335/3335/3335 3408/3408/3408 3337/3337/3337
f 3333/3333/3333 3406/3406/3406 3407/3407/3407
f 3333/3333/3333 3407/3407/3407 3335/3335/3335
f 3331/3331/3331 3405/3405/3405 3406/3406/3406
f 3331/3331/3331 3406/3406/3406 3333/3333/3333
f 3329/3329/3329 3404/3404/3404 3405/3405/3405
f 3329/3329/3329 3405/3405/3405 3331/3331/3331
f 3327/3327/3327 3403/3403/3403 3404/3404/3404
f 3327/3327/3327 3404/3404/3404 3329/3329/3329
f 3323/3323/3323 3401/3401/3401 3403/3403/3403
f 3323/3323/3323 3403/3403/3403 3327/3327/3327
f 3320/3320/3320 3400/3400/3400 3402/3402/3402
f 3320/3320/3320 3402/3402/3402 3326/3326/3326
f 3326/3326/3326 3402/3402/3402 3401/3401/3401
f 3326/3326/3326 3401/3401/3401 3323/3323/3323
f 3322/3322/3322 3399/3399/3399 3400/3400/3400
f 3322/3322/3322 3400/3400/3400 3320/3320/3320
f 3416/3416/3416 3434/3434/3434 3435/3435/3435
f 3416/3416/3416 3435/3435/3435 3417/3417/3417
f 3415/3415/3415 3433/3433/3433 3434/3434/3434
f 3415/3415/3415 3434/3434/3434 3416/3416/3416
f 3414/3414/3414 3432/3432/3432 3433/3433/3433
f 3414/3414/3414 3433/3433/3433 3415/3415/3415
f 3412/3412/3412 3430/3430/3430 3431/3431/3431
f 3412/3412/3412 3431/3431/3431 3413/3413/3413
f 3411/3411/3411 3429/3429/3429 3430/3430/3430
f 3411/3411/3411 3430/3430/3430 3412/3412/3412
f 3410/3410/3410 3428/3428/3428 3429/3429/3429
f 3410/3410/3410 3429/3429/3429 3411/3411/3411
f 3409/3409/3409 3427/3427/3427 3428/3428/3428
f 3409/3409/3409 3428/3428/3428 3410/3410/3410
f 3408/3408/3408 3426/3426/3426 3427/3427/3427
f 3408/3408/3408 3427/3427/3427 3409/3409/3409
f 3407/3407/3407 3425/3425/3425 3426/3426/3426
f 3407/3407/3407 3426/3426/3426 3408/3408/3408
f 3406/3406/3406 3424/3424/3424 3425/3425/3425
f 3406/3406/3406 3425/3425/3425 3407/3407/3407
f 3405/3405/3405 3423/3423/3423 3424/3424/3424
f 3405/3405/3405 3424/3424/3424 3406/3406/3406
f 3404/3404/3404 3422/3422/3422 3423/3423/3423
f 3404/3404/3404 3423/3423/3423 3405/3405/3405
f 3403/3403/3403 3421/3421/3421 3422/3422/3422
f 3403/3403/3403 3422/3422/3422 3404/3404/3404
f 3401/3401/3401 3420/3420/3420 3421/3421/3421
f 3401/3401/3401 3421/3421/3421 3403/3403/3403
f 3400/3400/3400 3419/3419/3419 3438/3438/3438
f 3400/3400/3400 3438/3438/3438 3402/3402/3402
f 3402/3402/3402 3438/3438/3438 3420/3420/3420
f 3402/3402/3402 3420/3420/3420 3401/3401/3401
f 3399/3399/3399 3437/3437/3437 3419/3419/3419
f 3399/3399/3399 3419/3419/3419 3400/3400/3400
f 3348/3348/3348 3350/3350/3350 3432/3432/3432
f 3348/3348/3348 3432/3432/3432 3431/3431/3431
f 3396/3396/3396 3496/3496/3496 3439/3439/3439
f 3396/3396/3396 3439/3439/3439 3358/3358/3358
f 3514/3514/3514 3497/3497/3497 3442/3442/3442
f 3514/3514/3514 3442/3442/3442 3443/3443/3443
f 3496/3496/3496 3514/3514/3514 3443/3443/3443
f 3496/3496/3496 3443/3443/3443 3439/3439/3439
f 3497/3497/3497 3498/3498/3498 3446/3446/3446
f 3497/3497/3497 3446/3446/3446 3442/3442/3442
f 3498/3498/3498 3499/3499/3499 3448/3448/3448
f 3498/3498/3498 3448/3448/3448 3446/3446/3446
f 3499/3499/3499 3500/3500/3500 3450/3450/3450
f 3499/3499/3499 3450/3450/3450 3448/3448/3448
f 3500/3500/3500 3501/3501/3501 3452/3452/3452
f 3500/3500/3500 3452/3452/3452 3450/3450/3450
f 3501/3501/3501 3502/3502/3502 3454/3454/3454
f 3501/3501/3501 3454/3454/3454 3452/3452/3452
f 3502/3502/3502 3503/3503/3503 3456/3456/3456
f 3502/3502/3502 3456/3456/3456 3454/3454/3454
f 3503/3503/3503 3504/3504/3504 3458/3458/3458
f 3503/3503/3503 3458/3458/3458 3456/3456/3456
f 3504/3504/3504 3505/3505/3505 3460/3460/3460
f 3504/3504/3504 3460/3460/3460 3458/3458/3458
f 3505/3505/3505 3506/3506/3506 3462/3462/3462
f 3505/3505/3505 3462/3462/3462 3460/3460/3460
f 3506/3506/3506 3507/3507/3507 3464/3464/3464
f 3506/3506/3506 3464/3464/3464 3462/3462/3462
f 3507/3507/3507 3508/3508/3508 3466/3466/3466
f 3507/3507/3507 3466/3466/3466 3464/3464/3464
f 3465/3465/3465 3467/3467/3467 3491/3491/3491
f 3465/3465/3465 3491/3491/3491 3490/3490/3490
f 3509/3509/3509 3510/3510/3510 3470/3470/3470
f 3509/3509/3509 3470/3470/3470 3468/3468/3468
f 3510/3510/3510 3511/3511/3511 3472/3472/3472
f 3510/3510/3510 3472/3472/3472 3470/3470/3470
f 3511/3511/3511 3512/3512/3512 3475/3475/3475
f 3511/3511/3511 3475/3475/3475 3472/3472/3472
f 3471/3471/3471 3473/3473/3473 3494/3494/3494
f 3471/3471/3471 3494/3494/3494 3493/3493/3493
f 3469/3469/3469 3471/3471/3471 3493/3493/3493
f 3469/3469/3469 3493/3493/3493 3492/3492/3492
f 3467/3467/3467 3469/3469/3469 3492/3492/3492
f 3467/3467/3467 3492/3492/3492 3491/3491/3491
f 3490/3490/3490 3491/3491/3491 3509/3509/3509
f 3490/3490/3490 3509/3509/3509 3508/3508/3508
f 3463/3463/3463 3465/3465/3465 3490/3490/3490
f 3463/3463/3463 3490/3490/3490 3489/3489/3489
f 3461/3461/3461 3463/3463/3463 3489/3489/3489
f 3461/3461/3461 3489/3489/3489 3488/3488/3488
f 3459/3459/3459 3461/3461/3461 3488/3488/3488
f 3459/3459/3459 3488/3488/3488 3487/3487/3487
f 3457/3457/3457 3459/3459/3459 3487/3487/3487
f 3457/3457/3457 3487/3487/3487 3486/3486/3486
f 3455/3455/3455 3457/3457/3457 3486/3486/3486
f 3455/3455/3455 3486/3486/3486 3485/3485/3485
f 3453/3453/3453 3455/3455/3455 3485/3485/3485
f 3453/3453/3453 3485/3485/3485 3484/3484/3484
f 3451/3451/3451 3453/3453/3453 3484/3484/3484
f 3451/3451/3451 3484/3484/3484 3483/3483/3483
f 3449/3449/3449 3451/3451/3451 3483/3483/3483
f 3449/3449/3449 3483/3483/3483 3482/3482/3482
f 3447/3447/3447 3449/3449/3449 3482/3482/3482
f 3447/3447/3447 3482/3482/3482 3481/3481/3481
f 3445/3445/3445 3447/3447/3447 3481/3481/3481
f 3445/3445/3445 3481/3481/3481 3480/3480/3480
f 3441/3441/3441 3445/3445/3445 3480/3480/3480
f 3441/3441/3441 3480/3480/3480 3478/3478/3478
f 3440/3440/3440 3444/3444/3444 3479/3479/3479
f 3440/3440/3440 3479/3479/3479 3477/3477/3477
f 3444/3444/3444 3441/3441/3441 3478/3478/3478
f 3444/3444/3444 3478/3478/3478 3479/3479/3479
f 3356/3356/3356 3440/3440/3440 3477/3477/3477
f 3356/3356/3356 3477/3477/3477 3378/3378/3378
f 3493/3493/3493 3494/3494/3494 3512/3512/3512
f 3493/3493/3493 3512/3512/3512 3511/3511/3511
f 3492/3492/3492 3493/3493/3493 3511/3511/3511
f 3492/3492/3492 3511/3511/3511 3510/3510/3510
f 3491/3491/3491 3492/3492/3492 3510/3510/3510
f 3491/3491/3491 3510/3510/3510 3509/3509/3509
f 3489/3489/3489 3490/3490/3490 3508/3508/3508
f 3489/3489/3489 3508/3508/3508 3507/3507/3507
f 3488/3488/3488 3489/3489/3489 3507/3507/3507
f 3488/3488/3488 3507/3507/3507 3506/3506/3506
f 3487/3487/3487 3488/3488/3488 3506/3506/3506
f 3487/3487/3487 3506/3506/3506 3505/3505/3505
f 3486/3486/3486 3487/3487/3487 3505/3505/3505
f 3486/3486/3486 3505/3505/3505 3504/3504/3504
f 3485/3485/3485 3486/3486/3486 3504/3504/3504
f 3485/3485/3485 3504/3504/3504 3503/3503/3503
f 3484/3484/3484 3485/3485/3485 3503/3503/3503
f 3484/3484/3484 3503/3503/3503 3502/3502/3502
f 3483/3483/3483 3484/3484/3484 3502/3502/3502
f 3483/3483/3483 3502/3502/3502 3501/3501/3501
f 3482/3482/3482 3483/3483/3483 3501/3501/3501
f 3482/3482/3482 3501/3501/3501 3500/3500/3500
f 3481/3481/3481 3482/3482/3482 3500/3500/3500
f 3481/3481/3481 3500/3500/3500 3499/3499/3499
f 3480/3480/3480 3481/3481/3481 3499/3499/3499
f 3480/3480/3480 3499/3499/3499 3498/3498/3498
f 3478/3478/3478 3480/3480/3480 3498/3498/3498
f 3478/3478/3478 3498/3498/3498 3497/3497/3497
f 3477/3477/3477 3479/3479/3479 3514/3514/3514
f 3477/3477/3477 3514/3514/3514 3496/3496/3496
f 3479/3479/3479 3478/3478/3478 3497/3497/3497
f 3479/3479/3479 3497/3497/3497 3514/3514/3514
f 3378/3378/3378 3477/3477/3477 3496/3496/3496
f 3378/3378/3378 3496/3496/3496 3396/3396/3396
f 3466/3466/3466 3508/3508/3508 3509/3509/3509
f 3466/3466/3466 3509/3509/3509 3468/3468/3468
f 3436/3436/3436 3358/3358/3358 3439/3439/3439
f 3436/3436/3436 3439/3439/3439 3534/3534/3534
f 3552/3552/3552 3443/3443/3443 3442/3442/3442
f 3552/3552/3552 3442/3442/3442 3535/3535/3535
f 3534/3534/3534 3439/3439/3439 3443/3443/3443
f 3534/3534/3534 3443/3443/3443 3552/3552/3552
f 3535/3535/3535 3442/3442/3442 3446/3446/3446
f 3535/3535/3535 3446/3446/3446 3536/3536/3536
f 3536/3536/3536 3446/3446/3446 3448/3448/3448
f 3536/3536/3536 3448/3448/3448 3537/3537/3537
f 3537/3537/3537 3448/3448/3448 3450/3450/3450
f 3537/3537/3537 3450/3450/3450 3538/3538/3538
f 3538/3538/3538 3450/3450/3450 3452/3452/3452
f 3538/3538/3538 3452/3452/3452 3539/3539/3539
f 3539/3539/3539 3452/3452/3452 3454/3454/3454
f 3539/3539/3539 3454/3454/3454 3540/3540/3540
f 3540/3540/3540 3454/3454/3454 3456/3456/3456
f 3540/3540/3540 3456/3456/3456 3541/3541/3541
f 3541/3541/3541 3456/3456/3456 3458/3458/3458
f 3541/3541/3541 3458/3458/3458 3542/3542/3542
f 3542/3542/3542 3458/3458/3458 3460/3460/3460
f 3542/3542/3542 3460/3460/3460 3543/3543/3543
f 3543/3543/3543 3460/3460/3460 3462/3462/3462
f 3543/3543/3543 3462/3462/3462 3544/3544/3544
f 3544/3544/3544 3462/3462/3462 3464/3464/3464
f 3544/3544/3544 3464/3464/3464 3545/3545/3545
f 3545/3545/3545 3464/3464/3464 3466/3466/3466
f 3545/3545/3545 3466/3466/3466 3546/3546/3546
f 3465/3465/3465 3528/3528/3528 3529/3529/3529
f 3465/3465/3465 3529/3529/3529 3467/3467/3467
f 3547/3547/3547 3468/3468/3468 3470/3470/3470
f 3547/3547/3547 3470/3470/3470 3548/3548/3548
f 3548/3548/3548 3470/3470/3470 3472/3472/3472
f 3548/3548/3548 3472/3472/3472 3549/3549/3549
f 3549/3549/3549 3472/3472/3472 3475/3475/3475
f 3549/3549/3549 3475/3475/3475 3550/3550/3550
f 3471/3471/3471 3531/3531/3531 3532/3532/3532
f 3471/3471/3471 3532/3532/3532 3473/3473/3473
f 3469/3469/3469 3530/3530/3530 3531/3531/3531
f 3469/3469/3469 3531/3531/3531 3471/3471/3471
f 3467/3467/3467 3529/3529/3529 3530/3530/3530
f 3467/3467/3467 3530/3530/3530 3469/3469/3469
f 3528/3528/3528 3546/3546/3546 3547/3547/3547
f 3528/3528/3528 3547/3547/3547 3529/3529/3529
f 3463/3463/3463 3527/3527/3527 3528/3528/3528
f 3463/3463/3463 3528/3528/3528 3465/3465/3465
f 3461/3461/3461 3526/3526/3526 3527/3527/3527
f 3461/3461/3461 3527/3527/3527 3463/3463/3463
f 3459/3459/3459 3525/3525/3525 3526/3526/3526
f 3459/3459/3459 3526/3526/3526 3461/3461/3461
f 3457/3457/3457 3524/3524/3524 3525/3525/3525
f 3457/3457/3457 3525/3525/3525 3459/3459/3459
f 3455/3455/3455 3523/3523/3523 3524/3524/3524
f 3455/3455/3455 3524/3524/3524 3457/3457/3457
f 3453/3453/3453 3522/3522/3522 3523/3523/3523
f 3453/3453/3453 3523/3523/3523 3455/3455/3455
f 3451/3451/3451 3521/3521/3521 3522/3522/3522
f 3451/3451/3451 3522/3522/3522 3453/3453/3453
f 3449/3449/3449 3520/3520/3520 3521/3521/3521
f 3449/3449/3449 3521/3521/3521 3451/3451/3451
f 3447/3447/3447 3519/3519/3519 3520/3520/3520
f 3447/3447/3447 3520/3520/3520 3449/3449/3449
f 3445/3445/3445 3518/3518/3518 3519/3519/3519
f 3445/3445/3445 3519/3519/3519 3447/3447/3447
f 3441/3441/3441 3516/3516/3516 3518/3518/3518
f 3441/3441/3441 3518/3518/3518 3445/3445/3445
f 3440/3440/3440 3515/3515/3515 3517/3517/3517
f 3440/3440/3440 3517/3517/3517 3444/3444/3444
f 3444/3444/3444 3517/3517/3517 3516/3516/3516
f 3444/3444/3444 3516/3516/3516 3441/3441/3441
f 3356/3356/3356 3418/3418/3418 3515/3515/3515
f 3356/3356/3356 3515/3515/3515 3440/3440/3440
f 3531/3531/3531 3549/3549/3549 3550/3550/3550
f 3531/3531/3531 3550/3550/3550 3532/3532/3532
f 3530/3530/3530 3548/3548/3548 3549/3549/3549
f 3530/3530/3530 3549/3549/3549 3531/3531/3531
f 3529/3529/3529 3547/3547/3547 3548/3548/3548
f 3529/3529/3529 3548/3548/3548 3530/3530/3530
f 3527/3527/3527 3545/3545/3545 3546/3546/3546
f 3527/3527/3527 3546/3546/3546 3528/3528/3528
f 3526/3526/3526 3544/3544/3544 3545/3545/3545
f 3526/3526/3526 3545/3545/3545 3527/3527/3527
f 3525/3525/3525 3543/3543/3543 3544/3544/3544
f 3525/3525/3525 3544/3544/3544 3526/3526/3526
f 3524/3524/3524 3542/3542/3542 3543/3543/3543
f 3524/3524/3524 3543/3543/3543 3525/3525/3525
f 3523/3523/3523 3541/3541/3541 3542/3542/3542
f 3523/3523/3523 3542/3542/3542 3524/3524/3524
f 3522/3522/3522 3540/3540/3540 3541/3541/3541
f 3522/3522/3522 3541/3541/3541 3523/3523/3523
f 3521/3521/3521 3539/3539/3539 3540/3540/3540
f 3521/3521/3521 3540/3540/3540 3522/3522/3522
f 3520/3520/3520 3538/3538/3538 3539/3539/3539
f 3520/3520/3520 3539/3539/3539 3521/3521/3521
f 3519/3519/3519 3537/3537/3537 3538/3538/3538
f 3519/3519/3519 3538/3538/3538 3520/3520/3520
f 3518/3518/3518 3536/3536/3536 3537/3537/3537
f 3518/3518/3518 3537/3537/3537 3519/3519/3519
f 3516/3516/3516 3535/3535/3535 3536/3536/3536
f 3516/3516/3516 3536/3536/3536 3518/3518/3518
f 3515/3515/3515 3534/3534/3534 3552/3552/3552
f 3515/3515/3515 3552/3552/3552 3517/3517/3517
f 3517/3517/3517 3552/3552/3552 3535/3535/3535
f 3517/3517/3517 3535/3535/3535 3516/3516/3516
f 3418/3418/3418 3436/3436/3436 3534/3534/3534
f 3418/3418/3418 3534/3534/3534 3515/3515/3515
f 3466/3466/3466 3468/3468/3468 3547/3547/3547
f 3466/3466/3466 3547/3547/3547 3546/3546/3546
f 3513/3513/3513 3577/3577/3577 3553/3553/3553
f 3513/3513/3513 3553/3553/3553 3476/3476/3476
f 3584/3584/3584 3578/3578/3578 3556/3556/3556
f 3584/3584/3584 3556/3556/3556 3557/3557/3557
f 3577/3577/3577 3584/3584/3584 3557/3557/3557
f 3577/3577/3577 3557/3557/3557 3553/3553/3553
f 3578/3578/3578 3579/3579/3579 3560/3560/3560
f 3578/3578/3578 3560/3560/3560 3556/3556/3556
f 3579/3579/3579 3580/3580/3580 3562/3562/3562
f 3579/3579/3579 3562/3562/3562 3560/3560/3560
f 3580/3580/3580 3581/3581/3581 3564/3564/3564
f 3580/3580/3580 3564/3564/3564 3562/3562/3562
f 3581/3581/3581 3582/3582/3582 3566/3566/3566
f 3581/3581/3581 3566/3566/3566 3564/3564/3564
f 3582/3582/3582 3583/3583/3583 3568/3568/3568
f 3582/3582/3582 3568/3568/3568 3566/3566/3566
f 3565/3565/3565 3567/3567/3567 3576/3576/3576
f 3565/3565/3565 3576/3576/3576 3575/3575/3575
f 3563/3563/3563 3565/3565/3565 3575/3575/3575
f 3563/3563/3563 3575/3575/3575 3574/3574/3574
f 3561/3561/3561 3563/3563/3563 3574/3574/3574
f 3561/3561/3561 3574/3574/3574 3573/3573/3573
f 3559/3559/3559 3561/3561/3561 3573/3573/3573
f 3559/3559/3559 3573/3573/3573 3572/3572/3572
f 3555/3555/3555 3559/3559/3559 3572/3572/3572
f 3555/3555/3555 3572/3572/3572 3570/3570/3570
f 3554/3554/3554 3558/3558/3558 3571/3571/3571
f 3554/3554/3554 3571/3571/3571 3569/3569/3569
f 3558/3558/3558 3555/3555/3555 3570/3570/3570
f 3558/3558/3558 3570/3570/3570 3571/3571/3571
f 3474/3474/3474 3554/3554/3554 3569/3569/3569
f 3474/3474/3474 3569/3569/3569 3495/3495/3495
f 3575/3575/3575 3576/3576/3576 3583/3583/3583
f 3575/3575/3575 3583/3583/3583 3582/3582/3582
f 3574/3574/3574 3575/3575/3575 3582/3582/3582
f 3574/3574/3574 3582/3582/3582 3581/3581/3581
f 3573/3573/3573 3574/3574/3574 3581/3581/3581
f 3573/3573/3573 3581/3581/3581 3580/3580/3580
f 3572/3572/3572 3573/3573/3573 3580/3580/3580
f 3572/3572/3572 3580/3580/3580 3579/3579/3579
f 3570/3570/3570 3572/3572/3572 3579/3579/3579
f 3570/3570/3570 3579/3579/3579 3578/3578/3578
f 3569/3569/3569 3571/3571/3571 3584/3584/3584
f 3569/3569/3569 3584/3584/3584 3577/3577/3577
f 3571/3571/3571 3570/3570/3570 3578/3578/3578
f 3571/3571/3571 3578/3578/3578 3584/3584/3584
f 3495/3495/3495 3569/3569/3569 3577/3577/3577
f 3495/3495/3495 3577/3577/3577 3513/3513/3513
f 3551/3551/3551 3476/3476/3476 3553/3553/3553
f 3551/3551/3551 3553/3553/3553 3593/3593/3593
f 3600/3600/3600 3557/3557/3557 3556/3556/3556
f 3600/3600/3600 3556/3556/3556 3594/3594/3594
f 3593/3593/3593 3553/3553/3553 3557/3557/3557
f 3593/3593/3593 3557/3557/3557 3600/3600/3600
f 3594/3594/3594 3556/3556/3556 3560/3560/3560
f 3594/3594/3594 3560/3560/3560 3595/3595/3595
f 3595/3595/3595 3560/3560/3560 3562/3562/3562
f 3595/3595/3595 3562/3562/3562 3596/3596/3596
f 3596/3596/3596 3562/3562/3562 3564/3564/3564
f 3596/3596/3596 3564/3564/3564 3597/3597/3597
f 3597/3597/3597 3564/3564/3564 3566/3566/3566
f 3597/3597/3597 3566/3566/3566 3598/3598/3598
f 3598/3598/3598 3566/3566/3566 3568/3568/3568
f 3598/3598/3598 3568/3568/3568 3599/3599/3599
f 3565/3565/3565 3591/3591/3591 3592/3592/3592
f 3565/3565/3565 3592/3592/3592 3567/3567/3567
f 3563/3563/3563 3590/3590/3590 3591/3591/3591
f 3563/3563/3563 3591/3591/3591 3565/3565/3565
f 3561/3561/3561 3589/3589/3589 3590/3590/3590
f 3561/3561/3561 3590/3590/3590 3563/3563/3563
f 3559/3559/3559 3588/3588/3588 3589/3589/3589
f 3559/3559/3559 3589/3589/3589 3561/3561/3561
f 3555/3555/3555 3586/3586/3586 3588/3588/3588
f 3555/3555/3555 3588/3588/3588 3559/3559/3559
f 3554/3554/3554 3585/3585/3585 3587/3587/3587
f 3554/3554/3554 3587/3587/3587 3558/3558/3558
f 3558/3558/3558 3587/3587/3587 3586/3586/3586
f 3558/3558/3558 3586/3586/3586 3555/3555/3555
f 3474/3474/3474 3533/3533/3533 3585/3585/3585
f 3474/3474/3474 3585/3585/3585 3554/3554/3554
f 3591/3591/3591 3598/3598/3598 3599/3599/3599
f 3591/3591/3591 3599/3599/3599 3592/3592/3592
f 3590/3590/3590 3597/3597/3597 3598/3598/3598
f 3590/3590/3590 3598/3598/3598 3591/3591/3591
f 3589/3589/3589 3596/3596/3596 3597/3597/3597
f 3589/3589/3589 3597/3597/3597 3590/3590/3590
f 3588/3588/3588 3595/3595/3595 3596/3596/3596
f 3588/3588/3588 3596/3596/3596 3589/3589/3589
f 3586/3586/3586 3594/3594/3594 3595/3595/3595
f 3586/3586/3586 3595/3595/3595 3588/3588/3588
f 3585/3585/3585 3593/3593/3593 3600/3600/3600
f 3585/3585/3585 3600/3600/3600 3587/3587/3587
f 3587/3587/3587 3600/3600/3600 3594/3594/3594
f 3587/3587/3587 3594/3594/3594 3586/3586/3586
f 3533/3533/3533 3551/3551/3551 3593/3593/3593
f 3533/3533/3533 3593/3593/3593 3585/3585/3585
