# grass_dry - imported by tools/vegetation-import. Do not hand-edit.
# UVs are TOP-DOWN (glTF convention: v = 0 at the top of the image). OloEngine's Model flips the v of every OBJ it imports, so this is what renders correctly; see docs/agent-rules/vegetation-asset-import.md rule 4.
mtllib grass_dry.mtl
o grass_dry
v 0.0279042 0.0216401 0.164022
v 0.0261329 0.0195516 0.166093
v 0.0299544 0.0508289 0.196654
v 0.0139537 0.116268 0.238754
v 0.0280116 0.0485951 0.198964
v 0.0142921 0.114316 0.241402
v 0.022904 0.0496419 0.197386
v 0.0217409 0.0211962 0.16446
v 0.0100641 0.112464 0.241834
v 0.00514782 0.216402 0.382649
v 0.00891447 0.218694 0.381151
v 0.0249396 0.256321 0.405756
v 0.0288128 0.257369 0.404504
v 0.0269153 0.258138 0.404173
v 0.00672435 0.21978 0.3796
v -0.0165355 0.18825 0.293333
v -0.012978 0.190592 0.293015
v -0.0128844 0.18809 0.295097
v 0.0159782 0.238897 0.397092
v 0.0197812 0.240477 0.395551
v 0.0176574 0.241433 0.394624
v 0.0300319 0.0356453 0.179114
v 0.0279609 0.0335948 0.181113
v 0.023346 0.035379 0.179476
v -0.00585143 0.194874 0.349572
v -0.00800792 0.190854 0.352077
v -0.00357389 0.192231 0.352288
v -0.00768308 0.157696 0.259536
v -0.00399718 0.159256 0.259892
v -0.00424639 0.16159 0.257482
v 0.0273727 0.0826296 0.220254
v 0.0267839 0.0804258 0.222871
v 0.0216318 0.0793583 0.222572
v -0.00814674 0.178489 0.27367
v -0.0116502 0.175338 0.274878
v -0.00798238 0.176035 0.27594
v 0.0270986 0.0219432 0.156896
v 0.0416538 0.0165243 0.156546
v 0.0343696 0.0192258 0.152296
v 0.0196073 0.179929 0.175509
v 0.0313697 0.172093 0.175098
v 0.0253964 0.175986 0.170966
v 0.0486575 0.380499 0.168744
v 0.0633806 0.373742 0.169611
v 0.055494 0.376182 0.164924
v 0.103897 0.578909 0.152211
v 0.119102 0.573744 0.158332
v 0.112927 0.57518 0.151309
v 0.102037 0.75031 0.163565
v 0.117465 0.744936 0.177417
v 0.112922 0.747003 0.167336
v 0.124383 0.893027 0.198986
v 0.135171 0.884869 0.21682
v 0.133542 0.88804 0.205564
v 0.157527 0.963422 0.243232
v 0.165868 0.954186 0.257467
v 0.179921 0.988105 0.279206
v 0.175143 0.968635 0.274611
v 0.191871 0.99329 0.30089
v 0.190464 0.981438 0.300957
v 0.198578 1 0.312302
v 0.0328376 0.0972855 0.160945
v 0.0263185 0.100551 0.165679
v 0.0393981 0.0940706 0.164955
v 0.0924096 0.471629 0.154078
v 0.0848441 0.475577 0.157182
v 0.0994093 0.469862 0.159507
v 0.0308036 0.273117 0.175022
v 0.0244303 0.277287 0.179211
v 0.0373985 0.269815 0.179756
v 0.0614285 0.189652 0.158631
v 0.0659146 0.184413 0.159289
v 0.0554262 0.172257 0.155421
v 0.127804 0.339768 0.206103
v 0.13269 0.334914 0.207054
v 0.197682 0.477113 0.188562
v 0.202998 0.472295 0.193029
v 0.267932 0.536841 0.144973
v 0.272257 0.533723 0.149389
v 0.315446 0.565914 0.121364
v 0.399959 0.592031 0.107335
v 0.322405 0.565945 0.128757
v 0.399758 0.590376 0.112787
v 0.275304 0.535567 0.154883
v 0.207724 0.471847 0.199621
v 0.136943 0.33256 0.211983
v 0.070947 0.177782 0.165194
v 0.0648333 0.169981 0.161326
v 0.0358012 0.0561462 0.157753
v 0.0264927 0.0580976 0.154166
v 0.0193142 0 0.15904
v 0.455786 0.589996 0.114836
v 0.458068 0.591263 0.110289
v 0.519477 0.5762 0.134058
v 0.52228 0.576784 0.131515
v 0.538906 0.568201 0.152601
v 0.542 0.568609 0.1501
v 0.552748 0.565639 0.158022
v 0.552937 0.566155 0.155784
v 0.564783 0.566264 0.153599
v 0.356754 0.582492 0.113402
v 0.360217 0.581258 0.119942
v 0.0972787 0.262652 0.178733
v 0.106673 0.25308 0.184896
v 0.101965 0.257614 0.179552
v 0.158706 0.413521 0.206229
v 0.168257 0.407335 0.214787
v 0.163809 0.408682 0.208932
v 0.030439 0.0187099 0.15542
v 0.0335372 0.02383 0.150819
v 0.0279515 0.0541751 0.146394
v 0.0308962 0.0584495 0.142008
v 0.0362219 0.0984433 0.135128
v 0.0380332 0.100333 0.131349
v 0.0399843 0.129478 0.128149
v 0.0442118 0.156815 0.124469
v 0.0428231 0.130262 0.124564
v 0.0479077 0.156651 0.120966
v 0.0480612 0.130314 0.128034
v 0.0523722 0.155244 0.124635
v 0.0401157 0.0971851 0.135448
v 0.0332692 0.0543679 0.146345
v 0.0367728 0.0188226 0.155391
v 0.0593782 0.200216 0.119583
v 0.0545472 0.199712 0.116258
v 0.06399 0.247589 0.111032
v 0.0587952 0.243895 0.108344
v 0.0607722 0.290811 0.0964781
v 0.0550973 0.285114 0.0946011
v 0.0500997 0.329843 0.0744078
v 0.0444957 0.321128 0.0743276
v 0.0369099 0.352201 0.0556545
v 0.0260918 0.344926 0.0582735
v 0.0261183 0.364707 0.0414452
v 0.0193311 0.362055 0.0437231
v 0.0204381 0.37729 0.0247682
v 0.0105324 0.376762 0.0230618
v 0.0210868 0.387549 0.0106206
v 0.0209131 0.397576 -0.00416202
v 0.00467307 0.388452 0.00237675
v 0.00161084 0.399039 -0.0194578
v 0.0120907 0.398975 -0.0119787
v 0.00599767 0.411471 -0.0430527
v -0.004465 0.407785 -0.0466689
v -0.00457379 0.416319 -0.0840073
v -0.00967755 0.41382 -0.0859373
v 0.00272346 0.421027 -0.116101
v -0.00417201 0.417371 -0.12101
v 0.00793938 0.422707 -0.134731
v 0.00109993 0.41915 -0.134361
v 0.0108615 0.421643 -0.177105
v 0.00414543 0.418675 -0.176674
v 0.0119301 0.424846 -0.208793
v 0.00969145 0.424116 -0.208626
v 0.0238313 0.344415 0.0623419
v 0.0152828 0.357828 0.0523846
v 0.0123615 0.356814 0.0534113
v 0.0398475 0.325999 0.07748
v 0.0510544 0.289552 0.0977047
v 0.0554764 0.246721 0.11176
v 0.051049 0.201725 0.11964
v 0.038045 0.0228967 0.14197
v 0.0416775 0.0216297 0.135754
v 0.0617208 0.0601139 0.129774
v 0.0914008 0.104261 0.114131
v 0.0652234 0.0566191 0.126195
v 0.0952312 0.102914 0.110564
v 0.0691897 0.0549179 0.13051
v 0.0463223 0.0200095 0.142002
v 0.100027 0.101241 0.114136
v 0.132912 0.158675 0.096304
v 0.127224 0.158753 0.0927308
v 0.143042 0.222404 0.0842429
v 0.137518 0.22102 0.0781735
v 0.160019 0.302895 0.0599137
v 0.206745 0.356501 0.0373294
v 0.149985 0.297848 0.059405
v 0.131651 0.219256 0.0847158
v 0.197597 0.353908 0.0364546
v 0.27795 0.389265 0.0117281
v 0.319869 0.39603 -0.00635302
v 0.284126 0.388377 0.0127148
v 0.326627 0.393494 -0.00494174
v 0.358954 0.392309 -0.0205326
v 0.412629 0.389102 -0.0581951
v 0.35615 0.394961 -0.0232258
v 0.411759 0.390051 -0.0591604
v 0.122794 0.15878 0.0969059
v 0.232609 0.376875 0.0231476
v 0.240841 0.377552 0.0242655
v 0.387942 0.388982 -0.0370835
v 0.386182 0.39085 -0.0389711
v 0.0537958 0.0390287 0.136723
v 0.0574091 0.0366255 0.13181
v 0.0617248 0.0349599 0.137088
v 0.0599915 0.0168239 0.155067
v 0.0631637 0.0146371 0.155798
v 0.0863118 0.0537752 0.139908
v 0.105037 0.136448 0.129535
v 0.0898026 0.0514457 0.140697
v 0.108333 0.134345 0.128296
v 0.0905338 0.0523095 0.146823
v 0.0633772 0.0161943 0.161248
v 0.111519 0.13173 0.13337
v 0.274441 0.376062 0.0357555
v 0.278746 0.376854 0.0264399
v 0.360815 0.360598 -0.0387471
v 0.360078 0.358313 -0.0429048
v 0.36086 0.360467 -0.0423036
v 0.277037 0.379349 0.0284253
v 0.114106 0.258759 0.122228
v 0.111675 0.264959 0.118041
v 0.112399 0.263687 0.116692
v 0.333863 0.370831 -0.0176894
v 0.334625 0.368794 -0.0237513
v 0.333972 0.371939 -0.0220768
v 0.0724132 0.0345216 0.146865
v 0.0756528 0.0323612 0.147944
v 0.0759478 0.0340703 0.153639
v 0.16129 0.335272 0.0872134
v 0.159242 0.33007 0.0929234
v 0.163194 0.333221 0.0859951
v 0.107869 0.192247 0.129399
v 0.106093 0.194969 0.124068
v 0.103084 0.197495 0.125377
v 0.100167 0.0927299 0.132465
v 0.103468 0.0904738 0.131873
v 0.105995 0.0890318 0.137538
v 0.219137 0.358762 0.0633015
v 0.216069 0.354356 0.069439
v 0.220996 0.356314 0.061495
v 0.133144 0.304896 0.107574
v 0.134631 0.308404 0.101765
v 0.133168 0.310478 0.103055
v 0.0460977 0.0209341 0.151551
v 0.0516025 0.0182755 0.149887
v 0.0740406 0.0464854 0.158974
v 0.105311 0.077432 0.167357
v 0.0774606 0.0423549 0.158813
v 0.109181 0.0751124 0.167415
v 0.0768818 0.040812 0.163849
v 0.0502613 0.0169733 0.156521
v 0.109494 0.073343 0.172487
v 0.145625 0.113695 0.182281
v 0.144551 0.114304 0.176621
v 0.169551 0.163084 0.182789
v 0.169655 0.162076 0.175647
v 0.212186 0.22333 0.180361
v 0.265758 0.255831 0.196335
v 0.205382 0.220943 0.173805
v 0.162127 0.162679 0.176068
v 0.260276 0.255267 0.190161
v 0.330555 0.265911 0.22474
v 0.367498 0.26097 0.239253
v 0.333394 0.264152 0.229078
v 0.370037 0.257792 0.24416
v 0.397976 0.248405 0.254155
v 0.451022 0.230048 0.263449
v 0.398547 0.250745 0.250863
v 0.451306 0.23086 0.26235
v 0.139741 0.115779 0.176505
v 0.294192 0.265828 0.203878
v 0.298536 0.265005 0.209591
v 0.424008 0.237723 0.261468
v 0.424531 0.239331 0.259286
v 0.061802 0.0308308 0.158218
v 0.0662212 0.0274363 0.157306
v 0.0652511 0.0260137 0.163141
v 0.028851 0.0179215 0.150873
v 0.0301443 0.0158538 0.153241
v 0.0597713 0.0468186 0.160452
v 0.0931056 0.111603 0.190064
v 0.0612253 0.0446071 0.163062
v 0.0956747 0.109671 0.190682
v 0.057969 0.0456433 0.167233
v 0.0270888 0.017482 0.156731
v 0.094588 0.107838 0.194747
v 0.223175 0.210737 0.248815
v 0.223114 0.213006 0.244803
v 0.251519 0.250257 0.238625
v 0.251723 0.251294 0.2346
v 0.250749 0.252055 0.23624
v 0.220908 0.214081 0.246284
v 0.133587 0.181596 0.238
v 0.134518 0.183962 0.234577
v 0.136489 0.181463 0.235231
v 0.24035 0.233007 0.243871
v 0.240262 0.234571 0.23981
v 0.238656 0.235517 0.241449
v 0.0435658 0.0317867 0.154212
v 0.0446872 0.0297567 0.156831
v 0.0415502 0.031523 0.160526
v 0.188696 0.189424 0.247362
v 0.190257 0.185444 0.250239
v 0.192011 0.186807 0.24621
v 0.105407 0.151375 0.217911
v 0.10705 0.152888 0.214638
v 0.104705 0.155249 0.214001
v 0.0807039 0.0783014 0.17114
v 0.0829186 0.0761196 0.172605
v 0.0808301 0.0750628 0.177268
v 0.0801584 0.1529 0.187619
v 0.0828061 0.148308 0.188337
v 0.0747316 0.140952 0.183122
v 0.131546 0.254944 0.209962
v 0.134598 0.250753 0.21091
v 0.198502 0.350232 0.219894
v 0.2024 0.346421 0.222365
v 0.255764 0.385338 0.220377
v 0.258619 0.382468 0.22341
v 0.289764 0.399189 0.229154
v 0.347711 0.412364 0.253423
v 0.293105 0.397001 0.236537
v 0.346009 0.409806 0.256219
v 0.260209 0.382864 0.228465
v 0.205986 0.345731 0.22709
v 0.136839 0.248112 0.214664
v 0.0847221 0.142017 0.192724
v 0.0802574 0.137365 0.188527
v 0.0481327 0.0571891 0.165041
v 0.0421963 0.0602815 0.161146
v 0.03012 0.0176003 0.155207
v 0.38364 0.409463 0.276983
v 0.386852 0.411736 0.275771
v 0.420609 0.396635 0.306384
v 0.423609 0.397882 0.306261
v 0.427985 0.388054 0.318293
v 0.431033 0.388877 0.318416
v 0.436045 0.385752 0.324162
v 0.436975 0.38658 0.323439
v 0.446648 0.388335 0.325863
v 0.317017 0.406128 0.241924
v 0.317849 0.40356 0.247048
v 0.107965 0.203086 0.19792
v 0.112791 0.194026 0.203146
v 0.110795 0.198593 0.199141
v 0.16206 0.305959 0.217286
v 0.168443 0.30014 0.223971
v 0.165473 0.301815 0.219293
v 0.0313362 0.0197815 0.153242
v 0.0366773 0.0216206 0.153444
v 0.0472672 0.0401931 0.144082
v 0.0521655 0.0415434 0.144356
v 0.0705187 0.0657774 0.140472
v 0.073961 0.0657432 0.140468
v 0.0856544 0.084012 0.136779
v 0.0977478 0.100936 0.134791
v 0.0889345 0.0833203 0.137691
v 0.100933 0.0996504 0.136451
v 0.0883781 0.0846029 0.142183
v 0.0995673 0.100026 0.140673
v 0.0710797 0.0650887 0.143414
v 0.0489315 0.0403538 0.147699
v 0.0332635 0.0199056 0.157574
v 0.117959 0.124743 0.136801
v 0.118433 0.123321 0.132719
v 0.137852 0.137959 0.130201
v 0.136759 0.13543 0.126832
v 0.1642 0.143039 0.115475
v 0.161956 0.138452 0.11399
v 0.194201 0.142852 0.0906142
v 0.19058 0.136226 0.0927747
v 0.214488 0.135367 0.0715282
v 0.208975 0.127268 0.0705248
v 0.227012 0.128249 0.0593925
v 0.223738 0.124076 0.0573244
v 0.242443 0.123228 0.0513207
v 0.24228 0.116856 0.0468203
v 0.256083 0.122408 0.0489332
v 0.269734 0.120323 0.0482083
v 0.259852 0.11101 0.0421573
v 0.276798 0.103827 0.0430163
v 0.274032 0.112937 0.0456535
v 0.293506 0.0968079 0.0507492
v 0.291609 0.0877248 0.0486289
v 0.303885 0.0679682 0.0690074
v 0.302684 0.0634369 0.0687038
v 0.303465 0.058906 0.0950951
v 0.301232 0.0518231 0.0975455
v 0.302204 0.0569885 0.111874
v 0.300726 0.0515675 0.110633
v 0.313405 0.0560016 0.139279
v 0.312601 0.050454 0.138734
v 0.335039 0.0611907 0.161668
v 0.334944 0.0594262 0.161704
v 0.205979 0.126712 0.0697542
v 0.216425 0.120171 0.0623171
v 0.21507 0.118257 0.0614872
v 0.189977 0.136254 0.0874388
v 0.160928 0.140141 0.110085
v 0.134736 0.137933 0.124802
v 0.115947 0.12574 0.130883
v 0.0290469 0.0145925 0.155994
v 0.032564 0.016831 0.159249
v 0.0227157 0.0458727 0.141074
v 0.0183976 0.0784528 0.128407
v 0.0262244 0.0479133 0.144461
v 0.0219106 0.0802106 0.13201
v 0.0323864 0.0483468 0.142848
v 0.028122 0.0805208 0.130566
v 0.0386867 0.0173418 0.157516
v 0.0322991 0.131664 0.127876
v 0.025971 0.131539 0.128996
v 0.0413532 0.168647 0.12751
v 0.0342574 0.167323 0.128723
v 0.0251902 0.166407 0.123034
v 0.0224127 0.130208 0.125007
v 0.0314253 0.0254426 0.153066
v 0.0425828 0.0243233 0.156352
v 0.043212 0.108693 0.182488
v 0.0358403 0.0213399 0.150949
v 0.0594356 0.10586 0.186891
v 0.0512386 0.108078 0.182662
v 0.0201848 0.237443 0.241435
v 0.0354282 0.23344 0.243916
v 0.0273831 0.236074 0.24068
v -0.0519567 0.34645 0.304324
v -0.0401776 0.342442 0.305974
v -0.0467251 0.345024 0.30317
v -0.0711557 0.412365 0.338738
v -0.0660048 0.407683 0.343645
v -0.0689241 0.410786 0.339255
v -0.0720391 0.457222 0.354861
v -0.0713719 0.45675 0.358559
v -0.072013 0.457566 0.354481
v -0.0675436 0.471697 0.354758
v -0.0669649 0.471307 0.358367
v -0.067581 0.472093 0.354323
v -0.060948 0.487543 0.355947
v -0.0598424 0.488518 0.358942
v -0.0435077 0.526265 0.346482
v -0.0552022 0.500192 0.354787
v -0.0540462 0.501399 0.357167
v -0.045549 0.520549 0.350807
v -0.0496688 0.511983 0.352494
v -0.0489676 0.512678 0.353916
v -0.0462595 0.519856 0.34937
v -0.0446657 0.524405 0.345837
v -0.043302 0.528248 0.342629
v -0.0440204 0.527102 0.342226
v 0.0590572 0.174015 0.2141
v 0.0511905 0.176578 0.210345
v 0.0437541 0.177618 0.210613
v -0.00564784 0.28552 0.275121
v -0.0122873 0.288253 0.271963
v -0.0185527 0.289451 0.272835
v 0.0399761 0.0578991 0.168486
v 0.0337554 0.0602583 0.169458
v 0.0474459 0.0582822 0.173303
v 0.031858 0.0419563 0.16268
v 0.0371759 0.0387253 0.161135
v 0.044282 0.0404085 0.166245
v 0.0395416 0.017925 0.144699
v 0.0412241 0.0193807 0.14208
v 0.0272818 0.17256 0.127536
v 0.0338581 0.176273 0.125354
v 0.0287796 0.338121 0.112263
v 0.0335495 0.340786 0.110274
v 0.0501473 0.477626 0.117119
v 0.0548374 0.4788 0.115343
v 0.0859033 0.607553 0.112158
v 0.0847066 0.762601 0.0975838
v 0.0942697 0.607866 0.112889
v 0.0599474 0.48032 0.118079
v 0.0910482 0.764151 0.0978016
v 0.0718132 0.831188 0.0880207
v 0.0698584 0.861992 0.0834587
v 0.064041 0.835274 0.0870195
v 0.0620212 0.869064 0.0821263
v 0.0514266 0.919279 0.0721825
v 0.0554247 0.917513 0.0723663
v 0.0364089 0.939301 0.0669622
v 0.0451915 0.936414 0.0670244
v 0.030113 0.949455 0.0622648
v 0.0365213 0.950013 0.061095
v 0.0387811 0.344216 0.11324
v 0.0414104 0.181049 0.128034
v 0.0440955 0.0221626 0.141138
v 0.0905518 0.681505 0.106848
v 0.0979561 0.682402 0.107342
v 0.0289832 0.255054 0.113864
v 0.0410299 0.262353 0.114742
v 0.0346174 0.258257 0.112042
v 0.0208561 0.0931277 0.128145
v 0.034385 0.102166 0.127794
v 0.0267657 0.0969137 0.125543
v 0.0236105 0.0535998 0.133661
v 0.0340402 0.062455 0.128842
v 0.0276599 0.0568974 0.129127
v 0.0348421 0.0200181 0.160769
v 0.0302836 0.0210023 0.16007
v 0.0288329 0.0325568 0.166723
v 0.0250596 0.0332296 0.16531
v 0.0219121 0.0482943 0.165056
v 0.0189888 0.0481277 0.163565
v 0.0155628 0.0597322 0.165944
v 0.0100049 0.070417 0.165988
v 0.012347 0.0591666 0.164131
v 0.00670439 0.069479 0.16378
v 0.0120043 0.0599668 0.161262
v 0.0068 0.0697056 0.161126
v 0.0197896 0.0477183 0.161917
v 0.0256924 0.0325079 0.163586
v 0.0317605 0.0199469 0.156876
v -0.00299428 0.0852455 0.163169
v -0.00257776 0.084362 0.165712
v -0.0137511 0.0935727 0.168471
v -0.0125214 0.0919962 0.170425
v -0.0269615 0.0968472 0.179861
v -0.0253684 0.0939961 0.180478
v -0.0405995 0.0967969 0.198806
v -0.0388114 0.092689 0.196907
v -0.0494208 0.092157 0.213649
v -0.0459646 0.0871364 0.213304
v -0.0548066 0.0877441 0.223023
v -0.0525018 0.0851576 0.223695
v -0.0626198 0.0846318 0.230474
v -0.0617528 0.0806815 0.233127
v -0.0703388 0.0841237 0.23423
v -0.078348 0.0828307 0.236998
v -0.0714245 0.0770574 0.238913
v -0.0816687 0.0726048 0.241301
v -0.0804721 0.0782522 0.239256
v -0.0929475 0.0682532 0.239552
v -0.0914542 0.0626223 0.240491
v -0.102256 0.0503747 0.230449
v -0.101489 0.0475656 0.230425
v -0.10647 0.0447568 0.214833
v -0.105559 0.0403659 0.212991
v -0.10859 0.0435681 0.20462
v -0.107497 0.0402074 0.205107
v -0.119954 0.0429563 0.190208
v -0.119381 0.0395171 0.190395
v -0.136675 0.0461731 0.18057
v -0.136625 0.0450792 0.180532
v -0.0428749 0.0869389 0.21491
v -0.0489989 0.0827367 0.219469
v -0.0468766 0.0816974 0.221391
v -0.0363665 0.0928542 0.201635
v -0.0229168 0.0951979 0.184168
v -0.00979673 0.0937 0.172874
v 0.000388877 0.0860137 0.16797
v 0.0290534 0.0237754 0.139411
v 0.0347544 0.0208889 0.13477
v 0.0402847 0.088785 0.0748434
v 0.0498936 0.0919277 0.0760499
v 0.0244508 0.186546 0.0517896
v 0.0334855 0.18704 0.0497551
v 0.0266096 0.365721 0.0150332
v 0.0342068 0.363103 0.00732909
v 0.0704183 0.528903 -0.0646952
v 0.0807091 0.523911 -0.070075
v 0.12821 0.594785 -0.200143
v 0.134353 0.586576 -0.203073
v 0.160409 0.579364 -0.315981
v 0.16434 0.572943 -0.309928
v 0.165021 0.548216 -0.368963
v 0.174091 0.542987 -0.36974
v 0.164006 0.53185 -0.419458
v 0.173997 0.531368 -0.421876
v 0.157568 0.516525 -0.46111
v 0.16691 0.518877 -0.463702
v 0.147461 0.492446 -0.501069
v 0.152673 0.491866 -0.504229
v 0.122424 0.455347 -0.538524
v 0.133535 0.461477 -0.535021
v 0.178863 0.550634 -0.372217
v 0.183203 0.535297 -0.406918
v 0.190127 0.534503 -0.406327
v 0.198971 0.51726 -0.441674
v 0.204232 0.519525 -0.436559
v 0.215914 0.516629 -0.450963
v 0.21771 0.518115 -0.448914
v 0.172996 0.580049 -0.312751
v 0.138283 0.590189 -0.196877
v 0.0873706 0.524069 -0.0639429
v 0.0402038 0.363389 0.0110368
v 0.0332493 0.189613 0.0579164
v 0.0452407 0.0945195 0.0833445
v 0.0369222 0.0206601 0.141327
v 0.0374065 0.0506583 0.10093
v 0.0452581 0.0514349 0.105288
v 0.0450526 0.0505607 0.101427
v 0.0975895 0.578011 -0.121114
v 0.111327 0.572697 -0.120506
v 0.10618 0.571434 -0.126812
v 0.0626199 0.0317424 0.168238
v 0.0612198 0.0334892 0.169958
v 0.0567919 0.0557055 0.149123
v 0.0587037 0.0592985 0.150957
v 0.0424705 0.0873795 0.127914
v 0.0468063 0.0896799 0.128295
v 0.0237234 0.152821 0.0948143
v 0.0284338 0.153352 0.0930176
v 0.00830762 0.21484 0.0478077
v 0.0136934 0.215636 0.0465156
v 0.00442225 0.261265 0.00951612
v 0.00883521 0.262198 0.00861873
v 0.00402822 0.298717 -0.0129255
v 0.00975255 0.297163 -0.0105062
v -0.00172564 0.323652 -0.0385886
v 0.0131775 0.319039 -0.0193045
v -0.0102423 0.340934 -0.0626812
v -0.00163766 0.347445 -0.0603516
v -0.033724 0.334369 -0.163181
v -0.0278339 0.342741 -0.157229
v -0.0949153 0.288761 -0.268909
v -0.0937602 0.290176 -0.270505
v -0.108704 0.27512 -0.284396
v -0.104659 0.278986 -0.283274
v 0.0142969 0.321028 -0.0160974
v 0.0149789 0.334894 -0.0227999
v 0.0178646 0.335267 -0.0225495
v 0.020541 0.349881 -0.0293601
v 0.0228027 0.348368 -0.0279436
v 0.0268388 0.355354 -0.0283363
v 0.0275895 0.354772 -0.0274994
v 0.0126011 0.300005 -0.00658669
v 0.013399 0.263042 0.0123919
v 0.0189981 0.217686 0.0507679
v 0.0325187 0.155757 0.096779
v 0.0475323 0.0925873 0.133158
v 0.0553579 0.0609217 0.15432
v 0.0593874 0.0356828 0.172161
v 0.00851262 0.322993 -0.0351671
v -0.0775608 0.318225 -0.240623
v -0.0757796 0.323484 -0.241124
v -0.0570187 0.336011 -0.200355
v -0.0528438 0.342322 -0.198174
v -0.0213278 0.351096 -0.110134
v -0.0141618 0.358829 -0.105518
v 0.0354233 0.0222627 0.16234
v 0.0322434 0.0226829 0.168876
v -0.00962836 0.136915 0.185525
v -0.0144568 0.137265 0.192734
v -0.0797613 0.240846 0.209252
v -0.0829331 0.241153 0.215207
v -0.131105 0.329138 0.229529
v -0.133216 0.328588 0.234944
v -0.165996 0.414693 0.254396
v -0.228146 0.513101 0.293569
v -0.174293 0.410661 0.259075
v -0.140221 0.328046 0.235642
v -0.234014 0.509126 0.29634
v -0.253336 0.560406 0.312479
v -0.293263 0.631998 0.343799
v -0.250251 0.569118 0.311838
v -0.293966 0.638141 0.342439
v -0.396252 0.689576 0.39436
v -0.395452 0.688047 0.394371
v -0.495992 0.714057 0.461861
v -0.494211 0.710369 0.462414
v -0.563754 0.736222 0.524935
v -0.564783 0.733101 0.527062
v -0.0914277 0.241581 0.216757
v -0.025134 0.137572 0.196001
v 0.0236914 0.0230263 0.171253
v 0.0094451 0.0192976 0.152375
v 0.0142364 0.0205107 0.156325
v 0.0371607 0.032588 0.152984
v 0.0413411 0.033415 0.156763
v 0.0690838 0.0528694 0.162119
v 0.0717063 0.0523808 0.164899
v 0.0914951 0.0669366 0.166657
v 0.109824 0.0809919 0.170342
v 0.0930729 0.0662936 0.170153
v 0.110552 0.0801617 0.174467
v 0.0901905 0.0699446 0.172622
v 0.106819 0.0828866 0.176335
v 0.0672066 0.0536332 0.164899
v 0.0360591 0.0343907 0.156912
v 0.00804364 0.0213983 0.157045
v 0.136472 0.10658 0.182034
v 0.138898 0.102898 0.179822
v 0.169927 0.128851 0.187289
v 0.170083 0.123686 0.18466
v 0.205474 0.143018 0.189314
v 0.204065 0.137068 0.186073
v 0.243736 0.148343 0.18899
v 0.239502 0.141787 0.185182
v 0.267525 0.141063 0.189519
v 0.264659 0.135951 0.180098
v 0.280689 0.129364 0.192131
v 0.27962 0.127537 0.185907
v 0.294381 0.118066 0.199433
v 0.296376 0.112647 0.193572
v 0.30606 0.112044 0.208154
v 0.319213 0.107956 0.214527
v 0.313421 0.100731 0.20076
v 0.332355 0.0932564 0.20693
v 0.325849 0.100381 0.211952
v 0.353399 0.0941894 0.214765
v 0.35624 0.0877637 0.207904
v 0.388241 0.0886395 0.209718
v 0.389713 0.0852872 0.206269
v 0.41504 0.0896053 0.217352
v 0.418767 0.084208 0.213197
v 0.429639 0.0867462 0.2249
v 0.429177 0.0828574 0.219799
v 0.455729 0.0644514 0.243337
v 0.455543 0.0612425 0.238068
v 0.468074 0.0426821 0.261392
v 0.468199 0.0418264 0.259572
v 0.263523 0.13841 0.175917
v 0.280349 0.13962 0.171451
v 0.279937 0.138767 0.16887
v 0.242187 0.144648 0.180342
v 0.206353 0.139865 0.181712
v 0.171017 0.126024 0.18076
v 0.139369 0.104721 0.17583
v 0.0427018 0.0138465 0.173944
v 0.0433185 0.0115361 0.1762
v 0.0626605 0.0418465 0.194558
v 0.0752364 0.108028 0.218748
v 0.0633497 0.0393687 0.197047
v 0.0773911 0.105948 0.220435
v 0.0589343 0.0394176 0.199834
v 0.0392175 0.0122891 0.178484
v 0.0747236 0.102889 0.224115
v 0.200779 0.289366 0.353013
v 0.209358 0.290254 0.35317
v 0.288262 0.271233 0.389427
v 0.291213 0.269839 0.387073
v 0.290983 0.271442 0.388222
v 0.207188 0.292364 0.352989
v 0.0805861 0.212463 0.243208
v 0.082745 0.218062 0.241072
v 0.0840307 0.216738 0.241051
v 0.262502 0.281531 0.378215
v 0.267423 0.280302 0.37637
v 0.265847 0.282824 0.376979
v 0.0529111 0.0273687 0.183357
v 0.0532865 0.0250388 0.185786
v 0.0490256 0.0258827 0.18824
v 0.122644 0.267186 0.279352
v 0.117703 0.262684 0.278912
v 0.12429 0.265343 0.280015
v 0.0750426 0.153459 0.230102
v 0.0784013 0.15643 0.227404
v 0.0762846 0.15881 0.226025
v 0.0723056 0.0725518 0.208839
v 0.0739747 0.0702866 0.210725
v 0.0705986 0.0682304 0.214311
v 0.160709 0.280472 0.318269
v 0.155064 0.27673 0.317346
v 0.162795 0.278364 0.318631
v 0.0977827 0.242521 0.260938
v 0.102693 0.246372 0.260401
v 0.101153 0.248224 0.260073
v 0.0403655 0.0195048 0.16305
v 0.043637 0.0166949 0.166149
v 0.0440103 0.0358618 0.190709
v 0.0479762 0.0560912 0.22208
v 0.0454368 0.0320013 0.192521
v 0.0493538 0.0536344 0.224603
v 0.0414429 0.0303584 0.193556
v 0.0381542 0.0152121 0.167202
v 0.0456526 0.0516761 0.226279
v 0.0500459 0.0788135 0.263327
v 0.0539518 0.0799802 0.260689
v 0.0569683 0.11594 0.289586
v 0.0624538 0.115747 0.287051
v 0.072482 0.159605 0.330617
v 0.0785286 0.177269 0.381498
v 0.0751122 0.159203 0.322895
v 0.0594585 0.117269 0.281674
v 0.0812935 0.178143 0.375197
v 0.079621 0.173806 0.441285
v 0.0817706 0.163209 0.473018
v 0.0773706 0.171567 0.444598
v 0.0790146 0.159794 0.476065
v 0.0815164 0.147229 0.498787
v 0.0936342 0.123814 0.538524
v 0.0841643 0.149369 0.498476
v 0.0945497 0.12454 0.538494
v 0.0523048 0.0818816 0.257303
v 0.082617 0.180774 0.406977
v 0.079832 0.178965 0.412039
v 0.0854116 0.134113 0.518951
v 0.0872167 0.135559 0.518862
v 0.0406222 0.0248057 0.178706
v 0.0429559 0.0214766 0.181129
v 0.0382141 0.0199152 0.182166
v 0.0348541 0.0195301 0.149439
v 0.0335611 0.0174343 0.150871
v 0.037836 0.0380176 0.180616
v 0.0256182 0.083811 0.226427
v 0.0364188 0.0357589 0.182227
v 0.0261018 0.0818051 0.228235
v 0.0320746 0.0366908 0.181396
v 0.0297919 0.0188858 0.150055
v 0.0226727 0.080084 0.22851
v 0.0246609 0.141489 0.360164
v 0.0276344 0.143725 0.359122
v 0.0415014 0.17086 0.384418
v 0.0446065 0.172049 0.383365
v 0.0429991 0.172663 0.383325
v 0.0257044 0.144785 0.358161
v 0.00188643 0.131205 0.284716
v 0.00476109 0.133327 0.284633
v 0.00501898 0.130937 0.285913
v 0.0339693 0.157797 0.375003
v 0.0369866 0.159464 0.373807
v 0.0351519 0.160318 0.373326
v 0.0371973 0.0285322 0.163877
v 0.0356512 0.0264686 0.165273
v 0.0316941 0.0280264 0.16449
v 0.0140727 0.128993 0.330374
v 0.0125315 0.125243 0.331862
v 0.0161806 0.126481 0.332019
v 0.00788839 0.112199 0.251766
v 0.01092 0.113507 0.252124
v 0.0105205 0.115835 0.250547
v 0.036384 0.059939 0.205145
v 0.0361046 0.0577013 0.206937
v 0.031849 0.0567048 0.206798
v 0.014354 0.0206048 0.152075
v 0.0156781 0.021239 0.15588
v 0.0244111 0.033811 0.162896
v 0.0255749 0.034148 0.166362
v 0.0327174 0.0493485 0.180743
v 0.0336906 0.0489059 0.182985
v 0.0389764 0.060685 0.192221
v 0.0432788 0.0713316 0.201989
v 0.0393122 0.0597256 0.194512
v 0.0431065 0.0699055 0.204337
v 0.0361417 0.0603484 0.195552
v 0.03991 0.0700068 0.204646
v 0.0309397 0.0485633 0.181811
v 0.0224753 0.0334391 0.164989
v 0.0120182 0.020119 0.154528
v 0.0470431 0.0855428 0.219124
v 0.0499213 0.0847993 0.218122
v 0.0566966 0.0929807 0.232204
v 0.0586882 0.0915898 0.230214
v 0.0737667 0.0945187 0.246131
v 0.0742348 0.0916658 0.243608
v 0.0987233 0.0926815 0.258938
v 0.0964349 0.0882699 0.256217
v 0.117293 0.0864168 0.265932
v 0.116609 0.0814416 0.260906
v 0.129054 0.0808113 0.269798
v 0.129609 0.0784223 0.266503
v 0.138884 0.076017 0.276965
v 0.141985 0.071885 0.274728
v 0.144332 0.073965 0.285106
v 0.14871 0.0708868 0.293526
v 0.150176 0.0659799 0.284102
v 0.154559 0.0587743 0.294377
v 0.151801 0.0653435 0.294586
v 0.154308 0.0511749 0.306389
v 0.155408 0.0451514 0.30328
v 0.145834 0.0280986 0.314019
v 0.14581 0.0250656 0.312507
v 0.128626 0.0197028 0.319543
v 0.126548 0.0147763 0.317741
v 0.117182 0.0171878 0.323006
v 0.117725 0.013633 0.320931
v 0.102172 0.012983 0.337627
v 0.102446 0.00920211 0.336163
v 0.0932758 0.0122667 0.358577
v 0.093269 0.0110283 0.358274
v 0.11629 0.0814733 0.258661
v 0.124333 0.076161 0.262528
v 0.12455 0.0750382 0.261145
v 0.0998061 0.0887808 0.254377
v 0.076495 0.09329 0.242116
v 0.0594034 0.0937641 0.228698
v 0.0503792 0.0869557 0.216345
v 0.0320648 0.0208372 0.160188
v 0.0392808 0.0194912 0.149486
v 0.032669 0.0194566 0.152803
v 0.00284684 0.147632 0.187897
v 0.00943745 0.14378 0.178883
v 0.0031658 0.144981 0.181454
v -0.0386481 0.31177 0.182418
v -0.0302078 0.30959 0.172042
v -0.0373065 0.309154 0.175551
v -0.068627 0.479332 0.153338
v -0.0582064 0.479549 0.145245
v -0.065535 0.478077 0.146432
v -0.105049 0.611567 0.176381
v -0.0906441 0.619699 0.170108
v -0.0987538 0.615071 0.16962
v -0.167292 0.714116 0.199562
v -0.153245 0.725774 0.196729
v -0.160591 0.719793 0.194387
v -0.210181 0.771395 0.211532
v -0.199793 0.780914 0.208722
v -0.222324 0.80777 0.21621
v -0.208056 0.798255 0.212699
v -0.221067 0.828058 0.217163
v -0.211945 0.824619 0.215076
v -0.222959 0.840259 0.218282
v 0.0187737 0.0824671 0.164742
v 0.0184434 0.0844596 0.171717
v 0.0250438 0.0819066 0.161769
v -0.0525109 0.390833 0.153468
v -0.0545552 0.392893 0.160476
v -0.0454468 0.391737 0.150973
v -0.0155981 0.223838 0.188165
v -0.0164588 0.226492 0.194869
v -0.00880035 0.22333 0.185495
v 0.0304294 0.023904 0.155742
v 0.0376301 0.0258431 0.149444
v 0.0349675 0.0970757 0.168499
v 0.0318554 0.0212256 0.151353
v 0.0454785 0.0988792 0.159062
v 0.0386148 0.0982747 0.162976
v 0.0337483 0.203832 0.222941
v 0.0428285 0.204201 0.213193
v 0.0366006 0.204115 0.217496
v 0.0193694 0.285383 0.311408
v 0.0264284 0.284899 0.30367
v 0.0211371 0.285151 0.307133
v 0.0185012 0.339176 0.346353
v 0.0251463 0.337302 0.344639
v 0.020178 0.338466 0.344909
v 0.0180848 0.377149 0.358352
v 0.0209915 0.377498 0.359553
v 0.0177538 0.377367 0.35819
v 0.0163616 0.389552 0.356476
v 0.0191501 0.389933 0.357704
v 0.0159534 0.389789 0.356336
v 0.0160628 0.403682 0.353864
v 0.0183222 0.405158 0.354565
v 0.00749366 0.436526 0.340869
v 0.0145955 0.414726 0.350475
v 0.0164014 0.416301 0.350878
v 0.0109702 0.432252 0.343767
v 0.0124793 0.424867 0.346635
v 0.0135699 0.425789 0.346867
v 0.00986601 0.431327 0.343535
v 0.00702412 0.434708 0.341208
v 0.00447944 0.437534 0.339127
v 0.00418462 0.436412 0.339337
v 0.0470922 0.157203 0.177875
v 0.0406047 0.157015 0.181811
v 0.037402 0.156346 0.187167
v 0.0339634 0.241979 0.260561
v 0.0283558 0.242276 0.263938
v 0.0260177 0.242069 0.268777
v 0.0365445 0.053874 0.1598
v 0.0340078 0.0546137 0.164757
v 0.0428637 0.056485 0.156889
v 0.0330917 0.0386219 0.16133
v 0.035073 0.0369129 0.156657
v 0.04112 0.0405271 0.154246
v 0.0565653 0.0200906 0.176178
v 0.0527674 0.0183044 0.181173
v 0.0741043 0.0688199 0.222115
v 0.0672845 0.0735468 0.224261
v 0.108649 0.144111 0.230045
v 0.102557 0.146003 0.234419
v 0.145255 0.27699 0.234197
v 0.137567 0.275908 0.235409
v 0.141497 0.34639 0.266019
v 0.134219 0.345512 0.266929
v 0.0940912 0.400361 0.318085
v 0.0887067 0.397462 0.31871
v 0.0495136 0.433984 0.357739
v 0.0475746 0.429225 0.354879
v 0.0289868 0.437621 0.379345
v 0.0232834 0.436692 0.377546
v 0.0148322 0.440191 0.405043
v 0.00931584 0.441825 0.403597
v 0.00549382 0.438859 0.429111
v 0.000854648 0.441924 0.427643
v -0.0035281 0.432073 0.454206
v -0.00689651 0.433102 0.454432
v -0.00745675 0.415812 0.483393
v -0.0108085 0.420001 0.478026
v 0.0220205 0.441879 0.376715
v 0.00897086 0.442469 0.393249
v 0.00555378 0.442941 0.391162
v -0.0102524 0.441643 0.408144
v -0.011207 0.442654 0.403942
v -0.0207187 0.445468 0.408264
v -0.0208269 0.446132 0.406607
v 0.0442301 0.435638 0.352605
v 0.0889266 0.398792 0.314193
v 0.132363 0.345814 0.261782
v 0.133154 0.278436 0.233036
v 0.10136 0.149201 0.228311
v 0.0693727 0.0758086 0.217344
v 0.0494205 0.0195199 0.176979
v 0.0644788 0.0390365 0.205683
v 0.0577013 0.0419029 0.204963
v 0.0586269 0.0406031 0.207702
v 0.12434 0.378407 0.285834
v 0.116672 0.376709 0.282923
v 0.117372 0.376289 0.287556
v 0.0257525 0.0377565 0.165297
v 0.0267601 0.0391255 0.163662
v 0.041384 0.0525475 0.180003
v 0.0403456 0.056085 0.179442
v 0.0658715 0.071371 0.194257
v 0.0630994 0.0741541 0.195474
v 0.105395 0.114201 0.218788
v 0.102503 0.115312 0.221675
v 0.145418 0.152802 0.254843
v 0.141947 0.154344 0.257569
v 0.170513 0.18279 0.286602
v 0.167696 0.184302 0.288732
v 0.186374 0.208886 0.306548
v 0.181037 0.209219 0.306342
v 0.204003 0.223428 0.326405
v 0.186377 0.2259 0.315797
v 0.221352 0.231573 0.343633
v 0.215902 0.238888 0.344978
v 0.271629 0.200871 0.411416
v 0.265787 0.210248 0.410157
v 0.380979 0.148119 0.369499
v 0.381936 0.149198 0.370963
v 0.396703 0.136455 0.362671
v 0.394766 0.139629 0.365654
v 0.18515 0.228217 0.313813
v 0.189959 0.238304 0.320214
v 0.187826 0.239237 0.320943
v 0.19136 0.250312 0.328101
v 0.1889 0.249803 0.327598
v 0.187737 0.256121 0.329663
v 0.186799 0.255946 0.329207
v 0.178534 0.212684 0.304406
v 0.163451 0.186513 0.287295
v 0.137318 0.157741 0.25608
v 0.0990098 0.118661 0.220213
v 0.0619387 0.0773812 0.192157
v 0.0423225 0.0572134 0.175926
v 0.0280691 0.0408362 0.161553
v 0.195238 0.225563 0.326889
v 0.354472 0.171483 0.387014
v 0.354295 0.17543 0.389771
v 0.314333 0.190501 0.409226
v 0.310785 0.19641 0.412046
v 0.245308 0.229199 0.377529
v 0.2406 0.237952 0.376728
v 0.038592 0.0222732 0.154472
v 0.0435 0.0219327 0.151026
v 0.100557 0.116431 0.152713
v 0.101837 0.117064 0.146018
v 0.153097 0.207352 0.138958
v 0.153331 0.208091 0.13377
v 0.190927 0.289413 0.129572
v 0.190375 0.289356 0.124932
v 0.219241 0.373211 0.117081
v 0.268029 0.461893 0.081019
v 0.221936 0.367977 0.11083
v 0.194822 0.287096 0.12216
v 0.269344 0.45702 0.0772142
v 0.299607 0.482982 0.0527173
v 0.351392 0.505016 0.00687265
v 0.301869 0.489443 0.0532498
v 0.354878 0.509009 0.00795212
v 0.426427 0.502131 -0.0571549
v 0.425125 0.500534 -0.0575915
v 0.481581 0.485508 -0.121988
v 0.47834 0.483275 -0.12282
v 0.518223 0.479733 -0.1836
v 0.516808 0.477759 -0.185819
v 0.1587 0.20696 0.130285
v 0.108415 0.115859 0.140637
v 0.0505406 0.0214182 0.152819
v 0.0688176 0.0709005 0.157689
v 0.0799773 0.0690345 0.150193
v 0.0720375 0.0704738 0.152265
v 0.11685 0.820998 0.177716
v 0.10675 0.82477 0.172635
v 0.11999 0.818603 0.188337
v 0.122439 0.284245 0.114086
v 0.121938 0.289682 0.108291
v 0.120702 0.291686 0.109527
vt 0.79336 0.617028
vt 0.805102 0.618085
vt 0.795949 0.543078
vt 0.802094 0.466995
vt 0.808439 0.544202
vt 0.815331 0.468187
vt 0.826898 0.54564
vt 0.820117 0.619437
vt 0.832256 0.469711
vt 0.845732 0.32267
vt 0.83376 0.321592
vt 0.850836 0.260957
vt 0.843903 0.260332
vt 0.83848 0.259844
vt 0.824397 0.32075
vt 0.838994 0.39619
vt 0.813245 0.393872
vt 0.824545 0.39489
vt 0.848284 0.291813
vt 0.838831 0.290962
vt 0.831439 0.290297
vt 0.794654 0.580053
vt 0.80677 0.581144
vt 0.823507 0.582538
vt 0.818821 0.357311
vt 0.842363 0.35943
vt 0.829152 0.358241
vt 0.835625 0.432951
vt 0.819938 0.431538
vt 0.80767 0.430434
vt 0.799021 0.505037
vt 0.811885 0.506195
vt 0.829577 0.507675
vt 0.810457 0.412153
vt 0.83731 0.414571
vt 0.822241 0.413214
vt 0.0331445 0.95304
vt 0.0503877 0.968367
vt 0.0417661 0.960704
vt 0.0334635 0.791083
vt 0.0550734 0.799162
vt 0.0442685 0.795123
vt 0.0340482 0.595181
vt 0.0648666 0.603436
vt 0.0487922 0.600195
vt 0.0391974 0.419998
vt 0.0701885 0.428253
vt 0.0541141 0.425013
vt 0.0412861 0.286522
vt 0.0815918 0.294777
vt 0.0612658 0.291537
vt 0.0561708 0.168255
vt 0.0956128 0.17651
vt 0.0761505 0.17327
vt 0.0795312 0.085275
vt 0.111632 0.093705
vt 0.120864 0.046621
vt 0.127585 0.071993
vt 0.155704 0.035819
vt 0.163161 0.048954
vt 0.172503 0.02562
vt 0.0426718 0.877827
vt 0.0329585 0.871975
vt 0.0523851 0.883678
vt 0.0514532 0.512604
vt 0.0367091 0.507589
vt 0.0675276 0.515844
vt 0.0465304 0.697659
vt 0.0337558 0.693132
vt 0.05997 0.701299
vt 0.145281 0.794496
vt 0.156794 0.794361
vt 0.155173 0.812664
vt 0.148469 0.628237
vt 0.159981 0.628101
vt 0.152718 0.465696
vt 0.166355 0.466622
vt 0.166283 0.346492
vt 0.174249 0.347033
vt 0.177984 0.278933
vt 0.197892 0.228702
vt 0.189778 0.27959
vt 0.203308 0.233555
vt 0.181905 0.347264
vt 0.179461 0.467018
vt 0.171493 0.627966
vt 0.168306 0.794225
vt 0.167022 0.805567
vt 0.221875 0.914426
vt 0.21129 0.921442
vt 0.247168 0.969884
vt 0.220651 0.211643
vt 0.217436 0.205119
vt 0.256993 0.1961
vt 0.255899 0.191094
vt 0.282881 0.194218
vt 0.281787 0.189212
vt 0.296776 0.18119
vt 0.294328 0.179626
vt 0.298814 0.162571
vt 0.187938 0.253817
vt 0.196543 0.256573
vt 0.146875 0.711367
vt 0.1699 0.711095
vt 0.158388 0.711231
vt 0.150593 0.546966
vt 0.175477 0.547492
vt 0.163168 0.547362
vt 0.464429 0.76109
vt 0.467716 0.762449
vt 0.461488 0.717821
vt 0.464455 0.71835
vt 0.471267 0.663811
vt 0.473266 0.664998
vt 0.475281 0.626233
vt 0.478739 0.593857
vt 0.478767 0.627149
vt 0.483507 0.594541
vt 0.484782 0.625258
vt 0.488481 0.595783
vt 0.47587 0.665347
vt 0.467775 0.717586
vt 0.471918 0.760953
vt 0.493653 0.543329
vt 0.488548 0.542054
vt 0.497188 0.487856
vt 0.491926 0.487904
vt 0.494927 0.434657
vt 0.488888 0.434713
vt 0.485743 0.381162
vt 0.479166 0.382566
vt 0.47809 0.34471
vt 0.462451 0.346316
vt 0.475907 0.320448
vt 0.466245 0.32144
vt 0.484184 0.296813
vt 0.474079 0.291102
vt 0.499087 0.280702
vt 0.51399 0.264591
vt 0.487773 0.265325
vt 0.506704 0.241963
vt 0.511958 0.25368
vt 0.53528 0.221635
vt 0.525271 0.213592
vt 0.552919 0.178704
vt 0.547507 0.174356
vt 0.576659 0.150859
vt 0.570087 0.14259
vt 0.588978 0.134425
vt 0.580725 0.131635
vt 0.603076 0.091126
vt 0.594823 0.088337
vt 0.614152 0.05689
vt 0.605899 0.054101
vt 0.459259 0.352084
vt 0.453993 0.33101
vt 0.450196 0.331945
vt 0.473155 0.384508
vt 0.483249 0.435344
vt 0.487013 0.488454
vt 0.483655 0.541352
vt 0.602501 0.802396
vt 0.605787 0.802374
vt 0.60755 0.771366
vt 0.614557 0.739776
vt 0.613286 0.773292
vt 0.620504 0.739735
vt 0.61877 0.773531
vt 0.60999 0.802345
vt 0.628109 0.739683
vt 0.633827 0.699536
vt 0.626423 0.701274
vt 0.623365 0.663539
vt 0.618952 0.665185
vt 0.595824 0.616449
vt 0.579524 0.577379
vt 0.58766 0.619382
vt 0.614531 0.667144
vt 0.573335 0.579603
vt 0.56299 0.534338
vt 0.554429 0.508036
vt 0.566927 0.532923
vt 0.558905 0.506428
vt 0.555268 0.485651
vt 0.557263 0.447862
vt 0.551136 0.485297
vt 0.553132 0.447509
vt 0.620633 0.702632
vt 0.567292 0.553597
vt 0.572355 0.551778
vt 0.556701 0.466267
vt 0.552569 0.465914
vt 0.605026 0.786881
vt 0.609537 0.787833
vt 0.61438 0.787938
vt 0.79336 0.617028
vt 0.805102 0.618085
vt 0.795949 0.543078
vt 0.802094 0.466995
vt 0.808439 0.544202
vt 0.815331 0.468187
vt 0.826898 0.54564
vt 0.820117 0.619437
vt 0.832256 0.469711
vt 0.845732 0.32267
vt 0.83376 0.321592
vt 0.850836 0.260957
vt 0.843903 0.260332
vt 0.83848 0.259844
vt 0.824397 0.32075
vt 0.838994 0.39619
vt 0.813245 0.393872
vt 0.824545 0.39489
vt 0.848284 0.291813
vt 0.838831 0.290962
vt 0.831439 0.290297
vt 0.794654 0.580053
vt 0.80677 0.581144
vt 0.823507 0.582538
vt 0.818821 0.357311
vt 0.842363 0.35943
vt 0.829152 0.358241
vt 0.835625 0.432951
vt 0.819938 0.431538
vt 0.80767 0.430434
vt 0.799021 0.505037
vt 0.811885 0.506195
vt 0.829577 0.507675
vt 0.821609 0.33903
vt 0.844047 0.34105
vt 0.831456 0.339917
vt 0.840679 0.37781
vt 0.826849 0.376565
vt 0.816033 0.375592
vt 0.602501 0.802396
vt 0.605787 0.802374
vt 0.60755 0.771366
vt 0.614557 0.739776
vt 0.613286 0.773292
vt 0.620504 0.739735
vt 0.61877 0.773531
vt 0.60999 0.802345
vt 0.628109 0.739683
vt 0.633827 0.699536
vt 0.626423 0.701274
vt 0.623365 0.663539
vt 0.618952 0.665185
vt 0.595824 0.616449
vt 0.579524 0.577379
vt 0.58766 0.619382
vt 0.614531 0.667144
vt 0.573335 0.579603
vt 0.56299 0.534338
vt 0.554429 0.508036
vt 0.566927 0.532923
vt 0.558905 0.506428
vt 0.555268 0.485651
vt 0.557263 0.447862
vt 0.551136 0.485297
vt 0.553132 0.447509
vt 0.620633 0.702632
vt 0.567292 0.553597
vt 0.572355 0.551778
vt 0.556701 0.466267
vt 0.552569 0.465914
vt 0.605026 0.786881
vt 0.609537 0.787833
vt 0.61438 0.787938
vt 0.79336 0.617028
vt 0.805102 0.618085
vt 0.795949 0.543078
vt 0.802094 0.466995
vt 0.808439 0.544202
vt 0.815331 0.468187
vt 0.826898 0.54564
vt 0.820117 0.619437
vt 0.832256 0.469711
vt 0.845732 0.32267
vt 0.83376 0.321592
vt 0.850836 0.260957
vt 0.843903 0.260332
vt 0.83848 0.259844
vt 0.824397 0.32075
vt 0.838994 0.39619
vt 0.813245 0.393872
vt 0.824545 0.39489
vt 0.848284 0.291813
vt 0.838831 0.290962
vt 0.831439 0.290297
vt 0.794654 0.580053
vt 0.80677 0.581144
vt 0.823507 0.582538
vt 0.818821 0.357311
vt 0.842363 0.35943
vt 0.829152 0.358241
vt 0.835625 0.432951
vt 0.819938 0.431538
vt 0.80767 0.430434
vt 0.799021 0.505037
vt 0.811885 0.506195
vt 0.829577 0.507675
vt 0.145281 0.794496
vt 0.156794 0.794361
vt 0.155173 0.812664
vt 0.148469 0.628237
vt 0.159981 0.628101
vt 0.152718 0.465696
vt 0.166355 0.466622
vt 0.166283 0.346492
vt 0.174249 0.347033
vt 0.177984 0.278933
vt 0.197892 0.228702
vt 0.189778 0.27959
vt 0.203308 0.233555
vt 0.181905 0.347264
vt 0.179461 0.467018
vt 0.171493 0.627966
vt 0.168306 0.794225
vt 0.167022 0.805567
vt 0.221875 0.914426
vt 0.21129 0.921442
vt 0.247168 0.969884
vt 0.220651 0.211643
vt 0.217436 0.205119
vt 0.256993 0.1961
vt 0.255899 0.191094
vt 0.282881 0.194218
vt 0.281787 0.189212
vt 0.296776 0.18119
vt 0.294328 0.179626
vt 0.298814 0.162571
vt 0.187938 0.253817
vt 0.196543 0.256573
vt 0.146875 0.711367
vt 0.1699 0.711095
vt 0.158388 0.711231
vt 0.150593 0.546966
vt 0.175477 0.547492
vt 0.163168 0.547362
vt 0.464429 0.76109
vt 0.467716 0.762449
vt 0.461488 0.717821
vt 0.464455 0.71835
vt 0.471267 0.663811
vt 0.473266 0.664998
vt 0.475281 0.626233
vt 0.478739 0.593857
vt 0.478767 0.627149
vt 0.483507 0.594541
vt 0.484782 0.625258
vt 0.488481 0.595783
vt 0.47587 0.665347
vt 0.467775 0.717586
vt 0.471918 0.760953
vt 0.493653 0.543329
vt 0.488548 0.542054
vt 0.497188 0.487856
vt 0.491926 0.487904
vt 0.494927 0.434657
vt 0.488888 0.434713
vt 0.485743 0.381162
vt 0.479166 0.382566
vt 0.47809 0.34471
vt 0.462451 0.346316
vt 0.475907 0.320448
vt 0.466245 0.32144
vt 0.484184 0.296813
vt 0.474079 0.291102
vt 0.499087 0.280702
vt 0.51399 0.264591
vt 0.487773 0.265325
vt 0.506704 0.241963
vt 0.511958 0.25368
vt 0.53528 0.221635
vt 0.525271 0.213592
vt 0.552919 0.178704
vt 0.547507 0.174356
vt 0.576659 0.150859
vt 0.570087 0.14259
vt 0.588978 0.134425
vt 0.580725 0.131635
vt 0.603076 0.091126
vt 0.594823 0.088337
vt 0.614152 0.05689
vt 0.605899 0.054101
vt 0.459259 0.352084
vt 0.453993 0.33101
vt 0.450196 0.331945
vt 0.473155 0.384508
vt 0.483249 0.435344
vt 0.487013 0.488454
vt 0.483655 0.541352
vt 0.841047 0.998606
vt 0.84832 0.997503
vt 0.833995 0.941091
vt 0.826944 0.883575
vt 0.841269 0.939988
vt 0.834217 0.882472
vt 0.850569 0.938577
vt 0.843518 0.881061
vt 0.857621 0.996093
vt 0.832058 0.793355
vt 0.822758 0.794766
vt 0.834507 0.73
vt 0.823982 0.733553
vt 0.806915 0.73435
vt 0.815485 0.795869
vt 0.361425 0.721559
vt 0.379688 0.720875
vt 0.362772 0.644162
vt 0.369531 0.724975
vt 0.389552 0.644162
vt 0.376162 0.644162
vt 0.375116 0.519587
vt 0.397101 0.521741
vt 0.386108 0.520664
vt 0.386001 0.399633
vt 0.403313 0.401329
vt 0.394657 0.400481
vt 0.394157 0.336277
vt 0.406914 0.337527
vt 0.400536 0.336902
vt 0.399372 0.2932
vt 0.405401 0.29264
vt 0.40206 0.293138
vt 0.399068 0.280344
vt 0.404824 0.279809
vt 0.401634 0.280285
vt 0.399955 0.265778
vt 0.404461 0.26417
vt 0.377054 0.233042
vt 0.396433 0.25456
vt 0.399834 0.252889
vt 0.385514 0.237099
vt 0.390461 0.244401
vt 0.392435 0.243431
vt 0.38354 0.238069
vt 0.376686 0.234862
vt 0.370406 0.232212
vt 0.370179 0.233335
vt 0.393326 0.582951
vt 0.381135 0.582413
vt 0.368944 0.581874
vt 0.400207 0.461535
vt 0.390383 0.460572
vt 0.380559 0.45961
vt 0.372847 0.684569
vt 0.362099 0.68286
vt 0.38462 0.682519
vt 0.361762 0.702209
vt 0.371189 0.704772
vt 0.382154 0.701697
vt 0.680943 0.893551
vt 0.689019 0.891093
vt 0.675229 0.761758
vt 0.684951 0.758798
vt 0.676592 0.628873
vt 0.683539 0.626758
vt 0.672672 0.517107
vt 0.679002 0.516383
vt 0.671725 0.413865
vt 0.672549 0.289977
vt 0.685512 0.415024
vt 0.687097 0.515456
vt 0.682877 0.290845
vt 0.687431 0.235273
vt 0.7071 0.213383
vt 0.678852 0.229456
vt 0.70345 0.20541
vt 0.766905 0.178812
vt 0.768406 0.182093
vt 0.800907 0.167839
vt 0.799798 0.174176
vt 0.828809 0.171521
vt 0.830523 0.176673
vt 0.692421 0.624055
vt 0.697383 0.755014
vt 0.699344 0.88795
vt 0.672137 0.351921
vt 0.684195 0.352935
vt 0.675911 0.695315
vt 0.694902 0.689534
vt 0.684245 0.692778
vt 0.678634 0.82642
vt 0.698912 0.820248
vt 0.687533 0.823712
vt 0.679241 0.86122
vt 0.69858 0.855333
vt 0.687728 0.858636
vt 0.464429 0.76109
vt 0.467716 0.762449
vt 0.461488 0.717821
vt 0.464455 0.71835
vt 0.471267 0.663811
vt 0.473266 0.664998
vt 0.475281 0.626233
vt 0.478739 0.593857
vt 0.478767 0.627149
vt 0.483507 0.594541
vt 0.484782 0.625258
vt 0.488481 0.595783
vt 0.47587 0.665347
vt 0.467775 0.717586
vt 0.471918 0.760953
vt 0.493653 0.543329
vt 0.488548 0.542054
vt 0.497188 0.487856
vt 0.491926 0.487904
vt 0.494927 0.434657
vt 0.488888 0.434713
vt 0.485743 0.381162
vt 0.479166 0.382566
vt 0.47809 0.34471
vt 0.462451 0.346316
vt 0.475907 0.320448
vt 0.466245 0.32144
vt 0.484184 0.296813
vt 0.474079 0.291102
vt 0.499087 0.280702
vt 0.51399 0.264591
vt 0.487773 0.265325
vt 0.506704 0.241963
vt 0.511958 0.25368
vt 0.53528 0.221635
vt 0.525271 0.213592
vt 0.552919 0.178704
vt 0.547507 0.174356
vt 0.576659 0.150859
vt 0.570087 0.14259
vt 0.588978 0.134425
vt 0.580725 0.131635
vt 0.603076 0.091126
vt 0.594823 0.088337
vt 0.614152 0.05689
vt 0.605899 0.054101
vt 0.459259 0.352084
vt 0.453993 0.33101
vt 0.450196 0.331945
vt 0.473155 0.384508
vt 0.483249 0.435344
vt 0.487013 0.488454
vt 0.483655 0.541352
vt 0.937992 0.994959
vt 0.944554 0.995019
vt 0.925724 0.921625
vt 0.933458 0.921696
vt 0.913028 0.832316
vt 0.927454 0.832448
vt 0.911609 0.650853
vt 0.927946 0.651002
vt 0.906724 0.463344
vt 0.926919 0.463528
vt 0.913102 0.328369
vt 0.928482 0.328509
vt 0.924401 0.238013
vt 0.943585 0.244313
vt 0.93215 0.181508
vt 0.952213 0.18661
vt 0.929788 0.138022
vt 0.936493 0.135168
vt 0.913644 0.101859
vt 0.922286 0.097713
vt 0.890316 0.061441
vt 0.894761 0.057618
vt 0.854814 0.018153
vt 0.866888 0.021804
vt 0.958346 0.185918
vt 0.95329 0.150824
vt 0.959422 0.150132
vt 0.964293 0.112965
vt 0.96833 0.118838
vt 0.982052 0.107853
vt 0.983398 0.110497
vt 0.955673 0.239073
vt 0.948148 0.328688
vt 0.952742 0.463763
vt 0.948837 0.651192
vt 0.945902 0.832616
vt 0.943346 0.921786
vt 0.952944 0.995095
vt 0.931858 0.958292
vt 0.948145 0.958441
vt 0.939006 0.958357
vt 0.909913 0.395856
vt 0.950445 0.396226
vt 0.9277 0.396019
vt 0.937992 0.994959
vt 0.944554 0.995019
vt 0.925724 0.921625
vt 0.933458 0.921696
vt 0.913028 0.832316
vt 0.927454 0.832448
vt 0.911609 0.650853
vt 0.927946 0.651002
vt 0.906724 0.463344
vt 0.926919 0.463528
vt 0.913102 0.328369
vt 0.928482 0.328509
vt 0.924401 0.238013
vt 0.943585 0.244313
vt 0.93215 0.181508
vt 0.952213 0.18661
vt 0.929788 0.138022
vt 0.936493 0.135168
vt 0.913644 0.101859
vt 0.922286 0.097713
vt 0.890316 0.061441
vt 0.894761 0.057618
vt 0.854814 0.018153
vt 0.866888 0.021804
vt 0.958346 0.185918
vt 0.95329 0.150824
vt 0.959422 0.150132
vt 0.964293 0.112965
vt 0.96833 0.118838
vt 0.982052 0.107853
vt 0.983398 0.110497
vt 0.955673 0.239073
vt 0.948148 0.328688
vt 0.952742 0.463763
vt 0.948837 0.651192
vt 0.945902 0.832616
vt 0.943346 0.921786
vt 0.952944 0.995095
vt 0.952213 0.18661
vt 0.901157 0.08165
vt 0.907701 0.077665
vt 0.907812 0.091754
vt 0.915405 0.087689
vt 0.921716 0.119941
vt 0.92939 0.11644
vt 0.680943 0.893551
vt 0.689019 0.891093
vt 0.675229 0.761758
vt 0.684951 0.758798
vt 0.676592 0.628873
vt 0.683539 0.626758
vt 0.672672 0.517107
vt 0.679002 0.516383
vt 0.671725 0.413865
vt 0.672549 0.289977
vt 0.685512 0.415024
vt 0.687097 0.515456
vt 0.682877 0.290845
vt 0.687431 0.235273
vt 0.7071 0.213383
vt 0.678852 0.229456
vt 0.70345 0.20541
vt 0.766905 0.178812
vt 0.768406 0.182093
vt 0.800907 0.167839
vt 0.799798 0.174176
vt 0.828809 0.171521
vt 0.830523 0.176673
vt 0.692421 0.624055
vt 0.697383 0.755014
vt 0.699344 0.88795
vt 0.464429 0.76109
vt 0.467716 0.762449
vt 0.461488 0.717821
vt 0.464455 0.71835
vt 0.471267 0.663811
vt 0.473266 0.664998
vt 0.475281 0.626233
vt 0.478739 0.593857
vt 0.478767 0.627149
vt 0.483507 0.594541
vt 0.484782 0.625258
vt 0.488481 0.595783
vt 0.47587 0.665347
vt 0.467775 0.717586
vt 0.471918 0.760953
vt 0.493653 0.543329
vt 0.488548 0.542054
vt 0.497188 0.487856
vt 0.491926 0.487904
vt 0.494927 0.434657
vt 0.488888 0.434713
vt 0.485743 0.381162
vt 0.479166 0.382566
vt 0.47809 0.34471
vt 0.462451 0.346316
vt 0.475907 0.320448
vt 0.466245 0.32144
vt 0.484184 0.296813
vt 0.474079 0.291102
vt 0.499087 0.280702
vt 0.51399 0.264591
vt 0.487773 0.265325
vt 0.506704 0.241963
vt 0.511958 0.25368
vt 0.53528 0.221635
vt 0.525271 0.213592
vt 0.552919 0.178704
vt 0.547507 0.174356
vt 0.576659 0.150859
vt 0.570087 0.14259
vt 0.588978 0.134425
vt 0.580725 0.131635
vt 0.603076 0.091126
vt 0.594823 0.088337
vt 0.614152 0.05689
vt 0.605899 0.054101
vt 0.459259 0.352084
vt 0.453993 0.33101
vt 0.450196 0.331945
vt 0.473155 0.384508
vt 0.483249 0.435344
vt 0.487013 0.488454
vt 0.483655 0.541352
vt 0.79336 0.617028
vt 0.805102 0.618085
vt 0.795949 0.543078
vt 0.802094 0.466995
vt 0.808439 0.544202
vt 0.815331 0.468187
vt 0.826898 0.54564
vt 0.820117 0.619437
vt 0.832256 0.469711
vt 0.845732 0.32267
vt 0.83376 0.321592
vt 0.850836 0.260957
vt 0.843903 0.260332
vt 0.83848 0.259844
vt 0.824397 0.32075
vt 0.838994 0.39619
vt 0.813245 0.393872
vt 0.824545 0.39489
vt 0.848284 0.291813
vt 0.838831 0.290962
vt 0.831439 0.290297
vt 0.794654 0.580053
vt 0.80677 0.581144
vt 0.823507 0.582538
vt 0.818821 0.357311
vt 0.842363 0.35943
vt 0.829152 0.358241
vt 0.835625 0.432951
vt 0.819938 0.431538
vt 0.80767 0.430434
vt 0.799021 0.505037
vt 0.811885 0.506195
vt 0.829577 0.507675
vt 0.821609 0.33903
vt 0.844047 0.34105
vt 0.831456 0.339917
vt 0.840679 0.37781
vt 0.826849 0.376565
vt 0.816033 0.375592
vt 0.602501 0.802396
vt 0.605787 0.802374
vt 0.60755 0.771366
vt 0.614557 0.739776
vt 0.613286 0.773292
vt 0.620504 0.739735
vt 0.61877 0.773531
vt 0.60999 0.802345
vt 0.628109 0.739683
vt 0.633827 0.699536
vt 0.626423 0.701274
vt 0.623365 0.663539
vt 0.618952 0.665185
vt 0.595824 0.616449
vt 0.579524 0.577379
vt 0.58766 0.619382
vt 0.614531 0.667144
vt 0.573335 0.579603
vt 0.56299 0.534338
vt 0.554429 0.508036
vt 0.566927 0.532923
vt 0.558905 0.506428
vt 0.555268 0.485651
vt 0.557263 0.447862
vt 0.551136 0.485297
vt 0.553132 0.447509
vt 0.620633 0.702632
vt 0.567292 0.553597
vt 0.572355 0.551778
vt 0.556701 0.466267
vt 0.552569 0.465914
vt 0.605026 0.786881
vt 0.609537 0.787833
vt 0.61438 0.787938
vt 0.79336 0.617028
vt 0.805102 0.618085
vt 0.795949 0.543078
vt 0.802094 0.466995
vt 0.808439 0.544202
vt 0.815331 0.468187
vt 0.826898 0.54564
vt 0.820117 0.619437
vt 0.832256 0.469711
vt 0.845732 0.32267
vt 0.83376 0.321592
vt 0.850836 0.260957
vt 0.843903 0.260332
vt 0.83848 0.259844
vt 0.824397 0.32075
vt 0.838994 0.39619
vt 0.813245 0.393872
vt 0.824545 0.39489
vt 0.848284 0.291813
vt 0.838831 0.290962
vt 0.831439 0.290297
vt 0.794654 0.580053
vt 0.80677 0.581144
vt 0.823507 0.582538
vt 0.818821 0.357311
vt 0.842363 0.35943
vt 0.829152 0.358241
vt 0.835625 0.432951
vt 0.819938 0.431538
vt 0.80767 0.430434
vt 0.799021 0.505037
vt 0.811885 0.506195
vt 0.829577 0.507675
vt 0.464429 0.76109
vt 0.467716 0.762449
vt 0.461488 0.717821
vt 0.464455 0.71835
vt 0.471267 0.663811
vt 0.473266 0.664998
vt 0.475281 0.626233
vt 0.478739 0.593857
vt 0.478767 0.627149
vt 0.483507 0.594541
vt 0.484782 0.625258
vt 0.488481 0.595783
vt 0.47587 0.665347
vt 0.467775 0.717586
vt 0.471918 0.760953
vt 0.493653 0.543329
vt 0.488548 0.542054
vt 0.497188 0.487856
vt 0.491926 0.487904
vt 0.494927 0.434657
vt 0.488888 0.434713
vt 0.485743 0.381162
vt 0.479166 0.382566
vt 0.47809 0.34471
vt 0.462451 0.346316
vt 0.475907 0.320448
vt 0.466245 0.32144
vt 0.484184 0.296813
vt 0.474079 0.291102
vt 0.499087 0.280702
vt 0.51399 0.264591
vt 0.487773 0.265325
vt 0.506704 0.241963
vt 0.511958 0.25368
vt 0.53528 0.221635
vt 0.525271 0.213592
vt 0.552919 0.178704
vt 0.547507 0.174356
vt 0.576659 0.150859
vt 0.570087 0.14259
vt 0.588978 0.134425
vt 0.580725 0.131635
vt 0.603076 0.091126
vt 0.594823 0.088337
vt 0.614152 0.05689
vt 0.605899 0.054101
vt 0.459259 0.352084
vt 0.453993 0.33101
vt 0.450196 0.331945
vt 0.473155 0.384508
vt 0.483249 0.435344
vt 0.487013 0.488454
vt 0.483655 0.541352
vt 0.0331445 0.95304
vt 0.0503877 0.968367
vt 0.0417661 0.960704
vt 0.0334635 0.791083
vt 0.0550734 0.799162
vt 0.0442685 0.795123
vt 0.0340482 0.595181
vt 0.0648666 0.603436
vt 0.0487922 0.600195
vt 0.0391974 0.419998
vt 0.0701885 0.428253
vt 0.0541141 0.425013
vt 0.0412861 0.286522
vt 0.0815918 0.294777
vt 0.0612658 0.291537
vt 0.0561708 0.168255
vt 0.0956128 0.17651
vt 0.0761505 0.17327
vt 0.0795312 0.085275
vt 0.111632 0.093705
vt 0.120864 0.046621
vt 0.127585 0.071993
vt 0.155704 0.035819
vt 0.163161 0.048954
vt 0.172503 0.02562
vt 0.0426718 0.877827
vt 0.0329585 0.871975
vt 0.0523851 0.883678
vt 0.0514532 0.512604
vt 0.0367091 0.507589
vt 0.0675276 0.515844
vt 0.0465304 0.697659
vt 0.0337558 0.693132
vt 0.05997 0.701299
vt 0.361425 0.721559
vt 0.379688 0.720875
vt 0.362772 0.644162
vt 0.369531 0.724975
vt 0.389552 0.644162
vt 0.376162 0.644162
vt 0.375116 0.519587
vt 0.397101 0.521741
vt 0.386108 0.520664
vt 0.386001 0.399633
vt 0.403313 0.401329
vt 0.394657 0.400481
vt 0.394157 0.336277
vt 0.406914 0.337527
vt 0.400536 0.336902
vt 0.399372 0.2932
vt 0.405401 0.29264
vt 0.40206 0.293138
vt 0.399068 0.280344
vt 0.404824 0.279809
vt 0.401634 0.280285
vt 0.399955 0.265778
vt 0.404461 0.26417
vt 0.377054 0.233042
vt 0.396433 0.25456
vt 0.399834 0.252889
vt 0.385514 0.237099
vt 0.390461 0.244401
vt 0.392435 0.243431
vt 0.38354 0.238069
vt 0.376686 0.234862
vt 0.370406 0.232212
vt 0.370179 0.233335
vt 0.393326 0.582951
vt 0.381135 0.582413
vt 0.368944 0.581874
vt 0.400207 0.461535
vt 0.390383 0.460572
vt 0.380559 0.45961
vt 0.372847 0.684569
vt 0.362099 0.68286
vt 0.38462 0.682519
vt 0.361762 0.702209
vt 0.371189 0.704772
vt 0.382154 0.701697
vt 0.937992 0.994959
vt 0.944554 0.995019
vt 0.925724 0.921625
vt 0.933458 0.921696
vt 0.913028 0.832316
vt 0.927454 0.832448
vt 0.911609 0.650853
vt 0.927946 0.651002
vt 0.906724 0.463344
vt 0.926919 0.463528
vt 0.913102 0.328369
vt 0.928482 0.328509
vt 0.924401 0.238013
vt 0.943585 0.244313
vt 0.93215 0.181508
vt 0.952213 0.18661
vt 0.929788 0.138022
vt 0.936493 0.135168
vt 0.913644 0.101859
vt 0.922286 0.097713
vt 0.890316 0.061441
vt 0.894761 0.057618
vt 0.854814 0.018153
vt 0.866888 0.021804
vt 0.958346 0.185918
vt 0.95329 0.150824
vt 0.959422 0.150132
vt 0.964293 0.112965
vt 0.96833 0.118838
vt 0.982052 0.107853
vt 0.983398 0.110497
vt 0.955673 0.239073
vt 0.948148 0.328688
vt 0.952742 0.463763
vt 0.948837 0.651192
vt 0.945902 0.832616
vt 0.943346 0.921786
vt 0.952944 0.995095
vt 0.931858 0.958292
vt 0.948145 0.958441
vt 0.939006 0.958357
vt 0.909913 0.395856
vt 0.950445 0.396226
vt 0.9277 0.396019
vt 0.937992 0.994959
vt 0.944554 0.995019
vt 0.925724 0.921625
vt 0.933458 0.921696
vt 0.913028 0.832316
vt 0.927454 0.832448
vt 0.911609 0.650853
vt 0.927946 0.651002
vt 0.906724 0.463344
vt 0.926919 0.463528
vt 0.913102 0.328369
vt 0.928482 0.328509
vt 0.924401 0.238013
vt 0.943585 0.244313
vt 0.93215 0.181508
vt 0.952213 0.18661
vt 0.929788 0.138022
vt 0.936493 0.135168
vt 0.913644 0.101859
vt 0.922286 0.097713
vt 0.890316 0.061441
vt 0.894761 0.057618
vt 0.854814 0.018153
vt 0.866888 0.021804
vt 0.958346 0.185918
vt 0.95329 0.150824
vt 0.959422 0.150132
vt 0.964293 0.112965
vt 0.96833 0.118838
vt 0.982052 0.107853
vt 0.983398 0.110497
vt 0.955673 0.239073
vt 0.948148 0.328688
vt 0.952742 0.463763
vt 0.948837 0.651192
vt 0.945902 0.832616
vt 0.943346 0.921786
vt 0.952944 0.995095
vt 0.952213 0.18661
vt 0.901157 0.08165
vt 0.907701 0.077665
vt 0.907812 0.091754
vt 0.915405 0.087689
vt 0.921716 0.119941
vt 0.92939 0.11644
vt 0.680943 0.893551
vt 0.689019 0.891093
vt 0.675229 0.761758
vt 0.684951 0.758798
vt 0.676592 0.628873
vt 0.683539 0.626758
vt 0.672672 0.517107
vt 0.679002 0.516383
vt 0.671725 0.413865
vt 0.672549 0.289977
vt 0.685512 0.415024
vt 0.687097 0.515456
vt 0.682877 0.290845
vt 0.687431 0.235273
vt 0.7071 0.213383
vt 0.678852 0.229456
vt 0.70345 0.20541
vt 0.766905 0.178812
vt 0.768406 0.182093
vt 0.800907 0.167839
vt 0.799798 0.174176
vt 0.828809 0.171521
vt 0.830523 0.176673
vt 0.692421 0.624055
vt 0.697383 0.755014
vt 0.699344 0.88795
vt 0.678634 0.82642
vt 0.698912 0.820248
vt 0.687533 0.823712
vt 0.068774 0.23223
vt 0.0487943 0.227216
vt 0.0882363 0.235471
vt 0.839836 0.387
vt 0.825697 0.385728
vt 0.814639 0.384732
vn -0.830096 0.458198 -0.317798
vn -0.215302 0.729505 -0.649205
vn -0.890163 0.302787 -0.340486
vn -0.941057 -0.280187 -0.189491
vn -0.394613 0.633321 -0.665722
vn -0.691605 0.0775006 -0.718106
vn 0.277013 0.677432 -0.681432
vn 0.465298 0.617898 -0.633798
vn -0.148699 0.382298 -0.911996
vn -0.464811 0.720717 -0.514312
vn -0.922205 0.376202 0.0895005
vn -0.446483 0.582677 -0.679073
vn -0.879587 0.212997 0.425394
vn -0.391597 -0.271098 0.879294
vn -0.700784 -0.267094 0.661485
vn 0.0392989 0.932475 -0.35909
vn -0.975749 -0.216511 -0.0322016
vn -0.813782 0.560588 -0.153297
vn -0.512803 0.614904 -0.599104
vn -0.923215 0.341506 0.176203
vn -0.495493 -0.258396 0.829288
vn -0.832109 0.439405 -0.338404
vn -0.285197 0.729493 -0.621694
vn 0.43362 0.66513 -0.607928
vn -0.902617 -0.290205 0.317906
vn -0.252997 0.944089 -0.211397
vn -0.828304 0.560003 0.0176001
vn -0.108998 0.486989 -0.86658
vn -0.749257 0.161191 -0.642363
vn -0.967816 -0.226004 -0.110702
vn -0.959897 -0.0398999 -0.277499
vn -0.632078 0.322789 -0.704475
vn -0.0024 0.5432 -0.8396
vn -0.980564 -0.165294 -0.105696
vn 0.0314991 0.756978 -0.652681
vn -0.734083 0.41899 -0.534387
vn 0.532603 -0.0858005 0.842005
vn -0.54209 -0.104598 0.833785
vn -0.140902 -0.114202 0.983415
vn 0.563229 -0.058303 0.824242
vn -0.593612 -0.103902 0.798016
vn 0.0190993 -0.0685974 0.997462
vn 0.450604 -0.0426003 0.891707
vn -0.481786 0.237193 0.843576
vn 0.00849985 0.108298 0.994082
vn -0.00589986 -0.0510988 0.998676
vn -0.7647 0.0466 0.6427
vn -0.414193 0.00289995 0.910185
vn -0.3121 -0.0887 0.9459
vn -0.897531 -0.0343012 0.439615
vn -0.639106 -0.0657006 0.766307
vn -0.675677 -0.124696 0.726575
vn -0.948783 0.218696 0.227996
vn -0.855122 0.0272007 0.517713
vn -0.821682 -0.0171996 0.569687
vn -0.848298 0.0184 0.529199
vn -0.879824 0.0935025 0.466012
vn -0.876537 0.0672028 0.47662
vn -0.882637 0.107405 0.457619
vn -0.881803 0.1075 0.459202
vn -0.883419 0.107402 0.45611
vn -0.0305994 -0.129698 0.991081
vn 0.565428 -0.0623031 0.822441
vn -0.564403 -0.125501 0.815904
vn -0.163104 0.107603 0.980724
vn 0.312811 -0.026901 0.949434
vn -0.577008 0.211003 0.789011
vn 0.0382982 0.0349984 0.998653
vn 0.522194 -0.0439995 0.851691
vn -0.539221 0.0823032 0.838133
vn -0.330205 -0.0582008 0.942113
vn -0.505409 0.058201 0.860915
vn -0.418921 0.0747037 0.904945
vn -0.300591 -0.0124996 0.953671
vn -0.551411 0.048601 0.832817
vn -0.181203 0.55611 0.811115
vn -0.422491 0.622286 0.658985
vn -0.212592 0.757071 0.617777
vn -0.388714 0.821229 0.417715
vn -0.296112 0.855034 0.425717
vn -0.0802992 0.957191 0.278097
vn -0.306516 0.878346 0.366819
vn -0.0929961 0.95616 0.277688
vn -0.548293 0.826089 0.130198
vn -0.609493 0.677392 0.411895
vn -0.722185 0.165997 0.671486
vn -0.669303 0.144501 0.728803
vn -0.473494 0.0918989 0.87599
vn -0.3869 0.1052 0.916101
vn -0.386106 0.105402 0.916413
vn -0.334991 0.119797 0.934575
vn 0.0435018 0.953539 0.298112
vn 0.0612009 0.950414 0.304905
vn 0.104294 0.94345 0.314683
vn 0.103602 0.944415 0.312005
vn 0.0952019 0.954619 0.282206
vn 0.0921974 0.957873 0.271992
vn 0.0601998 0.969496 0.237599
vn 0.0600019 0.969531 0.237508
vn 0.0329996 0.973289 0.227198
vn -0.246492 0.92427 0.291491
vn -0.226807 0.930629 0.287209
vn -0.331315 -0.158907 0.930042
vn -0.706789 0.0951986 0.700989
vn -0.532805 -0.0270002 0.845807
vn -0.256692 0.273892 0.926872
vn -0.678585 0.409491 0.609787
vn -0.490305 0.323703 0.809208
vn 0.681728 0.226909 0.695528
vn -0.112204 0.229009 0.966936
vn 0.728079 0.177995 0.661981
vn 0.1359 0.2137 0.9674
vn 0.866516 -0.0232004 0.498609
vn 0.154795 0.221192 0.962867
vn 0.807305 -0.0124001 0.590004
vn 0.714605 -0.0318002 0.698805
vn 0.1328 0.161499 0.977897
vn 0.0827962 0.108395 0.990654
vn -0.592591 0.249196 0.765988
vn -0.569075 0.196891 0.798365
vn -0.701333 0.282813 0.654331
vn -0.790923 0.126404 0.598718
vn -0.805338 0.0790037 0.587528
vn -0.571688 0.189096 0.798383
vn 0.0747976 0.129396 0.988768
vn -0.547001 0.217801 0.808302
vn 0.0942976 0.230994 0.968375
vn -0.528693 0.275996 0.802689
vn 0.140699 0.397398 0.906796
vn -0.373201 0.396401 0.838801
vn 0.157597 0.58539 0.795287
vn -0.220699 0.550997 0.804795
vn 0.168596 0.697884 0.696084
vn -0.139398 0.715091 0.684991
vn -0.1412 0.705302 0.694702
vn -0.156302 0.795309 0.585707
vn -0.169293 0.802966 0.571476
vn -0.216003 0.81801 0.533107
vn -0.252892 0.819173 0.514783
vn -0.247004 0.822514 0.512309
vn -0.341702 0.849206 0.402603
vn -0.302597 0.835593 0.458496
vn -0.378788 0.868072 0.32089
vn -0.397898 0.875995 0.272598
vn -0.442826 0.887652 0.126407
vn -0.44991 0.88792 0.0958022
vn -0.459711 0.888021 -0.00920022
vn -0.457114 0.889126 -0.0224007
vn -0.442113 0.895626 -0.0489014
vn -0.444502 0.894404 -0.0496002
vn -0.404213 0.914329 0.0248008
vn -0.410582 0.911761 0.0106995
vn -0.375292 0.922881 0.0862982
vn -0.375292 0.922881 0.0862982
vn 0.566814 0.723518 0.39401
vn 0.388793 0.695988 0.603689
vn 0.388793 0.695988 0.603689
vn 0.71848 0.636483 0.280492
vn 0.789023 0.402312 0.464314
vn 0.758895 0.183599 0.624796
vn 0.708295 0.0176999 0.705695
vn 0.650598 -0.485698 0.583798
vn 0.288283 0.000999942 0.957545
vn 0.685532 -0.119106 0.718234
vn 0.645721 -0.153305 0.748025
vn 0.156507 0.236911 0.958843
vn 0.129804 0.240507 0.961929
vn -0.53078 0.483482 0.696074
vn -0.482423 0.668831 0.565626
vn -0.437696 0.512595 0.738693
vn -0.558295 0.365297 0.744893
vn 0.0391005 0.258903 0.965112
vn -0.696008 0.298804 0.652908
vn -0.146602 0.265103 0.95301
vn -0.165501 0.490804 0.855407
vn -0.226693 0.693978 0.683378
vn 0.177609 0.268213 0.946846
vn 0.590114 0.0906022 0.80222
vn -0.269707 0.593216 0.75852
vn -0.0333011 0.826726 0.561618
vn 0.148397 0.831982 0.534588
vn 0.0831017 0.828217 0.554211
vn 0.2212 0.8405 0.4946
vn 0.312606 0.828615 0.464408
vn 0.379518 0.809138 0.448621
vn 0.292614 0.833641 0.468423
vn 0.379518 0.809138 0.448621
vn 0.687304 -0.0758004 0.722404
vn -0.191699 0.740796 0.643796
vn -0.0975018 0.807315 0.582011
vn 0.3673 0.812999 0.4518
vn 0.364491 0.81388 0.452489
vn 0.705109 -0.311104 0.637209
vn 0.0367002 0.278602 0.959705
vn -0.544293 0.562692 0.622192
vn 0.0154002 0.403807 0.914715
vn -0.580809 0.63901 0.504308
vn 0.0396987 0.260091 0.964768
vn 0.3761 0.0635 0.924401
vn -0.545389 0.50259 0.670786
vn -0.394394 0.0628991 0.916786
vn -0.853889 0.511693 0.0950988
vn -0.835513 0.536408 -0.119102
vn -0.872509 0.090701 0.480105
vn -0.307504 0.950211 -0.0504006
vn 0.512273 0.603669 0.610868
vn 0.0651998 0.919097 -0.388599
vn 0.63768 0.391188 0.663579
vn 0.459904 -0.359803 0.811807
vn 0.578383 -0.212594 0.787577
vn -0.883119 0.201004 0.423909
vn 0.704084 -0.0299993 0.709483
vn -0.0493992 0.252696 0.966284
vn 0.0620014 0.988222 -0.139903
vn 0.60599 0.59569 0.527191
vn 0.58813 -0.258213 0.766439
vn -0.00239994 0.38099 0.924576
vn -0.536598 0.628298 0.563298
vn -0.819911 0.565308 -0.0904013
vn 0.502889 -0.127597 0.854881
vn -0.57653 0.806342 0.132007
vn 0.114905 0.558022 0.821832
vn -0.911081 0.0318993 0.410991
vn -0.300705 0.102302 0.948215
vn 0.543806 0.0389004 0.838309
vn 0.212009 0.092904 0.972842
vn -0.462921 0.239111 0.853539
vn -0.879412 0.299304 0.370205
vn 0.48839 -0.210396 0.846882
vn -0.341298 0.935293 0.0934993
vn 0.138307 0.666532 0.732535
vn -0.721886 0.612588 0.321894
vn -0.0432996 0.501295 0.864192
vn 0.558598 -0.0930997 0.824197
vn -0.0834959 -0.502976 0.860258
vn -0.466309 0.104602 0.878416
vn -0.0474009 -0.127402 0.990718
vn -0.1037 -0.1502 0.983202
vn -0.517996 0.331598 0.788494
vn -0.546576 0.321186 0.773366
vn -0.765109 0.633107 0.117401
vn -0.549294 0.831791 0.0799991
vn -0.737178 0.640381 0.215594
vn -0.834433 0.533421 0.138505
vn -0.599568 0.351381 0.719062
vn -0.854977 0.518086 -0.0244994
vn -0.688379 0.424887 0.587882
vn -0.56179 0.652088 0.509091
vn -0.428883 0.832766 0.350086
vn -0.454892 0.377694 0.806486
vn -0.127194 0.0986955 0.986955
vn -0.536893 0.75809 0.370195
vn -0.178201 0.897503 0.403401
vn -0.0349997 0.858394 0.511796
vn -0.0937959 0.872361 0.479779
vn 0.0440022 0.843942 0.534627
vn 0.123401 0.807507 0.576805
vn 0.174202 0.771508 0.611906
vn 0.108399 0.817391 0.565794
vn 0.174202 0.771508 0.611906
vn -0.0407011 -0.0898025 0.995128
vn -0.365212 0.863428 0.348011
vn -0.240995 0.896281 0.372292
vn 0.164708 0.778437 0.605729
vn 0.162599 0.779993 0.604295
vn -0.0285009 -0.32661 0.944729
vn -0.582239 0.407627 0.703447
vn -0.674106 0.735507 0.0679006
vn -0.591902 0.458201 0.663102
vn -0.683378 0.729477 -0.0292991
vn -0.634474 0.302787 0.71117
vn -0.515719 -0.28311 0.80863
vn -0.762498 0.633299 0.1324
vn -0.914699 0.0796999 0.396199
vn -0.53861 0.677413 -0.50101
vn -0.427193 0.61789 -0.660089
vn -0.901987 0.391994 -0.180997
vn -0.6459 0.720701 0.2518
vn -0.243913 0.37622 0.893848
vn -0.793386 0.58269 0.176097
vn 0.0852025 0.213006 0.973329
vn 0.682875 -0.27109 0.678375
vn 0.369386 -0.26709 0.890066
vn -0.432696 0.890993 -0.137499
vn -0.34899 -0.210094 0.913273
vn -0.470419 0.520721 0.712429
vn -0.742206 0.614905 0.266502
vn -0.163201 0.341501 0.925604
vn 0.599224 -0.25841 0.75773
vn -0.611881 0.439386 0.657679
vn -0.682421 0.729523 0.0458014
vn -0.414322 0.665136 -0.621234
vn -0.0160006 -0.281811 0.959337
vn -0.299003 0.941711 0.154202
vn -0.282317 0.557433 0.780747
vn -0.795332 0.558722 -0.235109
vn -0.857911 0.193902 0.475806
vn -0.468002 -0.236101 0.851604
vn -0.600402 -0.0399001 0.798702
vn -0.883045 0.322817 0.340618
vn -0.785697 0.543198 -0.295999
vn -0.422621 0.0106005 0.906245
vn -0.614608 0.124102 0.77901
vn -0.596285 0.0356991 0.801979
vn -0.362103 0.0283003 0.931708
vn -0.576002 0.1421 0.805003
vn -0.308201 0.316002 0.897304
vn -0.471982 0.483082 0.737472
vn -0.357017 0.526125 0.771837
vn -0.459211 0.723517 0.515412
vn -0.447991 0.703286 0.551989
vn -0.320897 0.788093 0.525295
vn -0.425786 0.769076 0.476685
vn -0.324493 0.791384 0.518089
vn -0.457505 0.876309 0.150902
vn -0.587398 0.694197 0.415998
vn -0.74381 0.265704 0.613309
vn -0.747015 0.215204 0.629012
vn -0.639706 0.0691006 0.765507
vn -0.580196 0.0307998 0.813894
vn -0.579607 0.0309004 0.81431
vn -0.535707 0.0342004 0.843711
vn -0.289991 0.751578 0.592483
vn -0.280192 0.73658 0.615583
vn -0.256903 0.711807 0.653706
vn -0.25081 0.709627 0.658425
vn -0.236999 0.722396 0.649596
vn -0.230599 0.741996 0.629497
vn -0.242909 0.771128 0.588521
vn -0.257012 0.778636 0.572426
vn -0.279999 0.790096 0.545297
vn -0.380993 0.803686 0.457092
vn -0.366197 0.804694 0.467297
vn -0.373007 -0.0240005 0.927518
vn -0.730304 0.236701 0.640803
vn -0.576425 0.111305 0.809534
vn -0.337911 0.150105 0.929131
vn -0.683092 0.422395 0.595793
vn -0.532282 0.276691 0.800074
vn -0.203709 0.530823 0.822636
vn -0.738295 0.648095 0.186799
vn -0.178405 0.472613 0.863023
vn -0.6471 0.6378 0.4177
vn -0.074696 0.220388 0.972548
vn -0.632774 0.642574 0.432083
vn -0.168204 0.271507 0.947624
vn -0.289402 0.322602 0.901207
vn -0.678815 0.596313 0.42851
vn -0.716283 0.578186 0.390691
vn -0.755544 0.567233 -0.327719
vn -0.788105 0.546003 -0.284202
vn -0.693105 0.544204 -0.472703
vn -0.748768 0.378584 -0.544077
vn -0.765227 0.331212 -0.55202
vn -0.701398 0.638299 -0.317199
vn -0.591677 0.723271 0.356086
vn -0.517191 0.689987 -0.506391
vn -0.32941 0.938229 0.105903
vn -0.539705 0.425504 -0.726406
vn -0.2374 0.934198 -0.266299
vn -0.610223 0.305811 -0.730827
vn -0.296391 0.805477 -0.513185
vn -0.546607 0.428905 -0.719209
vn -0.281312 0.665528 -0.691329
vn -0.352223 0.546135 -0.760049
vn -0.357412 0.545019 -0.758426
vn -0.167693 0.550578 -0.817767
vn -0.131794 0.539574 -0.831559
vn -0.0182998 0.506594 -0.86199
vn 0.0899025 0.473813 -0.876024
vn 0.058099 0.463892 -0.883985
vn 0.410778 0.267686 -0.871554
vn 0.216695 0.365392 -0.90528
vn 0.612513 0.143003 -0.777417
vn 0.729628 0.026601 -0.683326
vn 0.897362 -0.166493 -0.408683
vn 0.938904 -0.232801 -0.253501
vn 0.955751 -0.291416 -0.0402022
vn 0.958172 -0.286192 0.000199994
vn 0.958496 -0.201199 -0.201999
vn 0.964122 -0.221305 -0.146603
vn 0.820186 -0.0798986 -0.56649
vn 0.851689 -0.0942988 -0.515493
vn 0.723695 -0.0410997 -0.688895
vn 0.723695 -0.0410997 -0.688895
vn 0.115395 0.886262 -0.448581
vn -0.107306 0.66694 -0.737344
vn -0.107306 0.66694 -0.737344
vn 0.237704 0.964917 -0.111502
vn 0.203296 0.93378 0.294494
vn 0.0388018 0.720534 0.692333
vn -0.199992 0.468982 0.860267
vn -0.729299 0.1678 0.663299
vn -0.305391 0.35749 0.882574
vn -0.733607 0.161902 0.660006
vn -0.742683 0.131097 0.656685
vn -0.31842 0.328921 0.889056
vn -0.35711 0.192905 0.913926
vn 0.20161 0.413621 0.887846
vn 0.203007 0.201907 0.958134
vn 0.201699 0.452998 0.868396
vn 0.185508 -0.00120005 0.982642
vn -0.291313 0.0689031 0.954143
vn 0.174598 -0.0329996 0.984087
vn -0.152297 0.0298995 0.987882
vn -0.617281 0.119096 0.777676
vn -0.695777 0.108096 0.710077
vn -0.0530986 -0.501586 0.863477
vn -0.449993 -0.429094 0.783189
vn -0.0178008 -0.320315 0.947144
vn -0.264209 -0.474216 0.839829
vn -0.504523 -0.22621 0.833238
vn -0.283788 -0.279788 0.91716
vn 0.000199996 -0.496591 0.867985
vn -0.48442 -0.595225 0.641127
vn -0.274106 -0.589914 0.759518
vn -0.0808018 -0.489911 0.86802
vn -0.582199 -0.597499 0.551399
vn -0.320102 -0.555403 0.767504
vn -0.201497 -0.379494 0.902986
vn -0.81141 -0.397705 0.428305
vn -0.554911 -0.433209 0.710214
vn 0.177401 -0.480604 0.858807
vn -0.963102 0.0492001 0.264601
vn -0.654002 -0.409301 0.636202
vn 0.915573 -0.213994 -0.34049
vn -0.923208 0.324803 0.205402
vn -0.916091 0.359197 0.178198
vn -0.900848 0.391177 0.188289
vn -0.894005 0.403302 0.195201
vn -0.861469 0.466983 0.199493
vn -0.879265 0.432083 0.200492
vn -0.875744 0.439122 0.20061
vn -0.86369 0.460095 0.205798
vn -0.868605 0.452103 0.202801
vn -0.867674 0.453487 0.203694
vn -0.86386 0.459779 0.20579
vn -0.861741 0.465222 0.20241
vn -0.861116 0.469108 0.196004
vn -0.861116 0.469108 0.196004
vn -0.493389 -0.41819 0.762682
vn -0.288999 -0.445799 0.847197
vn -0.0224009 -0.426018 0.904437
vn -0.495795 -0.673794 0.547895
vn -0.250787 -0.603169 0.757161
vn 0.040399 -0.471989 0.880679
vn -0.257003 -0.265903 0.92911
vn 0.0122003 -0.303907 0.952623
vn -0.514376 -0.164392 0.841661
vn 0.00359989 -0.405087 0.914271
vn -0.255998 -0.421196 0.870091
vn -0.502706 -0.298704 0.81121
vn 0.527614 0.449012 0.721119
vn 0.319598 0.411797 0.853394
vn 0.327388 0.0314988 0.944365
vn -0.0556 0.0864999 0.994699
vn 0.355603 -0.0155001 0.934509
vn -0.0227003 -0.0214003 0.999513
vn 0.289694 -0.0592988 0.955281
vn -0.149197 0.0289995 0.988382
vn 0.00759978 0.0373989 0.999272
vn -0.0669027 0.117305 0.99084
vn -0.0202004 0.0485009 0.998619
vn -0.50318 0.125195 0.855065
vn -0.0665993 0.117899 0.99079
vn -0.0578994 0.130999 0.98969
vn -0.0326003 0.153502 0.987611
vn -0.050899 0.137597 0.98918
vn 0.00780022 0.187005 0.982328
vn 0.0786007 0.288302 0.954308
vn 0.0416992 0.228796 0.972581
vn 0.128496 0.442986 0.887272
vn 0.107705 0.358117 0.927444
vn 0.136199 0.474796 0.869493
vn 0.136199 0.474796 0.869493
vn -0.480908 0.0339006 0.876115
vn -0.401686 0.108996 0.909268
vn -0.119703 0.273406 0.954422
vn -0.0773034 0.0921041 0.992744
vn -0.0765007 0.0942009 0.99261
vn 0.263906 0.110302 0.958221
vn -0.440599 0.0568999 0.895899
vn -0.0763004 0.0890004 0.993105
vn 0.4758 0.0744001 0.876401
vn -0.282394 0.0370993 0.958581
vn 0.114498 0.0355995 0.992785
vn 0.532514 0.340709 0.77482
vn -0.161908 0.127406 0.978547
vn 0.231389 0.237389 0.943454
vn 0.305011 0.503719 -0.80823
vn 0.819109 0.496505 -0.287303
vn 0.345505 0.366206 -0.864014
vn 0.790083 0.370992 -0.48799
vn 0.412796 0.158698 -0.896891
vn 0.799938 0.42592 -0.42272
vn 0.443409 0.274606 -0.853218
vn 0.453699 0.298999 -0.839498
vn 0.769384 0.45109 -0.45229
vn 0.76491 0.473406 -0.436806
vn 0.86499 0.495094 0.081699
vn 0.863903 0.500702 0.0545002
vn 0.874978 0.439089 0.203995
vn 0.908488 0.310696 0.279496
vn 0.915448 0.275784 0.293083
vn 0.752012 0.64841 0.118502
vn 0.629229 0.682131 -0.372517
vn 0.607093 0.702392 0.371596
vn 0.396094 0.914286 -0.0847987
vn 0.695097 0.430998 0.575397
vn 0.343795 0.903986 0.254196
vn 0.782884 0.305694 0.541889
vn 0.422603 0.797705 0.430203
vn 0.723784 0.42909 0.540388
vn 0.283508 0.788623 0.545616
vn 0.54839 0.54609 0.633288
vn 0.5529 0.545 0.6303
vn 0.386898 0.550598 0.739697
vn 0.356189 0.539583 0.762876
vn 0.25549 0.506581 0.823469
vn 0.155402 0.473805 0.86681
vn 0.188194 0.463886 0.865674
vn -0.154198 0.267696 0.951085
vn 0.0416008 0.365407 0.929918
vn -0.374099 0.143 0.916297
vn -0.512681 0.026599 0.858167
vn -0.749695 -0.166499 0.640496
vn -0.832403 -0.232801 0.502901
vn -0.907511 -0.291403 0.302504
vn -0.920997 -0.286199 0.264299
vn -0.86547 -0.201193 0.458784
vn -0.886176 -0.221294 0.407089
vn -0.63191 -0.0799013 0.770912
vn -0.676283 -0.0942976 0.730582
vn -0.505477 -0.0410981 0.861861
vn -0.505477 -0.0410981 0.861861
vn -0.219996 0.892485 0.393793
vn -0.167406 0.826728 0.537118
vn -0.167406 0.826728 0.537118
vn -0.243591 0.959663 0.140395
vn -0.171696 0.970477 -0.169396
vn 0.0284998 0.837694 -0.545396
vn 0.3174 0.5348 -0.7831
vn 0.350883 0.689267 0.63387
vn -0.410801 0.755401 0.510501
vn -0.102897 0.421489 0.900977
vn -0.818089 0.184498 0.544693
vn 0.259091 0.223792 0.939568
vn -0.528695 0.146399 0.836092
vn 0.570392 0.186198 0.799989
vn -0.0419012 0.336009 0.940926
vn 0.637975 0.289489 0.713572
vn 0.0805968 0.603776 0.793069
vn 0.777188 0.548292 0.308795
vn 0.163706 0.985138 0.052002
vn 0.757569 0.644174 -0.105496
vn 0.0607016 0.966726 -0.248507
vn 0.609321 0.742926 -0.27711
vn -0.0651997 0.906796 -0.416498
vn -0.0497997 0.965394 -0.255998
vn -0.0945991 0.961691 -0.257298
vn -0.226497 0.899389 -0.373896
vn -0.222107 0.903027 -0.367711
vn -0.267206 0.812119 -0.518712
vn -0.263901 0.804303 -0.532402
vn -0.247406 0.76422 -0.595616
vn -0.247406 0.76422 -0.595616
vn -0.639589 0.662089 -0.390594
vn -0.278199 0.859897 -0.427998
vn -0.161596 0.887478 -0.431589
vn -0.0487995 0.927191 -0.371396
vn -0.0266007 0.924723 -0.37971
vn -0.167305 0.931525 -0.322909
vn -0.167305 0.931525 -0.322909
vn -0.688106 0.649006 -0.324503
vn -0.521723 0.850238 -0.0700031
vn -0.545791 0.61279 0.57149
vn -0.759399 0.3157 0.568899
vn -0.993804 -0.0384002 0.1043
vn -0.944379 -0.169196 -0.281994
vn -0.870105 0.462803 0.169501
vn 0.101699 0.648495 0.754395
vn -0.965978 0.257794 -0.0206995
vn -0.666078 0.567282 0.484284
vn 0.68477 0.45748 0.567275
vn -0.518395 0.812292 0.267297
vn 0.1597 0.879298 0.448699
vn -0.983133 -0.0262009 0.181006
vn -0.969925 -0.219206 -0.105803
vn -0.8796 0.1205 0.4602
vn -0.977059 -0.132295 0.166893
vn -0.31371 0.399412 0.861427
vn -0.726918 0.162104 0.667317
vn 0.0708025 0.543019 0.83673
vn -0.406386 0.427785 0.807372
vn 0.111398 0.626788 0.771185
vn -0.297005 0.562909 0.771312
vn -0.00730008 0.580806 0.814009
vn -0.382996 0.502695 0.774992
vn -0.143804 0.622716 0.76912
vn -0.519488 0.47079 0.713084
vn -0.319983 0.645967 0.693064
vn -0.843848 0.287482 0.453072
vn -0.583935 0.640538 0.49873
vn -0.556436 0.640042 0.529835
vn -0.835259 0.370182 0.40658
vn -0.814998 0.565799 0.1251
vn -0.808817 0.586412 0.0440009
vn -0.829284 0.556289 0.053199
vn -0.712326 0.701826 0.00560021
vn -0.712326 0.701826 0.00560021
vn -0.816487 0.299195 0.493792
vn -0.534096 0.392297 0.748895
vn -0.412699 0.417799 0.809397
vn -0.3158 0.371201 0.873201
vn -0.301602 0.379603 0.874607
vn -0.430885 0.29689 0.852171
vn -0.430885 0.29689 0.852171
vn -0.848297 0.279899 0.449498
vn -0.690513 0.390407 0.608912
vn -0.675218 0.37341 0.636117
vn -0.812588 0.166698 0.558492
vn -0.964649 -0.180509 0.19201
vn -0.874273 -0.399688 -0.275492
vn -0.789671 -0.422385 -0.444984
vn -0.249787 0.664967 0.703865
vn -0.894397 0.420799 0.1516
vn -0.882092 0.414196 0.224398
vn -0.860394 0.371097 0.349298
vn -0.835209 0.312803 0.452305
vn -0.762778 0.637781 0.106797
vn -0.736017 0.634715 0.235406
vn -0.844638 -0.239811 -0.478621
vn -0.694582 -0.132097 -0.707182
vn -0.827039 -0.304514 -0.472522
vn -0.60718 -0.167195 -0.776774
vn -0.801422 -0.411212 -0.434312
vn -0.580008 -0.184203 -0.793511
vn -0.789026 -0.276109 -0.548818
vn -0.483004 -0.0233002 -0.875308
vn -0.592877 -0.0316988 -0.804669
vn -0.478202 0.0694003 -0.875504
vn -0.564814 -0.0127003 -0.82512
vn -0.1249 0.1936 -0.973098
vn -0.478212 0.0691017 -0.875522
vn -0.51258 0.0676974 -0.855967
vn -0.587585 -0.0859978 -0.80458
vn -0.572014 0.0192005 -0.820019
vn -0.557705 -0.186102 -0.808907
vn -0.571327 -0.337016 -0.748335
vn -0.55039 -0.284095 -0.785086
vn -0.657403 -0.342502 -0.671203
vn -0.624498 -0.353599 -0.696398
vn -0.696095 -0.328098 -0.638595
vn -0.696095 -0.328098 -0.638595
vn -0.173406 0.108704 -0.978833
vn -0.253906 0.0591013 -0.965422
vn -0.277795 0.0870985 -0.956684
vn -0.420496 0.869691 0.258497
vn -0.353699 0.742999 -0.568199
vn -0.451415 0.834028 0.317211
vn -0.435186 0.829573 -0.349889
vn -0.549586 0.650284 0.524487
vn -0.43211 0.838719 -0.331408
vn -0.577605 0.694807 0.428504
vn -0.629584 0.718382 0.295892
vn -0.48041 0.801717 -0.355607
vn -0.514396 0.756694 -0.403497
vn -0.0871981 0.437091 -0.895181
vn -0.152502 0.434005 -0.88791
vn 0.0338012 0.342712 -0.938832
vn -0.0285997 0.170798 -0.984891
vn -0.0543985 0.127296 -0.990372
vn -0.157702 0.428005 -0.889911
vn -0.494966 0.765847 -0.410472
vn -0.148492 0.462576 -0.874056
vn -0.410894 0.825189 -0.387595
vn -0.105801 0.503304 -0.857608
vn -0.2608 0.9094 -0.324
vn 0.0544983 0.651979 -0.756276
vn 0.0234003 0.969113 -0.245503
vn 0.391416 0.710228 -0.585123
vn 0.308185 0.941455 -0.136693
vn 0.662099 0.646399 -0.3792
vn 0.647662 0.650462 -0.396777
vn 0.672907 0.648207 -0.356404
vn 0.661797 0.653597 -0.367198
vn 0.586688 0.668686 -0.45679
vn 0.498287 0.663682 -0.557885
vn 0.533778 0.683372 -0.49808
vn 0.280998 0.737596 -0.613997
vn 0.419192 0.723186 -0.54889
vn 0.144405 0.728526 -0.669624
vn 0.0914982 0.730286 -0.676987
vn 0.0868043 0.721136 -0.687334
vn 0.114904 0.716725 -0.687824
vn 0.285985 0.712662 -0.640566
vn 0.335197 0.713394 -0.615395
vn 0.617391 0.620691 -0.483293
vn 0.573286 0.645784 -0.504288
vn 0.843177 0.441788 -0.306392
vn 0.823237 0.462421 -0.329315
vn 0.912106 0.352202 -0.209801
vn 0.912106 0.352202 -0.209801
vn 0.159294 0.906766 0.390385
vn -0.00820011 0.972513 0.232703
vn -0.00820011 0.972513 0.232703
vn 0.176703 0.836615 0.518509
vn -0.182406 0.871027 0.456114
vn -0.434285 0.824972 0.361688
vn -0.593897 0.752296 0.285198
vn -0.833715 0.293705 0.467608
vn -0.71971 0.66931 -0.184503
vn -0.864856 0.143493 0.481076
vn -0.680904 -0.101501 0.725305
vn -0.851885 0.511591 -0.112098
vn -0.998954 0.0286987 0.0355984
vn -0.460515 0.635021 -0.620221
vn -0.259304 0.679311 -0.686511
vn -0.805598 0.1839 -0.563199
vn -0.110306 0.98825 -0.105805
vn -0.354297 0.438796 0.825792
vn 0.354108 0.93162 0.0818018
vn -0.343315 0.203809 0.916841
vn -0.531799 -0.518099 0.669898
vn -0.463991 -0.391192 0.794784
vn -0.73139 0.337495 -0.592592
vn -0.44981 -0.245505 0.858719
vn -0.889898 0.193899 0.412899
vn 0.125498 0.972882 0.194296
vn -0.238803 0.424206 0.873512
vn -0.439391 -0.435291 0.785784
vn -0.849509 0.273403 0.451205
vn -0.754284 0.644886 -0.123197
vn -0.279601 0.701901 -0.655101
vn -0.555595 -0.291997 0.778493
vn -0.418086 0.855071 -0.30669
vn -0.711391 0.434494 0.552393
vn -0.748611 0.133602 -0.649409
vn -0.992279 0.0430991 0.116298
vn -0.548999 -0.1353 0.824799
vn -0.79484 -0.0503025 0.60473
vn -0.975408 0.219802 -0.0163001
vn -0.714694 0.401396 -0.572795
vn -0.555701 -0.380301 0.739302
vn -0.254604 0.963714 -0.0802012
vn -0.624093 0.550193 0.554793
vn -0.661577 0.672877 -0.330988
vn -0.806913 0.389206 0.444307
vn -0.478177 -0.262687 0.838059
vn -0.800904 -0.572003 0.177101
vn -0.995669 0.0857973 -0.0357989
vn -0.914339 -0.22421 0.337214
vn -0.930651 -0.236288 0.279385
vn -0.94227 0.326689 -0.0734976
vn -0.940307 0.323002 -0.107201
vn -0.446612 0.736519 -0.508013
vn -0.327191 0.898876 -0.291492
vn -0.524094 0.728291 -0.441495
vn -0.4922 0.6483 -0.5809
vn -0.914286 0.367394 -0.170597
vn -0.352712 0.654423 -0.668823
vn -0.834919 0.46851 -0.288806
vn -0.71644 0.678338 -0.163009
vn -0.521293 0.850189 -0.0736991
vn -0.933219 0.359307 -0.000800016
vn -0.950831 0.0111004 0.30951
vn -0.583022 0.79303 -0.176607
vn -0.465675 0.865554 0.18429
vn -0.502392 0.791387 0.348294
vn -0.498599 0.818398 0.285699
vn -0.489391 0.761386 0.425192
vn -0.493119 0.707728 0.50592
vn -0.502516 0.660121 0.558318
vn -0.489803 0.721104 0.490003
vn -0.502516 0.660121 0.558318
vn -0.916571 -0.188994 0.352389
vn -0.49341 0.869717 -0.0118002
vn -0.463921 0.87834 0.115305
vn -0.501072 0.669163 0.548769
vn -0.500705 0.671206 0.546605
vn -0.859115 -0.417707 0.295705
vn -0.894371 0.421286 -0.150395
vn -0.366196 0.82689 -0.426795
vn -0.863293 0.476796 -0.165499
vn -0.281886 0.833059 -0.475976
vn -0.920511 0.326504 -0.214603
vn -0.942491 -0.278097 -0.185398
vn -0.459087 0.734679 -0.499486
vn -0.74708 0.189395 -0.637183
vn 0.208104 0.808815 -0.55001
vn 0.400883 0.748969 -0.527578
vn -0.227194 0.555785 -0.799679
vn -0.520583 0.787674 -0.329489
vn -0.923392 0.312797 0.222498
vn -0.510403 0.685504 -0.519203
vn -0.852104 0.0887004 0.515802
vn -0.31929 -0.454285 0.831673
vn -0.643459 -0.420473 0.639659
vn -0.0825968 0.960762 -0.26479
vn -0.969028 -0.246107 0.0204006
vn -0.858508 0.512205 -0.0247002
vn -0.571581 0.698677 -0.430286
vn -0.91718 0.261694 0.300494
vn -0.426795 -0.436394 0.79209
vn -0.866303 0.462301 -0.189201
vn -0.349511 0.824826 -0.444414
vn 0.3698 0.7889 -0.4908
vn -0.868383 -0.377392 0.321694
vn -0.291994 0.95628 -0.0163996
vn -0.842128 0.509017 0.178106
vn -0.137894 0.70697 -0.693671
vn -0.798391 0.282997 -0.531494
vn -0.962609 -0.244802 -0.116001
vn -0.975955 -0.0244989 -0.21659
vn -0.690077 0.428186 -0.583481
vn -0.0781993 0.696694 -0.713094
vn -0.854717 0.465209 0.230304
vn -0.482529 0.739144 -0.469928
vn -0.880001 0.3995 0.2569
vn -0.659009 0.688709 -0.302304
vn -0.931536 0.123005 0.342213
vn -0.666787 0.689386 -0.283094
vn -0.946895 0.191499 0.258299
vn -0.953271 0.267092 0.141196
vn -0.679904 0.652204 -0.335202
vn -0.6591 0.6449 -0.3869
vn -0.0131 0.718698 -0.695199
vn -0.0652017 0.698618 -0.712518
vn 0.145398 0.70129 -0.697891
vn 0.195104 0.55621 -0.807815
vn 0.197598 0.513396 -0.835093
vn -0.00419987 0.777976 -0.62828
vn -0.58371 0.769713 -0.258504
vn 0.24 0.818101 -0.5226
vn -0.258606 0.963221 -0.0730016
vn 0.442776 0.586668 -0.678063
vn 0.119905 0.984144 -0.130706
vn 0.423483 0.481781 -0.76717
vn 0.328486 0.894762 -0.302487
vn 0.433393 0.59039 -0.680889
vn 0.503112 0.774418 -0.383609
vn 0.542791 0.676889 -0.497192
vn 0.5393 0.6765 -0.5015
vn 0.66777 0.656371 -0.351084
vn 0.694908 0.641007 -0.325904
vn 0.768303 0.592902 -0.241201
vn 0.82463 0.54402 -0.155006
vn 0.819814 0.540609 -0.188803
vn 0.952925 0.287507 0.0963025
vn 0.904794 0.419597 -0.0726996
vn 0.949395 0.121099 0.289799
vn 0.912604 -0.0229001 0.408202
vn 0.732128 -0.27011 0.625324
vn 0.607888 -0.358893 0.708286
vn 0.420296 -0.442295 0.792292
vn 0.383788 -0.441986 0.810774
vn 0.567075 -0.336785 0.751666
vn 0.518973 -0.363481 0.773659
vn 0.844186 -0.155198 0.513092
vn 0.810075 -0.180094 0.557983
vn 0.917734 -0.0876033 0.387414
vn 0.917734 -0.0876033 0.387414
vn 0.42699 0.89748 0.110497
vn 0.613289 0.751487 -0.243196
vn 0.613289 0.751487 -0.243196
vn 0.162003 0.917318 0.363707
vn -0.223997 0.848589 0.479294
vn -0.646761 0.624263 0.438174
vn -0.885749 0.399877 0.235686
vn 0.977638 0.209808 0.0143006
vn 0.435017 -0.0757029 0.897234
vn 0.761525 0.0428014 0.646721
vn 0.970586 0.240096 -0.0177997
vn 0.379807 -0.0946016 0.920216
vn 0.840181 0.128397 0.526888
vn 0.964053 0.239913 0.114206
vn 0.373091 0.265893 0.888878
vn 0.780203 0.293301 0.552502
vn 0.872909 0.137501 0.468105
vn 0.167798 -0.0214997 0.985587
vn 0.575995 0.0658994 0.814793
vn 0.708384 0.145897 0.690584
vn 0.0400023 -0.200111 0.978956
vn 0.385402 -0.0417003 0.921806
vn 0.492914 0.118103 0.862025
vn -0.0483014 -0.261007 0.964128
vn 0.233513 -0.0776042 0.969252
vn 0.325503 0.00780007 0.945509
vn 0.293611 -0.0191007 0.955734
vn 0.212705 -0.0592013 0.975321
vn 0.236694 -0.0608984 0.969674
vn 0.201701 -0.0584003 0.977705
vn 0.201701 -0.0584003 0.977705
vn 0.201701 -0.0584003 0.977705
vn 0.827892 0.0568994 0.557994
vn 0.971379 0.236595 -0.0210995
vn 0.415406 -0.104502 0.903613
vn 0.700674 0.232391 0.674575
vn 0.950815 0.196803 0.239204
vn 0.290713 0.202009 0.935242
vn 0.820475 0.231793 0.522584
vn 0.968003 0.248801 0.0327001
vn 0.385208 0.103402 0.917019
vn 0.821932 -0.326213 0.466918
vn 0.535421 -0.370814 0.758829
vn 0.854533 -0.129405 0.503019
vn 0.688282 -0.356891 0.631583
vn 0.489188 -0.181995 0.852979
vn 0.684294 -0.162398 0.710893
vn 0.850946 -0.307517 0.425823
vn 0.451399 -0.564099 0.691398
vn 0.651979 -0.484585 0.583182
vn 0.808201 -0.3212 0.493601
vn 0.329913 -0.607424 0.722629
vn 0.625181 -0.461686 0.629281
vn 0.743398 -0.2395 0.624499
vn 0.0557977 -0.49768 0.865564
vn 0.424492 -0.414493 0.804986
vn 0.928109 -0.250203 0.275703
vn -0.284696 -0.141698 0.948087
vn 0.307292 -0.430289 0.848778
vn 0.24741 -0.0411016 -0.968039
vn -0.393501 0.1189 0.911603
vn -0.422082 0.148194 0.894363
vn -0.415592 0.184297 0.890684
vn -0.410104 0.198802 0.890108
vn -0.408809 0.268206 0.872319
vn -0.406784 0.230891 0.883865
vn -0.406989 0.238393 0.881776
vn -0.402799 0.2623 0.876899
vn -0.405386 0.252891 0.878469
vn -0.404697 0.254598 0.878294
vn -0.402796 0.261997 0.876991
vn -0.406119 0.267012 0.87394
vn -0.412103 0.269702 0.870306
vn -0.412103 0.269702 0.870306
vn 0.493691 -0.375093 0.784586
vn 0.673487 -0.334693 0.659087
vn 0.8485 -0.2391 0.4721
vn 0.392999 -0.659199 0.641099
vn 0.66571 -0.491808 0.561209
vn 0.874306 -0.271702 0.402203
vn 0.703405 -0.140301 0.696805
vn 0.869265 -0.105396 0.482981
vn 0.472908 -0.124202 0.872314
vn 0.863475 -0.210894 0.458187
vn 0.701503 -0.298801 0.647002
vn 0.49339 -0.254695 0.831683
vn -0.373201 0.788602 -0.488701
vn 0.381622 0.684239 -0.621435
vn -0.1669 0.3943 -0.903699
vn 0.587205 0.0146001 -0.809307
vn -0.346379 0.191488 -0.918343
vn 0.339599 -0.0771997 -0.937397
vn -0.2632 0.2843 -0.9219
vn 0.260891 0.164394 -0.951268
vn -0.21031 0.41122 -0.886943
vn 0.326293 0.532688 -0.780882
vn -0.346798 0.553796 -0.756995
vn 0.277899 0.871897 -0.403198
vn -0.305712 0.717029 -0.626426
vn 0.342817 0.916445 -0.20641
vn -0.225002 0.901208 -0.370403
vn 0.3412 0.9246 0.1694
vn 0.307798 0.950295 0.0468998
vn 0.340611 0.937029 0.0772024
vn 0.377692 0.88468 0.273294
vn 0.377702 0.887105 0.265302
vn 0.324399 0.840998 0.432999
vn 0.313506 0.839016 0.444709
vn 0.260399 0.826797 0.498598
vn 0.260399 0.826797 0.498598
vn 0.638815 0.586514 0.497912
vn 0.399913 0.852029 0.337811
vn 0.299293 0.911478 0.282193
vn 0.238303 0.953813 0.182902
vn 0.215391 0.959759 0.180192
vn 0.358903 0.912607 0.195801
vn 0.358903 0.912607 0.195801
vn 0.723204 0.488602 0.488102
vn 0.705914 0.684514 0.182004
vn 0.821906 0.390503 -0.414703
vn 0.795884 0.0803984 -0.600088
vn 0.855892 -0.283998 -0.432196
vn 0.933243 -0.354916 -0.0556026
vn 0.861313 0.260004 -0.436507
vn -0.237596 0.676988 -0.696588
vn 0.964718 0.0227004 -0.262305
vn 0.5334 0.4529 -0.7144
vn -0.292287 0.476679 -0.829063
vn 0.780614 0.619911 -0.0797014
vn 0.253799 0.800597 -0.542798
vn 0.8121 -0.2341 -0.5345
vn 0.837504 -0.468402 -0.281401
vn 0.670936 -0.0161009 -0.74134
vn 0.779606 -0.336003 -0.528504
vn 0.1151 0.464999 -0.877797
vn 0.478197 0.100399 -0.872495
vn -0.177795 0.69198 -0.69968
vn 0.224398 0.458696 -0.859793
vn -0.167496 0.769183 -0.616686
vn 0.178899 0.607395 -0.773994
vn -0.0892048 0.704238 -0.704338
vn 0.236597 0.529592 -0.814588
vn 0.0604003 0.701704 -0.709904
vn 0.369801 0.453702 -0.810803
vn 0.250205 0.665814 -0.702915
vn 0.691212 0.150003 -0.706912
vn 0.553797 0.553897 -0.621697
vn 0.517 0.5673 -0.641
vn 0.229004 0.217503 -0.948815
vn 0.756742 0.439825 -0.483627
vn 0.18639 0.693464 -0.695964
vn 0.1536 0.679098 -0.717798
vn 0.269711 0.724929 -0.633825
vn 0.269711 0.724929 -0.633825
vn 0.656816 0.175604 -0.733318
vn 0.347414 0.382316 -0.856235
vn 0.226399 0.447997 -0.864894
vn 0.104603 0.439913 -0.891927
vn 0.0940003 0.451702 -0.887203
vn 0.192402 0.336803 -0.921708
vn 0.192402 0.336803 -0.921708
vn 0.694117 0.141003 -0.705917
vn 0.533199 0.315399 -0.784998
vn 0.505402 0.308101 -0.806004
vn 0.592212 0.0630012 -0.803316
vn 0.745705 -0.374003 -0.551404
vn 0.754073 -0.648377 -0.104796
vn 0.727633 -0.681131 0.0813037
vn 0.189496 0.703286 -0.685186
vn -0.0295002 0.579404 -0.814506
vn -0.202403 0.455707 -0.866813
vn -0.207798 0.330097 -0.920791
vn -0.028801 0.172806 -0.984535
vn 0.812487 0.469793 -0.345195
vn 0.758079 0.473187 -0.448788
vn 0.64994 -0.422026 0.632039
vn 0.457818 -0.291112 0.840034
vn 0.841386 -0.503291 0.196897
vn 0.740306 -0.362903 0.565905
vn 0.886695 -0.462297 0.00729996
vn 0.806873 -0.356288 0.471184
vn 0.92399 -0.362096 0.122999
vn 0.793824 -0.249708 0.554517
vn 0.855132 -0.249509 0.454417
vn 0.770903 -0.262601 0.580302
vn 0.86674 -0.255712 0.42822
vn 0.504525 -0.0942047 0.858242
vn 0.777999 -0.2552 0.5741
vn 0.722933 -0.347916 0.596927
vn 0.619603 -0.515503 0.591903
vn 0.699086 -0.414292 0.582788
vn 0.569192 -0.555692 0.605992
vn 0.470905 -0.661906 0.583206
vn 0.478292 -0.64959 0.59099
vn 0.467707 -0.762812 0.446507
vn 0.461897 -0.750095 0.473297
vn 0.482398 -0.797197 0.362999
vn 0.482398 -0.797197 0.362999
vn 0.522924 -0.167108 0.835838
vn 0.511391 -0.176697 0.840986
vn 0.0190003 0.00300004 0.999815
vn 0.730908 -0.465905 0.498705
vn 0.284888 -0.0757968 0.955559
vn 0.536489 -0.302094 0.787984
vn -0.755998 -0.0520998 0.652498
vn -0.497199 -0.1392 0.856398
vn -0.95413 0.062902 0.292709
vn -0.736919 0.457312 0.497813
vn 0.0178 0.348601 0.937102
vn 0.655904 -0.0921006 0.749205
usemtl grass_dry_blades
s off
f 23/23/23 5/5/5 3/3/3
f 23/23/23 3/3/3 22/22/22
f 32/32/32 6/6/6 4/4/4
f 32/32/32 4/4/4 31/31/31
f 24/24/24 7/7/7 5/5/5
f 24/24/24 5/5/5 23/23/23
f 33/33/33 9/9/9 6/6/6
f 33/33/33 6/6/6 32/32/32
f 26/26/26 10/10/10 11/11/11
f 26/26/26 11/11/11 27/27/27
f 19/19/19 12/12/12 13/13/13
f 19/19/19 13/13/13 20/20/20
f 20/20/20 13/13/13 14/14/14
f 20/20/20 14/14/14 21/21/21
f 27/27/27 11/11/11 15/15/15
f 27/27/27 15/15/15 25/25/25
f 36/36/36 18/18/18 17/17/17
f 36/36/36 17/17/17 34/34/34
f 35/35/35 16/16/16 18/18/18
f 35/35/35 18/18/18 36/36/36
f 11/11/11 20/20/20 21/21/21
f 11/11/11 21/21/21 15/15/15
f 10/10/10 19/19/19 20/20/20
f 10/10/10 20/20/20 11/11/11
f 8/8/8 24/24/24 23/23/23
f 8/8/8 23/23/23 2/2/2
f 2/2/2 23/23/23 22/22/22
f 2/2/2 22/22/22 1/1/1
f 18/18/18 27/27/27 25/25/25
f 18/18/18 25/25/25 17/17/17
f 16/16/16 26/26/26 27/27/27
f 16/16/16 27/27/27 18/18/18
f 9/9/9 28/28/28 29/29/29
f 9/9/9 29/29/29 6/6/6
f 6/6/6 29/29/29 30/30/30
f 6/6/6 30/30/30 4/4/4
f 7/7/7 33/33/33 32/32/32
f 7/7/7 32/32/32 5/5/5
f 5/5/5 32/32/32 31/31/31
f 5/5/5 31/31/31 3/3/3
f 28/28/28 35/35/35 36/36/36
f 28/28/28 36/36/36 29/29/29
f 29/29/29 36/36/36 34/34/34
f 29/29/29 34/34/34 30/30/30
f 63/63/63 62/62/62 42/42/42
f 63/63/63 42/42/42 40/40/40
f 62/62/62 64/64/64 41/41/41
f 62/62/62 41/41/41 42/42/42
f 69/69/69 68/68/68 45/45/45
f 69/69/69 45/45/45 43/43/43
f 68/68/68 70/70/70 44/44/44
f 68/68/68 44/44/44 45/45/45
f 66/66/66 65/65/65 48/48/48
f 66/66/66 48/48/48 46/46/46
f 65/65/65 67/67/67 47/47/47
f 65/65/65 47/47/47 48/48/48
f 46/46/46 48/48/48 51/51/51
f 46/46/46 51/51/51 49/49/49
f 48/48/48 47/47/47 50/50/50
f 48/48/48 50/50/50 51/51/51
f 1068/1068/1068 1067/1067/1067 54/54/54
f 1068/1068/1068 54/54/54 52/52/52
f 1067/1067/1067 1069/1069/1069 53/53/53
f 1067/1067/1067 53/53/53 54/54/54
f 52/52/52 54/54/54 56/56/56
f 52/52/52 56/56/56 55/55/55
f 54/54/54 53/53/53 56/56/56
f 55/55/55 56/56/56 58/58/58
f 55/55/55 58/58/58 57/57/57
f 57/57/57 58/58/58 60/60/60
f 57/57/57 60/60/60 59/59/59
f 59/59/59 60/60/60 61/61/61
f 39/39/39 38/38/38 64/64/64
f 39/39/39 64/64/64 62/62/62
f 37/37/37 39/39/39 62/62/62
f 37/37/37 62/62/62 63/63/63
f 45/45/45 44/44/44 67/67/67
f 45/45/45 67/67/67 65/65/65
f 43/43/43 45/45/45 65/65/65
f 43/43/43 65/65/65 66/66/66
f 42/42/42 41/41/41 70/70/70
f 42/42/42 70/70/70 68/68/68
f 40/40/40 42/42/42 68/68/68
f 40/40/40 68/68/68 69/69/69
f 103/103/103 105/105/105 75/75/75
f 103/103/103 75/75/75 74/74/74
f 72/72/72 71/71/71 73/73/73
f 72/72/72 73/73/73 88/88/88
f 106/106/106 108/108/108 77/77/77
f 106/106/106 77/77/77 76/76/76
f 76/76/76 77/77/77 79/79/79
f 76/76/76 79/79/79 78/78/78
f 78/78/78 79/79/79 82/82/82
f 78/78/78 82/82/82 80/80/80
f 101/101/101 102/102/102 83/83/83
f 101/101/101 83/83/83 81/81/81
f 79/79/79 84/84/84 82/82/82
f 77/77/77 85/85/85 84/84/84
f 77/77/77 84/84/84 79/79/79
f 108/108/108 107/107/107 85/85/85
f 108/108/108 85/85/85 77/77/77
f 105/105/105 104/104/104 86/86/86
f 105/105/105 86/86/86 75/75/75
f 87/87/87 72/72/72 88/88/88
f 88/88/88 73/73/73 90/90/90
f 88/88/88 90/90/90 89/89/89
f 89/89/89 90/90/90 91/91/91
f 81/81/81 83/83/83 92/92/92
f 81/81/81 92/92/92 93/93/93
f 93/93/93 92/92/92 94/94/94
f 93/93/93 94/94/94 95/95/95
f 95/95/95 94/94/94 96/96/96
f 95/95/95 96/96/96 97/97/97
f 97/97/97 96/96/96 98/98/98
f 97/97/97 98/98/98 99/99/99
f 99/99/99 98/98/98 100/100/100
f 80/80/80 82/82/82 102/102/102
f 80/80/80 102/102/102 101/101/101
f 72/72/72 87/87/87 104/104/104
f 72/72/72 104/104/104 105/105/105
f 71/71/71 72/72/72 105/105/105
f 71/71/71 105/105/105 103/103/103
f 75/75/75 86/86/86 107/107/107
f 75/75/75 107/107/107 108/108/108
f 74/74/74 75/75/75 108/108/108
f 74/74/74 108/108/108 106/106/106
f 110/110/110 112/112/112 111/111/111
f 110/110/110 111/111/111 109/109/109
f 112/112/112 114/114/114 113/113/113
f 112/112/112 113/113/113 111/111/111
f 114/114/114 117/117/117 115/115/115
f 114/114/114 115/115/115 113/113/113
f 117/117/117 118/118/118 116/116/116
f 117/117/117 116/116/116 115/115/115
f 119/119/119 120/120/120 118/118/118
f 119/119/119 118/118/118 117/117/117
f 121/121/121 119/119/119 117/117/117
f 121/121/121 117/117/117 114/114/114
f 122/122/122 121/121/121 114/114/114
f 122/122/122 114/114/114 112/112/112
f 123/123/123 122/122/122 112/112/112
f 123/123/123 112/112/112 110/110/110
f 120/120/120 124/124/124 125/125/125
f 120/120/120 125/125/125 118/118/118
f 124/124/124 126/126/126 127/127/127
f 124/124/124 127/127/127 125/125/125
f 126/126/126 128/128/128 129/129/129
f 126/126/126 129/129/129 127/127/127
f 128/128/128 130/130/130 131/131/131
f 128/128/128 131/131/131 129/129/129
f 130/130/130 132/132/132 133/133/133
f 130/130/130 133/133/133 131/131/131
f 132/132/132 134/134/134 135/135/135
f 132/132/132 135/135/135 133/133/133
f 134/134/134 136/136/136 137/137/137
f 134/134/134 137/137/137 135/135/135
f 136/136/136 138/138/138 140/140/140
f 136/136/136 140/140/140 137/137/137
f 138/138/138 139/139/139 142/142/142
f 138/138/138 142/142/142 140/140/140
f 140/140/140 142/142/142 141/141/141
f 142/142/142 143/143/143 144/144/144
f 142/142/142 144/144/144 141/141/141
f 143/143/143 145/145/145 146/146/146
f 143/143/143 146/146/146 144/144/144
f 145/145/145 147/147/147 148/148/148
f 145/145/145 148/148/148 146/146/146
f 147/147/147 149/149/149 150/150/150
f 147/147/147 150/150/150 148/148/148
f 149/149/149 151/151/151 152/152/152
f 149/149/149 152/152/152 150/150/150
f 151/151/151 153/153/153 154/154/154
f 151/151/151 154/154/154 152/152/152
f 133/133/133 156/156/156 157/157/157
f 133/133/133 157/157/157 155/155/155
f 131/131/131 133/133/133 155/155/155
f 131/131/131 155/155/155 158/158/158
f 129/129/129 131/131/131 158/158/158
f 129/129/129 158/158/158 159/159/159
f 127/127/127 129/129/129 159/159/159
f 127/127/127 159/159/159 160/160/160
f 125/125/125 127/127/127 160/160/160
f 125/125/125 160/160/160 161/161/161
f 118/118/118 125/125/125 161/161/161
f 118/118/118 161/161/161 116/116/116
f 194/194/194 166/166/166 164/164/164
f 194/194/194 164/164/164 193/193/193
f 166/166/166 167/167/167 165/165/165
f 166/166/166 165/165/165 164/164/164
f 195/195/195 168/168/168 166/166/166
f 195/195/195 166/166/166 194/194/194
f 168/168/168 170/170/170 167/167/167
f 168/168/168 167/167/167 166/166/166
f 170/170/170 171/171/171 172/172/172
f 170/170/170 172/172/172 167/167/167
f 171/171/171 173/173/173 174/174/174
f 171/171/171 174/174/174 172/172/172
f 173/173/173 175/175/175 174/174/174
f 175/175/175 176/176/176 179/179/179
f 175/175/175 179/179/179 177/177/177
f 174/174/174 175/175/175 177/177/177
f 174/174/174 177/177/177 178/178/178
f 190/190/190 182/182/182 180/180/180
f 190/190/190 180/180/180 189/189/189
f 182/182/182 183/183/183 181/181/181
f 182/182/182 181/181/181 180/180/180
f 183/183/183 184/184/184 186/186/186
f 183/183/183 186/186/186 181/181/181
f 191/191/191 185/185/185 187/187/187
f 191/191/191 187/187/187 192/192/192
f 172/172/172 174/174/174 178/178/178
f 172/172/172 178/178/178 188/188/188
f 167/167/167 172/172/172 188/188/188
f 167/167/167 188/188/188 165/165/165
f 176/176/176 190/190/190 189/189/189
f 176/176/176 189/189/189 179/179/179
f 184/184/184 191/191/191 192/192/192
f 184/184/184 192/192/192 186/186/186
f 169/169/169 195/195/195 194/194/194
f 169/169/169 194/194/194 163/163/163
f 163/163/163 194/194/194 193/193/193
f 163/163/163 193/193/193 162/162/162
f 218/218/218 200/200/200 198/198/198
f 218/218/218 198/198/198 217/217/217
f 227/227/227 201/201/201 199/199/199
f 227/227/227 199/199/199 226/226/226
f 219/219/219 202/202/202 200/200/200
f 219/219/219 200/200/200 218/218/218
f 228/228/228 204/204/204 201/201/201
f 228/228/228 201/201/201 227/227/227
f 230/230/230 205/205/205 206/206/206
f 230/230/230 206/206/206 231/231/231
f 214/214/214 207/207/207 208/208/208
f 214/214/214 208/208/208 215/215/215
f 215/215/215 208/208/208 209/209/209
f 215/215/215 209/209/209 216/216/216
f 231/231/231 206/206/206 210/210/210
f 231/231/231 210/210/210 229/229/229
f 224/224/224 213/213/213 212/212/212
f 224/224/224 212/212/212 225/225/225
f 223/223/223 211/211/211 213/213/213
f 223/223/223 213/213/213 224/224/224
f 206/206/206 215/215/215 216/216/216
f 206/206/206 216/216/216 210/210/210
f 205/205/205 214/214/214 215/215/215
f 205/205/205 215/215/215 206/206/206
f 203/203/203 219/219/219 218/218/218
f 203/203/203 218/218/218 197/197/197
f 197/197/197 218/218/218 217/217/217
f 197/197/197 217/217/217 196/196/196
f 233/233/233 222/222/222 220/220/220
f 233/233/233 220/220/220 234/234/234
f 232/232/232 221/221/221 222/222/222
f 232/232/232 222/222/222 233/233/233
f 204/204/204 223/223/223 224/224/224
f 204/204/204 224/224/224 201/201/201
f 201/201/201 224/224/224 225/225/225
f 201/201/201 225/225/225 199/199/199
f 202/202/202 228/228/228 227/227/227
f 202/202/202 227/227/227 200/200/200
f 200/200/200 227/227/227 226/226/226
f 200/200/200 226/226/226 198/198/198
f 222/222/222 231/231/231 229/229/229
f 222/222/222 229/229/229 220/220/220
f 221/221/221 230/230/230 231/231/231
f 221/221/221 231/231/231 222/222/222
f 1070/1070/1070 232/232/232 233/233/233
f 1070/1070/1070 233/233/233 1071/1071/1071
f 1071/1071/1071 233/233/233 234/234/234
f 1071/1071/1071 234/234/234 1072/1072/1072
f 267/267/267 239/239/239 237/237/237
f 267/267/267 237/237/237 266/266/266
f 239/239/239 240/240/240 238/238/238
f 239/239/239 238/238/238 237/237/237
f 268/268/268 241/241/241 239/239/239
f 268/268/268 239/239/239 267/267/267
f 241/241/241 243/243/243 240/240/240
f 241/241/241 240/240/240 239/239/239
f 243/243/243 244/244/244 245/245/245
f 243/243/243 245/245/245 240/240/240
f 244/244/244 246/246/246 247/247/247
f 244/244/244 247/247/247 245/245/245
f 246/246/246 248/248/248 247/247/247
f 248/248/248 249/249/249 252/252/252
f 248/248/248 252/252/252 250/250/250
f 247/247/247 248/248/248 250/250/250
f 247/247/247 250/250/250 251/251/251
f 263/263/263 255/255/255 253/253/253
f 263/263/263 253/253/253 262/262/262
f 255/255/255 256/256/256 254/254/254
f 255/255/255 254/254/254 253/253/253
f 256/256/256 257/257/257 259/259/259
f 256/256/256 259/259/259 254/254/254
f 264/264/264 258/258/258 260/260/260
f 264/264/264 260/260/260 265/265/265
f 245/245/245 247/247/247 251/251/251
f 245/245/245 251/251/251 261/261/261
f 240/240/240 245/245/245 261/261/261
f 240/240/240 261/261/261 238/238/238
f 249/249/249 263/263/263 262/262/262
f 249/249/249 262/262/262 252/252/252
f 257/257/257 264/264/264 265/265/265
f 257/257/257 265/265/265 259/259/259
f 242/242/242 268/268/268 267/267/267
f 242/242/242 267/267/267 236/236/236
f 236/236/236 267/267/267 266/266/266
f 236/236/236 266/266/266 235/235/235
f 291/291/291 273/273/273 271/271/271
f 291/291/291 271/271/271 290/290/290
f 300/300/300 274/274/274 272/272/272
f 300/300/300 272/272/272 299/299/299
f 292/292/292 275/275/275 273/273/273
f 292/292/292 273/273/273 291/291/291
f 301/301/301 277/277/277 274/274/274
f 301/301/301 274/274/274 300/300/300
f 294/294/294 278/278/278 279/279/279
f 294/294/294 279/279/279 295/295/295
f 287/287/287 280/280/280 281/281/281
f 287/287/287 281/281/281 288/288/288
f 288/288/288 281/281/281 282/282/282
f 288/288/288 282/282/282 289/289/289
f 295/295/295 279/279/279 283/283/283
f 295/295/295 283/283/283 293/293/293
f 297/297/297 286/286/286 285/285/285
f 297/297/297 285/285/285 298/298/298
f 296/296/296 284/284/284 286/286/286
f 296/296/296 286/286/286 297/297/297
f 279/279/279 288/288/288 289/289/289
f 279/279/279 289/289/289 283/283/283
f 278/278/278 287/287/287 288/288/288
f 278/278/278 288/288/288 279/279/279
f 276/276/276 292/292/292 291/291/291
f 276/276/276 291/291/291 270/270/270
f 270/270/270 291/291/291 290/290/290
f 270/270/270 290/290/290 269/269/269
f 286/286/286 295/295/295 293/293/293
f 286/286/286 293/293/293 285/285/285
f 284/284/284 294/294/294 295/295/295
f 284/284/284 295/295/295 286/286/286
f 277/277/277 296/296/296 297/297/297
f 277/277/277 297/297/297 274/274/274
f 274/274/274 297/297/297 298/298/298
f 274/274/274 298/298/298 272/272/272
f 275/275/275 301/301/301 300/300/300
f 275/275/275 300/300/300 273/273/273
f 273/273/273 300/300/300 299/299/299
f 273/273/273 299/299/299 271/271/271
f 334/334/334 336/336/336 306/306/306
f 334/334/334 306/306/306 305/305/305
f 303/303/303 302/302/302 304/304/304
f 303/303/303 304/304/304 319/319/319
f 337/337/337 339/339/339 308/308/308
f 337/337/337 308/308/308 307/307/307
f 307/307/307 308/308/308 310/310/310
f 307/307/307 310/310/310 309/309/309
f 309/309/309 310/310/310 313/313/313
f 309/309/309 313/313/313 311/311/311
f 332/332/332 333/333/333 314/314/314
f 332/332/332 314/314/314 312/312/312
f 310/310/310 315/315/315 313/313/313
f 308/308/308 316/316/316 315/315/315
f 308/308/308 315/315/315 310/310/310
f 339/339/339 338/338/338 316/316/316
f 339/339/339 316/316/316 308/308/308
f 336/336/336 335/335/335 317/317/317
f 336/336/336 317/317/317 306/306/306
f 318/318/318 303/303/303 319/319/319
f 319/319/319 304/304/304 321/321/321
f 319/319/319 321/321/321 320/320/320
f 320/320/320 321/321/321 322/322/322
f 312/312/312 314/314/314 323/323/323
f 312/312/312 323/323/323 324/324/324
f 324/324/324 323/323/323 325/325/325
f 324/324/324 325/325/325 326/326/326
f 326/326/326 325/325/325 327/327/327
f 326/326/326 327/327/327 328/328/328
f 328/328/328 327/327/327 329/329/329
f 328/328/328 329/329/329 330/330/330
f 330/330/330 329/329/329 331/331/331
f 311/311/311 313/313/313 333/333/333
f 311/311/311 333/333/333 332/332/332
f 303/303/303 318/318/318 335/335/335
f 303/303/303 335/335/335 336/336/336
f 302/302/302 303/303/303 336/336/336
f 302/302/302 336/336/336 334/334/334
f 306/306/306 317/317/317 338/338/338
f 306/306/306 338/338/338 339/339/339
f 305/305/305 306/306/306 339/339/339
f 305/305/305 339/339/339 337/337/337
f 341/341/341 343/343/343 342/342/342
f 341/341/341 342/342/342 340/340/340
f 343/343/343 345/345/345 344/344/344
f 343/343/343 344/344/344 342/342/342
f 345/345/345 348/348/348 346/346/346
f 345/345/345 346/346/346 344/344/344
f 348/348/348 349/349/349 347/347/347
f 348/348/348 347/347/347 346/346/346
f 350/350/350 351/351/351 349/349/349
f 350/350/350 349/349/349 348/348/348
f 352/352/352 350/350/350 348/348/348
f 352/352/352 348/348/348 345/345/345
f 353/353/353 352/352/352 345/345/345
f 353/353/353 345/345/345 343/343/343
f 354/354/354 353/353/353 343/343/343
f 354/354/354 343/343/343 341/341/341
f 351/351/351 355/355/355 356/356/356
f 351/351/351 356/356/356 349/349/349
f 355/355/355 357/357/357 358/358/358
f 355/355/355 358/358/358 356/356/356
f 357/357/357 359/359/359 360/360/360
f 357/357/357 360/360/360 358/358/358
f 359/359/359 361/361/361 362/362/362
f 359/359/359 362/362/362 360/360/360
f 361/361/361 363/363/363 364/364/364
f 361/361/361 364/364/364 362/362/362
f 363/363/363 365/365/365 366/366/366
f 363/363/363 366/366/366 364/364/364
f 365/365/365 367/367/367 368/368/368
f 365/365/365 368/368/368 366/366/366
f 367/367/367 369/369/369 371/371/371
f 367/367/367 371/371/371 368/368/368
f 369/369/369 370/370/370 373/373/373
f 369/369/369 373/373/373 371/371/371
f 371/371/371 373/373/373 372/372/372
f 373/373/373 374/374/374 375/375/375
f 373/373/373 375/375/375 372/372/372
f 374/374/374 376/376/376 377/377/377
f 374/374/374 377/377/377 375/375/375
f 376/376/376 378/378/378 379/379/379
f 376/376/376 379/379/379 377/377/377
f 378/378/378 380/380/380 381/381/381
f 378/378/378 381/381/381 379/379/379
f 380/380/380 382/382/382 383/383/383
f 380/380/380 383/383/383 381/381/381
f 382/382/382 384/384/384 385/385/385
f 382/382/382 385/385/385 383/383/383
f 364/364/364 387/387/387 388/388/388
f 364/364/364 388/388/388 386/386/386
f 362/362/362 364/364/364 386/386/386
f 362/362/362 386/386/386 389/389/389
f 360/360/360 362/362/362 389/389/389
f 360/360/360 389/389/389 390/390/390
f 358/358/358 360/360/360 390/390/390
f 358/358/358 390/390/390 391/391/391
f 356/356/356 358/358/358 391/391/391
f 356/356/356 391/391/391 392/392/392
f 349/349/349 356/356/356 392/392/392
f 349/349/349 392/392/392 347/347/347
f 393/393/393 394/394/394 397/397/397
f 393/393/393 397/397/397 395/395/395
f 395/395/395 397/397/397 398/398/398
f 395/395/395 398/398/398 396/396/396
f 397/397/397 399/399/399 400/400/400
f 397/397/397 400/400/400 398/398/398
f 394/394/394 401/401/401 399/399/399
f 394/394/394 399/399/399 397/397/397
f 398/398/398 400/400/400 402/402/402
f 398/398/398 402/402/402 403/403/403
f 403/403/403 402/402/402 404/404/404
f 403/403/403 404/404/404 405/405/405
f 407/407/407 403/403/403 405/405/405
f 407/407/407 405/405/405 406/406/406
f 396/396/396 398/398/398 403/403/403
f 396/396/396 403/403/403 407/407/407
f 448/448/448 447/447/447 413/413/413
f 448/448/448 413/413/413 410/410/410
f 447/447/447 449/449/449 412/412/412
f 447/447/447 412/412/412 413/413/413
f 442/442/442 441/441/441 415/415/415
f 442/442/442 415/415/415 416/416/416
f 443/443/443 442/442/442 416/416/416
f 443/443/443 416/416/416 414/414/414
f 445/445/445 444/444/444 418/418/418
f 445/445/445 418/418/418 419/419/419
f 446/446/446 445/445/445 419/419/419
f 446/446/446 419/419/419 417/417/417
f 419/419/419 418/418/418 421/421/421
f 419/419/419 421/421/421 422/422/422
f 417/417/417 419/419/419 422/422/422
f 417/417/417 422/422/422 420/420/420
f 422/422/422 421/421/421 424/424/424
f 422/422/422 424/424/424 425/425/425
f 420/420/420 422/422/422 423/423/423
f 422/422/422 425/425/425 423/423/423
f 425/425/425 424/424/424 427/427/427
f 425/425/425 427/427/427 428/428/428
f 423/423/423 425/425/425 428/428/428
f 423/423/423 428/428/428 426/426/426
f 428/428/428 427/427/427 430/430/430
f 426/426/426 428/428/428 429/429/429
f 428/428/428 430/430/430 429/429/429
f 437/437/437 434/434/434 431/431/431
f 437/437/437 431/431/431 438/438/438
f 429/429/429 430/430/430 433/433/433
f 429/429/429 433/433/433 432/432/432
f 435/435/435 436/436/436 434/434/434
f 435/435/435 434/434/434 437/437/437
f 432/432/432 433/433/433 436/436/436
f 432/432/432 436/436/436 435/435/435
f 438/438/438 431/431/431 439/439/439
f 438/438/438 439/439/439 440/440/440
f 410/410/410 413/413/413 442/442/442
f 410/410/410 442/442/442 443/443/443
f 413/413/413 412/412/412 441/441/441
f 413/413/413 441/441/441 442/442/442
f 414/414/414 416/416/416 445/445/445
f 414/414/414 445/445/445 446/446/446
f 416/416/416 415/415/415 444/444/444
f 416/416/416 444/444/444 445/445/445
f 451/451/451 452/452/452 449/449/449
f 451/451/451 449/449/449 447/447/447
f 450/450/450 451/451/451 447/447/447
f 450/450/450 447/447/447 448/448/448
f 408/408/408 411/411/411 451/451/451
f 408/408/408 451/451/451 450/450/450
f 411/411/411 409/409/409 452/452/452
f 411/411/411 452/452/452 451/451/451
f 484/484/484 486/486/486 456/456/456
f 484/484/484 456/456/456 455/455/455
f 481/481/481 483/483/483 458/458/458
f 481/481/481 458/458/458 457/457/457
f 457/457/457 458/458/458 460/460/460
f 457/457/457 460/460/460 459/459/459
f 459/459/459 460/460/460 463/463/463
f 459/459/459 463/463/463 461/461/461
f 479/479/479 480/480/480 465/465/465
f 479/479/479 465/465/465 462/462/462
f 460/460/460 464/464/464 463/463/463
f 462/462/462 465/465/465 466/466/466
f 462/462/462 466/466/466 468/468/468
f 468/468/468 466/466/466 467/467/467
f 468/468/468 467/467/467 469/469/469
f 469/469/469 467/467/467 471/471/471
f 469/469/469 471/471/471 470/470/470
f 470/470/470 471/471/471 473/473/473
f 470/470/470 473/473/473 472/472/472
f 472/472/472 473/473/473 475/475/475
f 472/472/472 475/475/475 474/474/474
f 458/458/458 476/476/476 464/464/464
f 458/458/458 464/464/464 460/460/460
f 483/483/483 482/482/482 476/476/476
f 483/483/483 476/476/476 458/458/458
f 486/486/486 485/485/485 477/477/477
f 486/486/486 477/477/477 456/456/456
f 461/461/461 463/463/463 480/480/480
f 461/461/461 480/480/480 479/479/479
f 456/456/456 477/477/477 482/482/482
f 456/456/456 482/482/482 483/483/483
f 455/455/455 456/456/456 483/483/483
f 455/455/455 483/483/483 481/481/481
f 489/489/489 488/488/488 485/485/485
f 489/489/489 485/485/485 486/486/486
f 487/487/487 489/489/489 486/486/486
f 487/487/487 486/486/486 484/484/484
f 453/453/453 454/454/454 489/489/489
f 453/453/453 489/489/489 487/487/487
f 454/454/454 478/478/478 488/488/488
f 454/454/454 488/488/488 489/489/489
f 491/491/491 493/493/493 492/492/492
f 491/491/491 492/492/492 490/490/490
f 493/493/493 495/495/495 494/494/494
f 493/493/493 494/494/494 492/492/492
f 495/495/495 498/498/498 496/496/496
f 495/495/495 496/496/496 494/494/494
f 498/498/498 499/499/499 497/497/497
f 498/498/498 497/497/497 496/496/496
f 500/500/500 501/501/501 499/499/499
f 500/500/500 499/499/499 498/498/498
f 502/502/502 500/500/500 498/498/498
f 502/502/502 498/498/498 495/495/495
f 503/503/503 502/502/502 495/495/495
f 503/503/503 495/495/495 493/493/493
f 504/504/504 503/503/503 493/493/493
f 504/504/504 493/493/493 491/491/491
f 501/501/501 505/505/505 506/506/506
f 501/501/501 506/506/506 499/499/499
f 505/505/505 507/507/507 508/508/508
f 505/505/505 508/508/508 506/506/506
f 507/507/507 509/509/509 510/510/510
f 507/507/507 510/510/510 508/508/508
f 509/509/509 511/511/511 512/512/512
f 509/509/509 512/512/512 510/510/510
f 511/511/511 513/513/513 514/514/514
f 511/511/511 514/514/514 512/512/512
f 513/513/513 515/515/515 516/516/516
f 513/513/513 516/516/516 514/514/514
f 515/515/515 517/517/517 518/518/518
f 515/515/515 518/518/518 516/516/516
f 517/517/517 519/519/519 521/521/521
f 517/517/517 521/521/521 518/518/518
f 519/519/519 520/520/520 523/523/523
f 519/519/519 523/523/523 521/521/521
f 521/521/521 523/523/523 522/522/522
f 523/523/523 524/524/524 525/525/525
f 523/523/523 525/525/525 522/522/522
f 524/524/524 526/526/526 527/527/527
f 524/524/524 527/527/527 525/525/525
f 526/526/526 528/528/528 529/529/529
f 526/526/526 529/529/529 527/527/527
f 528/528/528 530/530/530 531/531/531
f 528/528/528 531/531/531 529/529/529
f 530/530/530 532/532/532 533/533/533
f 530/530/530 533/533/533 531/531/531
f 532/532/532 534/534/534 535/535/535
f 532/532/532 535/535/535 533/533/533
f 514/514/514 537/537/537 538/538/538
f 514/514/514 538/538/538 536/536/536
f 512/512/512 514/514/514 536/536/536
f 512/512/512 536/536/536 539/539/539
f 510/510/510 512/512/512 539/539/539
f 510/510/510 539/539/539 540/540/540
f 508/508/508 510/510/510 540/540/540
f 508/508/508 540/540/540 541/541/541
f 506/506/506 508/508/508 541/541/541
f 506/506/506 541/541/541 542/542/542
f 499/499/499 506/506/506 542/542/542
f 499/499/499 542/542/542 497/497/497
f 581/581/581 583/583/583 546/546/546
f 581/581/581 546/546/546 545/545/545
f 545/545/545 546/546/546 548/548/548
f 545/545/545 548/548/548 547/547/547
f 547/547/547 548/548/548 550/550/550
f 547/547/547 550/550/550 549/549/549
f 549/549/549 550/550/550 552/552/552
f 549/549/549 552/552/552 551/551/551
f 584/584/584 586/586/586 554/554/554
f 584/584/584 554/554/554 553/553/553
f 553/553/553 554/554/554 556/556/556
f 553/553/553 556/556/556 555/555/555
f 557/557/557 555/555/555 556/556/556
f 557/557/557 556/556/556 558/558/558
f 558/558/558 560/560/560 559/559/559
f 559/559/559 560/560/560 562/562/562
f 559/559/559 562/562/562 561/561/561
f 561/561/561 562/562/562 564/564/564
f 561/561/561 564/564/564 563/563/563
f 563/563/563 564/564/564 566/566/566
f 563/563/563 566/566/566 565/565/565
f 558/558/558 567/567/567 569/569/569
f 558/558/558 569/569/569 568/568/568
f 556/556/556 574/574/574 567/567/567
f 556/556/556 567/567/567 558/558/558
f 568/568/568 569/569/569 571/571/571
f 568/568/568 571/571/571 570/570/570
f 570/570/570 571/571/571 573/573/573
f 570/570/570 573/573/573 572/572/572
f 554/554/554 575/575/575 574/574/574
f 554/554/554 574/574/574 556/556/556
f 586/586/586 585/585/585 575/575/575
f 586/586/586 575/575/575 554/554/554
f 550/550/550 577/577/577 576/576/576
f 550/550/550 576/576/576 552/552/552
f 548/548/548 578/578/578 577/577/577
f 548/548/548 577/577/577 550/550/550
f 546/546/546 579/579/579 578/578/578
f 546/546/546 578/578/578 548/548/548
f 583/583/583 582/582/582 579/579/579
f 583/583/583 579/579/579 546/546/546
f 544/544/544 580/580/580 582/582/582
f 544/544/544 582/582/582 583/583/583
f 543/543/543 544/544/544 583/583/583
f 543/543/543 583/583/583 581/581/581
f 552/552/552 576/576/576 585/585/585
f 552/552/552 585/585/585 586/586/586
f 551/551/551 552/552/552 586/586/586
f 551/551/551 586/586/586 584/584/584
f 587/587/587 588/588/588 590/590/590
f 587/587/587 590/590/590 589/589/589
f 589/589/589 590/590/590 592/592/592
f 589/589/589 592/592/592 591/591/591
f 591/591/591 592/592/592 594/594/594
f 591/591/591 594/594/594 593/593/593
f 593/593/593 594/594/594 596/596/596
f 593/593/593 596/596/596 595/595/595
f 595/595/595 596/596/596 598/598/598
f 595/595/595 598/598/598 597/597/597
f 597/597/597 598/598/598 600/600/600
f 597/597/597 600/600/600 599/599/599
f 601/601/601 599/599/599 600/600/600
f 601/601/601 600/600/600 625/625/625
f 601/601/601 625/625/625 604/604/604
f 601/601/601 604/604/604 603/603/603
f 630/630/630 631/631/631 606/606/606
f 630/630/630 606/606/606 605/605/605
f 626/626/626 627/627/627 608/608/608
f 626/626/626 608/608/608 607/607/607
f 607/607/607 608/608/608 610/610/610
f 607/607/607 610/610/610 609/609/609
f 602/602/602 611/611/611 613/613/613
f 602/602/602 613/613/613 612/612/612
f 600/600/600 618/618/618 611/611/611
f 600/600/600 611/611/611 602/602/602
f 612/612/612 613/613/613 615/615/615
f 612/612/612 615/615/615 614/614/614
f 614/614/614 615/615/615 617/617/617
f 614/614/614 617/617/617 616/616/616
f 598/598/598 619/619/619 618/618/618
f 598/598/598 618/618/618 600/600/600
f 596/596/596 620/620/620 619/619/619
f 596/596/596 619/619/619 598/598/598
f 594/594/594 621/621/621 620/620/620
f 594/594/594 620/620/620 596/596/596
f 592/592/592 622/622/622 621/621/621
f 592/592/592 621/621/621 594/594/594
f 590/590/590 623/623/623 622/622/622
f 590/590/590 622/622/622 592/592/592
f 588/588/588 624/624/624 623/623/623
f 588/588/588 623/623/623 590/590/590
f 628/628/628 629/629/629 627/627/627
f 628/628/628 627/627/627 626/626/626
f 605/605/605 606/606/606 629/629/629
f 605/605/605 629/629/629 628/628/628
f 603/603/603 604/604/604 631/631/631
f 603/603/603 631/631/631 630/630/630
f 632/632/632 633/633/633 635/635/635
f 632/632/632 635/635/635 634/634/634
f 634/634/634 635/635/635 637/637/637
f 634/634/634 637/637/637 636/636/636
f 636/636/636 637/637/637 639/639/639
f 636/636/636 639/639/639 638/638/638
f 638/638/638 639/639/639 642/642/642
f 638/638/638 642/642/642 640/640/640
f 640/640/640 642/642/642 644/644/644
f 640/640/640 644/644/644 641/641/641
f 639/639/639 643/643/643 642/642/642
f 641/641/641 644/644/644 645/645/645
f 641/641/641 645/645/645 647/647/647
f 647/647/647 645/645/645 646/646/646
f 647/647/647 646/646/646 648/648/648
f 648/648/648 646/646/646 650/650/650
f 648/648/648 650/650/650 649/649/649
f 649/649/649 650/650/650 652/652/652
f 649/649/649 652/652/652 651/651/651
f 651/651/651 652/652/652 654/654/654
f 651/651/651 654/654/654 653/653/653
f 637/637/637 655/655/655 643/643/643
f 637/637/637 643/643/643 639/639/639
f 635/635/635 656/656/656 655/655/655
f 635/635/635 655/655/655 637/637/637
f 633/633/633 657/657/657 656/656/656
f 633/633/633 656/656/656 635/635/635
f 557/557/557 558/558/558 559/559/559
f 659/659/659 661/661/661 660/660/660
f 659/659/659 660/660/660 658/658/658
f 661/661/661 663/663/663 662/662/662
f 661/661/661 662/662/662 660/660/660
f 663/663/663 666/666/666 664/664/664
f 663/663/663 664/664/664 662/662/662
f 666/666/666 667/667/667 665/665/665
f 666/666/666 665/665/665 664/664/664
f 668/668/668 669/669/669 667/667/667
f 668/668/668 667/667/667 666/666/666
f 670/670/670 668/668/668 666/666/666
f 670/670/670 666/666/666 663/663/663
f 671/671/671 670/670/670 663/663/663
f 671/671/671 663/663/663 661/661/661
f 672/672/672 671/671/671 661/661/661
f 672/672/672 661/661/661 659/659/659
f 669/669/669 673/673/673 674/674/674
f 669/669/669 674/674/674 667/667/667
f 673/673/673 675/675/675 676/676/676
f 673/673/673 676/676/676 674/674/674
f 675/675/675 677/677/677 678/678/678
f 675/675/675 678/678/678 676/676/676
f 677/677/677 679/679/679 680/680/680
f 677/677/677 680/680/680 678/678/678
f 679/679/679 681/681/681 682/682/682
f 679/679/679 682/682/682 680/680/680
f 681/681/681 683/683/683 684/684/684
f 681/681/681 684/684/684 682/682/682
f 683/683/683 685/685/685 686/686/686
f 683/683/683 686/686/686 684/684/684
f 685/685/685 687/687/687 689/689/689
f 685/685/685 689/689/689 686/686/686
f 687/687/687 688/688/688 691/691/691
f 687/687/687 691/691/691 689/689/689
f 689/689/689 691/691/691 690/690/690
f 691/691/691 692/692/692 693/693/693
f 691/691/691 693/693/693 690/690/690
f 692/692/692 694/694/694 695/695/695
f 692/692/692 695/695/695 693/693/693
f 694/694/694 696/696/696 697/697/697
f 694/694/694 697/697/697 695/695/695
f 696/696/696 698/698/698 699/699/699
f 696/696/696 699/699/699 697/697/697
f 698/698/698 700/700/700 701/701/701
f 698/698/698 701/701/701 699/699/699
f 700/700/700 702/702/702 703/703/703
f 700/700/700 703/703/703 701/701/701
f 682/682/682 705/705/705 706/706/706
f 682/682/682 706/706/706 704/704/704
f 680/680/680 682/682/682 704/704/704
f 680/680/680 704/704/704 707/707/707
f 678/678/678 680/680/680 707/707/707
f 678/678/678 707/707/707 708/708/708
f 676/676/676 678/678/678 708/708/708
f 676/676/676 708/708/708 709/709/709
f 674/674/674 676/676/676 709/709/709
f 674/674/674 709/709/709 710/710/710
f 667/667/667 674/674/674 710/710/710
f 667/667/667 710/710/710 665/665/665
f 733/733/733 715/715/715 713/713/713
f 733/733/733 713/713/713 732/732/732
f 742/742/742 716/716/716 714/714/714
f 742/742/742 714/714/714 741/741/741
f 734/734/734 717/717/717 715/715/715
f 734/734/734 715/715/715 733/733/733
f 743/743/743 719/719/719 716/716/716
f 743/743/743 716/716/716 742/742/742
f 745/745/745 720/720/720 721/721/721
f 745/745/745 721/721/721 746/746/746
f 729/729/729 722/722/722 723/723/723
f 729/729/729 723/723/723 730/730/730
f 730/730/730 723/723/723 724/724/724
f 730/730/730 724/724/724 731/731/731
f 746/746/746 721/721/721 725/725/725
f 746/746/746 725/725/725 744/744/744
f 739/739/739 728/728/728 727/727/727
f 739/739/739 727/727/727 740/740/740
f 738/738/738 726/726/726 728/728/728
f 738/738/738 728/728/728 739/739/739
f 721/721/721 730/730/730 731/731/731
f 721/721/721 731/731/731 725/725/725
f 720/720/720 729/729/729 730/730/730
f 720/720/720 730/730/730 721/721/721
f 718/718/718 734/734/734 733/733/733
f 718/718/718 733/733/733 712/712/712
f 712/712/712 733/733/733 732/732/732
f 712/712/712 732/732/732 711/711/711
f 748/748/748 737/737/737 735/735/735
f 748/748/748 735/735/735 749/749/749
f 747/747/747 736/736/736 737/737/737
f 747/747/747 737/737/737 748/748/748
f 719/719/719 738/738/738 739/739/739
f 719/719/719 739/739/739 716/716/716
f 716/716/716 739/739/739 740/740/740
f 716/716/716 740/740/740 714/714/714
f 717/717/717 743/743/743 742/742/742
f 717/717/717 742/742/742 715/715/715
f 715/715/715 742/742/742 741/741/741
f 715/715/715 741/741/741 713/713/713
f 737/737/737 746/746/746 744/744/744
f 737/737/737 744/744/744 735/735/735
f 736/736/736 745/745/745 746/746/746
f 736/736/736 746/746/746 737/737/737
f 726/726/726 747/747/747 748/748/748
f 726/726/726 748/748/748 728/728/728
f 728/728/728 748/748/748 749/749/749
f 728/728/728 749/749/749 727/727/727
f 782/782/782 754/754/754 752/752/752
f 782/782/782 752/752/752 781/781/781
f 754/754/754 755/755/755 753/753/753
f 754/754/754 753/753/753 752/752/752
f 783/783/783 756/756/756 754/754/754
f 783/783/783 754/754/754 782/782/782
f 756/756/756 758/758/758 755/755/755
f 756/756/756 755/755/755 754/754/754
f 758/758/758 759/759/759 760/760/760
f 758/758/758 760/760/760 755/755/755
f 759/759/759 761/761/761 762/762/762
f 759/759/759 762/762/762 760/760/760
f 761/761/761 763/763/763 762/762/762
f 763/763/763 764/764/764 767/767/767
f 763/763/763 767/767/767 765/765/765
f 762/762/762 763/763/763 765/765/765
f 762/762/762 765/765/765 766/766/766
f 778/778/778 770/770/770 768/768/768
f 778/778/778 768/768/768 777/777/777
f 770/770/770 771/771/771 769/769/769
f 770/770/770 769/769/769 768/768/768
f 771/771/771 772/772/772 774/774/774
f 771/771/771 774/774/774 769/769/769
f 779/779/779 773/773/773 775/775/775
f 779/779/779 775/775/775 780/780/780
f 760/760/760 762/762/762 766/766/766
f 760/760/760 766/766/766 776/776/776
f 755/755/755 760/760/760 776/776/776
f 755/755/755 776/776/776 753/753/753
f 764/764/764 778/778/778 777/777/777
f 764/764/764 777/777/777 767/767/767
f 772/772/772 779/779/779 780/780/780
f 772/772/772 780/780/780 774/774/774
f 757/757/757 783/783/783 782/782/782
f 757/757/757 782/782/782 751/751/751
f 751/751/751 782/782/782 781/781/781
f 751/751/751 781/781/781 750/750/750
f 806/806/806 788/788/788 786/786/786
f 806/806/806 786/786/786 805/805/805
f 815/815/815 789/789/789 787/787/787
f 815/815/815 787/787/787 814/814/814
f 807/807/807 790/790/790 788/788/788
f 807/807/807 788/788/788 806/806/806
f 816/816/816 792/792/792 789/789/789
f 816/816/816 789/789/789 815/815/815
f 809/809/809 793/793/793 794/794/794
f 809/809/809 794/794/794 810/810/810
f 802/802/802 795/795/795 796/796/796
f 802/802/802 796/796/796 803/803/803
f 803/803/803 796/796/796 797/797/797
f 803/803/803 797/797/797 804/804/804
f 810/810/810 794/794/794 798/798/798
f 810/810/810 798/798/798 808/808/808
f 812/812/812 801/801/801 800/800/800
f 812/812/812 800/800/800 813/813/813
f 811/811/811 799/799/799 801/801/801
f 811/811/811 801/801/801 812/812/812
f 794/794/794 803/803/803 804/804/804
f 794/794/794 804/804/804 798/798/798
f 793/793/793 802/802/802 803/803/803
f 793/793/793 803/803/803 794/794/794
f 791/791/791 807/807/807 806/806/806
f 791/791/791 806/806/806 785/785/785
f 785/785/785 806/806/806 805/805/805
f 785/785/785 805/805/805 784/784/784
f 801/801/801 810/810/810 808/808/808
f 801/801/801 808/808/808 800/800/800
f 799/799/799 809/809/809 810/810/810
f 799/799/799 810/810/810 801/801/801
f 792/792/792 811/811/811 812/812/812
f 792/792/792 812/812/812 789/789/789
f 789/789/789 812/812/812 813/813/813
f 789/789/789 813/813/813 787/787/787
f 790/790/790 816/816/816 815/815/815
f 790/790/790 815/815/815 788/788/788
f 788/788/788 815/815/815 814/814/814
f 788/788/788 814/814/814 786/786/786
f 818/818/818 820/820/820 819/819/819
f 818/818/818 819/819/819 817/817/817
f 820/820/820 822/822/822 821/821/821
f 820/820/820 821/821/821 819/819/819
f 822/822/822 825/825/825 823/823/823
f 822/822/822 823/823/823 821/821/821
f 825/825/825 826/826/826 824/824/824
f 825/825/825 824/824/824 823/823/823
f 827/827/827 828/828/828 826/826/826
f 827/827/827 826/826/826 825/825/825
f 829/829/829 827/827/827 825/825/825
f 829/829/829 825/825/825 822/822/822
f 830/830/830 829/829/829 822/822/822
f 830/830/830 822/822/822 820/820/820
f 831/831/831 830/830/830 820/820/820
f 831/831/831 820/820/820 818/818/818
f 828/828/828 832/832/832 833/833/833
f 828/828/828 833/833/833 826/826/826
f 832/832/832 834/834/834 835/835/835
f 832/832/832 835/835/835 833/833/833
f 834/834/834 836/836/836 837/837/837
f 834/834/834 837/837/837 835/835/835
f 836/836/836 838/838/838 839/839/839
f 836/836/836 839/839/839 837/837/837
f 838/838/838 840/840/840 841/841/841
f 838/838/838 841/841/841 839/839/839
f 840/840/840 842/842/842 843/843/843
f 840/840/840 843/843/843 841/841/841
f 842/842/842 844/844/844 845/845/845
f 842/842/842 845/845/845 843/843/843
f 844/844/844 846/846/846 848/848/848
f 844/844/844 848/848/848 845/845/845
f 846/846/846 847/847/847 850/850/850
f 846/846/846 850/850/850 848/848/848
f 848/848/848 850/850/850 849/849/849
f 850/850/850 851/851/851 852/852/852
f 850/850/850 852/852/852 849/849/849
f 851/851/851 853/853/853 854/854/854
f 851/851/851 854/854/854 852/852/852
f 853/853/853 855/855/855 856/856/856
f 853/853/853 856/856/856 854/854/854
f 855/855/855 857/857/857 858/858/858
f 855/855/855 858/858/858 856/856/856
f 857/857/857 859/859/859 860/860/860
f 857/857/857 860/860/860 858/858/858
f 859/859/859 861/861/861 862/862/862
f 859/859/859 862/862/862 860/860/860
f 841/841/841 864/864/864 865/865/865
f 841/841/841 865/865/865 863/863/863
f 839/839/839 841/841/841 863/863/863
f 839/839/839 863/863/863 866/866/866
f 837/837/837 839/839/839 866/866/866
f 837/837/837 866/866/866 867/867/867
f 835/835/835 837/837/837 867/867/867
f 835/835/835 867/867/867 868/868/868
f 833/833/833 835/835/835 868/868/868
f 833/833/833 868/868/868 869/869/869
f 826/826/826 833/833/833 869/869/869
f 826/826/826 869/869/869 824/824/824
f 896/896/896 895/895/895 875/875/875
f 896/896/896 875/875/875 873/873/873
f 895/895/895 897/897/897 874/874/874
f 895/895/895 874/874/874 875/875/875
f 902/902/902 901/901/901 878/878/878
f 902/902/902 878/878/878 876/876/876
f 901/901/901 903/903/903 877/877/877
f 901/901/901 877/877/877 878/878/878
f 899/899/899 898/898/898 881/881/881
f 899/899/899 881/881/881 879/879/879
f 898/898/898 900/900/900 880/880/880
f 898/898/898 880/880/880 881/881/881
f 879/879/879 881/881/881 884/884/884
f 879/879/879 884/884/884 882/882/882
f 881/881/881 880/880/880 883/883/883
f 881/881/881 883/883/883 884/884/884
f 882/882/882 884/884/884 887/887/887
f 882/882/882 887/887/887 885/885/885
f 884/884/884 883/883/883 886/886/886
f 884/884/884 886/886/886 887/887/887
f 885/885/885 887/887/887 889/889/889
f 885/885/885 889/889/889 888/888/888
f 887/887/887 886/886/886 889/889/889
f 888/888/888 889/889/889 891/891/891
f 888/888/888 891/891/891 890/890/890
f 890/890/890 891/891/891 893/893/893
f 890/890/890 893/893/893 892/892/892
f 892/892/892 893/893/893 894/894/894
f 872/872/872 871/871/871 897/897/897
f 872/872/872 897/897/897 895/895/895
f 870/870/870 872/872/872 895/895/895
f 870/870/870 895/895/895 896/896/896
f 878/878/878 877/877/877 900/900/900
f 878/878/878 900/900/900 898/898/898
f 876/876/876 878/878/878 898/898/898
f 876/876/876 898/898/898 899/899/899
f 875/875/875 874/874/874 903/903/903
f 875/875/875 903/903/903 901/901/901
f 873/873/873 875/875/875 901/901/901
f 873/873/873 901/901/901 902/902/902
f 944/944/944 943/943/943 909/909/909
f 944/944/944 909/909/909 906/906/906
f 943/943/943 945/945/945 908/908/908
f 943/943/943 908/908/908 909/909/909
f 938/938/938 937/937/937 911/911/911
f 938/938/938 911/911/911 912/912/912
f 939/939/939 938/938/938 912/912/912
f 939/939/939 912/912/912 910/910/910
f 941/941/941 940/940/940 914/914/914
f 941/941/941 914/914/914 915/915/915
f 942/942/942 941/941/941 915/915/915
f 942/942/942 915/915/915 913/913/913
f 915/915/915 914/914/914 917/917/917
f 915/915/915 917/917/917 918/918/918
f 913/913/913 915/915/915 918/918/918
f 913/913/913 918/918/918 916/916/916
f 918/918/918 917/917/917 920/920/920
f 918/918/918 920/920/920 921/921/921
f 916/916/916 918/918/918 919/919/919
f 918/918/918 921/921/921 919/919/919
f 921/921/921 920/920/920 923/923/923
f 921/921/921 923/923/923 924/924/924
f 919/919/919 921/921/921 924/924/924
f 919/919/919 924/924/924 922/922/922
f 924/924/924 923/923/923 926/926/926
f 922/922/922 924/924/924 925/925/925
f 924/924/924 926/926/926 925/925/925
f 933/933/933 930/930/930 927/927/927
f 933/933/933 927/927/927 934/934/934
f 925/925/925 926/926/926 929/929/929
f 925/925/925 929/929/929 928/928/928
f 931/931/931 932/932/932 930/930/930
f 931/931/931 930/930/930 933/933/933
f 928/928/928 929/929/929 932/932/932
f 928/928/928 932/932/932 931/931/931
f 934/934/934 927/927/927 935/935/935
f 934/934/934 935/935/935 936/936/936
f 906/906/906 909/909/909 938/938/938
f 906/906/906 938/938/938 939/939/939
f 909/909/909 908/908/908 937/937/937
f 909/909/909 937/937/937 938/938/938
f 910/910/910 912/912/912 941/941/941
f 910/910/910 941/941/941 942/942/942
f 912/912/912 911/911/911 940/940/940
f 912/912/912 940/940/940 941/941/941
f 947/947/947 948/948/948 945/945/945
f 947/947/947 945/945/945 943/943/943
f 946/946/946 947/947/947 943/943/943
f 946/946/946 943/943/943 944/944/944
f 904/904/904 907/907/907 947/947/947
f 904/904/904 947/947/947 946/946/946
f 907/907/907 905/905/905 948/948/948
f 907/907/907 948/948/948 947/947/947
f 987/987/987 989/989/989 952/952/952
f 987/987/987 952/952/952 951/951/951
f 951/951/951 952/952/952 954/954/954
f 951/951/951 954/954/954 953/953/953
f 953/953/953 954/954/954 956/956/956
f 953/953/953 956/956/956 955/955/955
f 955/955/955 956/956/956 958/958/958
f 955/955/955 958/958/958 957/957/957
f 990/990/990 992/992/992 960/960/960
f 990/990/990 960/960/960 959/959/959
f 959/959/959 960/960/960 962/962/962
f 959/959/959 962/962/962 961/961/961
f 963/963/963 961/961/961 962/962/962
f 963/963/963 962/962/962 964/964/964
f 964/964/964 966/966/966 965/965/965
f 965/965/965 966/966/966 968/968/968
f 965/965/965 968/968/968 967/967/967
f 967/967/967 968/968/968 970/970/970
f 967/967/967 970/970/970 969/969/969
f 969/969/969 970/970/970 972/972/972
f 969/969/969 972/972/972 971/971/971
f 964/964/964 973/973/973 975/975/975
f 964/964/964 975/975/975 974/974/974
f 962/962/962 980/980/980 973/973/973
f 962/962/962 973/973/973 964/964/964
f 974/974/974 975/975/975 977/977/977
f 974/974/974 977/977/977 976/976/976
f 976/976/976 977/977/977 979/979/979
f 976/976/976 979/979/979 978/978/978
f 960/960/960 981/981/981 980/980/980
f 960/960/960 980/980/980 962/962/962
f 992/992/992 991/991/991 981/981/981
f 992/992/992 981/981/981 960/960/960
f 956/956/956 983/983/983 982/982/982
f 956/956/956 982/982/982 958/958/958
f 954/954/954 984/984/984 983/983/983
f 954/954/954 983/983/983 956/956/956
f 952/952/952 985/985/985 984/984/984
f 952/952/952 984/984/984 954/954/954
f 989/989/989 988/988/988 985/985/985
f 989/989/989 985/985/985 952/952/952
f 950/950/950 986/986/986 988/988/988
f 950/950/950 988/988/988 989/989/989
f 949/949/949 950/950/950 989/989/989
f 949/949/949 989/989/989 987/987/987
f 958/958/958 982/982/982 991/991/991
f 958/958/958 991/991/991 992/992/992
f 957/957/957 958/958/958 992/992/992
f 957/957/957 992/992/992 990/990/990
f 993/993/993 994/994/994 996/996/996
f 993/993/993 996/996/996 995/995/995
f 995/995/995 996/996/996 998/998/998
f 995/995/995 998/998/998 997/997/997
f 997/997/997 998/998/998 1000/1000/1000
f 997/997/997 1000/1000/1000 999/999/999
f 999/999/999 1000/1000/1000 1002/1002/1002
f 999/999/999 1002/1002/1002 1001/1001/1001
f 1001/1001/1001 1002/1002/1002 1004/1004/1004
f 1001/1001/1001 1004/1004/1004 1003/1003/1003
f 1003/1003/1003 1004/1004/1004 1006/1006/1006
f 1003/1003/1003 1006/1006/1006 1005/1005/1005
f 1007/1007/1007 1005/1005/1005 1006/1006/1006
f 1007/1007/1007 1006/1006/1006 1031/1031/1031
f 1007/1007/1007 1031/1031/1031 1010/1010/1010
f 1007/1007/1007 1010/1010/1010 1009/1009/1009
f 1036/1036/1036 1037/1037/1037 1012/1012/1012
f 1036/1036/1036 1012/1012/1012 1011/1011/1011
f 1032/1032/1032 1033/1033/1033 1014/1014/1014
f 1032/1032/1032 1014/1014/1014 1013/1013/1013
f 1013/1013/1013 1014/1014/1014 1016/1016/1016
f 1013/1013/1013 1016/1016/1016 1015/1015/1015
f 1008/1008/1008 1017/1017/1017 1019/1019/1019
f 1008/1008/1008 1019/1019/1019 1018/1018/1018
f 1006/1006/1006 1024/1024/1024 1017/1017/1017
f 1006/1006/1006 1017/1017/1017 1008/1008/1008
f 1018/1018/1018 1019/1019/1019 1021/1021/1021
f 1018/1018/1018 1021/1021/1021 1020/1020/1020
f 1020/1020/1020 1021/1021/1021 1023/1023/1023
f 1020/1020/1020 1023/1023/1023 1022/1022/1022
f 1004/1004/1004 1025/1025/1025 1024/1024/1024
f 1004/1004/1004 1024/1024/1024 1006/1006/1006
f 1002/1002/1002 1026/1026/1026 1025/1025/1025
f 1002/1002/1002 1025/1025/1025 1004/1004/1004
f 1000/1000/1000 1027/1027/1027 1026/1026/1026
f 1000/1000/1000 1026/1026/1026 1002/1002/1002
f 998/998/998 1028/1028/1028 1027/1027/1027
f 998/998/998 1027/1027/1027 1000/1000/1000
f 996/996/996 1029/1029/1029 1028/1028/1028
f 996/996/996 1028/1028/1028 998/998/998
f 994/994/994 1030/1030/1030 1029/1029/1029
f 994/994/994 1029/1029/1029 996/996/996
f 1034/1034/1034 1035/1035/1035 1033/1033/1033
f 1034/1034/1034 1033/1033/1033 1032/1032/1032
f 1011/1011/1011 1012/1012/1012 1035/1035/1035
f 1011/1011/1011 1035/1035/1035 1034/1034/1034
f 1009/1009/1009 1010/1010/1010 1037/1037/1037
f 1009/1009/1009 1037/1037/1037 1036/1036/1036
f 1064/1064/1064 1066/1066/1066 1041/1041/1041
f 1064/1064/1064 1041/1041/1041 1040/1040/1040
f 1040/1040/1040 1041/1041/1041 1043/1043/1043
f 1040/1040/1040 1043/1043/1043 1042/1042/1042
f 1042/1042/1042 1043/1043/1043 1045/1045/1045
f 1042/1042/1042 1045/1045/1045 1044/1044/1044
f 1044/1044/1044 1045/1045/1045 1048/1048/1048
f 1044/1044/1044 1048/1048/1048 1046/1046/1046
f 1046/1046/1046 1048/1048/1048 1050/1050/1050
f 1046/1046/1046 1050/1050/1050 1047/1047/1047
f 1045/1045/1045 1049/1049/1049 1048/1048/1048
f 1047/1047/1047 1050/1050/1050 1051/1051/1051
f 1047/1047/1047 1051/1051/1051 1053/1053/1053
f 1053/1053/1053 1051/1051/1051 1052/1052/1052
f 1053/1053/1053 1052/1052/1052 1054/1054/1054
f 1054/1054/1054 1052/1052/1052 1056/1056/1056
f 1054/1054/1054 1056/1056/1056 1055/1055/1055
f 1055/1055/1055 1056/1056/1056 1058/1058/1058
f 1055/1055/1055 1058/1058/1058 1057/1057/1057
f 1057/1057/1057 1058/1058/1058 1060/1060/1060
f 1057/1057/1057 1060/1060/1060 1059/1059/1059
f 1043/1043/1043 1061/1061/1061 1049/1049/1049
f 1043/1043/1043 1049/1049/1049 1045/1045/1045
f 1041/1041/1041 1062/1062/1062 1061/1061/1061
f 1041/1041/1041 1061/1061/1061 1043/1043/1043
f 1066/1066/1066 1065/1065/1065 1062/1062/1062
f 1066/1066/1066 1062/1062/1062 1041/1041/1041
f 963/963/963 964/964/964 965/965/965
f 1039/1039/1039 1063/1063/1063 1065/1065/1065
f 1039/1039/1039 1065/1065/1065 1066/1066/1066
f 1038/1038/1038 1039/1039/1039 1066/1066/1066
f 1038/1038/1038 1066/1066/1066 1064/1064/1064
f 51/51/51 50/50/50 1069/1069/1069
f 51/51/51 1069/1069/1069 1067/1067/1067
f 49/49/49 51/51/51 1067/1067/1067
f 49/49/49 1067/1067/1067 1068/1068/1068
f 213/213/213 1071/1071/1071 1072/1072/1072
f 213/213/213 1072/1072/1072 212/212/212
f 211/211/211 1070/1070/1070 1071/1071/1071
f 211/211/211 1071/1071/1071 213/213/213
